Datum;Anfang;Ende;Generation_DE GKN II [MW] Originalauflösungen
01.01.2023;00:00;01:00;0
01.01.2023;01:00;02:00;0
01.01.2023;02:00;03:00;0
01.01.2023;03:00;04:00;0
01.01.2023;04:00;05:00;0
01.01.2023;05:00;06:00;0
01.01.2023;06:00;07:00;0
01.01.2023;07:00;08:00;0
01.01.2023;08:00;09:00;0
01.01.2023;09:00;10:00;0
01.01.2023;10:00;11:00;0
01.01.2023;11:00;12:00;0
01.01.2023;12:00;13:00;0
01.01.2023;13:00;14:00;0
01.01.2023;14:00;15:00;0
01.01.2023;15:00;16:00;0
01.01.2023;16:00;17:00;0
01.01.2023;17:00;18:00;0
01.01.2023;18:00;19:00;0
01.01.2023;19:00;20:00;0
01.01.2023;20:00;21:00;0
01.01.2023;21:00;22:00;0
01.01.2023;22:00;23:00;0
01.01.2023;23:00;00:00;0
02.01.2023;00:00;01:00;0
02.01.2023;01:00;02:00;0
02.01.2023;02:00;03:00;0
02.01.2023;03:00;04:00;0
02.01.2023;04:00;05:00;0
02.01.2023;05:00;06:00;0
02.01.2023;06:00;07:00;0
02.01.2023;07:00;08:00;0
02.01.2023;08:00;09:00;0
02.01.2023;09:00;10:00;0
02.01.2023;10:00;11:00;0
02.01.2023;11:00;12:00;0
02.01.2023;12:00;13:00;0
02.01.2023;13:00;14:00;0
02.01.2023;14:00;15:00;0
02.01.2023;15:00;16:00;0
02.01.2023;16:00;17:00;0
02.01.2023;17:00;18:00;0
02.01.2023;18:00;19:00;0
02.01.2023;19:00;20:00;0
02.01.2023;20:00;21:00;0
02.01.2023;21:00;22:00;0
02.01.2023;22:00;23:00;0
02.01.2023;23:00;00:00;0
03.01.2023;00:00;01:00;0
03.01.2023;01:00;02:00;0
03.01.2023;02:00;03:00;0
03.01.2023;03:00;04:00;0
03.01.2023;04:00;05:00;0
03.01.2023;05:00;06:00;0
03.01.2023;06:00;07:00;0
03.01.2023;07:00;08:00;0
03.01.2023;08:00;09:00;0
03.01.2023;09:00;10:00;0
03.01.2023;10:00;11:00;0
03.01.2023;11:00;12:00;0
03.01.2023;12:00;13:00;0
03.01.2023;13:00;14:00;0
03.01.2023;14:00;15:00;0
03.01.2023;15:00;16:00;0
03.01.2023;16:00;17:00;0
03.01.2023;17:00;18:00;0
03.01.2023;18:00;19:00;0
03.01.2023;19:00;20:00;0
03.01.2023;20:00;21:00;0
03.01.2023;21:00;22:00;0
03.01.2023;22:00;23:00;0
03.01.2023;23:00;00:00;0
04.01.2023;00:00;01:00;0
04.01.2023;01:00;02:00;0
04.01.2023;02:00;03:00;0
04.01.2023;03:00;04:00;0
04.01.2023;04:00;05:00;0
04.01.2023;05:00;06:00;0
04.01.2023;06:00;07:00;0
04.01.2023;07:00;08:00;0
04.01.2023;08:00;09:00;0
04.01.2023;09:00;10:00;0
04.01.2023;10:00;11:00;0
04.01.2023;11:00;12:00;0
04.01.2023;12:00;13:00;0
04.01.2023;13:00;14:00;0
04.01.2023;14:00;15:00;0
04.01.2023;15:00;16:00;0
04.01.2023;16:00;17:00;0
04.01.2023;17:00;18:00;0
04.01.2023;18:00;19:00;0
04.01.2023;19:00;20:00;0
04.01.2023;20:00;21:00;0
04.01.2023;21:00;22:00;0
04.01.2023;22:00;23:00;0
04.01.2023;23:00;00:00;0
05.01.2023;00:00;01:00;0
05.01.2023;01:00;02:00;0
05.01.2023;02:00;03:00;0
05.01.2023;03:00;04:00;0
05.01.2023;04:00;05:00;0
05.01.2023;05:00;06:00;0
05.01.2023;06:00;07:00;0
05.01.2023;07:00;08:00;0
05.01.2023;08:00;09:00;0
05.01.2023;09:00;10:00;0
05.01.2023;10:00;11:00;0
05.01.2023;11:00;12:00;0
05.01.2023;12:00;13:00;0
05.01.2023;13:00;14:00;0
05.01.2023;14:00;15:00;0
05.01.2023;15:00;16:00;0
05.01.2023;16:00;17:00;0
05.01.2023;17:00;18:00;0
05.01.2023;18:00;19:00;0
05.01.2023;19:00;20:00;0
05.01.2023;20:00;21:00;0
05.01.2023;21:00;22:00;0
05.01.2023;22:00;23:00;0
05.01.2023;23:00;00:00;0
06.01.2023;00:00;01:00;0
06.01.2023;01:00;02:00;0
06.01.2023;02:00;03:00;0
06.01.2023;03:00;04:00;0
06.01.2023;04:00;05:00;0
06.01.2023;05:00;06:00;0
06.01.2023;06:00;07:00;0
06.01.2023;07:00;08:00;0
06.01.2023;08:00;09:00;0
06.01.2023;09:00;10:00;0
06.01.2023;10:00;11:00;0
06.01.2023;11:00;12:00;0
06.01.2023;12:00;13:00;0
06.01.2023;13:00;14:00;0
06.01.2023;14:00;15:00;0
06.01.2023;15:00;16:00;0
06.01.2023;16:00;17:00;0
06.01.2023;17:00;18:00;0
06.01.2023;18:00;19:00;0
06.01.2023;19:00;20:00;0
06.01.2023;20:00;21:00;0
06.01.2023;21:00;22:00;0
06.01.2023;22:00;23:00;0
06.01.2023;23:00;00:00;0
07.01.2023;00:00;01:00;0
07.01.2023;01:00;02:00;0
07.01.2023;02:00;03:00;0
07.01.2023;03:00;04:00;0
07.01.2023;04:00;05:00;0
07.01.2023;05:00;06:00;0
07.01.2023;06:00;07:00;0
07.01.2023;07:00;08:00;0
07.01.2023;08:00;09:00;0
07.01.2023;09:00;10:00;0
07.01.2023;10:00;11:00;0
07.01.2023;11:00;12:00;0
07.01.2023;12:00;13:00;0
07.01.2023;13:00;14:00;0
07.01.2023;14:00;15:00;0
07.01.2023;15:00;16:00;0
07.01.2023;16:00;17:00;0
07.01.2023;17:00;18:00;0
07.01.2023;18:00;19:00;0
07.01.2023;19:00;20:00;0
07.01.2023;20:00;21:00;0
07.01.2023;21:00;22:00;0
07.01.2023;22:00;23:00;0
07.01.2023;23:00;00:00;0
08.01.2023;00:00;01:00;0
08.01.2023;01:00;02:00;0
08.01.2023;02:00;03:00;0
08.01.2023;03:00;04:00;0
08.01.2023;04:00;05:00;0
08.01.2023;05:00;06:00;0
08.01.2023;06:00;07:00;0
08.01.2023;07:00;08:00;0
08.01.2023;08:00;09:00;0
08.01.2023;09:00;10:00;0
08.01.2023;10:00;11:00;0
08.01.2023;11:00;12:00;0
08.01.2023;12:00;13:00;0
08.01.2023;13:00;14:00;0
08.01.2023;14:00;15:00;0
08.01.2023;15:00;16:00;0
08.01.2023;16:00;17:00;0
08.01.2023;17:00;18:00;0
08.01.2023;18:00;19:00;0
08.01.2023;19:00;20:00;0
08.01.2023;20:00;21:00;0
08.01.2023;21:00;22:00;0
08.01.2023;22:00;23:00;0
08.01.2023;23:00;00:00;0
09.01.2023;00:00;01:00;0
09.01.2023;01:00;02:00;0
09.01.2023;02:00;03:00;0
09.01.2023;03:00;04:00;0
09.01.2023;04:00;05:00;0
09.01.2023;05:00;06:00;0
09.01.2023;06:00;07:00;0
09.01.2023;07:00;08:00;0
09.01.2023;08:00;09:00;0
09.01.2023;09:00;10:00;0
09.01.2023;10:00;11:00;0
09.01.2023;11:00;12:00;0
09.01.2023;12:00;13:00;0
09.01.2023;13:00;14:00;0
09.01.2023;14:00;15:00;0
09.01.2023;15:00;16:00;0
09.01.2023;16:00;17:00;0
09.01.2023;17:00;18:00;0
09.01.2023;18:00;19:00;0
09.01.2023;19:00;20:00;0
09.01.2023;20:00;21:00;0
09.01.2023;21:00;22:00;0
09.01.2023;22:00;23:00;0
09.01.2023;23:00;00:00;0
10.01.2023;00:00;01:00;0
10.01.2023;01:00;02:00;0
10.01.2023;02:00;03:00;0
10.01.2023;03:00;04:00;0
10.01.2023;04:00;05:00;0
10.01.2023;05:00;06:00;0
10.01.2023;06:00;07:00;0
10.01.2023;07:00;08:00;0
10.01.2023;08:00;09:00;0
10.01.2023;09:00;10:00;0
10.01.2023;10:00;11:00;0
10.01.2023;11:00;12:00;0
10.01.2023;12:00;13:00;0
10.01.2023;13:00;14:00;0
10.01.2023;14:00;15:00;0
10.01.2023;15:00;16:00;0
10.01.2023;16:00;17:00;0
10.01.2023;17:00;18:00;0
10.01.2023;18:00;19:00;0
10.01.2023;19:00;20:00;0
10.01.2023;20:00;21:00;0
10.01.2023;21:00;22:00;0
10.01.2023;22:00;23:00;0
10.01.2023;23:00;00:00;0
11.01.2023;00:00;01:00;0
11.01.2023;01:00;02:00;0
11.01.2023;02:00;03:00;0
11.01.2023;03:00;04:00;0
11.01.2023;04:00;05:00;0
11.01.2023;05:00;06:00;0
11.01.2023;06:00;07:00;0
11.01.2023;07:00;08:00;0
11.01.2023;08:00;09:00;0
11.01.2023;09:00;10:00;0
11.01.2023;10:00;11:00;0
11.01.2023;11:00;12:00;0
11.01.2023;12:00;13:00;0
11.01.2023;13:00;14:00;0
11.01.2023;14:00;15:00;0
11.01.2023;15:00;16:00;0
11.01.2023;16:00;17:00;0
11.01.2023;17:00;18:00;0
11.01.2023;18:00;19:00;0
11.01.2023;19:00;20:00;0
11.01.2023;20:00;21:00;0
11.01.2023;21:00;22:00;0
11.01.2023;22:00;23:00;0
11.01.2023;23:00;00:00;0
12.01.2023;00:00;01:00;0
12.01.2023;01:00;02:00;0
12.01.2023;02:00;03:00;0
12.01.2023;03:00;04:00;0
12.01.2023;04:00;05:00;0
12.01.2023;05:00;06:00;0
12.01.2023;06:00;07:00;0
12.01.2023;07:00;08:00;0
12.01.2023;08:00;09:00;0
12.01.2023;09:00;10:00;0
12.01.2023;10:00;11:00;0
12.01.2023;11:00;12:00;0
12.01.2023;12:00;13:00;0
12.01.2023;13:00;14:00;0
12.01.2023;14:00;15:00;0
12.01.2023;15:00;16:00;0
12.01.2023;16:00;17:00;0
12.01.2023;17:00;18:00;0
12.01.2023;18:00;19:00;0
12.01.2023;19:00;20:00;0
12.01.2023;20:00;21:00;0
12.01.2023;21:00;22:00;0
12.01.2023;22:00;23:00;0
12.01.2023;23:00;00:00;0
13.01.2023;00:00;01:00;0
13.01.2023;01:00;02:00;0
13.01.2023;02:00;03:00;0
13.01.2023;03:00;04:00;0
13.01.2023;04:00;05:00;0
13.01.2023;05:00;06:00;0
13.01.2023;06:00;07:00;0
13.01.2023;07:00;08:00;0
13.01.2023;08:00;09:00;0
13.01.2023;09:00;10:00;0
13.01.2023;10:00;11:00;0
13.01.2023;11:00;12:00;0
13.01.2023;12:00;13:00;0
13.01.2023;13:00;14:00;0
13.01.2023;14:00;15:00;0
13.01.2023;15:00;16:00;0
13.01.2023;16:00;17:00;0
13.01.2023;17:00;18:00;0
13.01.2023;18:00;19:00;0
13.01.2023;19:00;20:00;0
13.01.2023;20:00;21:00;0
13.01.2023;21:00;22:00;0
13.01.2023;22:00;23:00;0
13.01.2023;23:00;00:00;0
14.01.2023;00:00;01:00;0
14.01.2023;01:00;02:00;0
14.01.2023;02:00;03:00;0
14.01.2023;03:00;04:00;0
14.01.2023;04:00;05:00;0
14.01.2023;05:00;06:00;0
14.01.2023;06:00;07:00;0
14.01.2023;07:00;08:00;0
14.01.2023;08:00;09:00;0
14.01.2023;09:00;10:00;0
14.01.2023;10:00;11:00;0
14.01.2023;11:00;12:00;0
14.01.2023;12:00;13:00;0
14.01.2023;13:00;14:00;0
14.01.2023;14:00;15:00;0
14.01.2023;15:00;16:00;0
14.01.2023;16:00;17:00;0
14.01.2023;17:00;18:00;0
14.01.2023;18:00;19:00;0
14.01.2023;19:00;20:00;0
14.01.2023;20:00;21:00;0
14.01.2023;21:00;22:00;0
14.01.2023;22:00;23:00;0
14.01.2023;23:00;00:00;0
15.01.2023;00:00;01:00;0
15.01.2023;01:00;02:00;0
15.01.2023;02:00;03:00;0
15.01.2023;03:00;04:00;0
15.01.2023;04:00;05:00;0
15.01.2023;05:00;06:00;0
15.01.2023;06:00;07:00;0
15.01.2023;07:00;08:00;0
15.01.2023;08:00;09:00;0
15.01.2023;09:00;10:00;0
15.01.2023;10:00;11:00;0
15.01.2023;11:00;12:00;0
15.01.2023;12:00;13:00;0
15.01.2023;13:00;14:00;0
15.01.2023;14:00;15:00;0
15.01.2023;15:00;16:00;0
15.01.2023;16:00;17:00;0
15.01.2023;17:00;18:00;0
15.01.2023;18:00;19:00;0
15.01.2023;19:00;20:00;0
15.01.2023;20:00;21:00;0
15.01.2023;21:00;22:00;0
15.01.2023;22:00;23:00;0
15.01.2023;23:00;00:00;0
16.01.2023;00:00;01:00;0
16.01.2023;01:00;02:00;0
16.01.2023;02:00;03:00;0
16.01.2023;03:00;04:00;0
16.01.2023;04:00;05:00;0
16.01.2023;05:00;06:00;0
16.01.2023;06:00;07:00;0
16.01.2023;07:00;08:00;0
16.01.2023;08:00;09:00;0
16.01.2023;09:00;10:00;0
16.01.2023;10:00;11:00;0
16.01.2023;11:00;12:00;0
16.01.2023;12:00;13:00;0
16.01.2023;13:00;14:00;0
16.01.2023;14:00;15:00;0
16.01.2023;15:00;16:00;0
16.01.2023;16:00;17:00;0
16.01.2023;17:00;18:00;0
16.01.2023;18:00;19:00;0
16.01.2023;19:00;20:00;0
16.01.2023;20:00;21:00;0
16.01.2023;21:00;22:00;0
16.01.2023;22:00;23:00;0
16.01.2023;23:00;00:00;0
17.01.2023;00:00;01:00;0
17.01.2023;01:00;02:00;0
17.01.2023;02:00;03:00;0
17.01.2023;03:00;04:00;0
17.01.2023;04:00;05:00;0
17.01.2023;05:00;06:00;0
17.01.2023;06:00;07:00;0
17.01.2023;07:00;08:00;0
17.01.2023;08:00;09:00;0
17.01.2023;09:00;10:00;0
17.01.2023;10:00;11:00;0
17.01.2023;11:00;12:00;0
17.01.2023;12:00;13:00;0
17.01.2023;13:00;14:00;0
17.01.2023;14:00;15:00;0
17.01.2023;15:00;16:00;0
17.01.2023;16:00;17:00;0
17.01.2023;17:00;18:00;0
17.01.2023;18:00;19:00;0
17.01.2023;19:00;20:00;0
17.01.2023;20:00;21:00;0
17.01.2023;21:00;22:00;0
17.01.2023;22:00;23:00;0
17.01.2023;23:00;00:00;0
18.01.2023;00:00;01:00;0
18.01.2023;01:00;02:00;0
18.01.2023;02:00;03:00;0
18.01.2023;03:00;04:00;0
18.01.2023;04:00;05:00;0
18.01.2023;05:00;06:00;0
18.01.2023;06:00;07:00;0
18.01.2023;07:00;08:00;0
18.01.2023;08:00;09:00;0
18.01.2023;09:00;10:00;0
18.01.2023;10:00;11:00;0
18.01.2023;11:00;12:00;0
18.01.2023;12:00;13:00;0
18.01.2023;13:00;14:00;0
18.01.2023;14:00;15:00;0
18.01.2023;15:00;16:00;0
18.01.2023;16:00;17:00;0
18.01.2023;17:00;18:00;0
18.01.2023;18:00;19:00;0
18.01.2023;19:00;20:00;0
18.01.2023;20:00;21:00;0
18.01.2023;21:00;22:00;0
18.01.2023;22:00;23:00;0
18.01.2023;23:00;00:00;0
19.01.2023;00:00;01:00;0
19.01.2023;01:00;02:00;0
19.01.2023;02:00;03:00;0
19.01.2023;03:00;04:00;12
19.01.2023;04:00;05:00;229
19.01.2023;05:00;06:00;250
19.01.2023;06:00;07:00;250
19.01.2023;07:00;08:00;250
19.01.2023;08:00;09:00;250
19.01.2023;09:00;10:00;250
19.01.2023;10:00;11:00;250
19.01.2023;11:00;12:00;349
19.01.2023;12:00;13:00;397
19.01.2023;13:00;14:00;397
19.01.2023;14:00;15:00;397
19.01.2023;15:00;16:00;397
19.01.2023;16:00;17:00;397
19.01.2023;17:00;18:00;397
19.01.2023;18:00;19:00;397
19.01.2023;19:00;20:00;397
19.01.2023;20:00;21:00;397
19.01.2023;21:00;22:00;398
19.01.2023;22:00;23:00;397
19.01.2023;23:00;00:00;398
20.01.2023;00:00;01:00;398
20.01.2023;01:00;02:00;398
20.01.2023;02:00;03:00;398
20.01.2023;03:00;04:00;398
20.01.2023;04:00;05:00;398
20.01.2023;05:00;06:00;398
20.01.2023;06:00;07:00;398
20.01.2023;07:00;08:00;397
20.01.2023;08:00;09:00;423
20.01.2023;09:00;10:00;479
20.01.2023;10:00;11:00;518
20.01.2023;11:00;12:00;549
20.01.2023;12:00;13:00;565
20.01.2023;13:00;14:00;564
20.01.2023;14:00;15:00;564
20.01.2023;15:00;16:00;564
20.01.2023;16:00;17:00;564
20.01.2023;17:00;18:00;564
20.01.2023;18:00;19:00;564
20.01.2023;19:00;20:00;565
20.01.2023;20:00;21:00;565
20.01.2023;21:00;22:00;565
20.01.2023;22:00;23:00;565
20.01.2023;23:00;00:00;565
21.01.2023;00:00;01:00;565
21.01.2023;01:00;02:00;565
21.01.2023;02:00;03:00;565
21.01.2023;03:00;04:00;565
21.01.2023;04:00;05:00;565
21.01.2023;05:00;06:00;565
21.01.2023;06:00;07:00;564
21.01.2023;07:00;08:00;563
21.01.2023;08:00;09:00;575
21.01.2023;09:00;10:00;647
21.01.2023;10:00;11:00;716
21.01.2023;11:00;12:00;719
21.01.2023;12:00;13:00;715
21.01.2023;13:00;14:00;717
21.01.2023;14:00;15:00;716
21.01.2023;15:00;16:00;715
21.01.2023;16:00;17:00;715
21.01.2023;17:00;18:00;715
21.01.2023;18:00;19:00;715
21.01.2023;19:00;20:00;715
21.01.2023;20:00;21:00;715
21.01.2023;21:00;22:00;716
21.01.2023;22:00;23:00;716
21.01.2023;23:00;00:00;716
22.01.2023;00:00;01:00;716
22.01.2023;01:00;02:00;716
22.01.2023;02:00;03:00;716
22.01.2023;03:00;04:00;716
22.01.2023;04:00;05:00;716
22.01.2023;05:00;06:00;716
22.01.2023;06:00;07:00;715
22.01.2023;07:00;08:00;715
22.01.2023;08:00;09:00;727
22.01.2023;09:00;10:00;773
22.01.2023;10:00;11:00;794
22.01.2023;11:00;12:00;835
22.01.2023;12:00;13:00;864
22.01.2023;13:00;14:00;870
22.01.2023;14:00;15:00;870
22.01.2023;15:00;16:00;870
22.01.2023;16:00;17:00;870
22.01.2023;17:00;18:00;870
22.01.2023;18:00;19:00;870
22.01.2023;19:00;20:00;870
22.01.2023;20:00;21:00;870
22.01.2023;21:00;22:00;871
22.01.2023;22:00;23:00;870
22.01.2023;23:00;00:00;870
23.01.2023;00:00;01:00;870
23.01.2023;01:00;02:00;870
23.01.2023;02:00;03:00;870
23.01.2023;03:00;04:00;870
23.01.2023;04:00;05:00;870
23.01.2023;05:00;06:00;870
23.01.2023;06:00;07:00;870
23.01.2023;07:00;08:00;869
23.01.2023;08:00;09:00;857
23.01.2023;09:00;10:00;857
23.01.2023;10:00;11:00;859
23.01.2023;11:00;12:00;859
23.01.2023;12:00;13:00;859
23.01.2023;13:00;14:00;859
23.01.2023;14:00;15:00;860
23.01.2023;15:00;16:00;858
23.01.2023;16:00;17:00;857
23.01.2023;17:00;18:00;857
23.01.2023;18:00;19:00;858
23.01.2023;19:00;20:00;858
23.01.2023;20:00;21:00;859
23.01.2023;21:00;22:00;858
23.01.2023;22:00;23:00;859
23.01.2023;23:00;00:00;858
24.01.2023;00:00;01:00;858
24.01.2023;01:00;02:00;858
24.01.2023;02:00;03:00;859
24.01.2023;03:00;04:00;862
24.01.2023;04:00;05:00;863
24.01.2023;05:00;06:00;863
24.01.2023;06:00;07:00;861
24.01.2023;07:00;08:00;860
24.01.2023;08:00;09:00;859
24.01.2023;09:00;10:00;859
24.01.2023;10:00;11:00;860
24.01.2023;11:00;12:00;860
24.01.2023;12:00;13:00;858
24.01.2023;13:00;14:00;859
24.01.2023;14:00;15:00;859
24.01.2023;15:00;16:00;858
24.01.2023;16:00;17:00;859
24.01.2023;17:00;18:00;859
24.01.2023;18:00;19:00;859
24.01.2023;19:00;20:00;859
24.01.2023;20:00;21:00;859
24.01.2023;21:00;22:00;860
24.01.2023;22:00;23:00;860
24.01.2023;23:00;00:00;861
25.01.2023;00:00;01:00;862
25.01.2023;01:00;02:00;862
25.01.2023;02:00;03:00;862
25.01.2023;03:00;04:00;863
25.01.2023;04:00;05:00;863
25.01.2023;05:00;06:00;863
25.01.2023;06:00;07:00;863
25.01.2023;07:00;08:00;862
25.01.2023;08:00;09:00;861
25.01.2023;09:00;10:00;860
25.01.2023;10:00;11:00;860
25.01.2023;11:00;12:00;860
25.01.2023;12:00;13:00;860
25.01.2023;13:00;14:00;860
25.01.2023;14:00;15:00;859
25.01.2023;15:00;16:00;861
25.01.2023;16:00;17:00;861
25.01.2023;17:00;18:00;860
25.01.2023;18:00;19:00;860
25.01.2023;19:00;20:00;859
25.01.2023;20:00;21:00;860
25.01.2023;21:00;22:00;861
25.01.2023;22:00;23:00;861
25.01.2023;23:00;00:00;862
26.01.2023;00:00;01:00;862
26.01.2023;01:00;02:00;862
26.01.2023;02:00;03:00;862
26.01.2023;03:00;04:00;862
26.01.2023;04:00;05:00;862
26.01.2023;05:00;06:00;862
26.01.2023;06:00;07:00;862
26.01.2023;07:00;08:00;860
26.01.2023;08:00;09:00;860
26.01.2023;09:00;10:00;860
26.01.2023;10:00;11:00;862
26.01.2023;11:00;12:00;863
26.01.2023;12:00;13:00;858
26.01.2023;13:00;14:00;859
26.01.2023;14:00;15:00;860
26.01.2023;15:00;16:00;860
26.01.2023;16:00;17:00;860
26.01.2023;17:00;18:00;861
26.01.2023;18:00;19:00;862
26.01.2023;19:00;20:00;862
26.01.2023;20:00;21:00;863
26.01.2023;21:00;22:00;867
26.01.2023;22:00;23:00;867
26.01.2023;23:00;00:00;866
27.01.2023;00:00;01:00;865
27.01.2023;01:00;02:00;865
27.01.2023;02:00;03:00;865
27.01.2023;03:00;04:00;865
27.01.2023;04:00;05:00;864
27.01.2023;05:00;06:00;865
27.01.2023;06:00;07:00;864
27.01.2023;07:00;08:00;865
27.01.2023;08:00;09:00;866
27.01.2023;09:00;10:00;866
27.01.2023;10:00;11:00;866
27.01.2023;11:00;12:00;866
27.01.2023;12:00;13:00;866
27.01.2023;13:00;14:00;866
27.01.2023;14:00;15:00;866
27.01.2023;15:00;16:00;864
27.01.2023;16:00;17:00;864
27.01.2023;17:00;18:00;863
27.01.2023;18:00;19:00;864
27.01.2023;19:00;20:00;864
27.01.2023;20:00;21:00;864
27.01.2023;21:00;22:00;864
27.01.2023;22:00;23:00;864
27.01.2023;23:00;00:00;862
28.01.2023;00:00;01:00;862
28.01.2023;01:00;02:00;863
28.01.2023;02:00;03:00;862
28.01.2023;03:00;04:00;863
28.01.2023;04:00;05:00;863
28.01.2023;05:00;06:00;862
28.01.2023;06:00;07:00;862
28.01.2023;07:00;08:00;863
28.01.2023;08:00;09:00;862
28.01.2023;09:00;10:00;862
28.01.2023;10:00;11:00;862
28.01.2023;11:00;12:00;862
28.01.2023;12:00;13:00;862
28.01.2023;13:00;14:00;862
28.01.2023;14:00;15:00;862
28.01.2023;15:00;16:00;862
28.01.2023;16:00;17:00;862
28.01.2023;17:00;18:00;862
28.01.2023;18:00;19:00;862
28.01.2023;19:00;20:00;862
28.01.2023;20:00;21:00;863
28.01.2023;21:00;22:00;864
28.01.2023;22:00;23:00;864
28.01.2023;23:00;00:00;865
29.01.2023;00:00;01:00;865
29.01.2023;01:00;02:00;867
29.01.2023;02:00;03:00;867
29.01.2023;03:00;04:00;866
29.01.2023;04:00;05:00;866
29.01.2023;05:00;06:00;866
29.01.2023;06:00;07:00;865
29.01.2023;07:00;08:00;865
29.01.2023;08:00;09:00;865
29.01.2023;09:00;10:00;865
29.01.2023;10:00;11:00;865
29.01.2023;11:00;12:00;864
29.01.2023;12:00;13:00;864
29.01.2023;13:00;14:00;864
29.01.2023;14:00;15:00;864
29.01.2023;15:00;16:00;863
29.01.2023;16:00;17:00;864
29.01.2023;17:00;18:00;864
29.01.2023;18:00;19:00;864
29.01.2023;19:00;20:00;865
29.01.2023;20:00;21:00;865
29.01.2023;21:00;22:00;865
29.01.2023;22:00;23:00;865
29.01.2023;23:00;00:00;865
30.01.2023;00:00;01:00;864
30.01.2023;01:00;02:00;864
30.01.2023;02:00;03:00;864
30.01.2023;03:00;04:00;864
30.01.2023;04:00;05:00;864
30.01.2023;05:00;06:00;864
30.01.2023;06:00;07:00;864
30.01.2023;07:00;08:00;864
30.01.2023;08:00;09:00;863
30.01.2023;09:00;10:00;863
30.01.2023;10:00;11:00;863
30.01.2023;11:00;12:00;863
30.01.2023;12:00;13:00;863
30.01.2023;13:00;14:00;876
30.01.2023;14:00;15:00;873
30.01.2023;15:00;16:00;870
30.01.2023;16:00;17:00;871
30.01.2023;17:00;18:00;871
30.01.2023;18:00;19:00;870
30.01.2023;19:00;20:00;870
30.01.2023;20:00;21:00;871
30.01.2023;21:00;22:00;872
30.01.2023;22:00;23:00;872
30.01.2023;23:00;00:00;872
31.01.2023;00:00;01:00;872
31.01.2023;01:00;02:00;872
31.01.2023;02:00;03:00;872
31.01.2023;03:00;04:00;872
31.01.2023;04:00;05:00;871
31.01.2023;05:00;06:00;871
31.01.2023;06:00;07:00;871
31.01.2023;07:00;08:00;871
31.01.2023;08:00;09:00;871
31.01.2023;09:00;10:00;871
31.01.2023;10:00;11:00;873
31.01.2023;11:00;12:00;875
31.01.2023;12:00;13:00;871
31.01.2023;13:00;14:00;871
31.01.2023;14:00;15:00;870
31.01.2023;15:00;16:00;869
31.01.2023;16:00;17:00;870
31.01.2023;17:00;18:00;869
31.01.2023;18:00;19:00;869
31.01.2023;19:00;20:00;869
31.01.2023;20:00;21:00;869
31.01.2023;21:00;22:00;869
31.01.2023;22:00;23:00;869
31.01.2023;23:00;00:00;868
01.02.2023;00:00;01:00;868
01.02.2023;01:00;02:00;868
01.02.2023;02:00;03:00;868
01.02.2023;03:00;04:00;867
01.02.2023;04:00;05:00;865
01.02.2023;05:00;06:00;867
01.02.2023;06:00;07:00;866
01.02.2023;07:00;08:00;865
01.02.2023;08:00;09:00;866
01.02.2023;09:00;10:00;869
01.02.2023;10:00;11:00;869
01.02.2023;11:00;12:00;869
01.02.2023;12:00;13:00;869
01.02.2023;13:00;14:00;870
01.02.2023;14:00;15:00;669
01.02.2023;15:00;16:00;503
01.02.2023;16:00;17:00;784
01.02.2023;17:00;18:00;839
01.02.2023;18:00;19:00;856
01.02.2023;19:00;20:00;857
01.02.2023;20:00;21:00;859
01.02.2023;21:00;22:00;862
01.02.2023;22:00;23:00;864
01.02.2023;23:00;00:00;867
02.02.2023;00:00;01:00;869
02.02.2023;01:00;02:00;869
02.02.2023;02:00;03:00;868
02.02.2023;03:00;04:00;868
02.02.2023;04:00;05:00;867
02.02.2023;05:00;06:00;867
02.02.2023;06:00;07:00;867
02.02.2023;07:00;08:00;869
02.02.2023;08:00;09:00;873
02.02.2023;09:00;10:00;874
02.02.2023;10:00;11:00;870
02.02.2023;11:00;12:00;870
02.02.2023;12:00;13:00;870
02.02.2023;13:00;14:00;870
02.02.2023;14:00;15:00;870
02.02.2023;15:00;16:00;870
02.02.2023;16:00;17:00;870
02.02.2023;17:00;18:00;870
02.02.2023;18:00;19:00;870
02.02.2023;19:00;20:00;869
02.02.2023;20:00;21:00;869
02.02.2023;21:00;22:00;870
02.02.2023;22:00;23:00;870
02.02.2023;23:00;00:00;870
03.02.2023;00:00;01:00;870
03.02.2023;01:00;02:00;869
03.02.2023;02:00;03:00;869
03.02.2023;03:00;04:00;870
03.02.2023;04:00;05:00;869
03.02.2023;05:00;06:00;869
03.02.2023;06:00;07:00;868
03.02.2023;07:00;08:00;870
03.02.2023;08:00;09:00;869
03.02.2023;09:00;10:00;868
03.02.2023;10:00;11:00;868
03.02.2023;11:00;12:00;868
03.02.2023;12:00;13:00;869
03.02.2023;13:00;14:00;868
03.02.2023;14:00;15:00;869
03.02.2023;15:00;16:00;868
03.02.2023;16:00;17:00;868
03.02.2023;17:00;18:00;868
03.02.2023;18:00;19:00;867
03.02.2023;19:00;20:00;868
03.02.2023;20:00;21:00;868
03.02.2023;21:00;22:00;868
03.02.2023;22:00;23:00;868
03.02.2023;23:00;00:00;868
04.02.2023;00:00;01:00;868
04.02.2023;01:00;02:00;868
04.02.2023;02:00;03:00;869
04.02.2023;03:00;04:00;869
04.02.2023;04:00;05:00;869
04.02.2023;05:00;06:00;869
04.02.2023;06:00;07:00;869
04.02.2023;07:00;08:00;870
04.02.2023;08:00;09:00;870
04.02.2023;09:00;10:00;870
04.02.2023;10:00;11:00;870
04.02.2023;11:00;12:00;870
04.02.2023;12:00;13:00;870
04.02.2023;13:00;14:00;870
04.02.2023;14:00;15:00;870
04.02.2023;15:00;16:00;870
04.02.2023;16:00;17:00;869
04.02.2023;17:00;18:00;869
04.02.2023;18:00;19:00;869
04.02.2023;19:00;20:00;869
04.02.2023;20:00;21:00;869
04.02.2023;21:00;22:00;870
04.02.2023;22:00;23:00;870
04.02.2023;23:00;00:00;870
05.02.2023;00:00;01:00;870
05.02.2023;01:00;02:00;870
05.02.2023;02:00;03:00;870
05.02.2023;03:00;04:00;870
05.02.2023;04:00;05:00;870
05.02.2023;05:00;06:00;870
05.02.2023;06:00;07:00;870
05.02.2023;07:00;08:00;870
05.02.2023;08:00;09:00;870
05.02.2023;09:00;10:00;870
05.02.2023;10:00;11:00;870
05.02.2023;11:00;12:00;870
05.02.2023;12:00;13:00;870
05.02.2023;13:00;14:00;870
05.02.2023;14:00;15:00;870
05.02.2023;15:00;16:00;870
05.02.2023;16:00;17:00;869
05.02.2023;17:00;18:00;870
05.02.2023;18:00;19:00;869
05.02.2023;19:00;20:00;870
05.02.2023;20:00;21:00;869
05.02.2023;21:00;22:00;870
05.02.2023;22:00;23:00;870
05.02.2023;23:00;00:00;870
06.02.2023;00:00;01:00;870
06.02.2023;01:00;02:00;870
06.02.2023;02:00;03:00;870
06.02.2023;03:00;04:00;870
06.02.2023;04:00;05:00;870
06.02.2023;05:00;06:00;869
06.02.2023;06:00;07:00;869
06.02.2023;07:00;08:00;869
06.02.2023;08:00;09:00;869
06.02.2023;09:00;10:00;870
06.02.2023;10:00;11:00;870
06.02.2023;11:00;12:00;870
06.02.2023;12:00;13:00;870
06.02.2023;13:00;14:00;869
06.02.2023;14:00;15:00;870
06.02.2023;15:00;16:00;870
06.02.2023;16:00;17:00;869
06.02.2023;17:00;18:00;869
06.02.2023;18:00;19:00;869
06.02.2023;19:00;20:00;870
06.02.2023;20:00;21:00;870
06.02.2023;21:00;22:00;870
06.02.2023;22:00;23:00;869
06.02.2023;23:00;00:00;869
07.02.2023;00:00;01:00;869
07.02.2023;01:00;02:00;870
07.02.2023;02:00;03:00;869
07.02.2023;03:00;04:00;869
07.02.2023;04:00;05:00;869
07.02.2023;05:00;06:00;869
07.02.2023;06:00;07:00;868
07.02.2023;07:00;08:00;867
07.02.2023;08:00;09:00;867
07.02.2023;09:00;10:00;867
07.02.2023;10:00;11:00;866
07.02.2023;11:00;12:00;866
07.02.2023;12:00;13:00;866
07.02.2023;13:00;14:00;866
07.02.2023;14:00;15:00;866
07.02.2023;15:00;16:00;867
07.02.2023;16:00;17:00;868
07.02.2023;17:00;18:00;868
07.02.2023;18:00;19:00;868
07.02.2023;19:00;20:00;870
07.02.2023;20:00;21:00;872
07.02.2023;21:00;22:00;872
07.02.2023;22:00;23:00;872
07.02.2023;23:00;00:00;872
08.02.2023;00:00;01:00;871
08.02.2023;01:00;02:00;872
08.02.2023;02:00;03:00;872
08.02.2023;03:00;04:00;872
08.02.2023;04:00;05:00;872
08.02.2023;05:00;06:00;873
08.02.2023;06:00;07:00;873
08.02.2023;07:00;08:00;871
08.02.2023;08:00;09:00;871
08.02.2023;09:00;10:00;870
08.02.2023;10:00;11:00;870
08.02.2023;11:00;12:00;870
08.02.2023;12:00;13:00;871
08.02.2023;13:00;14:00;872
08.02.2023;14:00;15:00;872
08.02.2023;15:00;16:00;872
08.02.2023;16:00;17:00;872
08.02.2023;17:00;18:00;870
08.02.2023;18:00;19:00;871
08.02.2023;19:00;20:00;872
08.02.2023;20:00;21:00;872
08.02.2023;21:00;22:00;873
08.02.2023;22:00;23:00;873
08.02.2023;23:00;00:00;872
09.02.2023;00:00;01:00;872
09.02.2023;01:00;02:00;872
09.02.2023;02:00;03:00;872
09.02.2023;03:00;04:00;872
09.02.2023;04:00;05:00;872
09.02.2023;05:00;06:00;872
09.02.2023;06:00;07:00;873
09.02.2023;07:00;08:00;873
09.02.2023;08:00;09:00;873
09.02.2023;09:00;10:00;873
09.02.2023;10:00;11:00;873
09.02.2023;11:00;12:00;875
09.02.2023;12:00;13:00;877
09.02.2023;13:00;14:00;877
09.02.2023;14:00;15:00;874
09.02.2023;15:00;16:00;869
09.02.2023;16:00;17:00;871
09.02.2023;17:00;18:00;870
09.02.2023;18:00;19:00;872
09.02.2023;19:00;20:00;872
09.02.2023;20:00;21:00;874
09.02.2023;21:00;22:00;874
09.02.2023;22:00;23:00;874
09.02.2023;23:00;00:00;873
10.02.2023;00:00;01:00;873
10.02.2023;01:00;02:00;873
10.02.2023;02:00;03:00;874
10.02.2023;03:00;04:00;873
10.02.2023;04:00;05:00;873
10.02.2023;05:00;06:00;873
10.02.2023;06:00;07:00;874
10.02.2023;07:00;08:00;874
10.02.2023;08:00;09:00;876
10.02.2023;09:00;10:00;875
10.02.2023;10:00;11:00;875
10.02.2023;11:00;12:00;875
10.02.2023;12:00;13:00;875
10.02.2023;13:00;14:00;873
10.02.2023;14:00;15:00;872
10.02.2023;15:00;16:00;869
10.02.2023;16:00;17:00;871
10.02.2023;17:00;18:00;871
10.02.2023;18:00;19:00;871
10.02.2023;19:00;20:00;871
10.02.2023;20:00;21:00;872
10.02.2023;21:00;22:00;872
10.02.2023;22:00;23:00;874
10.02.2023;23:00;00:00;875
11.02.2023;00:00;01:00;874
11.02.2023;01:00;02:00;874
11.02.2023;02:00;03:00;875
11.02.2023;03:00;04:00;876
11.02.2023;04:00;05:00;875
11.02.2023;05:00;06:00;875
11.02.2023;06:00;07:00;875
11.02.2023;07:00;08:00;875
11.02.2023;08:00;09:00;875
11.02.2023;09:00;10:00;875
11.02.2023;10:00;11:00;874
11.02.2023;11:00;12:00;871
11.02.2023;12:00;13:00;871
11.02.2023;13:00;14:00;872
11.02.2023;14:00;15:00;872
11.02.2023;15:00;16:00;872
11.02.2023;16:00;17:00;872
11.02.2023;17:00;18:00;872
11.02.2023;18:00;19:00;872
11.02.2023;19:00;20:00;872
11.02.2023;20:00;21:00;872
11.02.2023;21:00;22:00;872
11.02.2023;22:00;23:00;872
11.02.2023;23:00;00:00;873
12.02.2023;00:00;01:00;872
12.02.2023;01:00;02:00;872
12.02.2023;02:00;03:00;873
12.02.2023;03:00;04:00;873
12.02.2023;04:00;05:00;872
12.02.2023;05:00;06:00;873
12.02.2023;06:00;07:00;872
12.02.2023;07:00;08:00;872
12.02.2023;08:00;09:00;872
12.02.2023;09:00;10:00;872
12.02.2023;10:00;11:00;871
12.02.2023;11:00;12:00;871
12.02.2023;12:00;13:00;871
12.02.2023;13:00;14:00;871
12.02.2023;14:00;15:00;871
12.02.2023;15:00;16:00;871
12.02.2023;16:00;17:00;871
12.02.2023;17:00;18:00;871
12.02.2023;18:00;19:00;871
12.02.2023;19:00;20:00;871
12.02.2023;20:00;21:00;872
12.02.2023;21:00;22:00;872
12.02.2023;22:00;23:00;872
12.02.2023;23:00;00:00;871
13.02.2023;00:00;01:00;872
13.02.2023;01:00;02:00;872
13.02.2023;02:00;03:00;872
13.02.2023;03:00;04:00;873
13.02.2023;04:00;05:00;872
13.02.2023;05:00;06:00;872
13.02.2023;06:00;07:00;872
13.02.2023;07:00;08:00;871
13.02.2023;08:00;09:00;870
13.02.2023;09:00;10:00;871
13.02.2023;10:00;11:00;871
13.02.2023;11:00;12:00;871
13.02.2023;12:00;13:00;870
13.02.2023;13:00;14:00;871
13.02.2023;14:00;15:00;871
13.02.2023;15:00;16:00;871
13.02.2023;16:00;17:00;870
13.02.2023;17:00;18:00;870
13.02.2023;18:00;19:00;871
13.02.2023;19:00;20:00;871
13.02.2023;20:00;21:00;872
13.02.2023;21:00;22:00;873
13.02.2023;22:00;23:00;873
13.02.2023;23:00;00:00;874
14.02.2023;00:00;01:00;874
14.02.2023;01:00;02:00;875
14.02.2023;02:00;03:00;875
14.02.2023;03:00;04:00;875
14.02.2023;04:00;05:00;874
14.02.2023;05:00;06:00;874
14.02.2023;06:00;07:00;873
14.02.2023;07:00;08:00;871
14.02.2023;08:00;09:00;870
14.02.2023;09:00;10:00;870
14.02.2023;10:00;11:00;870
14.02.2023;11:00;12:00;870
14.02.2023;12:00;13:00;870
14.02.2023;13:00;14:00;870
14.02.2023;14:00;15:00;870
14.02.2023;15:00;16:00;870
14.02.2023;16:00;17:00;870
14.02.2023;17:00;18:00;870
14.02.2023;18:00;19:00;870
14.02.2023;19:00;20:00;870
14.02.2023;20:00;21:00;871
14.02.2023;21:00;22:00;871
14.02.2023;22:00;23:00;871
14.02.2023;23:00;00:00;873
15.02.2023;00:00;01:00;874
15.02.2023;01:00;02:00;874
15.02.2023;02:00;03:00;874
15.02.2023;03:00;04:00;874
15.02.2023;04:00;05:00;874
15.02.2023;05:00;06:00;874
15.02.2023;06:00;07:00;872
15.02.2023;07:00;08:00;871
15.02.2023;08:00;09:00;871
15.02.2023;09:00;10:00;872
15.02.2023;10:00;11:00;872
15.02.2023;11:00;12:00;873
15.02.2023;12:00;13:00;873
15.02.2023;13:00;14:00;870
15.02.2023;14:00;15:00;870
15.02.2023;15:00;16:00;870
15.02.2023;16:00;17:00;870
15.02.2023;17:00;18:00;870
15.02.2023;18:00;19:00;870
15.02.2023;19:00;20:00;870
15.02.2023;20:00;21:00;870
15.02.2023;21:00;22:00;870
15.02.2023;22:00;23:00;870
15.02.2023;23:00;00:00;870
16.02.2023;00:00;01:00;870
16.02.2023;01:00;02:00;870
16.02.2023;02:00;03:00;870
16.02.2023;03:00;04:00;870
16.02.2023;04:00;05:00;870
16.02.2023;05:00;06:00;870
16.02.2023;06:00;07:00;870
16.02.2023;07:00;08:00;870
16.02.2023;08:00;09:00;868
16.02.2023;09:00;10:00;869
16.02.2023;10:00;11:00;869
16.02.2023;11:00;12:00;871
16.02.2023;12:00;13:00;874
16.02.2023;13:00;14:00;874
16.02.2023;14:00;15:00;867
16.02.2023;15:00;16:00;869
16.02.2023;16:00;17:00;869
16.02.2023;17:00;18:00;869
16.02.2023;18:00;19:00;870
16.02.2023;19:00;20:00;870
16.02.2023;20:00;21:00;870
16.02.2023;21:00;22:00;870
16.02.2023;22:00;23:00;870
16.02.2023;23:00;00:00;870
17.02.2023;00:00;01:00;870
17.02.2023;01:00;02:00;870
17.02.2023;02:00;03:00;870
17.02.2023;03:00;04:00;870
17.02.2023;04:00;05:00;869
17.02.2023;05:00;06:00;870
17.02.2023;06:00;07:00;869
17.02.2023;07:00;08:00;869
17.02.2023;08:00;09:00;869
17.02.2023;09:00;10:00;869
17.02.2023;10:00;11:00;870
17.02.2023;11:00;12:00;870
17.02.2023;12:00;13:00;870
17.02.2023;13:00;14:00;870
17.02.2023;14:00;15:00;870
17.02.2023;15:00;16:00;869
17.02.2023;16:00;17:00;867
17.02.2023;17:00;18:00;867
17.02.2023;18:00;19:00;867
17.02.2023;19:00;20:00;867
17.02.2023;20:00;21:00;868
17.02.2023;21:00;22:00;868
17.02.2023;22:00;23:00;869
17.02.2023;23:00;00:00;869
18.02.2023;00:00;01:00;868
18.02.2023;01:00;02:00;868
18.02.2023;02:00;03:00;868
18.02.2023;03:00;04:00;868
18.02.2023;04:00;05:00;868
18.02.2023;05:00;06:00;868
18.02.2023;06:00;07:00;869
18.02.2023;07:00;08:00;868
18.02.2023;08:00;09:00;868
18.02.2023;09:00;10:00;869
18.02.2023;10:00;11:00;869
18.02.2023;11:00;12:00;870
18.02.2023;12:00;13:00;869
18.02.2023;13:00;14:00;869
18.02.2023;14:00;15:00;869
18.02.2023;15:00;16:00;869
18.02.2023;16:00;17:00;869
18.02.2023;17:00;18:00;869
18.02.2023;18:00;19:00;869
18.02.2023;19:00;20:00;869
18.02.2023;20:00;21:00;870
18.02.2023;21:00;22:00;870
18.02.2023;22:00;23:00;870
18.02.2023;23:00;00:00;870
19.02.2023;00:00;01:00;870
19.02.2023;01:00;02:00;870
19.02.2023;02:00;03:00;871
19.02.2023;03:00;04:00;870
19.02.2023;04:00;05:00;870
19.02.2023;05:00;06:00;870
19.02.2023;06:00;07:00;870
19.02.2023;07:00;08:00;870
19.02.2023;08:00;09:00;871
19.02.2023;09:00;10:00;871
19.02.2023;10:00;11:00;871
19.02.2023;11:00;12:00;871
19.02.2023;12:00;13:00;871
19.02.2023;13:00;14:00;871
19.02.2023;14:00;15:00;871
19.02.2023;15:00;16:00;871
19.02.2023;16:00;17:00;870
19.02.2023;17:00;18:00;870
19.02.2023;18:00;19:00;870
19.02.2023;19:00;20:00;871
19.02.2023;20:00;21:00;870
19.02.2023;21:00;22:00;871
19.02.2023;22:00;23:00;871
19.02.2023;23:00;00:00;871
20.02.2023;00:00;01:00;872
20.02.2023;01:00;02:00;871
20.02.2023;02:00;03:00;871
20.02.2023;03:00;04:00;871
20.02.2023;04:00;05:00;871
20.02.2023;05:00;06:00;870
20.02.2023;06:00;07:00;871
20.02.2023;07:00;08:00;870
20.02.2023;08:00;09:00;870
20.02.2023;09:00;10:00;870
20.02.2023;10:00;11:00;871
20.02.2023;11:00;12:00;871
20.02.2023;12:00;13:00;871
20.02.2023;13:00;14:00;870
20.02.2023;14:00;15:00;870
20.02.2023;15:00;16:00;871
20.02.2023;16:00;17:00;871
20.02.2023;17:00;18:00;871
20.02.2023;18:00;19:00;870
20.02.2023;19:00;20:00;870
20.02.2023;20:00;21:00;870
20.02.2023;21:00;22:00;871
20.02.2023;22:00;23:00;871
20.02.2023;23:00;00:00;871
21.02.2023;00:00;01:00;870
21.02.2023;01:00;02:00;870
21.02.2023;02:00;03:00;873
21.02.2023;03:00;04:00;873
21.02.2023;04:00;05:00;873
21.02.2023;05:00;06:00;873
21.02.2023;06:00;07:00;873
21.02.2023;07:00;08:00;873
21.02.2023;08:00;09:00;873
21.02.2023;09:00;10:00;874
21.02.2023;10:00;11:00;874
21.02.2023;11:00;12:00;874
21.02.2023;12:00;13:00;873
21.02.2023;13:00;14:00;872
21.02.2023;14:00;15:00;872
21.02.2023;15:00;16:00;872
21.02.2023;16:00;17:00;868
21.02.2023;17:00;18:00;870
21.02.2023;18:00;19:00;868
21.02.2023;19:00;20:00;868
21.02.2023;20:00;21:00;870
21.02.2023;21:00;22:00;870
21.02.2023;22:00;23:00;869
21.02.2023;23:00;00:00;869
22.02.2023;00:00;01:00;870
22.02.2023;01:00;02:00;870
22.02.2023;02:00;03:00;870
22.02.2023;03:00;04:00;871
22.02.2023;04:00;05:00;872
22.02.2023;05:00;06:00;871
22.02.2023;06:00;07:00;870
22.02.2023;07:00;08:00;871
22.02.2023;08:00;09:00;871
22.02.2023;09:00;10:00;873
22.02.2023;10:00;11:00;874
22.02.2023;11:00;12:00;874
22.02.2023;12:00;13:00;875
22.02.2023;13:00;14:00;872
22.02.2023;14:00;15:00;869
22.02.2023;15:00;16:00;868
22.02.2023;16:00;17:00;866
22.02.2023;17:00;18:00;866
22.02.2023;18:00;19:00;866
22.02.2023;19:00;20:00;867
22.02.2023;20:00;21:00;867
22.02.2023;21:00;22:00;867
22.02.2023;22:00;23:00;868
22.02.2023;23:00;00:00;868
23.02.2023;00:00;01:00;868
23.02.2023;01:00;02:00;867
23.02.2023;02:00;03:00;867
23.02.2023;03:00;04:00;867
23.02.2023;04:00;05:00;866
23.02.2023;05:00;06:00;867
23.02.2023;06:00;07:00;868
23.02.2023;07:00;08:00;867
23.02.2023;08:00;09:00;867
23.02.2023;09:00;10:00;868
23.02.2023;10:00;11:00;870
23.02.2023;11:00;12:00;873
23.02.2023;12:00;13:00;872
23.02.2023;13:00;14:00;868
23.02.2023;14:00;15:00;866
23.02.2023;15:00;16:00;866
23.02.2023;16:00;17:00;867
23.02.2023;17:00;18:00;866
23.02.2023;18:00;19:00;866
23.02.2023;19:00;20:00;867
23.02.2023;20:00;21:00;867
23.02.2023;21:00;22:00;867
23.02.2023;22:00;23:00;867
23.02.2023;23:00;00:00;867
24.02.2023;00:00;01:00;867
24.02.2023;01:00;02:00;867
24.02.2023;02:00;03:00;867
24.02.2023;03:00;04:00;867
24.02.2023;04:00;05:00;866
24.02.2023;05:00;06:00;866
24.02.2023;06:00;07:00;866
24.02.2023;07:00;08:00;866
24.02.2023;08:00;09:00;866
24.02.2023;09:00;10:00;867
24.02.2023;10:00;11:00;866
24.02.2023;11:00;12:00;867
24.02.2023;12:00;13:00;866
24.02.2023;13:00;14:00;867
24.02.2023;14:00;15:00;866
24.02.2023;15:00;16:00;866
24.02.2023;16:00;17:00;866
24.02.2023;17:00;18:00;866
24.02.2023;18:00;19:00;866
24.02.2023;19:00;20:00;866
24.02.2023;20:00;21:00;866
24.02.2023;21:00;22:00;868
24.02.2023;22:00;23:00;872
24.02.2023;23:00;00:00;872
25.02.2023;00:00;01:00;871
25.02.2023;01:00;02:00;872
25.02.2023;02:00;03:00;872
25.02.2023;03:00;04:00;872
25.02.2023;04:00;05:00;872
25.02.2023;05:00;06:00;872
25.02.2023;06:00;07:00;872
25.02.2023;07:00;08:00;872
25.02.2023;08:00;09:00;872
25.02.2023;09:00;10:00;872
25.02.2023;10:00;11:00;872
25.02.2023;11:00;12:00;873
25.02.2023;12:00;13:00;873
25.02.2023;13:00;14:00;873
25.02.2023;14:00;15:00;873
25.02.2023;15:00;16:00;873
25.02.2023;16:00;17:00;872
25.02.2023;17:00;18:00;872
25.02.2023;18:00;19:00;872
25.02.2023;19:00;20:00;872
25.02.2023;20:00;21:00;872
25.02.2023;21:00;22:00;872
25.02.2023;22:00;23:00;872
25.02.2023;23:00;00:00;872
26.02.2023;00:00;01:00;872
26.02.2023;01:00;02:00;872
26.02.2023;02:00;03:00;873
26.02.2023;03:00;04:00;872
26.02.2023;04:00;05:00;872
26.02.2023;05:00;06:00;873
26.02.2023;06:00;07:00;873
26.02.2023;07:00;08:00;872
26.02.2023;08:00;09:00;872
26.02.2023;09:00;10:00;871
26.02.2023;10:00;11:00;871
26.02.2023;11:00;12:00;871
26.02.2023;12:00;13:00;871
26.02.2023;13:00;14:00;871
26.02.2023;14:00;15:00;870
26.02.2023;15:00;16:00;870
26.02.2023;16:00;17:00;870
26.02.2023;17:00;18:00;870
26.02.2023;18:00;19:00;870
26.02.2023;19:00;20:00;870
26.02.2023;20:00;21:00;870
26.02.2023;21:00;22:00;870
26.02.2023;22:00;23:00;870
26.02.2023;23:00;00:00;871
27.02.2023;00:00;01:00;871
27.02.2023;01:00;02:00;871
27.02.2023;02:00;03:00;871
27.02.2023;03:00;04:00;871
27.02.2023;04:00;05:00;871
27.02.2023;05:00;06:00;870
27.02.2023;06:00;07:00;871
27.02.2023;07:00;08:00;869
27.02.2023;08:00;09:00;870
27.02.2023;09:00;10:00;869
27.02.2023;10:00;11:00;870
27.02.2023;11:00;12:00;869
27.02.2023;12:00;13:00;869
27.02.2023;13:00;14:00;870
27.02.2023;14:00;15:00;870
27.02.2023;15:00;16:00;870
27.02.2023;16:00;17:00;870
27.02.2023;17:00;18:00;870
27.02.2023;18:00;19:00;870
27.02.2023;19:00;20:00;871
27.02.2023;20:00;21:00;871
27.02.2023;21:00;22:00;871
27.02.2023;22:00;23:00;871
27.02.2023;23:00;00:00;870
28.02.2023;00:00;01:00;870
28.02.2023;01:00;02:00;871
28.02.2023;02:00;03:00;870
28.02.2023;03:00;04:00;870
28.02.2023;04:00;05:00;870
28.02.2023;05:00;06:00;870
28.02.2023;06:00;07:00;870
28.02.2023;07:00;08:00;870
28.02.2023;08:00;09:00;870
28.02.2023;09:00;10:00;870
28.02.2023;10:00;11:00;869
28.02.2023;11:00;12:00;869
28.02.2023;12:00;13:00;869
28.02.2023;13:00;14:00;869
28.02.2023;14:00;15:00;870
28.02.2023;15:00;16:00;870
28.02.2023;16:00;17:00;870
28.02.2023;17:00;18:00;870
28.02.2023;18:00;19:00;870
28.02.2023;19:00;20:00;870
28.02.2023;20:00;21:00;870
28.02.2023;21:00;22:00;871
28.02.2023;22:00;23:00;871
28.02.2023;23:00;00:00;871
01.03.2023;00:00;01:00;870
01.03.2023;01:00;02:00;870
01.03.2023;02:00;03:00;871
01.03.2023;03:00;04:00;871
01.03.2023;04:00;05:00;870
01.03.2023;05:00;06:00;870
01.03.2023;06:00;07:00;870
01.03.2023;07:00;08:00;869
01.03.2023;08:00;09:00;869
01.03.2023;09:00;10:00;869
01.03.2023;10:00;11:00;869
01.03.2023;11:00;12:00;869
01.03.2023;12:00;13:00;869
01.03.2023;13:00;14:00;869
01.03.2023;14:00;15:00;870
01.03.2023;15:00;16:00;870
01.03.2023;16:00;17:00;870
01.03.2023;17:00;18:00;870
01.03.2023;18:00;19:00;870
01.03.2023;19:00;20:00;871
01.03.2023;20:00;21:00;871
01.03.2023;21:00;22:00;871
01.03.2023;22:00;23:00;871
01.03.2023;23:00;00:00;871
02.03.2023;00:00;01:00;871
02.03.2023;01:00;02:00;871
02.03.2023;02:00;03:00;871
02.03.2023;03:00;04:00;871
02.03.2023;04:00;05:00;871
02.03.2023;05:00;06:00;870
02.03.2023;06:00;07:00;871
02.03.2023;07:00;08:00;870
02.03.2023;08:00;09:00;870
02.03.2023;09:00;10:00;871
02.03.2023;10:00;11:00;871
02.03.2023;11:00;12:00;871
02.03.2023;12:00;13:00;871
02.03.2023;13:00;14:00;870
02.03.2023;14:00;15:00;871
02.03.2023;15:00;16:00;871
02.03.2023;16:00;17:00;872
02.03.2023;17:00;18:00;871
02.03.2023;18:00;19:00;871
02.03.2023;19:00;20:00;871
02.03.2023;20:00;21:00;872
02.03.2023;21:00;22:00;872
02.03.2023;22:00;23:00;871
02.03.2023;23:00;00:00;871
03.03.2023;00:00;01:00;871
03.03.2023;01:00;02:00;871
03.03.2023;02:00;03:00;871
03.03.2023;03:00;04:00;871
03.03.2023;04:00;05:00;871
03.03.2023;05:00;06:00;871
03.03.2023;06:00;07:00;871
03.03.2023;07:00;08:00;870
03.03.2023;08:00;09:00;870
03.03.2023;09:00;10:00;870
03.03.2023;10:00;11:00;870
03.03.2023;11:00;12:00;870
03.03.2023;12:00;13:00;871
03.03.2023;13:00;14:00;871
03.03.2023;14:00;15:00;871
03.03.2023;15:00;16:00;871
03.03.2023;16:00;17:00;872
03.03.2023;17:00;18:00;871
03.03.2023;18:00;19:00;871
03.03.2023;19:00;20:00;871
03.03.2023;20:00;21:00;871
03.03.2023;21:00;22:00;872
03.03.2023;22:00;23:00;872
03.03.2023;23:00;00:00;871
04.03.2023;00:00;01:00;871
04.03.2023;01:00;02:00;872
04.03.2023;02:00;03:00;872
04.03.2023;03:00;04:00;872
04.03.2023;04:00;05:00;872
04.03.2023;05:00;06:00;872
04.03.2023;06:00;07:00;872
04.03.2023;07:00;08:00;873
04.03.2023;08:00;09:00;872
04.03.2023;09:00;10:00;873
04.03.2023;10:00;11:00;874
04.03.2023;11:00;12:00;874
04.03.2023;12:00;13:00;873
04.03.2023;13:00;14:00;873
04.03.2023;14:00;15:00;873
04.03.2023;15:00;16:00;872
04.03.2023;16:00;17:00;873
04.03.2023;17:00;18:00;872
04.03.2023;18:00;19:00;873
04.03.2023;19:00;20:00;872
04.03.2023;20:00;21:00;872
04.03.2023;21:00;22:00;872
04.03.2023;22:00;23:00;873
04.03.2023;23:00;00:00;872
05.03.2023;00:00;01:00;872
05.03.2023;01:00;02:00;872
05.03.2023;02:00;03:00;872
05.03.2023;03:00;04:00;872
05.03.2023;04:00;05:00;872
05.03.2023;05:00;06:00;872
05.03.2023;06:00;07:00;872
05.03.2023;07:00;08:00;873
05.03.2023;08:00;09:00;872
05.03.2023;09:00;10:00;873
05.03.2023;10:00;11:00;872
05.03.2023;11:00;12:00;873
05.03.2023;12:00;13:00;873
05.03.2023;13:00;14:00;873
05.03.2023;14:00;15:00;873
05.03.2023;15:00;16:00;873
05.03.2023;16:00;17:00;873
05.03.2023;17:00;18:00;872
05.03.2023;18:00;19:00;872
05.03.2023;19:00;20:00;872
05.03.2023;20:00;21:00;873
05.03.2023;21:00;22:00;872
05.03.2023;22:00;23:00;873
05.03.2023;23:00;00:00;873
06.03.2023;00:00;01:00;873
06.03.2023;01:00;02:00;874
06.03.2023;02:00;03:00;873
06.03.2023;03:00;04:00;873
06.03.2023;04:00;05:00;873
06.03.2023;05:00;06:00;873
06.03.2023;06:00;07:00;873
06.03.2023;07:00;08:00;870
06.03.2023;08:00;09:00;869
06.03.2023;09:00;10:00;869
06.03.2023;10:00;11:00;869
06.03.2023;11:00;12:00;869
06.03.2023;12:00;13:00;870
06.03.2023;13:00;14:00;870
06.03.2023;14:00;15:00;870
06.03.2023;15:00;16:00;869
06.03.2023;16:00;17:00;870
06.03.2023;17:00;18:00;869
06.03.2023;18:00;19:00;870
06.03.2023;19:00;20:00;869
06.03.2023;20:00;21:00;869
06.03.2023;21:00;22:00;869
06.03.2023;22:00;23:00;869
06.03.2023;23:00;00:00;869
07.03.2023;00:00;01:00;869
07.03.2023;01:00;02:00;869
07.03.2023;02:00;03:00;869
07.03.2023;03:00;04:00;869
07.03.2023;04:00;05:00;869
07.03.2023;05:00;06:00;869
07.03.2023;06:00;07:00;869
07.03.2023;07:00;08:00;869
07.03.2023;08:00;09:00;870
07.03.2023;09:00;10:00;869
07.03.2023;10:00;11:00;870
07.03.2023;11:00;12:00;873
07.03.2023;12:00;13:00;873
07.03.2023;13:00;14:00;869
07.03.2023;14:00;15:00;869
07.03.2023;15:00;16:00;870
07.03.2023;16:00;17:00;870
07.03.2023;17:00;18:00;870
07.03.2023;18:00;19:00;870
07.03.2023;19:00;20:00;870
07.03.2023;20:00;21:00;870
07.03.2023;21:00;22:00;870
07.03.2023;22:00;23:00;870
07.03.2023;23:00;00:00;870
08.03.2023;00:00;01:00;870
08.03.2023;01:00;02:00;870
08.03.2023;02:00;03:00;870
08.03.2023;03:00;04:00;870
08.03.2023;04:00;05:00;871
08.03.2023;05:00;06:00;870
08.03.2023;06:00;07:00;870
08.03.2023;07:00;08:00;868
08.03.2023;08:00;09:00;869
08.03.2023;09:00;10:00;869
08.03.2023;10:00;11:00;868
08.03.2023;11:00;12:00;868
08.03.2023;12:00;13:00;869
08.03.2023;13:00;14:00;869
08.03.2023;14:00;15:00;869
08.03.2023;15:00;16:00;868
08.03.2023;16:00;17:00;866
08.03.2023;17:00;18:00;866
08.03.2023;18:00;19:00;866
08.03.2023;19:00;20:00;867
08.03.2023;20:00;21:00;868
08.03.2023;21:00;22:00;868
08.03.2023;22:00;23:00;868
08.03.2023;23:00;00:00;868
09.03.2023;00:00;01:00;868
09.03.2023;01:00;02:00;868
09.03.2023;02:00;03:00;868
09.03.2023;03:00;04:00;868
09.03.2023;04:00;05:00;867
09.03.2023;05:00;06:00;867
09.03.2023;06:00;07:00;867
09.03.2023;07:00;08:00;867
09.03.2023;08:00;09:00;866
09.03.2023;09:00;10:00;867
09.03.2023;10:00;11:00;867
09.03.2023;11:00;12:00;867
09.03.2023;12:00;13:00;867
09.03.2023;13:00;14:00;867
09.03.2023;14:00;15:00;867
09.03.2023;15:00;16:00;867
09.03.2023;16:00;17:00;866
09.03.2023;17:00;18:00;866
09.03.2023;18:00;19:00;865
09.03.2023;19:00;20:00;866
09.03.2023;20:00;21:00;866
09.03.2023;21:00;22:00;866
09.03.2023;22:00;23:00;866
09.03.2023;23:00;00:00;866
10.03.2023;00:00;01:00;866
10.03.2023;01:00;02:00;866
10.03.2023;02:00;03:00;866
10.03.2023;03:00;04:00;866
10.03.2023;04:00;05:00;866
10.03.2023;05:00;06:00;866
10.03.2023;06:00;07:00;866
10.03.2023;07:00;08:00;866
10.03.2023;08:00;09:00;867
10.03.2023;09:00;10:00;866
10.03.2023;10:00;11:00;866
10.03.2023;11:00;12:00;866
10.03.2023;12:00;13:00;866
10.03.2023;13:00;14:00;866
10.03.2023;14:00;15:00;866
10.03.2023;15:00;16:00;866
10.03.2023;16:00;17:00;866
10.03.2023;17:00;18:00;867
10.03.2023;18:00;19:00;867
10.03.2023;19:00;20:00;867
10.03.2023;20:00;21:00;866
10.03.2023;21:00;22:00;867
10.03.2023;22:00;23:00;868
10.03.2023;23:00;00:00;868
11.03.2023;00:00;01:00;870
11.03.2023;01:00;02:00;870
11.03.2023;02:00;03:00;869
11.03.2023;03:00;04:00;870
11.03.2023;04:00;05:00;870
11.03.2023;05:00;06:00;869
11.03.2023;06:00;07:00;870
11.03.2023;07:00;08:00;869
11.03.2023;08:00;09:00;870
11.03.2023;09:00;10:00;869
11.03.2023;10:00;11:00;870
11.03.2023;11:00;12:00;869
11.03.2023;12:00;13:00;870
11.03.2023;13:00;14:00;870
11.03.2023;14:00;15:00;870
11.03.2023;15:00;16:00;870
11.03.2023;16:00;17:00;870
11.03.2023;17:00;18:00;870
11.03.2023;18:00;19:00;869
11.03.2023;19:00;20:00;870
11.03.2023;20:00;21:00;869
11.03.2023;21:00;22:00;870
11.03.2023;22:00;23:00;869
11.03.2023;23:00;00:00;869
12.03.2023;00:00;01:00;870
12.03.2023;01:00;02:00;869
12.03.2023;02:00;03:00;869
12.03.2023;03:00;04:00;869
12.03.2023;04:00;05:00;868
12.03.2023;05:00;06:00;868
12.03.2023;06:00;07:00;868
12.03.2023;07:00;08:00;868
12.03.2023;08:00;09:00;869
12.03.2023;09:00;10:00;869
12.03.2023;10:00;11:00;869
12.03.2023;11:00;12:00;869
12.03.2023;12:00;13:00;869
12.03.2023;13:00;14:00;868
12.03.2023;14:00;15:00;868
12.03.2023;15:00;16:00;868
12.03.2023;16:00;17:00;868
12.03.2023;17:00;18:00;868
12.03.2023;18:00;19:00;867
12.03.2023;19:00;20:00;867
12.03.2023;20:00;21:00;868
12.03.2023;21:00;22:00;868
12.03.2023;22:00;23:00;868
12.03.2023;23:00;00:00;868
13.03.2023;00:00;01:00;868
13.03.2023;01:00;02:00;869
13.03.2023;02:00;03:00;868
13.03.2023;03:00;04:00;869
13.03.2023;04:00;05:00;869
13.03.2023;05:00;06:00;869
13.03.2023;06:00;07:00;869
13.03.2023;07:00;08:00;868
13.03.2023;08:00;09:00;866
13.03.2023;09:00;10:00;865
13.03.2023;10:00;11:00;862
13.03.2023;11:00;12:00;862
13.03.2023;12:00;13:00;862
13.03.2023;13:00;14:00;860
13.03.2023;14:00;15:00;855
13.03.2023;15:00;16:00;852
13.03.2023;16:00;17:00;854
13.03.2023;17:00;18:00;855
13.03.2023;18:00;19:00;856
13.03.2023;19:00;20:00;858
13.03.2023;20:00;21:00;861
13.03.2023;21:00;22:00;863
13.03.2023;22:00;23:00;863
13.03.2023;23:00;00:00;863
14.03.2023;00:00;01:00;862
14.03.2023;01:00;02:00;863
14.03.2023;02:00;03:00;863
14.03.2023;03:00;04:00;863
14.03.2023;04:00;05:00;863
14.03.2023;05:00;06:00;862
14.03.2023;06:00;07:00;862
14.03.2023;07:00;08:00;863
14.03.2023;08:00;09:00;863
14.03.2023;09:00;10:00;863
14.03.2023;10:00;11:00;863
14.03.2023;11:00;12:00;863
14.03.2023;12:00;13:00;864
14.03.2023;13:00;14:00;864
14.03.2023;14:00;15:00;863
14.03.2023;15:00;16:00;863
14.03.2023;16:00;17:00;867
14.03.2023;17:00;18:00;868
14.03.2023;18:00;19:00;868
14.03.2023;19:00;20:00;868
14.03.2023;20:00;21:00;869
14.03.2023;21:00;22:00;869
14.03.2023;22:00;23:00;869
14.03.2023;23:00;00:00;868
15.03.2023;00:00;01:00;868
15.03.2023;01:00;02:00;868
15.03.2023;02:00;03:00;869
15.03.2023;03:00;04:00;869
15.03.2023;04:00;05:00;869
15.03.2023;05:00;06:00;868
15.03.2023;06:00;07:00;868
15.03.2023;07:00;08:00;866
15.03.2023;08:00;09:00;867
15.03.2023;09:00;10:00;868
15.03.2023;10:00;11:00;867
15.03.2023;11:00;12:00;868
15.03.2023;12:00;13:00;869
15.03.2023;13:00;14:00;869
15.03.2023;14:00;15:00;869
15.03.2023;15:00;16:00;868
15.03.2023;16:00;17:00;869
15.03.2023;17:00;18:00;868
15.03.2023;18:00;19:00;867
15.03.2023;19:00;20:00;867
15.03.2023;20:00;21:00;868
15.03.2023;21:00;22:00;868
15.03.2023;22:00;23:00;868
15.03.2023;23:00;00:00;869
16.03.2023;00:00;01:00;868
16.03.2023;01:00;02:00;868
16.03.2023;02:00;03:00;868
16.03.2023;03:00;04:00;869
16.03.2023;04:00;05:00;868
16.03.2023;05:00;06:00;868
16.03.2023;06:00;07:00;867
16.03.2023;07:00;08:00;867
16.03.2023;08:00;09:00;867
16.03.2023;09:00;10:00;868
16.03.2023;10:00;11:00;868
16.03.2023;11:00;12:00;868
16.03.2023;12:00;13:00;869
16.03.2023;13:00;14:00;868
16.03.2023;14:00;15:00;868
16.03.2023;15:00;16:00;868
16.03.2023;16:00;17:00;869
16.03.2023;17:00;18:00;870
16.03.2023;18:00;19:00;870
16.03.2023;19:00;20:00;867
16.03.2023;20:00;21:00;868
16.03.2023;21:00;22:00;868
16.03.2023;22:00;23:00;868
16.03.2023;23:00;00:00;868
17.03.2023;00:00;01:00;868
17.03.2023;01:00;02:00;868
17.03.2023;02:00;03:00;868
17.03.2023;03:00;04:00;868
17.03.2023;04:00;05:00;868
17.03.2023;05:00;06:00;868
17.03.2023;06:00;07:00;867
17.03.2023;07:00;08:00;868
17.03.2023;08:00;09:00;867
17.03.2023;09:00;10:00;868
17.03.2023;10:00;11:00;867
17.03.2023;11:00;12:00;868
17.03.2023;12:00;13:00;868
17.03.2023;13:00;14:00;867
17.03.2023;14:00;15:00;864
17.03.2023;15:00;16:00;861
17.03.2023;16:00;17:00;857
17.03.2023;17:00;18:00;858
17.03.2023;18:00;19:00;859
17.03.2023;19:00;20:00;860
17.03.2023;20:00;21:00;861
17.03.2023;21:00;22:00;862
17.03.2023;22:00;23:00;862
17.03.2023;23:00;00:00;863
18.03.2023;00:00;01:00;863
18.03.2023;01:00;02:00;862
18.03.2023;02:00;03:00;862
18.03.2023;03:00;04:00;862
18.03.2023;04:00;05:00;862
18.03.2023;05:00;06:00;862
18.03.2023;06:00;07:00;862
18.03.2023;07:00;08:00;862
18.03.2023;08:00;09:00;862
18.03.2023;09:00;10:00;862
18.03.2023;10:00;11:00;862
18.03.2023;11:00;12:00;862
18.03.2023;12:00;13:00;861
18.03.2023;13:00;14:00;862
18.03.2023;14:00;15:00;861
18.03.2023;15:00;16:00;861
18.03.2023;16:00;17:00;859
18.03.2023;17:00;18:00;858
18.03.2023;18:00;19:00;857
18.03.2023;19:00;20:00;858
18.03.2023;20:00;21:00;860
18.03.2023;21:00;22:00;862
18.03.2023;22:00;23:00;862
18.03.2023;23:00;00:00;862
19.03.2023;00:00;01:00;861
19.03.2023;01:00;02:00;861
19.03.2023;02:00;03:00;861
19.03.2023;03:00;04:00;861
19.03.2023;04:00;05:00;861
19.03.2023;05:00;06:00;861
19.03.2023;06:00;07:00;860
19.03.2023;07:00;08:00;861
19.03.2023;08:00;09:00;861
19.03.2023;09:00;10:00;861
19.03.2023;10:00;11:00;862
19.03.2023;11:00;12:00;861
19.03.2023;12:00;13:00;861
19.03.2023;13:00;14:00;861
19.03.2023;14:00;15:00;862
19.03.2023;15:00;16:00;862
19.03.2023;16:00;17:00;861
19.03.2023;17:00;18:00;860
19.03.2023;18:00;19:00;859
19.03.2023;19:00;20:00;860
19.03.2023;20:00;21:00;861
19.03.2023;21:00;22:00;861
19.03.2023;22:00;23:00;861
19.03.2023;23:00;00:00;861
20.03.2023;00:00;01:00;861
20.03.2023;01:00;02:00;861
20.03.2023;02:00;03:00;862
20.03.2023;03:00;04:00;862
20.03.2023;04:00;05:00;862
20.03.2023;05:00;06:00;862
20.03.2023;06:00;07:00;862
20.03.2023;07:00;08:00;862
20.03.2023;08:00;09:00;862
20.03.2023;09:00;10:00;863
20.03.2023;10:00;11:00;863
20.03.2023;11:00;12:00;865
20.03.2023;12:00;13:00;865
20.03.2023;13:00;14:00;866
20.03.2023;14:00;15:00;867
20.03.2023;15:00;16:00;867
20.03.2023;16:00;17:00;866
20.03.2023;17:00;18:00;865
20.03.2023;18:00;19:00;865
20.03.2023;19:00;20:00;864
20.03.2023;20:00;21:00;865
20.03.2023;21:00;22:00;865
20.03.2023;22:00;23:00;866
20.03.2023;23:00;00:00;866
21.03.2023;00:00;01:00;866
21.03.2023;01:00;02:00;866
21.03.2023;02:00;03:00;865
21.03.2023;03:00;04:00;865
21.03.2023;04:00;05:00;865
21.03.2023;05:00;06:00;865
21.03.2023;06:00;07:00;864
21.03.2023;07:00;08:00;864
21.03.2023;08:00;09:00;864
21.03.2023;09:00;10:00;865
21.03.2023;10:00;11:00;865
21.03.2023;11:00;12:00;864
21.03.2023;12:00;13:00;865
21.03.2023;13:00;14:00;866
21.03.2023;14:00;15:00;866
21.03.2023;15:00;16:00;866
21.03.2023;16:00;17:00;866
21.03.2023;17:00;18:00;865
21.03.2023;18:00;19:00;864
21.03.2023;19:00;20:00;864
21.03.2023;20:00;21:00;865
21.03.2023;21:00;22:00;865
21.03.2023;22:00;23:00;865
21.03.2023;23:00;00:00;865
22.03.2023;00:00;01:00;865
22.03.2023;01:00;02:00;865
22.03.2023;02:00;03:00;865
22.03.2023;03:00;04:00;864
22.03.2023;04:00;05:00;864
22.03.2023;05:00;06:00;864
22.03.2023;06:00;07:00;864
22.03.2023;07:00;08:00;865
22.03.2023;08:00;09:00;865
22.03.2023;09:00;10:00;866
22.03.2023;10:00;11:00;865
22.03.2023;11:00;12:00;866
22.03.2023;12:00;13:00;866
22.03.2023;13:00;14:00;866
22.03.2023;14:00;15:00;866
22.03.2023;15:00;16:00;865
22.03.2023;16:00;17:00;865
22.03.2023;17:00;18:00;864
22.03.2023;18:00;19:00;865
22.03.2023;19:00;20:00;864
22.03.2023;20:00;21:00;865
22.03.2023;21:00;22:00;866
22.03.2023;22:00;23:00;867
22.03.2023;23:00;00:00;867
23.03.2023;00:00;01:00;866
23.03.2023;01:00;02:00;866
23.03.2023;02:00;03:00;866
23.03.2023;03:00;04:00;866
23.03.2023;04:00;05:00;866
23.03.2023;05:00;06:00;866
23.03.2023;06:00;07:00;866
23.03.2023;07:00;08:00;865
23.03.2023;08:00;09:00;867
23.03.2023;09:00;10:00;867
23.03.2023;10:00;11:00;867
23.03.2023;11:00;12:00;868
23.03.2023;12:00;13:00;869
23.03.2023;13:00;14:00;869
23.03.2023;14:00;15:00;869
23.03.2023;15:00;16:00;865
23.03.2023;16:00;17:00;864
23.03.2023;17:00;18:00;864
23.03.2023;18:00;19:00;863
23.03.2023;19:00;20:00;863
23.03.2023;20:00;21:00;864
23.03.2023;21:00;22:00;865
23.03.2023;22:00;23:00;865
23.03.2023;23:00;00:00;865
24.03.2023;00:00;01:00;864
24.03.2023;01:00;02:00;864
24.03.2023;02:00;03:00;865
24.03.2023;03:00;04:00;864
24.03.2023;04:00;05:00;865
24.03.2023;05:00;06:00;864
24.03.2023;06:00;07:00;864
24.03.2023;07:00;08:00;865
24.03.2023;08:00;09:00;865
24.03.2023;09:00;10:00;864
24.03.2023;10:00;11:00;864
24.03.2023;11:00;12:00;865
24.03.2023;12:00;13:00;865
24.03.2023;13:00;14:00;865
24.03.2023;14:00;15:00;865
24.03.2023;15:00;16:00;865
24.03.2023;16:00;17:00;864
24.03.2023;17:00;18:00;865
24.03.2023;18:00;19:00;865
24.03.2023;19:00;20:00;865
24.03.2023;20:00;21:00;866
24.03.2023;21:00;22:00;866
24.03.2023;22:00;23:00;868
24.03.2023;23:00;00:00;869
25.03.2023;00:00;01:00;869
25.03.2023;01:00;02:00;869
25.03.2023;02:00;03:00;869
25.03.2023;03:00;04:00;869
25.03.2023;04:00;05:00;869
25.03.2023;05:00;06:00;869
25.03.2023;06:00;07:00;869
25.03.2023;07:00;08:00;869
25.03.2023;08:00;09:00;869
25.03.2023;09:00;10:00;869
25.03.2023;10:00;11:00;870
25.03.2023;11:00;12:00;869
25.03.2023;12:00;13:00;869
25.03.2023;13:00;14:00;869
25.03.2023;14:00;15:00;868
25.03.2023;15:00;16:00;868
25.03.2023;16:00;17:00;867
25.03.2023;17:00;18:00;867
25.03.2023;18:00;19:00;868
25.03.2023;19:00;20:00;869
25.03.2023;20:00;21:00;869
25.03.2023;21:00;22:00;869
25.03.2023;22:00;23:00;869
25.03.2023;23:00;00:00;869
26.03.2023;00:00;01:00;869
26.03.2023;01:00;02:00;869
26.03.2023;03:00;04:00;869
26.03.2023;04:00;05:00;869
26.03.2023;05:00;06:00;868
26.03.2023;06:00;07:00;868
26.03.2023;07:00;08:00;868
26.03.2023;08:00;09:00;868
26.03.2023;09:00;10:00;868
26.03.2023;10:00;11:00;868
26.03.2023;11:00;12:00;868
26.03.2023;12:00;13:00;868
26.03.2023;13:00;14:00;867
26.03.2023;14:00;15:00;867
26.03.2023;15:00;16:00;867
26.03.2023;16:00;17:00;867
26.03.2023;17:00;18:00;868
26.03.2023;18:00;19:00;868
26.03.2023;19:00;20:00;868
26.03.2023;20:00;21:00;869
26.03.2023;21:00;22:00;869
26.03.2023;22:00;23:00;869
26.03.2023;23:00;00:00;869
27.03.2023;00:00;01:00;869
27.03.2023;01:00;02:00;869
27.03.2023;02:00;03:00;869
27.03.2023;03:00;04:00;869
27.03.2023;04:00;05:00;869
27.03.2023;05:00;06:00;869
27.03.2023;06:00;07:00;869
27.03.2023;07:00;08:00;868
27.03.2023;08:00;09:00;868
27.03.2023;09:00;10:00;868
27.03.2023;10:00;11:00;867
27.03.2023;11:00;12:00;867
27.03.2023;12:00;13:00;867
27.03.2023;13:00;14:00;867
27.03.2023;14:00;15:00;868
27.03.2023;15:00;16:00;868
27.03.2023;16:00;17:00;869
27.03.2023;17:00;18:00;869
27.03.2023;18:00;19:00;868
27.03.2023;19:00;20:00;868
27.03.2023;20:00;21:00;868
27.03.2023;21:00;22:00;868
27.03.2023;22:00;23:00;868
27.03.2023;23:00;00:00;868
28.03.2023;00:00;01:00;868
28.03.2023;01:00;02:00;868
28.03.2023;02:00;03:00;869
28.03.2023;03:00;04:00;868
28.03.2023;04:00;05:00;868
28.03.2023;05:00;06:00;868
28.03.2023;06:00;07:00;868
28.03.2023;07:00;08:00;868
28.03.2023;08:00;09:00;867
28.03.2023;09:00;10:00;869
28.03.2023;10:00;11:00;869
28.03.2023;11:00;12:00;869
28.03.2023;12:00;13:00;869
28.03.2023;13:00;14:00;869
28.03.2023;14:00;15:00;870
28.03.2023;15:00;16:00;870
28.03.2023;16:00;17:00;870
28.03.2023;17:00;18:00;870
28.03.2023;18:00;19:00;870
28.03.2023;19:00;20:00;869
28.03.2023;20:00;21:00;870
28.03.2023;21:00;22:00;870
28.03.2023;22:00;23:00;870
28.03.2023;23:00;00:00;870
29.03.2023;00:00;01:00;870
29.03.2023;01:00;02:00;870
29.03.2023;02:00;03:00;870
29.03.2023;03:00;04:00;870
29.03.2023;04:00;05:00;870
29.03.2023;05:00;06:00;869
29.03.2023;06:00;07:00;869
29.03.2023;07:00;08:00;868
29.03.2023;08:00;09:00;869
29.03.2023;09:00;10:00;869
29.03.2023;10:00;11:00;869
29.03.2023;11:00;12:00;870
29.03.2023;12:00;13:00;870
29.03.2023;13:00;14:00;870
29.03.2023;14:00;15:00;869
29.03.2023;15:00;16:00;870
29.03.2023;16:00;17:00;869
29.03.2023;17:00;18:00;869
29.03.2023;18:00;19:00;868
29.03.2023;19:00;20:00;868
29.03.2023;20:00;21:00;868
29.03.2023;21:00;22:00;869
29.03.2023;22:00;23:00;869
29.03.2023;23:00;00:00;869
30.03.2023;00:00;01:00;868
30.03.2023;01:00;02:00;868
30.03.2023;02:00;03:00;868
30.03.2023;03:00;04:00;868
30.03.2023;04:00;05:00;867
30.03.2023;05:00;06:00;867
30.03.2023;06:00;07:00;868
30.03.2023;07:00;08:00;867
30.03.2023;08:00;09:00;868
30.03.2023;09:00;10:00;869
30.03.2023;10:00;11:00;868
30.03.2023;11:00;12:00;869
30.03.2023;12:00;13:00;869
30.03.2023;13:00;14:00;869
30.03.2023;14:00;15:00;868
30.03.2023;15:00;16:00;869
30.03.2023;16:00;17:00;869
30.03.2023;17:00;18:00;868
30.03.2023;18:00;19:00;868
30.03.2023;19:00;20:00;868
30.03.2023;20:00;21:00;868
30.03.2023;21:00;22:00;869
30.03.2023;22:00;23:00;869
30.03.2023;23:00;00:00;869
31.03.2023;00:00;01:00;868
31.03.2023;01:00;02:00;869
31.03.2023;02:00;03:00;869
31.03.2023;03:00;04:00;868
31.03.2023;04:00;05:00;868
31.03.2023;05:00;06:00;867
31.03.2023;06:00;07:00;868
31.03.2023;07:00;08:00;869
31.03.2023;08:00;09:00;869
31.03.2023;09:00;10:00;867
31.03.2023;10:00;11:00;867
31.03.2023;11:00;12:00;867
31.03.2023;12:00;13:00;868
31.03.2023;13:00;14:00;868
31.03.2023;14:00;15:00;868
31.03.2023;15:00;16:00;867
31.03.2023;16:00;17:00;867
31.03.2023;17:00;18:00;866
31.03.2023;18:00;19:00;867
31.03.2023;19:00;20:00;867
31.03.2023;20:00;21:00;868
31.03.2023;21:00;22:00;869
31.03.2023;22:00;23:00;869
31.03.2023;23:00;00:00;868
01.04.2023;00:00;01:00;868
01.04.2023;01:00;02:00;868
01.04.2023;02:00;03:00;868
01.04.2023;03:00;04:00;869
01.04.2023;04:00;05:00;868
01.04.2023;05:00;06:00;868
01.04.2023;06:00;07:00;869
01.04.2023;07:00;08:00;869
01.04.2023;08:00;09:00;869
01.04.2023;09:00;10:00;869
01.04.2023;10:00;11:00;869
01.04.2023;11:00;12:00;869
01.04.2023;12:00;13:00;869
01.04.2023;13:00;14:00;868
01.04.2023;14:00;15:00;868
01.04.2023;15:00;16:00;869
01.04.2023;16:00;17:00;868
01.04.2023;17:00;18:00;868
01.04.2023;18:00;19:00;868
01.04.2023;19:00;20:00;868
01.04.2023;20:00;21:00;869
01.04.2023;21:00;22:00;869
01.04.2023;22:00;23:00;869
01.04.2023;23:00;00:00;869
02.04.2023;00:00;01:00;869
02.04.2023;01:00;02:00;869
02.04.2023;02:00;03:00;870
02.04.2023;03:00;04:00;870
02.04.2023;04:00;05:00;870
02.04.2023;05:00;06:00;870
02.04.2023;06:00;07:00;869
02.04.2023;07:00;08:00;869
02.04.2023;08:00;09:00;870
02.04.2023;09:00;10:00;870
02.04.2023;10:00;11:00;870
02.04.2023;11:00;12:00;869
02.04.2023;12:00;13:00;869
02.04.2023;13:00;14:00;869
02.04.2023;14:00;15:00;869
02.04.2023;15:00;16:00;869
02.04.2023;16:00;17:00;869
02.04.2023;17:00;18:00;869
02.04.2023;18:00;19:00;869
02.04.2023;19:00;20:00;869
02.04.2023;20:00;21:00;869
02.04.2023;21:00;22:00;869
02.04.2023;22:00;23:00;869
02.04.2023;23:00;00:00;869
03.04.2023;00:00;01:00;869
03.04.2023;01:00;02:00;869
03.04.2023;02:00;03:00;869
03.04.2023;03:00;04:00;869
03.04.2023;04:00;05:00;870
03.04.2023;05:00;06:00;870
03.04.2023;06:00;07:00;869
03.04.2023;07:00;08:00;869
03.04.2023;08:00;09:00;869
03.04.2023;09:00;10:00;868
03.04.2023;10:00;11:00;867
03.04.2023;11:00;12:00;868
03.04.2023;12:00;13:00;868
03.04.2023;13:00;14:00;868
03.04.2023;14:00;15:00;869
03.04.2023;15:00;16:00;870
03.04.2023;16:00;17:00;870
03.04.2023;17:00;18:00;869
03.04.2023;18:00;19:00;869
03.04.2023;19:00;20:00;869
03.04.2023;20:00;21:00;869
03.04.2023;21:00;22:00;869
03.04.2023;22:00;23:00;870
03.04.2023;23:00;00:00;870
04.04.2023;00:00;01:00;870
04.04.2023;01:00;02:00;869
04.04.2023;02:00;03:00;870
04.04.2023;03:00;04:00;870
04.04.2023;04:00;05:00;870
04.04.2023;05:00;06:00;869
04.04.2023;06:00;07:00;869
04.04.2023;07:00;08:00;869
04.04.2023;08:00;09:00;868
04.04.2023;09:00;10:00;867
04.04.2023;10:00;11:00;867
04.04.2023;11:00;12:00;867
04.04.2023;12:00;13:00;867
04.04.2023;13:00;14:00;868
04.04.2023;14:00;15:00;868
04.04.2023;15:00;16:00;868
04.04.2023;16:00;17:00;868
04.04.2023;17:00;18:00;868
04.04.2023;18:00;19:00;868
04.04.2023;19:00;20:00;868
04.04.2023;20:00;21:00;868
04.04.2023;21:00;22:00;868
04.04.2023;22:00;23:00;868
04.04.2023;23:00;00:00;868
05.04.2023;00:00;01:00;867
05.04.2023;01:00;02:00;867
05.04.2023;02:00;03:00;867
05.04.2023;03:00;04:00;867
05.04.2023;04:00;05:00;868
05.04.2023;05:00;06:00;867
05.04.2023;06:00;07:00;867
05.04.2023;07:00;08:00;870
05.04.2023;08:00;09:00;868
05.04.2023;09:00;10:00;866
05.04.2023;10:00;11:00;867
05.04.2023;11:00;12:00;867
05.04.2023;12:00;13:00;867
05.04.2023;13:00;14:00;867
05.04.2023;14:00;15:00;867
05.04.2023;15:00;16:00;867
05.04.2023;16:00;17:00;868
05.04.2023;17:00;18:00;868
05.04.2023;18:00;19:00;868
05.04.2023;19:00;20:00;868
05.04.2023;20:00;21:00;868
05.04.2023;21:00;22:00;868
05.04.2023;22:00;23:00;868
05.04.2023;23:00;00:00;868
06.04.2023;00:00;01:00;868
06.04.2023;01:00;02:00;868
06.04.2023;02:00;03:00;867
06.04.2023;03:00;04:00;868
06.04.2023;04:00;05:00;868
06.04.2023;05:00;06:00;868
06.04.2023;06:00;07:00;867
06.04.2023;07:00;08:00;867
06.04.2023;08:00;09:00;867
06.04.2023;09:00;10:00;866
06.04.2023;10:00;11:00;866
06.04.2023;11:00;12:00;867
06.04.2023;12:00;13:00;868
06.04.2023;13:00;14:00;869
06.04.2023;14:00;15:00;869
06.04.2023;15:00;16:00;870
06.04.2023;16:00;17:00;870
06.04.2023;17:00;18:00;869
06.04.2023;18:00;19:00;869
06.04.2023;19:00;20:00;869
06.04.2023;20:00;21:00;869
06.04.2023;21:00;22:00;869
06.04.2023;22:00;23:00;870
06.04.2023;23:00;00:00;870
07.04.2023;00:00;01:00;869
07.04.2023;01:00;02:00;869
07.04.2023;02:00;03:00;869
07.04.2023;03:00;04:00;869
07.04.2023;04:00;05:00;869
07.04.2023;05:00;06:00;869
07.04.2023;06:00;07:00;869
07.04.2023;07:00;08:00;869
07.04.2023;08:00;09:00;869
07.04.2023;09:00;10:00;869
07.04.2023;10:00;11:00;869
07.04.2023;11:00;12:00;869
07.04.2023;12:00;13:00;869
07.04.2023;13:00;14:00;869
07.04.2023;14:00;15:00;869
07.04.2023;15:00;16:00;869
07.04.2023;16:00;17:00;869
07.04.2023;17:00;18:00;869
07.04.2023;18:00;19:00;869
07.04.2023;19:00;20:00;869
07.04.2023;20:00;21:00;869
07.04.2023;21:00;22:00;869
07.04.2023;22:00;23:00;869
07.04.2023;23:00;00:00;869
08.04.2023;00:00;01:00;869
08.04.2023;01:00;02:00;868
08.04.2023;02:00;03:00;869
08.04.2023;03:00;04:00;868
08.04.2023;04:00;05:00;869
08.04.2023;05:00;06:00;868
08.04.2023;06:00;07:00;868
08.04.2023;07:00;08:00;868
08.04.2023;08:00;09:00;869
08.04.2023;09:00;10:00;869
08.04.2023;10:00;11:00;869
08.04.2023;11:00;12:00;869
08.04.2023;12:00;13:00;868
08.04.2023;13:00;14:00;868
08.04.2023;14:00;15:00;868
08.04.2023;15:00;16:00;867
08.04.2023;16:00;17:00;868
08.04.2023;17:00;18:00;868
08.04.2023;18:00;19:00;868
08.04.2023;19:00;20:00;868
08.04.2023;20:00;21:00;868
08.04.2023;21:00;22:00;869
08.04.2023;22:00;23:00;868
08.04.2023;23:00;00:00;869
09.04.2023;00:00;01:00;868
09.04.2023;01:00;02:00;868
09.04.2023;02:00;03:00;868
09.04.2023;03:00;04:00;868
09.04.2023;04:00;05:00;868
09.04.2023;05:00;06:00;868
09.04.2023;06:00;07:00;868
09.04.2023;07:00;08:00;868
09.04.2023;08:00;09:00;868
09.04.2023;09:00;10:00;869
09.04.2023;10:00;11:00;868
09.04.2023;11:00;12:00;868
09.04.2023;12:00;13:00;868
09.04.2023;13:00;14:00;868
09.04.2023;14:00;15:00;868
09.04.2023;15:00;16:00;868
09.04.2023;16:00;17:00;868
09.04.2023;17:00;18:00;868
09.04.2023;18:00;19:00;868
09.04.2023;19:00;20:00;868
09.04.2023;20:00;21:00;869
09.04.2023;21:00;22:00;869
09.04.2023;22:00;23:00;869
09.04.2023;23:00;00:00;869
10.04.2023;00:00;01:00;869
10.04.2023;01:00;02:00;869
10.04.2023;02:00;03:00;869
10.04.2023;03:00;04:00;869
10.04.2023;04:00;05:00;869
10.04.2023;05:00;06:00;869
10.04.2023;06:00;07:00;869
10.04.2023;07:00;08:00;869
10.04.2023;08:00;09:00;869
10.04.2023;09:00;10:00;869
10.04.2023;10:00;11:00;869
10.04.2023;11:00;12:00;870
10.04.2023;12:00;13:00;869
10.04.2023;13:00;14:00;869
10.04.2023;14:00;15:00;869
10.04.2023;15:00;16:00;870
10.04.2023;16:00;17:00;870
10.04.2023;17:00;18:00;870
10.04.2023;18:00;19:00;870
10.04.2023;19:00;20:00;869
10.04.2023;20:00;21:00;869
10.04.2023;21:00;22:00;869
10.04.2023;22:00;23:00;869
10.04.2023;23:00;00:00;869
11.04.2023;00:00;01:00;869
11.04.2023;01:00;02:00;869
11.04.2023;02:00;03:00;870
11.04.2023;03:00;04:00;869
11.04.2023;04:00;05:00;868
11.04.2023;05:00;06:00;868
11.04.2023;06:00;07:00;869
11.04.2023;07:00;08:00;868
11.04.2023;08:00;09:00;869
11.04.2023;09:00;10:00;868
11.04.2023;10:00;11:00;868
11.04.2023;11:00;12:00;867
11.04.2023;12:00;13:00;868
11.04.2023;13:00;14:00;868
11.04.2023;14:00;15:00;869
11.04.2023;15:00;16:00;868
11.04.2023;16:00;17:00;868
11.04.2023;17:00;18:00;867
11.04.2023;18:00;19:00;867
11.04.2023;19:00;20:00;867
11.04.2023;20:00;21:00;866
11.04.2023;21:00;22:00;867
11.04.2023;22:00;23:00;867
11.04.2023;23:00;00:00;866
12.04.2023;00:00;01:00;866
12.04.2023;01:00;02:00;866
12.04.2023;02:00;03:00;866
12.04.2023;03:00;04:00;866
12.04.2023;04:00;05:00;866
12.04.2023;05:00;06:00;866
12.04.2023;06:00;07:00;866
12.04.2023;07:00;08:00;866
12.04.2023;08:00;09:00;868
12.04.2023;09:00;10:00;869
12.04.2023;10:00;11:00;866
12.04.2023;11:00;12:00;866
12.04.2023;12:00;13:00;856
12.04.2023;13:00;14:00;853
12.04.2023;14:00;15:00;850
12.04.2023;15:00;16:00;850
12.04.2023;16:00;17:00;850
12.04.2023;17:00;18:00;849
12.04.2023;18:00;19:00;848
12.04.2023;19:00;20:00;848
12.04.2023;20:00;21:00;848
12.04.2023;21:00;22:00;847
12.04.2023;22:00;23:00;847
12.04.2023;23:00;00:00;847
13.04.2023;00:00;01:00;847
13.04.2023;01:00;02:00;846
13.04.2023;02:00;03:00;846
13.04.2023;03:00;04:00;846
13.04.2023;04:00;05:00;846
13.04.2023;05:00;06:00;846
13.04.2023;06:00;07:00;846
13.04.2023;07:00;08:00;847
13.04.2023;08:00;09:00;848
13.04.2023;09:00;10:00;848
13.04.2023;10:00;11:00;848
13.04.2023;11:00;12:00;848
13.04.2023;12:00;13:00;848
13.04.2023;13:00;14:00;848
13.04.2023;14:00;15:00;847
13.04.2023;15:00;16:00;848
13.04.2023;16:00;17:00;848
13.04.2023;17:00;18:00;845
13.04.2023;18:00;19:00;846
13.04.2023;19:00;20:00;846
13.04.2023;20:00;21:00;846
13.04.2023;21:00;22:00;846
13.04.2023;22:00;23:00;847
13.04.2023;23:00;00:00;847
14.04.2023;00:00;01:00;847
14.04.2023;01:00;02:00;846
14.04.2023;02:00;03:00;846
14.04.2023;03:00;04:00;847
14.04.2023;04:00;05:00;847
14.04.2023;05:00;06:00;847
14.04.2023;06:00;07:00;847
14.04.2023;07:00;08:00;847
14.04.2023;08:00;09:00;847
14.04.2023;09:00;10:00;848
14.04.2023;10:00;11:00;846
14.04.2023;11:00;12:00;844
14.04.2023;12:00;13:00;842
14.04.2023;13:00;14:00;840
14.04.2023;14:00;15:00;837
14.04.2023;15:00;16:00;833
14.04.2023;16:00;17:00;833
14.04.2023;17:00;18:00;828
14.04.2023;18:00;19:00;828
14.04.2023;19:00;20:00;827
14.04.2023;20:00;21:00;825
14.04.2023;21:00;22:00;818
14.04.2023;22:00;23:00;816
14.04.2023;23:00;00:00;817
15.04.2023;00:00;01:00;816
15.04.2023;01:00;02:00;813
15.04.2023;02:00;03:00;813
15.04.2023;03:00;04:00;813
15.04.2023;04:00;05:00;812
15.04.2023;05:00;06:00;813
15.04.2023;06:00;07:00;813
15.04.2023;07:00;08:00;813
15.04.2023;08:00;09:00;812
15.04.2023;09:00;10:00;812
15.04.2023;10:00;11:00;812
15.04.2023;11:00;12:00;812
15.04.2023;12:00;13:00;811
15.04.2023;13:00;14:00;810
15.04.2023;14:00;15:00;807
15.04.2023;15:00;16:00;807
15.04.2023;16:00;17:00;807
15.04.2023;17:00;18:00;807
15.04.2023;18:00;19:00;807
15.04.2023;19:00;20:00;808
15.04.2023;20:00;21:00;808
15.04.2023;21:00;22:00;808
15.04.2023;22:00;23:00;647
15.04.2023;23:00;00:00;150
16.04.2023;00:00;01:00;-
16.04.2023;01:00;02:00;-
16.04.2023;02:00;03:00;-
16.04.2023;03:00;04:00;-
16.04.2023;04:00;05:00;-
16.04.2023;05:00;06:00;-
16.04.2023;06:00;07:00;-
16.04.2023;07:00;08:00;-
16.04.2023;08:00;09:00;-
16.04.2023;09:00;10:00;-
16.04.2023;10:00;11:00;-
16.04.2023;11:00;12:00;-
16.04.2023;12:00;13:00;-
16.04.2023;13:00;14:00;-
16.04.2023;14:00;15:00;-
16.04.2023;15:00;16:00;-
16.04.2023;16:00;17:00;-
16.04.2023;17:00;18:00;-
16.04.2023;18:00;19:00;-
16.04.2023;19:00;20:00;-
16.04.2023;20:00;21:00;-
16.04.2023;21:00;22:00;-
16.04.2023;22:00;23:00;-
16.04.2023;23:00;00:00;-
