Datum;Anfang;Ende;Generation_DE M4 [MW] Originalauflösungen;Generation_DE M5 [MW] Originalauflösungen;Generation_DE Heizkraftwerk West Block 4 [MW] Originalauflösungen;Generation_DE Heizkraftwerk West Block 2 [MW] Originalauflösungen;Generation_DE Heizkraftwerk West Block 3 [MW] Originalauflösungen
04.11.2019;00:00;01:00;-;-;-;-;-
04.11.2019;01:00;02:00;-;-;-;-;-
04.11.2019;02:00;03:00;-;-;-;-;-
04.11.2019;03:00;04:00;-;-;-;-;-
04.11.2019;04:00;05:00;-;-;-;-;-
04.11.2019;05:00;06:00;-;-;-;-;-
04.11.2019;06:00;07:00;-;-;-;-;-
04.11.2019;07:00;08:00;-;-;-;-;-
04.11.2019;08:00;09:00;-;-;-;-;-
04.11.2019;09:00;10:00;-;-;-;-;-
04.11.2019;10:00;11:00;-;-;-;-;-
04.11.2019;11:00;12:00;-;-;-;-;-
04.11.2019;12:00;13:00;-;-;-;-;-
04.11.2019;13:00;14:00;-;-;-;-;-
04.11.2019;14:00;15:00;-;-;-;-;-
04.11.2019;15:00;16:00;-;-;-;-;-
04.11.2019;16:00;17:00;-;-;-;-;-
04.11.2019;17:00;18:00;-;-;-;-;-
04.11.2019;18:00;19:00;-;-;-;-;-
04.11.2019;19:00;20:00;-;-;-;-;-
04.11.2019;20:00;21:00;-;-;-;-;-
04.11.2019;21:00;22:00;-;-;-;-;-
04.11.2019;22:00;23:00;-;-;-;-;-
04.11.2019;23:00;00:00;-;-;-;-;-
05.11.2019;00:00;01:00;-;-;0;-;-
05.11.2019;01:00;02:00;-;-;0;-;-
05.11.2019;02:00;03:00;-;-;0;-;-
05.11.2019;03:00;04:00;-;-;0;-;-
05.11.2019;04:00;05:00;-;-;0;-;-
05.11.2019;05:00;06:00;-;-;0;-;-
05.11.2019;06:00;07:00;-;-;0;-;-
05.11.2019;07:00;08:00;-;-;0;-;-
05.11.2019;08:00;09:00;-;-;0;-;-
05.11.2019;09:00;10:00;-;-;0;-;-
05.11.2019;10:00;11:00;-;-;0;-;-
05.11.2019;11:00;12:00;-;-;0;-;-
05.11.2019;12:00;13:00;-;-;0;-;-
05.11.2019;13:00;14:00;-;-;0;-;-
05.11.2019;14:00;15:00;-;-;0;-;-
05.11.2019;15:00;16:00;-;-;0;-;-
05.11.2019;16:00;17:00;-;-;0;-;-
05.11.2019;17:00;18:00;-;-;0;-;-
05.11.2019;18:00;19:00;-;-;0;-;-
05.11.2019;19:00;20:00;-;-;0;-;-
05.11.2019;20:00;21:00;-;-;0;-;-
05.11.2019;21:00;22:00;-;-;0;-;-
05.11.2019;22:00;23:00;-;-;0;-;-
05.11.2019;23:00;00:00;-;-;0;-;-
06.11.2019;00:00;01:00;-;-;0;-;-
06.11.2019;01:00;02:00;-;-;0;-;-
06.11.2019;02:00;03:00;-;-;0;-;-
06.11.2019;03:00;04:00;-;-;0;-;-
06.11.2019;04:00;05:00;-;-;0;-;-
06.11.2019;05:00;06:00;-;-;0;-;-
06.11.2019;06:00;07:00;-;-;0;-;-
06.11.2019;07:00;08:00;-;-;0;-;-
06.11.2019;08:00;09:00;-;-;0;-;-
06.11.2019;09:00;10:00;-;-;0;-;-
06.11.2019;10:00;11:00;-;-;0;-;-
06.11.2019;11:00;12:00;-;-;0;-;-
06.11.2019;12:00;13:00;-;-;0;-;-
06.11.2019;13:00;14:00;-;-;0;-;-
06.11.2019;14:00;15:00;-;-;0;-;-
06.11.2019;15:00;16:00;-;-;0;-;-
06.11.2019;16:00;17:00;-;-;0;-;-
06.11.2019;17:00;18:00;-;-;0;-;-
06.11.2019;18:00;19:00;-;-;0;-;-
06.11.2019;19:00;20:00;-;-;0;-;-
06.11.2019;20:00;21:00;-;-;0;-;-
06.11.2019;21:00;22:00;-;-;0;-;-
06.11.2019;22:00;23:00;-;-;0;-;-
06.11.2019;23:00;00:00;-;-;0;-;-
07.11.2019;00:00;01:00;-;-;0;-;-
07.11.2019;01:00;02:00;-;-;0;-;-
07.11.2019;02:00;03:00;-;-;0;-;-
07.11.2019;03:00;04:00;-;-;0;-;-
07.11.2019;04:00;05:00;-;-;0;-;-
07.11.2019;05:00;06:00;-;-;0;-;-
07.11.2019;06:00;07:00;-;-;0;-;-
07.11.2019;07:00;08:00;-;-;0;-;-
07.11.2019;08:00;09:00;-;-;0;-;-
07.11.2019;09:00;10:00;-;-;0;-;-
07.11.2019;10:00;11:00;-;-;0;-;-
07.11.2019;11:00;12:00;-;-;0;-;-
07.11.2019;12:00;13:00;-;-;0;-;-
07.11.2019;13:00;14:00;-;-;0;-;-
07.11.2019;14:00;15:00;-;-;0;-;-
07.11.2019;15:00;16:00;-;-;0;-;-
07.11.2019;16:00;17:00;-;-;0;-;-
07.11.2019;17:00;18:00;-;-;0;-;-
07.11.2019;18:00;19:00;-;-;0;-;-
07.11.2019;19:00;20:00;-;-;0;-;-
07.11.2019;20:00;21:00;-;-;0;-;-
07.11.2019;21:00;22:00;-;-;0;-;-
07.11.2019;22:00;23:00;-;-;0;-;-
07.11.2019;23:00;00:00;-;-;0;-;-
08.11.2019;00:00;01:00;-;-;0;-;-
08.11.2019;01:00;02:00;-;-;0;-;-
08.11.2019;02:00;03:00;-;-;0;-;-
08.11.2019;03:00;04:00;-;-;0;-;-
08.11.2019;04:00;05:00;-;-;0;-;-
08.11.2019;05:00;06:00;-;-;0;-;-
08.11.2019;06:00;07:00;-;-;0;-;-
08.11.2019;07:00;08:00;-;-;0;-;-
08.11.2019;08:00;09:00;-;-;0;-;-
08.11.2019;09:00;10:00;-;-;0;-;-
08.11.2019;10:00;11:00;-;-;0;-;-
08.11.2019;11:00;12:00;-;-;0;-;-
08.11.2019;12:00;13:00;-;-;0;-;-
08.11.2019;13:00;14:00;-;-;0;-;-
08.11.2019;14:00;15:00;-;-;0;-;-
08.11.2019;15:00;16:00;-;-;0;-;-
08.11.2019;16:00;17:00;-;-;0;-;-
08.11.2019;17:00;18:00;-;-;0;-;-
08.11.2019;18:00;19:00;-;-;0;-;-
08.11.2019;19:00;20:00;-;-;0;-;-
08.11.2019;20:00;21:00;-;-;0;-;-
08.11.2019;21:00;22:00;-;-;0;-;-
08.11.2019;22:00;23:00;-;-;0;-;-
08.11.2019;23:00;00:00;-;-;0;-;-
09.11.2019;00:00;01:00;-;-;0;-;-
09.11.2019;01:00;02:00;-;-;0;-;-
09.11.2019;02:00;03:00;-;-;0;-;-
09.11.2019;03:00;04:00;-;-;0;-;-
09.11.2019;04:00;05:00;-;-;0;-;-
09.11.2019;05:00;06:00;-;-;0;-;-
09.11.2019;06:00;07:00;-;-;0;-;-
09.11.2019;07:00;08:00;-;-;0;-;-
09.11.2019;08:00;09:00;-;-;0;-;-
09.11.2019;09:00;10:00;-;-;0;-;-
09.11.2019;10:00;11:00;-;-;0;-;-
09.11.2019;11:00;12:00;-;-;0;-;-
09.11.2019;12:00;13:00;-;-;0;-;-
09.11.2019;13:00;14:00;-;-;0;-;-
09.11.2019;14:00;15:00;-;-;0;-;-
09.11.2019;15:00;16:00;-;-;0;-;-
09.11.2019;16:00;17:00;-;-;0;-;-
09.11.2019;17:00;18:00;-;-;0;-;-
09.11.2019;18:00;19:00;-;-;0;-;-
09.11.2019;19:00;20:00;-;-;0;-;-
09.11.2019;20:00;21:00;-;-;0;-;-
09.11.2019;21:00;22:00;-;-;0;-;-
09.11.2019;22:00;23:00;-;-;0;-;-
09.11.2019;23:00;00:00;-;-;0;-;-
10.11.2019;00:00;01:00;-;-;0;-;-
10.11.2019;01:00;02:00;-;-;0;-;-
10.11.2019;02:00;03:00;-;-;0;-;-
10.11.2019;03:00;04:00;-;-;0;-;-
10.11.2019;04:00;05:00;-;-;0;-;-
10.11.2019;05:00;06:00;-;-;0;-;-
10.11.2019;06:00;07:00;-;-;0;-;-
10.11.2019;07:00;08:00;-;-;0;-;-
10.11.2019;08:00;09:00;-;-;0;-;-
10.11.2019;09:00;10:00;-;-;0;-;-
10.11.2019;10:00;11:00;-;-;0;-;-
10.11.2019;11:00;12:00;-;-;0;-;-
10.11.2019;12:00;13:00;-;-;0;-;-
10.11.2019;13:00;14:00;-;-;0;-;-
10.11.2019;14:00;15:00;-;-;0;-;-
10.11.2019;15:00;16:00;-;-;0;-;-
10.11.2019;16:00;17:00;-;-;0;-;-
10.11.2019;17:00;18:00;-;-;0;-;-
10.11.2019;18:00;19:00;-;-;0;-;-
10.11.2019;19:00;20:00;-;-;0;-;-
10.11.2019;20:00;21:00;-;-;0;-;-
10.11.2019;21:00;22:00;-;-;0;-;-
10.11.2019;22:00;23:00;-;-;0;-;-
10.11.2019;23:00;00:00;-;-;0;-;-
11.11.2019;00:00;01:00;-;-;0;-;-
11.11.2019;01:00;02:00;-;-;0;-;-
11.11.2019;02:00;03:00;-;-;0;-;-
11.11.2019;03:00;04:00;-;-;0;-;-
11.11.2019;04:00;05:00;-;-;0;-;-
11.11.2019;05:00;06:00;-;-;0;-;-
11.11.2019;06:00;07:00;-;-;0;-;-
11.11.2019;07:00;08:00;-;-;0;-;-
11.11.2019;08:00;09:00;-;-;0;-;-
11.11.2019;09:00;10:00;-;-;0;-;-
11.11.2019;10:00;11:00;-;-;0;-;-
11.11.2019;11:00;12:00;-;-;0;-;-
11.11.2019;12:00;13:00;-;-;0;-;-
11.11.2019;13:00;14:00;-;-;0;-;-
11.11.2019;14:00;15:00;-;-;0;-;-
11.11.2019;15:00;16:00;-;-;0;-;-
11.11.2019;16:00;17:00;-;-;0;-;-
11.11.2019;17:00;18:00;-;-;0;-;-
11.11.2019;18:00;19:00;-;-;0;-;-
11.11.2019;19:00;20:00;-;-;0;-;-
11.11.2019;20:00;21:00;-;-;0;-;-
11.11.2019;21:00;22:00;-;-;0;-;-
11.11.2019;22:00;23:00;-;-;0;-;-
11.11.2019;23:00;00:00;-;-;0;-;-
12.11.2019;00:00;01:00;-;-;0;-;-
12.11.2019;01:00;02:00;-;-;0;-;-
12.11.2019;02:00;03:00;-;-;0;-;-
12.11.2019;03:00;04:00;-;-;0;-;-
12.11.2019;04:00;05:00;-;-;0;-;-
12.11.2019;05:00;06:00;-;-;0;-;-
12.11.2019;06:00;07:00;-;-;0;-;-
12.11.2019;07:00;08:00;-;-;0;-;-
12.11.2019;08:00;09:00;-;-;0;-;-
12.11.2019;09:00;10:00;-;-;0;-;-
12.11.2019;10:00;11:00;-;-;0;-;-
12.11.2019;11:00;12:00;-;-;0;-;-
12.11.2019;12:00;13:00;-;-;0;-;-
12.11.2019;13:00;14:00;-;-;0;-;-
12.11.2019;14:00;15:00;-;-;0;-;-
12.11.2019;15:00;16:00;-;-;0;-;-
12.11.2019;16:00;17:00;-;-;0;-;-
12.11.2019;17:00;18:00;-;-;0;-;-
12.11.2019;18:00;19:00;-;-;0;-;-
12.11.2019;19:00;20:00;-;-;0;-;-
12.11.2019;20:00;21:00;-;-;0;-;-
12.11.2019;21:00;22:00;-;-;0;-;-
12.11.2019;22:00;23:00;-;-;0;-;-
12.11.2019;23:00;00:00;-;-;0;-;-
13.11.2019;00:00;01:00;-;-;0;-;-
13.11.2019;01:00;02:00;-;-;0;-;-
13.11.2019;02:00;03:00;-;-;0;-;-
13.11.2019;03:00;04:00;-;-;0;-;-
13.11.2019;04:00;05:00;-;-;0;-;-
13.11.2019;05:00;06:00;-;-;0;-;-
13.11.2019;06:00;07:00;-;-;0;-;-
13.11.2019;07:00;08:00;-;-;0;-;-
13.11.2019;08:00;09:00;-;-;0;-;-
13.11.2019;09:00;10:00;-;-;0;-;-
13.11.2019;10:00;11:00;-;-;0;-;-
13.11.2019;11:00;12:00;-;-;0;-;-
13.11.2019;12:00;13:00;-;-;0;-;-
13.11.2019;13:00;14:00;-;-;0;-;-
13.11.2019;14:00;15:00;-;-;0;-;-
13.11.2019;15:00;16:00;-;-;0;-;-
13.11.2019;16:00;17:00;-;-;0;-;-
13.11.2019;17:00;18:00;-;-;0;-;-
13.11.2019;18:00;19:00;-;-;0;-;-
13.11.2019;19:00;20:00;-;-;0;-;-
13.11.2019;20:00;21:00;-;-;0;-;-
13.11.2019;21:00;22:00;-;-;0;-;-
13.11.2019;22:00;23:00;-;-;0;-;-
13.11.2019;23:00;00:00;-;-;0;-;-
14.11.2019;00:00;01:00;-;-;0;-;-
14.11.2019;01:00;02:00;-;-;0;-;-
14.11.2019;02:00;03:00;-;-;0;-;-
14.11.2019;03:00;04:00;-;-;0;-;-
14.11.2019;04:00;05:00;-;-;0;-;-
14.11.2019;05:00;06:00;-;-;0;-;-
14.11.2019;06:00;07:00;-;-;0;-;-
14.11.2019;07:00;08:00;-;-;0;-;-
14.11.2019;08:00;09:00;-;-;0;-;-
14.11.2019;09:00;10:00;-;-;0;-;-
14.11.2019;10:00;11:00;-;-;0;-;-
14.11.2019;11:00;12:00;-;-;0;-;-
14.11.2019;12:00;13:00;-;-;0;-;-
14.11.2019;13:00;14:00;-;-;0;-;-
14.11.2019;14:00;15:00;-;-;0;-;-
14.11.2019;15:00;16:00;-;-;0;-;-
14.11.2019;16:00;17:00;-;-;0;-;-
14.11.2019;17:00;18:00;-;-;0;-;-
14.11.2019;18:00;19:00;-;-;0;-;-
14.11.2019;19:00;20:00;-;-;0;-;-
14.11.2019;20:00;21:00;-;-;0;-;-
14.11.2019;21:00;22:00;-;-;0;-;-
14.11.2019;22:00;23:00;-;-;0;-;-
14.11.2019;23:00;00:00;-;-;0;-;-
15.11.2019;00:00;01:00;-;-;0;-;-
15.11.2019;01:00;02:00;-;-;0;-;-
15.11.2019;02:00;03:00;-;-;0;-;-
15.11.2019;03:00;04:00;-;-;0;-;-
15.11.2019;04:00;05:00;-;-;0;-;-
15.11.2019;05:00;06:00;-;-;0;-;-
15.11.2019;06:00;07:00;-;-;0;-;-
15.11.2019;07:00;08:00;-;-;0;-;-
15.11.2019;08:00;09:00;-;-;0;-;-
15.11.2019;09:00;10:00;-;-;0;-;-
15.11.2019;10:00;11:00;-;-;0;-;-
15.11.2019;11:00;12:00;-;-;0;-;-
15.11.2019;12:00;13:00;-;-;0;-;-
15.11.2019;13:00;14:00;-;-;0;-;-
15.11.2019;14:00;15:00;-;-;0;-;-
15.11.2019;15:00;16:00;-;-;0;-;-
15.11.2019;16:00;17:00;-;-;0;-;-
15.11.2019;17:00;18:00;-;-;0;-;-
15.11.2019;18:00;19:00;-;-;0;-;-
15.11.2019;19:00;20:00;-;-;0;-;-
15.11.2019;20:00;21:00;-;-;0;-;-
15.11.2019;21:00;22:00;-;-;0;-;-
15.11.2019;22:00;23:00;-;-;0;-;-
15.11.2019;23:00;00:00;-;-;0;-;-
16.11.2019;00:00;01:00;-;-;0;-;-
16.11.2019;01:00;02:00;-;-;0;-;-
16.11.2019;02:00;03:00;-;-;0;-;-
16.11.2019;03:00;04:00;-;-;0;-;-
16.11.2019;04:00;05:00;-;-;0;-;-
16.11.2019;05:00;06:00;-;-;0;-;-
16.11.2019;06:00;07:00;-;-;0;-;-
16.11.2019;07:00;08:00;-;-;0;-;-
16.11.2019;08:00;09:00;-;-;0;-;-
16.11.2019;09:00;10:00;-;-;0;-;-
16.11.2019;10:00;11:00;-;-;0;-;-
16.11.2019;11:00;12:00;-;-;0;-;-
16.11.2019;12:00;13:00;-;-;0;-;-
16.11.2019;13:00;14:00;-;-;0;-;-
16.11.2019;14:00;15:00;-;-;0;-;-
16.11.2019;15:00;16:00;-;-;0;-;-
16.11.2019;16:00;17:00;-;-;0;-;-
16.11.2019;17:00;18:00;-;-;0;-;-
16.11.2019;18:00;19:00;-;-;0;-;-
16.11.2019;19:00;20:00;-;-;0;-;-
16.11.2019;20:00;21:00;-;-;0;-;-
16.11.2019;21:00;22:00;-;-;0;-;-
16.11.2019;22:00;23:00;-;-;0;-;-
16.11.2019;23:00;00:00;-;-;0;-;-
17.11.2019;00:00;01:00;-;-;0;-;-
17.11.2019;01:00;02:00;-;-;0;-;-
17.11.2019;02:00;03:00;-;-;0;-;-
17.11.2019;03:00;04:00;-;-;0;-;-
17.11.2019;04:00;05:00;-;-;0;-;-
17.11.2019;05:00;06:00;-;-;0;-;-
17.11.2019;06:00;07:00;-;-;0;-;-
17.11.2019;07:00;08:00;-;-;0;-;-
17.11.2019;08:00;09:00;-;-;0;-;-
17.11.2019;09:00;10:00;-;-;0;-;-
17.11.2019;10:00;11:00;-;-;0;-;-
17.11.2019;11:00;12:00;-;-;0;-;-
17.11.2019;12:00;13:00;-;-;0;-;-
17.11.2019;13:00;14:00;-;-;0;-;-
17.11.2019;14:00;15:00;-;-;0;-;-
17.11.2019;15:00;16:00;-;-;0;-;-
17.11.2019;16:00;17:00;-;-;0;-;-
17.11.2019;17:00;18:00;-;-;0;-;-
17.11.2019;18:00;19:00;-;-;0;-;-
17.11.2019;19:00;20:00;-;-;0;-;-
17.11.2019;20:00;21:00;-;-;0;-;-
17.11.2019;21:00;22:00;-;-;0;-;-
17.11.2019;22:00;23:00;-;-;0;-;-
17.11.2019;23:00;00:00;-;-;0;-;-
18.11.2019;00:00;01:00;-;-;0;-;-
18.11.2019;01:00;02:00;-;-;0;-;-
18.11.2019;02:00;03:00;-;-;0;-;-
18.11.2019;03:00;04:00;-;-;0;-;-
18.11.2019;04:00;05:00;-;-;0;-;-
18.11.2019;05:00;06:00;-;-;0;-;-
18.11.2019;06:00;07:00;-;-;0;-;-
18.11.2019;07:00;08:00;-;-;0;-;-
18.11.2019;08:00;09:00;-;-;0;-;-
18.11.2019;09:00;10:00;-;-;0;-;-
18.11.2019;10:00;11:00;-;-;0;-;-
18.11.2019;11:00;12:00;-;-;0;-;-
18.11.2019;12:00;13:00;-;-;0;-;-
18.11.2019;13:00;14:00;-;-;0;-;-
18.11.2019;14:00;15:00;-;-;0;-;-
18.11.2019;15:00;16:00;-;-;0;-;-
18.11.2019;16:00;17:00;-;-;0;-;-
18.11.2019;17:00;18:00;-;-;0;-;-
18.11.2019;18:00;19:00;-;-;0;-;-
18.11.2019;19:00;20:00;-;-;0;-;-
18.11.2019;20:00;21:00;-;-;0;-;-
18.11.2019;21:00;22:00;-;-;0;-;-
18.11.2019;22:00;23:00;-;-;0;-;-
18.11.2019;23:00;00:00;-;-;0;-;-
19.11.2019;00:00;01:00;-;-;0;-;-
19.11.2019;01:00;02:00;-;-;0;-;-
19.11.2019;02:00;03:00;-;-;0;-;-
19.11.2019;03:00;04:00;-;-;0;-;-
19.11.2019;04:00;05:00;-;-;0;-;-
19.11.2019;05:00;06:00;-;-;0;-;-
19.11.2019;06:00;07:00;-;-;0;-;-
19.11.2019;07:00;08:00;-;-;0;-;-
19.11.2019;08:00;09:00;-;-;0;-;-
19.11.2019;09:00;10:00;-;-;0;-;-
19.11.2019;10:00;11:00;-;-;0;-;-
19.11.2019;11:00;12:00;-;-;0;-;-
19.11.2019;12:00;13:00;-;-;0;-;-
19.11.2019;13:00;14:00;-;-;0;-;-
19.11.2019;14:00;15:00;-;-;0;-;-
19.11.2019;15:00;16:00;-;-;0;-;-
19.11.2019;16:00;17:00;-;-;0;-;-
19.11.2019;17:00;18:00;-;-;0;-;-
19.11.2019;18:00;19:00;-;-;0;-;-
19.11.2019;19:00;20:00;-;-;0;-;-
19.11.2019;20:00;21:00;-;-;0;-;-
19.11.2019;21:00;22:00;-;-;0;-;-
19.11.2019;22:00;23:00;-;-;0;-;-
19.11.2019;23:00;00:00;-;-;0;-;-
20.11.2019;00:00;01:00;-;-;0;-;-
20.11.2019;01:00;02:00;-;-;0;-;-
20.11.2019;02:00;03:00;-;-;0;-;-
20.11.2019;03:00;04:00;-;-;0;-;-
20.11.2019;04:00;05:00;-;-;0;-;-
20.11.2019;05:00;06:00;-;-;0;-;-
20.11.2019;06:00;07:00;-;-;0;-;-
20.11.2019;07:00;08:00;-;-;0;-;-
20.11.2019;08:00;09:00;-;-;0;-;-
20.11.2019;09:00;10:00;-;-;0;-;-
20.11.2019;10:00;11:00;-;-;0;-;-
20.11.2019;11:00;12:00;-;-;0;-;-
20.11.2019;12:00;13:00;-;-;0;-;-
20.11.2019;13:00;14:00;-;-;0;-;-
20.11.2019;14:00;15:00;-;-;0;-;-
20.11.2019;15:00;16:00;-;-;0;-;-
20.11.2019;16:00;17:00;-;-;0;-;-
20.11.2019;17:00;18:00;-;-;0;-;-
20.11.2019;18:00;19:00;-;-;0;-;-
20.11.2019;19:00;20:00;-;-;0;-;-
20.11.2019;20:00;21:00;-;-;0;-;-
20.11.2019;21:00;22:00;-;-;0;-;-
20.11.2019;22:00;23:00;-;-;0;-;-
20.11.2019;23:00;00:00;-;-;0;-;-
21.11.2019;00:00;01:00;-;-;0;-;-
21.11.2019;01:00;02:00;-;-;0;-;-
21.11.2019;02:00;03:00;-;-;0;-;-
21.11.2019;03:00;04:00;-;-;0;-;-
21.11.2019;04:00;05:00;-;-;0;-;-
21.11.2019;05:00;06:00;-;-;0;-;-
21.11.2019;06:00;07:00;-;-;0;-;-
21.11.2019;07:00;08:00;-;-;0;-;-
21.11.2019;08:00;09:00;-;-;0;-;-
21.11.2019;09:00;10:00;-;-;0;-;-
21.11.2019;10:00;11:00;-;-;0;-;-
21.11.2019;11:00;12:00;-;-;0;-;-
21.11.2019;12:00;13:00;-;-;0;-;-
21.11.2019;13:00;14:00;-;-;0;-;-
21.11.2019;14:00;15:00;-;-;0;-;-
21.11.2019;15:00;16:00;-;-;0;-;-
21.11.2019;16:00;17:00;-;-;0;-;-
21.11.2019;17:00;18:00;-;-;0;-;-
21.11.2019;18:00;19:00;-;-;0;-;-
21.11.2019;19:00;20:00;-;-;0;-;-
21.11.2019;20:00;21:00;-;-;0;-;-
21.11.2019;21:00;22:00;-;-;0;-;-
21.11.2019;22:00;23:00;-;-;0;-;-
21.11.2019;23:00;00:00;-;-;0;-;-
22.11.2019;00:00;01:00;-;-;0;-;-
22.11.2019;01:00;02:00;-;-;0;-;-
22.11.2019;02:00;03:00;-;-;0;-;-
22.11.2019;03:00;04:00;-;-;0;-;-
22.11.2019;04:00;05:00;-;-;0;-;-
22.11.2019;05:00;06:00;-;-;0;-;-
22.11.2019;06:00;07:00;-;-;0;-;-
22.11.2019;07:00;08:00;-;-;0;-;-
22.11.2019;08:00;09:00;-;-;0;-;-
22.11.2019;09:00;10:00;-;-;0;-;-
22.11.2019;10:00;11:00;-;-;0;-;-
22.11.2019;11:00;12:00;-;-;0;-;-
22.11.2019;12:00;13:00;-;-;0;-;-
22.11.2019;13:00;14:00;-;-;0;-;-
22.11.2019;14:00;15:00;-;-;0;-;-
22.11.2019;15:00;16:00;-;-;0;-;-
22.11.2019;16:00;17:00;-;-;0;-;-
22.11.2019;17:00;18:00;-;-;0;-;-
22.11.2019;18:00;19:00;-;-;0;-;-
22.11.2019;19:00;20:00;-;-;0;-;-
22.11.2019;20:00;21:00;-;-;0;-;-
22.11.2019;21:00;22:00;-;-;0;-;-
22.11.2019;22:00;23:00;-;-;0;-;-
22.11.2019;23:00;00:00;-;-;0;-;-
23.11.2019;00:00;01:00;-;-;0;-;-
23.11.2019;01:00;02:00;-;-;0;-;-
23.11.2019;02:00;03:00;-;-;0;-;-
23.11.2019;03:00;04:00;-;-;0;-;-
23.11.2019;04:00;05:00;-;-;0;-;-
23.11.2019;05:00;06:00;-;-;0;-;-
23.11.2019;06:00;07:00;-;-;0;-;-
23.11.2019;07:00;08:00;-;-;0;-;-
23.11.2019;08:00;09:00;-;-;0;-;-
23.11.2019;09:00;10:00;-;-;0;-;-
23.11.2019;10:00;11:00;-;-;0;-;-
23.11.2019;11:00;12:00;-;-;0;-;-
23.11.2019;12:00;13:00;-;-;0;-;-
23.11.2019;13:00;14:00;-;-;0;-;-
23.11.2019;14:00;15:00;-;-;0;-;-
23.11.2019;15:00;16:00;-;-;0;-;-
23.11.2019;16:00;17:00;-;-;0;-;-
23.11.2019;17:00;18:00;-;-;0;-;-
23.11.2019;18:00;19:00;-;-;0;-;-
23.11.2019;19:00;20:00;-;-;0;-;-
23.11.2019;20:00;21:00;-;-;0;-;-
23.11.2019;21:00;22:00;-;-;0;-;-
23.11.2019;22:00;23:00;-;-;0;-;-
23.11.2019;23:00;00:00;-;-;0;-;-
24.11.2019;00:00;01:00;-;-;0;-;-
24.11.2019;01:00;02:00;-;-;0;-;-
24.11.2019;02:00;03:00;-;-;0;-;-
24.11.2019;03:00;04:00;-;-;0;-;-
24.11.2019;04:00;05:00;-;-;0;-;-
24.11.2019;05:00;06:00;-;-;0;-;-
24.11.2019;06:00;07:00;-;-;0;-;-
24.11.2019;07:00;08:00;-;-;0;-;-
24.11.2019;08:00;09:00;-;-;0;-;-
24.11.2019;09:00;10:00;-;-;0;-;-
24.11.2019;10:00;11:00;-;-;0;-;-
24.11.2019;11:00;12:00;-;-;0;-;-
24.11.2019;12:00;13:00;-;-;0;-;-
24.11.2019;13:00;14:00;-;-;0;-;-
24.11.2019;14:00;15:00;-;-;0;-;-
24.11.2019;15:00;16:00;-;-;0;-;-
24.11.2019;16:00;17:00;-;-;0;-;-
24.11.2019;17:00;18:00;-;-;0;-;-
24.11.2019;18:00;19:00;-;-;0;-;-
24.11.2019;19:00;20:00;-;-;0;-;-
24.11.2019;20:00;21:00;-;-;0;-;-
24.11.2019;21:00;22:00;-;-;0;-;-
24.11.2019;22:00;23:00;-;-;0;-;-
24.11.2019;23:00;00:00;-;-;0;-;-
25.11.2019;00:00;01:00;-;-;0;-;-
25.11.2019;01:00;02:00;-;-;0;-;-
25.11.2019;02:00;03:00;-;-;0;-;-
25.11.2019;03:00;04:00;-;-;0;-;-
25.11.2019;04:00;05:00;-;-;0;-;-
25.11.2019;05:00;06:00;-;-;0;-;-
25.11.2019;06:00;07:00;-;-;0;-;-
25.11.2019;07:00;08:00;-;-;0;-;-
25.11.2019;08:00;09:00;-;-;0;-;-
25.11.2019;09:00;10:00;-;-;0;-;-
25.11.2019;10:00;11:00;-;-;0;-;-
25.11.2019;11:00;12:00;-;-;0;-;-
25.11.2019;12:00;13:00;-;-;0;-;-
25.11.2019;13:00;14:00;-;-;0;-;-
25.11.2019;14:00;15:00;-;-;0;-;-
25.11.2019;15:00;16:00;-;-;0;-;-
25.11.2019;16:00;17:00;-;-;0;-;-
25.11.2019;17:00;18:00;-;-;0;-;-
25.11.2019;18:00;19:00;-;-;0;-;-
25.11.2019;19:00;20:00;-;-;0;-;-
25.11.2019;20:00;21:00;-;-;0;-;-
25.11.2019;21:00;22:00;-;-;0;-;-
25.11.2019;22:00;23:00;-;-;0;-;-
25.11.2019;23:00;00:00;-;-;0;-;-
26.11.2019;00:00;01:00;-;-;0;-;-
26.11.2019;01:00;02:00;-;-;0;-;-
26.11.2019;02:00;03:00;-;-;0;-;-
26.11.2019;03:00;04:00;-;-;0;-;-
26.11.2019;04:00;05:00;-;-;0;-;-
26.11.2019;05:00;06:00;-;-;0;-;-
26.11.2019;06:00;07:00;-;-;0;-;-
26.11.2019;07:00;08:00;-;-;0;-;-
26.11.2019;08:00;09:00;-;-;0;-;-
26.11.2019;09:00;10:00;-;-;0;-;-
26.11.2019;10:00;11:00;-;-;0;-;-
26.11.2019;11:00;12:00;-;-;0;-;-
26.11.2019;12:00;13:00;-;-;0;-;-
26.11.2019;13:00;14:00;-;-;0;-;-
26.11.2019;14:00;15:00;-;-;0;-;-
26.11.2019;15:00;16:00;-;-;0;-;-
26.11.2019;16:00;17:00;-;-;0;-;-
26.11.2019;17:00;18:00;-;-;0;-;-
26.11.2019;18:00;19:00;-;-;0;-;-
26.11.2019;19:00;20:00;-;-;0;-;-
26.11.2019;20:00;21:00;-;-;0;-;-
26.11.2019;21:00;22:00;-;-;0;-;-
26.11.2019;22:00;23:00;-;-;0;-;-
26.11.2019;23:00;00:00;-;-;0;-;-
27.11.2019;00:00;01:00;-;-;0;-;-
27.11.2019;01:00;02:00;-;-;0;-;-
27.11.2019;02:00;03:00;-;-;0;-;-
27.11.2019;03:00;04:00;-;-;0;-;-
27.11.2019;04:00;05:00;-;-;0;-;-
27.11.2019;05:00;06:00;-;-;0;-;-
27.11.2019;06:00;07:00;-;-;0;-;-
27.11.2019;07:00;08:00;-;-;0;-;-
27.11.2019;08:00;09:00;-;-;0;-;-
27.11.2019;09:00;10:00;-;-;0;-;-
27.11.2019;10:00;11:00;-;-;0;-;-
27.11.2019;11:00;12:00;-;-;0;-;-
27.11.2019;12:00;13:00;-;-;0;-;-
27.11.2019;13:00;14:00;-;-;0;-;-
27.11.2019;14:00;15:00;-;-;0;-;-
27.11.2019;15:00;16:00;-;-;0;-;-
27.11.2019;16:00;17:00;-;-;0;-;-
27.11.2019;17:00;18:00;-;-;0;-;-
27.11.2019;18:00;19:00;-;-;0;-;-
27.11.2019;19:00;20:00;-;-;0;-;-
27.11.2019;20:00;21:00;-;-;0;-;-
27.11.2019;21:00;22:00;-;-;0;-;-
27.11.2019;22:00;23:00;-;-;0;-;-
27.11.2019;23:00;00:00;-;-;0;-;-
28.11.2019;00:00;01:00;-;-;0;-;-
28.11.2019;01:00;02:00;-;-;0;-;-
28.11.2019;02:00;03:00;-;-;0;-;-
28.11.2019;03:00;04:00;-;-;0;-;-
28.11.2019;04:00;05:00;-;-;0;-;-
28.11.2019;05:00;06:00;-;-;0;-;-
28.11.2019;06:00;07:00;-;-;0;-;-
28.11.2019;07:00;08:00;-;-;0;-;-
28.11.2019;08:00;09:00;-;-;0;-;-
28.11.2019;09:00;10:00;-;-;0;-;-
28.11.2019;10:00;11:00;-;-;0;-;-
28.11.2019;11:00;12:00;-;-;0;-;-
28.11.2019;12:00;13:00;-;-;0;-;-
28.11.2019;13:00;14:00;-;-;0;-;-
28.11.2019;14:00;15:00;-;-;0;-;-
28.11.2019;15:00;16:00;-;-;0;-;-
28.11.2019;16:00;17:00;-;-;0;-;-
28.11.2019;17:00;18:00;-;-;0;-;-
28.11.2019;18:00;19:00;-;-;0;-;-
28.11.2019;19:00;20:00;-;-;0;-;-
28.11.2019;20:00;21:00;-;-;0;-;-
28.11.2019;21:00;22:00;-;-;0;-;-
28.11.2019;22:00;23:00;-;-;0;-;-
28.11.2019;23:00;00:00;-;-;0;-;-
29.11.2019;00:00;01:00;-;-;0;-;-
29.11.2019;01:00;02:00;-;-;0;-;-
29.11.2019;02:00;03:00;-;-;0;-;-
29.11.2019;03:00;04:00;-;-;0;-;-
29.11.2019;04:00;05:00;-;-;0;-;-
29.11.2019;05:00;06:00;-;-;0;-;-
29.11.2019;06:00;07:00;-;-;0;-;-
29.11.2019;07:00;08:00;-;-;0;-;-
29.11.2019;08:00;09:00;-;-;0;-;-
29.11.2019;09:00;10:00;-;-;0;-;-
29.11.2019;10:00;11:00;-;-;0;-;-
29.11.2019;11:00;12:00;-;-;0;-;-
29.11.2019;12:00;13:00;-;-;0;-;-
29.11.2019;13:00;14:00;-;-;0;-;-
29.11.2019;14:00;15:00;-;-;0;-;-
29.11.2019;15:00;16:00;-;-;0;-;-
29.11.2019;16:00;17:00;-;-;0;-;-
29.11.2019;17:00;18:00;-;-;0;-;-
29.11.2019;18:00;19:00;-;-;0;-;-
29.11.2019;19:00;20:00;-;-;0;-;-
29.11.2019;20:00;21:00;-;-;0;-;-
29.11.2019;21:00;22:00;-;-;0;-;-
29.11.2019;22:00;23:00;-;-;0;-;-
29.11.2019;23:00;00:00;-;-;0;-;-
30.11.2019;00:00;01:00;-;-;0;-;-
30.11.2019;01:00;02:00;-;-;0;-;-
30.11.2019;02:00;03:00;-;-;0;-;-
30.11.2019;03:00;04:00;-;-;0;-;-
30.11.2019;04:00;05:00;-;-;0;-;-
30.11.2019;05:00;06:00;-;-;0;-;-
30.11.2019;06:00;07:00;-;-;0;-;-
30.11.2019;07:00;08:00;-;-;0;-;-
30.11.2019;08:00;09:00;-;-;0;-;-
30.11.2019;09:00;10:00;-;-;0;-;-
30.11.2019;10:00;11:00;-;-;0;-;-
30.11.2019;11:00;12:00;-;-;0;-;-
30.11.2019;12:00;13:00;-;-;0;-;-
30.11.2019;13:00;14:00;-;-;0;-;-
30.11.2019;14:00;15:00;-;-;0;-;-
30.11.2019;15:00;16:00;-;-;0;-;-
30.11.2019;16:00;17:00;-;-;0;-;-
30.11.2019;17:00;18:00;-;-;0;-;-
30.11.2019;18:00;19:00;-;-;0;-;-
30.11.2019;19:00;20:00;-;-;0;-;-
30.11.2019;20:00;21:00;-;-;0;-;-
30.11.2019;21:00;22:00;-;-;0;-;-
30.11.2019;22:00;23:00;-;-;0;-;-
30.11.2019;23:00;00:00;-;-;0;-;-
01.12.2019;00:00;01:00;-;-;0;-;-
01.12.2019;01:00;02:00;-;-;0;-;-
01.12.2019;02:00;03:00;-;-;0;-;-
01.12.2019;03:00;04:00;-;-;0;-;-
01.12.2019;04:00;05:00;-;-;0;-;-
01.12.2019;05:00;06:00;-;-;0;-;-
01.12.2019;06:00;07:00;-;-;0;-;-
01.12.2019;07:00;08:00;-;-;0;-;-
01.12.2019;08:00;09:00;-;-;0;-;-
01.12.2019;09:00;10:00;-;-;0;-;-
01.12.2019;10:00;11:00;-;-;0;-;-
01.12.2019;11:00;12:00;-;-;0;-;-
01.12.2019;12:00;13:00;-;-;0;-;-
01.12.2019;13:00;14:00;-;-;0;-;-
01.12.2019;14:00;15:00;-;-;0;-;-
01.12.2019;15:00;16:00;-;-;0;-;-
01.12.2019;16:00;17:00;-;-;0;-;-
01.12.2019;17:00;18:00;-;-;0;-;-
01.12.2019;18:00;19:00;-;-;0;-;-
01.12.2019;19:00;20:00;-;-;0;-;-
01.12.2019;20:00;21:00;-;-;0;-;-
01.12.2019;21:00;22:00;-;-;0;-;-
01.12.2019;22:00;23:00;-;-;0;-;-
01.12.2019;23:00;00:00;-;-;0;-;-
02.12.2019;00:00;01:00;-;-;0;-;-
02.12.2019;01:00;02:00;-;-;0;-;-
02.12.2019;02:00;03:00;-;-;0;-;-
02.12.2019;03:00;04:00;-;-;0;-;-
02.12.2019;04:00;05:00;-;-;0;-;-
02.12.2019;05:00;06:00;-;-;0;-;-
02.12.2019;06:00;07:00;-;-;0;-;-
02.12.2019;07:00;08:00;-;-;0;-;-
02.12.2019;08:00;09:00;-;-;0;-;-
02.12.2019;09:00;10:00;-;-;0;-;-
02.12.2019;10:00;11:00;-;-;0;-;-
02.12.2019;11:00;12:00;-;-;0;-;-
02.12.2019;12:00;13:00;-;-;0;-;-
02.12.2019;13:00;14:00;-;-;0;-;-
02.12.2019;14:00;15:00;-;-;0;-;-
02.12.2019;15:00;16:00;-;-;0;-;-
02.12.2019;16:00;17:00;-;-;0;-;-
02.12.2019;17:00;18:00;-;-;0;-;-
02.12.2019;18:00;19:00;-;-;0;-;-
02.12.2019;19:00;20:00;-;-;0;-;-
02.12.2019;20:00;21:00;-;-;0;-;-
02.12.2019;21:00;22:00;-;-;0;-;-
02.12.2019;22:00;23:00;-;-;0;-;-
02.12.2019;23:00;00:00;-;-;0;-;-
03.12.2019;00:00;01:00;-;-;0;-;-
03.12.2019;01:00;02:00;-;-;0;-;-
03.12.2019;02:00;03:00;-;-;0;-;-
03.12.2019;03:00;04:00;-;-;0;-;-
03.12.2019;04:00;05:00;-;-;0;-;-
03.12.2019;05:00;06:00;-;-;0;-;-
03.12.2019;06:00;07:00;-;-;0;-;-
03.12.2019;07:00;08:00;-;-;0;-;-
03.12.2019;08:00;09:00;-;-;0;-;-
03.12.2019;09:00;10:00;-;-;0;-;-
03.12.2019;10:00;11:00;-;-;0;-;-
03.12.2019;11:00;12:00;-;-;0;-;-
03.12.2019;12:00;13:00;-;-;0;-;-
03.12.2019;13:00;14:00;-;-;0;-;-
03.12.2019;14:00;15:00;-;-;0;-;-
03.12.2019;15:00;16:00;-;-;0;-;-
03.12.2019;16:00;17:00;-;-;0;-;-
03.12.2019;17:00;18:00;-;-;0;-;-
03.12.2019;18:00;19:00;-;-;0;-;-
03.12.2019;19:00;20:00;-;-;0;-;-
03.12.2019;20:00;21:00;-;-;0;-;-
03.12.2019;21:00;22:00;-;-;0;-;-
03.12.2019;22:00;23:00;-;-;0;-;-
03.12.2019;23:00;00:00;-;-;0;-;-
04.12.2019;00:00;01:00;-;-;0;-;-
04.12.2019;01:00;02:00;-;-;0;-;-
04.12.2019;02:00;03:00;-;-;0;-;-
04.12.2019;03:00;04:00;-;-;0;-;-
04.12.2019;04:00;05:00;-;-;0;-;-
04.12.2019;05:00;06:00;-;-;0;-;-
04.12.2019;06:00;07:00;-;-;0;-;-
04.12.2019;07:00;08:00;-;-;0;-;-
04.12.2019;08:00;09:00;-;-;0;-;-
04.12.2019;09:00;10:00;-;-;0;-;-
04.12.2019;10:00;11:00;-;-;0;-;-
04.12.2019;11:00;12:00;-;-;0;-;-
04.12.2019;12:00;13:00;-;-;0;-;-
04.12.2019;13:00;14:00;-;-;0;-;-
04.12.2019;14:00;15:00;-;-;0;-;-
04.12.2019;15:00;16:00;-;-;0;-;-
04.12.2019;16:00;17:00;-;-;0;-;-
04.12.2019;17:00;18:00;-;-;0;-;-
04.12.2019;18:00;19:00;-;-;0;-;-
04.12.2019;19:00;20:00;-;-;0;-;-
04.12.2019;20:00;21:00;-;-;0;-;-
04.12.2019;21:00;22:00;-;-;0;-;-
04.12.2019;22:00;23:00;-;-;0;-;-
04.12.2019;23:00;00:00;-;-;0;-;-
05.12.2019;00:00;01:00;-;-;0;-;-
05.12.2019;01:00;02:00;-;-;0;-;-
05.12.2019;02:00;03:00;-;-;0;-;-
05.12.2019;03:00;04:00;-;-;0;-;-
05.12.2019;04:00;05:00;-;-;0;-;-
05.12.2019;05:00;06:00;-;-;0;-;-
05.12.2019;06:00;07:00;-;-;0;-;-
05.12.2019;07:00;08:00;-;-;0;-;-
05.12.2019;08:00;09:00;-;-;0;-;-
05.12.2019;09:00;10:00;-;-;0;-;-
05.12.2019;10:00;11:00;-;-;0;-;-
05.12.2019;11:00;12:00;-;-;0;-;-
05.12.2019;12:00;13:00;-;-;0;-;-
05.12.2019;13:00;14:00;-;-;0;-;-
05.12.2019;14:00;15:00;-;-;0;-;-
05.12.2019;15:00;16:00;-;-;0;-;-
05.12.2019;16:00;17:00;-;-;0;-;-
05.12.2019;17:00;18:00;-;-;0;-;-
05.12.2019;18:00;19:00;-;-;0;-;-
05.12.2019;19:00;20:00;-;-;0;-;-
05.12.2019;20:00;21:00;-;-;0;-;-
05.12.2019;21:00;22:00;-;-;0;-;-
05.12.2019;22:00;23:00;-;-;0;-;-
05.12.2019;23:00;00:00;-;-;0;-;-
06.12.2019;00:00;01:00;-;-;0;-;-
06.12.2019;01:00;02:00;-;-;0;-;-
06.12.2019;02:00;03:00;-;-;0;-;-
06.12.2019;03:00;04:00;-;-;0;-;-
06.12.2019;04:00;05:00;-;-;0;-;-
06.12.2019;05:00;06:00;-;-;0;-;-
06.12.2019;06:00;07:00;-;-;0;-;-
06.12.2019;07:00;08:00;-;-;0;-;-
06.12.2019;08:00;09:00;-;-;0;-;-
06.12.2019;09:00;10:00;-;-;0;-;-
06.12.2019;10:00;11:00;-;-;0;-;-
06.12.2019;11:00;12:00;-;-;0;-;-
06.12.2019;12:00;13:00;-;-;0;-;-
06.12.2019;13:00;14:00;-;-;0;-;-
06.12.2019;14:00;15:00;-;-;0;-;-
06.12.2019;15:00;16:00;-;-;0;-;-
06.12.2019;16:00;17:00;-;-;0;-;-
06.12.2019;17:00;18:00;-;-;0;-;-
06.12.2019;18:00;19:00;-;-;0;-;-
06.12.2019;19:00;20:00;-;-;0;-;-
06.12.2019;20:00;21:00;-;-;0;-;-
06.12.2019;21:00;22:00;-;-;0;-;-
06.12.2019;22:00;23:00;-;-;0;-;-
06.12.2019;23:00;00:00;-;-;0;-;-
07.12.2019;00:00;01:00;-;-;0;-;-
07.12.2019;01:00;02:00;-;-;0;-;-
07.12.2019;02:00;03:00;-;-;0;-;-
07.12.2019;03:00;04:00;-;-;0;-;-
07.12.2019;04:00;05:00;-;-;0;-;-
07.12.2019;05:00;06:00;-;-;0;-;-
07.12.2019;06:00;07:00;-;-;0;-;-
07.12.2019;07:00;08:00;-;-;0;-;-
07.12.2019;08:00;09:00;-;-;0;-;-
07.12.2019;09:00;10:00;-;-;0;-;-
07.12.2019;10:00;11:00;-;-;0;-;-
07.12.2019;11:00;12:00;-;-;0;-;-
07.12.2019;12:00;13:00;-;-;0;-;-
07.12.2019;13:00;14:00;-;-;0;-;-
07.12.2019;14:00;15:00;-;-;0;-;-
07.12.2019;15:00;16:00;-;-;0;-;-
07.12.2019;16:00;17:00;-;-;0;-;-
07.12.2019;17:00;18:00;-;-;0;-;-
07.12.2019;18:00;19:00;-;-;0;-;-
07.12.2019;19:00;20:00;-;-;0;-;-
07.12.2019;20:00;21:00;-;-;0;-;-
07.12.2019;21:00;22:00;-;-;0;-;-
07.12.2019;22:00;23:00;-;-;0;-;-
07.12.2019;23:00;00:00;-;-;0;-;-
08.12.2019;00:00;01:00;-;-;0;-;-
08.12.2019;01:00;02:00;-;-;0;-;-
08.12.2019;02:00;03:00;-;-;0;-;-
08.12.2019;03:00;04:00;-;-;0;-;-
08.12.2019;04:00;05:00;-;-;0;-;-
08.12.2019;05:00;06:00;-;-;0;-;-
08.12.2019;06:00;07:00;-;-;0;-;-
08.12.2019;07:00;08:00;-;-;0;-;-
08.12.2019;08:00;09:00;-;-;0;-;-
08.12.2019;09:00;10:00;-;-;0;-;-
08.12.2019;10:00;11:00;-;-;0;-;-
08.12.2019;11:00;12:00;-;-;0;-;-
08.12.2019;12:00;13:00;-;-;0;-;-
08.12.2019;13:00;14:00;-;-;0;-;-
08.12.2019;14:00;15:00;-;-;0;-;-
08.12.2019;15:00;16:00;-;-;0;-;-
08.12.2019;16:00;17:00;-;-;0;-;-
08.12.2019;17:00;18:00;-;-;0;-;-
08.12.2019;18:00;19:00;-;-;0;-;-
08.12.2019;19:00;20:00;-;-;0;-;-
08.12.2019;20:00;21:00;-;-;0;-;-
08.12.2019;21:00;22:00;-;-;0;-;-
08.12.2019;22:00;23:00;-;-;0;-;-
08.12.2019;23:00;00:00;-;-;0;-;-
09.12.2019;00:00;01:00;-;-;0;-;-
09.12.2019;01:00;02:00;-;-;0;-;-
09.12.2019;02:00;03:00;-;-;0;-;-
09.12.2019;03:00;04:00;-;-;0;-;-
09.12.2019;04:00;05:00;-;-;0;-;-
09.12.2019;05:00;06:00;-;-;0;-;-
09.12.2019;06:00;07:00;-;-;0;-;-
09.12.2019;07:00;08:00;-;-;0;-;-
09.12.2019;08:00;09:00;-;-;0;-;-
09.12.2019;09:00;10:00;-;-;0;-;-
09.12.2019;10:00;11:00;-;-;0;-;-
09.12.2019;11:00;12:00;-;-;0;-;-
09.12.2019;12:00;13:00;-;-;0;-;-
09.12.2019;13:00;14:00;-;-;0;-;-
09.12.2019;14:00;15:00;-;-;0;-;-
09.12.2019;15:00;16:00;-;-;0;-;-
09.12.2019;16:00;17:00;-;-;0;-;-
09.12.2019;17:00;18:00;-;-;0;-;-
09.12.2019;18:00;19:00;-;-;0;-;-
09.12.2019;19:00;20:00;-;-;0;-;-
09.12.2019;20:00;21:00;-;-;0;-;-
09.12.2019;21:00;22:00;-;-;0;-;-
09.12.2019;22:00;23:00;-;-;0;-;-
09.12.2019;23:00;00:00;-;-;0;-;-
10.12.2019;00:00;01:00;-;-;0;-;-
10.12.2019;01:00;02:00;-;-;0;-;-
10.12.2019;02:00;03:00;-;-;0;-;-
10.12.2019;03:00;04:00;-;-;0;-;-
10.12.2019;04:00;05:00;-;-;0;-;-
10.12.2019;05:00;06:00;-;-;0;-;-
10.12.2019;06:00;07:00;-;-;0;-;-
10.12.2019;07:00;08:00;-;-;0;-;-
10.12.2019;08:00;09:00;-;-;0;-;-
10.12.2019;09:00;10:00;-;-;0;-;-
10.12.2019;10:00;11:00;-;-;0;-;-
10.12.2019;11:00;12:00;-;-;0;-;-
10.12.2019;12:00;13:00;-;-;0;-;-
10.12.2019;13:00;14:00;-;-;0;-;-
10.12.2019;14:00;15:00;-;-;0;-;-
10.12.2019;15:00;16:00;-;-;0;-;-
10.12.2019;16:00;17:00;-;-;0;-;-
10.12.2019;17:00;18:00;-;-;0;-;-
10.12.2019;18:00;19:00;-;-;0;-;-
10.12.2019;19:00;20:00;-;-;0;-;-
10.12.2019;20:00;21:00;-;-;0;-;-
10.12.2019;21:00;22:00;-;-;0;-;-
10.12.2019;22:00;23:00;-;-;0;-;-
10.12.2019;23:00;00:00;-;-;0;-;-
11.12.2019;00:00;01:00;-;-;0;-;-
11.12.2019;01:00;02:00;-;-;0;-;-
11.12.2019;02:00;03:00;-;-;0;-;-
11.12.2019;03:00;04:00;-;-;0;-;-
11.12.2019;04:00;05:00;-;-;0;-;-
11.12.2019;05:00;06:00;-;-;0;-;-
11.12.2019;06:00;07:00;-;-;0;-;-
11.12.2019;07:00;08:00;-;-;0;-;-
11.12.2019;08:00;09:00;-;-;0;-;-
11.12.2019;09:00;10:00;-;-;0;-;-
11.12.2019;10:00;11:00;-;-;0;-;-
11.12.2019;11:00;12:00;-;-;0;-;-
11.12.2019;12:00;13:00;-;-;0;-;-
11.12.2019;13:00;14:00;-;-;0;-;-
11.12.2019;14:00;15:00;-;-;0;-;-
11.12.2019;15:00;16:00;-;-;0;-;-
11.12.2019;16:00;17:00;-;-;0;-;-
11.12.2019;17:00;18:00;-;-;0;-;-
11.12.2019;18:00;19:00;-;-;0;-;-
11.12.2019;19:00;20:00;-;-;0;-;-
11.12.2019;20:00;21:00;-;-;0;-;-
11.12.2019;21:00;22:00;-;-;0;-;-
11.12.2019;22:00;23:00;-;-;0;-;-
11.12.2019;23:00;00:00;-;-;0;-;-
12.12.2019;00:00;01:00;-;-;0;-;-
12.12.2019;01:00;02:00;-;-;0;-;-
12.12.2019;02:00;03:00;-;-;0;-;-
12.12.2019;03:00;04:00;-;-;0;-;-
12.12.2019;04:00;05:00;-;-;0;-;-
12.12.2019;05:00;06:00;-;-;0;-;-
12.12.2019;06:00;07:00;-;-;0;-;-
12.12.2019;07:00;08:00;-;-;0;-;-
12.12.2019;08:00;09:00;-;-;0;-;-
12.12.2019;09:00;10:00;-;-;0;-;-
12.12.2019;10:00;11:00;-;-;0;-;-
12.12.2019;11:00;12:00;-;-;0;-;-
12.12.2019;12:00;13:00;-;-;0;-;-
12.12.2019;13:00;14:00;-;-;0;-;-
12.12.2019;14:00;15:00;-;-;0;-;-
12.12.2019;15:00;16:00;-;-;0;-;-
12.12.2019;16:00;17:00;-;-;0;-;-
12.12.2019;17:00;18:00;-;-;0;-;-
12.12.2019;18:00;19:00;-;-;0;-;-
12.12.2019;19:00;20:00;-;-;0;-;-
12.12.2019;20:00;21:00;-;-;0;-;-
12.12.2019;21:00;22:00;-;-;0;-;-
12.12.2019;22:00;23:00;-;-;0;-;-
12.12.2019;23:00;00:00;-;-;0;-;-
13.12.2019;00:00;01:00;-;-;0;-;-
13.12.2019;01:00;02:00;-;-;0;-;-
13.12.2019;02:00;03:00;-;-;0;-;-
13.12.2019;03:00;04:00;-;-;0;-;-
13.12.2019;04:00;05:00;-;-;0;-;-
13.12.2019;05:00;06:00;-;-;0;-;-
13.12.2019;06:00;07:00;-;-;0;-;-
13.12.2019;07:00;08:00;-;-;0;-;-
13.12.2019;08:00;09:00;-;-;0;-;-
13.12.2019;09:00;10:00;-;-;0;-;-
13.12.2019;10:00;11:00;-;-;0;-;-
13.12.2019;11:00;12:00;-;-;60;-;-
13.12.2019;12:00;13:00;-;-;60;-;-
13.12.2019;13:00;14:00;-;-;60;-;-
13.12.2019;14:00;15:00;-;-;60;-;-
13.12.2019;15:00;16:00;-;-;60;-;-
13.12.2019;16:00;17:00;-;-;60;-;-
13.12.2019;17:00;18:00;-;-;60;-;-
13.12.2019;18:00;19:00;-;-;60;-;-
13.12.2019;19:00;20:00;-;-;60;-;-
13.12.2019;20:00;21:00;-;-;59;-;-
13.12.2019;21:00;22:00;-;-;52;-;-
13.12.2019;22:00;23:00;-;-;2;-;-
13.12.2019;23:00;00:00;-;-;0;-;-
14.12.2019;00:00;01:00;-;-;0;-;-
14.12.2019;01:00;02:00;-;-;0;-;-
14.12.2019;02:00;03:00;-;-;0;-;-
14.12.2019;03:00;04:00;-;-;0;-;-
14.12.2019;04:00;05:00;-;-;0;-;-
14.12.2019;05:00;06:00;-;-;0;-;-
14.12.2019;06:00;07:00;-;-;0;-;-
14.12.2019;07:00;08:00;-;-;0;-;-
14.12.2019;08:00;09:00;-;-;0;-;-
14.12.2019;09:00;10:00;-;-;0;-;-
14.12.2019;10:00;11:00;-;-;0;-;-
14.12.2019;11:00;12:00;-;-;0;-;-
14.12.2019;12:00;13:00;-;-;0;-;-
14.12.2019;13:00;14:00;-;-;0;-;-
14.12.2019;14:00;15:00;-;-;0;-;-
14.12.2019;15:00;16:00;-;-;0;-;-
14.12.2019;16:00;17:00;-;-;0;-;-
14.12.2019;17:00;18:00;-;-;0;-;-
14.12.2019;18:00;19:00;-;-;0;-;-
14.12.2019;19:00;20:00;-;-;0;-;-
14.12.2019;20:00;21:00;-;-;0;-;-
14.12.2019;21:00;22:00;-;-;0;-;-
14.12.2019;22:00;23:00;-;-;0;-;-
14.12.2019;23:00;00:00;-;-;0;-;-
15.12.2019;00:00;01:00;-;-;0;-;-
15.12.2019;01:00;02:00;-;-;0;-;-
15.12.2019;02:00;03:00;-;-;0;-;-
15.12.2019;03:00;04:00;-;-;0;-;-
15.12.2019;04:00;05:00;-;-;0;-;-
15.12.2019;05:00;06:00;-;-;0;-;-
15.12.2019;06:00;07:00;-;-;0;-;-
15.12.2019;07:00;08:00;-;-;0;-;-
15.12.2019;08:00;09:00;-;-;0;-;-
15.12.2019;09:00;10:00;-;-;0;-;-
15.12.2019;10:00;11:00;-;-;0;-;-
15.12.2019;11:00;12:00;-;-;0;-;-
15.12.2019;12:00;13:00;-;-;0;-;-
15.12.2019;13:00;14:00;-;-;0;-;-
15.12.2019;14:00;15:00;-;-;0;-;-
15.12.2019;15:00;16:00;-;-;0;-;-
15.12.2019;16:00;17:00;-;-;0;-;-
15.12.2019;17:00;18:00;-;-;0;-;-
15.12.2019;18:00;19:00;-;-;0;-;-
15.12.2019;19:00;20:00;-;-;0;-;-
15.12.2019;20:00;21:00;-;-;0;-;-
15.12.2019;21:00;22:00;-;-;0;-;-
15.12.2019;22:00;23:00;-;-;0;-;-
15.12.2019;23:00;00:00;-;-;0;-;-
16.12.2019;00:00;01:00;-;-;0;-;-
16.12.2019;01:00;02:00;-;-;0;-;-
16.12.2019;02:00;03:00;-;-;0;-;-
16.12.2019;03:00;04:00;-;-;54;-;-
16.12.2019;04:00;05:00;-;-;51;-;-
16.12.2019;05:00;06:00;-;-;50;-;-
16.12.2019;06:00;07:00;-;-;51;-;-
16.12.2019;07:00;08:00;-;-;58;-;-
16.12.2019;08:00;09:00;-;-;58;-;-
16.12.2019;09:00;10:00;-;-;58;-;-
16.12.2019;10:00;11:00;-;-;58;-;-
16.12.2019;11:00;12:00;-;-;58;-;-
16.12.2019;12:00;13:00;-;-;58;-;-
16.12.2019;13:00;14:00;-;-;58;-;-
16.12.2019;14:00;15:00;-;-;58;-;-
16.12.2019;15:00;16:00;-;-;59;-;-
16.12.2019;16:00;17:00;-;-;60;-;-
16.12.2019;17:00;18:00;-;-;61;-;-
16.12.2019;18:00;19:00;-;-;61;-;-
16.12.2019;19:00;20:00;-;-;61;-;-
16.12.2019;20:00;21:00;-;-;60;-;-
16.12.2019;21:00;22:00;-;-;60;-;-
16.12.2019;22:00;23:00;-;-;59;-;-
16.12.2019;23:00;00:00;-;-;59;-;-
17.12.2019;00:00;01:00;-;-;58;-;-
17.12.2019;01:00;02:00;-;-;51;-;-
17.12.2019;02:00;03:00;-;-;51;-;-
17.12.2019;03:00;04:00;-;-;51;-;-
17.12.2019;04:00;05:00;-;-;51;-;-
17.12.2019;05:00;06:00;-;-;56;-;-
17.12.2019;06:00;07:00;-;-;56;-;-
17.12.2019;07:00;08:00;-;-;56;-;-
17.12.2019;08:00;09:00;-;-;56;-;-
17.12.2019;09:00;10:00;-;-;56;-;-
17.12.2019;10:00;11:00;-;-;56;-;-
17.12.2019;11:00;12:00;-;-;56;-;-
17.12.2019;12:00;13:00;-;-;56;-;-
17.12.2019;13:00;14:00;-;-;51;-;-
17.12.2019;14:00;15:00;-;-;53;-;-
17.12.2019;15:00;16:00;-;-;52;-;-
17.12.2019;16:00;17:00;-;-;52;-;-
17.12.2019;17:00;18:00;-;-;52;-;-
17.12.2019;18:00;19:00;-;-;52;-;-
17.12.2019;19:00;20:00;-;-;52;-;-
17.12.2019;20:00;21:00;-;-;52;-;-
17.12.2019;21:00;22:00;-;-;52;-;-
17.12.2019;22:00;23:00;-;-;52;-;-
17.12.2019;23:00;00:00;-;-;52;-;-
18.12.2019;00:00;01:00;-;-;52;-;-
18.12.2019;01:00;02:00;-;-;52;-;-
18.12.2019;02:00;03:00;-;-;52;-;-
18.12.2019;03:00;04:00;-;-;51;-;-
18.12.2019;04:00;05:00;-;-;51;-;-
18.12.2019;05:00;06:00;-;-;51;-;-
18.12.2019;06:00;07:00;-;-;51;-;-
18.12.2019;07:00;08:00;-;-;52;-;-
18.12.2019;08:00;09:00;-;-;52;-;-
18.12.2019;09:00;10:00;-;-;52;-;-
18.12.2019;10:00;11:00;-;-;56;-;-
18.12.2019;11:00;12:00;-;-;56;-;-
18.12.2019;12:00;13:00;-;-;56;-;-
18.12.2019;13:00;14:00;-;-;56;-;-
18.12.2019;14:00;15:00;-;-;56;-;-
18.12.2019;15:00;16:00;-;-;55;-;-
18.12.2019;16:00;17:00;-;-;61;-;-
18.12.2019;17:00;18:00;-;-;59;-;-
18.12.2019;18:00;19:00;-;-;58;-;-
18.12.2019;19:00;20:00;-;-;58;-;-
18.12.2019;20:00;21:00;-;-;56;-;-
18.12.2019;21:00;22:00;-;-;53;-;-
18.12.2019;22:00;23:00;-;-;52;-;-
18.12.2019;23:00;00:00;-;-;51;-;-
19.12.2019;00:00;01:00;-;-;53;-;-
19.12.2019;01:00;02:00;-;-;53;-;-
19.12.2019;02:00;03:00;-;-;53;-;-
19.12.2019;03:00;04:00;-;-;53;-;-
19.12.2019;04:00;05:00;-;-;52;-;-
19.12.2019;05:00;06:00;-;-;51;-;-
19.12.2019;06:00;07:00;-;-;55;-;-
19.12.2019;07:00;08:00;-;-;55;-;-
19.12.2019;08:00;09:00;-;-;55;-;-
19.12.2019;09:00;10:00;-;-;55;-;-
19.12.2019;10:00;11:00;-;-;55;-;-
19.12.2019;11:00;12:00;-;-;55;-;-
19.12.2019;12:00;13:00;-;-;55;-;-
19.12.2019;13:00;14:00;-;-;58;-;-
19.12.2019;14:00;15:00;-;-;56;-;-
19.12.2019;15:00;16:00;-;-;57;-;-
19.12.2019;16:00;17:00;-;-;54;-;-
19.12.2019;17:00;18:00;-;-;57;-;-
19.12.2019;18:00;19:00;-;-;57;-;-
19.12.2019;19:00;20:00;-;-;57;-;-
19.12.2019;20:00;21:00;-;-;57;-;-
19.12.2019;21:00;22:00;-;-;57;-;-
19.12.2019;22:00;23:00;-;-;57;-;-
19.12.2019;23:00;00:00;-;-;57;-;-
20.12.2019;00:00;01:00;-;-;57;-;-
20.12.2019;01:00;02:00;-;-;57;-;-
20.12.2019;02:00;03:00;-;-;57;-;-
20.12.2019;03:00;04:00;-;-;56;-;-
20.12.2019;04:00;05:00;-;-;56;-;-
20.12.2019;05:00;06:00;-;-;60;-;-
20.12.2019;06:00;07:00;-;-;60;-;-
20.12.2019;07:00;08:00;-;-;60;-;-
20.12.2019;08:00;09:00;-;-;60;-;-
20.12.2019;09:00;10:00;-;-;60;-;-
20.12.2019;10:00;11:00;-;-;60;-;-
20.12.2019;11:00;12:00;-;-;60;-;-
20.12.2019;12:00;13:00;-;-;60;-;-
20.12.2019;13:00;14:00;-;-;60;-;-
20.12.2019;14:00;15:00;-;-;60;-;-
20.12.2019;15:00;16:00;-;-;60;-;-
20.12.2019;16:00;17:00;-;-;60;-;-
20.12.2019;17:00;18:00;-;-;60;-;-
20.12.2019;18:00;19:00;-;-;60;-;-
20.12.2019;19:00;20:00;-;-;10;-;-
20.12.2019;20:00;21:00;-;-;0;-;-
20.12.2019;21:00;22:00;-;-;0;-;-
20.12.2019;22:00;23:00;-;-;0;-;-
20.12.2019;23:00;00:00;-;-;0;-;-
21.12.2019;00:00;01:00;-;-;0;-;-
21.12.2019;01:00;02:00;-;-;0;-;-
21.12.2019;02:00;03:00;-;-;0;-;-
21.12.2019;03:00;04:00;-;-;0;-;-
21.12.2019;04:00;05:00;-;-;0;-;-
21.12.2019;05:00;06:00;-;-;0;-;-
21.12.2019;06:00;07:00;-;-;0;-;-
21.12.2019;07:00;08:00;-;-;0;-;-
21.12.2019;08:00;09:00;-;-;0;-;-
21.12.2019;09:00;10:00;-;-;0;-;-
21.12.2019;10:00;11:00;-;-;0;-;-
21.12.2019;11:00;12:00;-;-;0;-;-
21.12.2019;12:00;13:00;-;-;0;-;-
21.12.2019;13:00;14:00;-;-;0;-;-
21.12.2019;14:00;15:00;-;-;0;-;-
21.12.2019;15:00;16:00;-;-;0;-;-
21.12.2019;16:00;17:00;-;-;0;-;-
21.12.2019;17:00;18:00;-;-;0;-;-
21.12.2019;18:00;19:00;-;-;0;-;-
21.12.2019;19:00;20:00;-;-;0;-;-
21.12.2019;20:00;21:00;-;-;0;-;-
21.12.2019;21:00;22:00;-;-;0;-;-
21.12.2019;22:00;23:00;-;-;0;-;-
21.12.2019;23:00;00:00;-;-;0;-;-
22.12.2019;00:00;01:00;-;-;0;-;-
22.12.2019;01:00;02:00;-;-;0;-;-
22.12.2019;02:00;03:00;-;-;0;-;-
22.12.2019;03:00;04:00;-;-;0;-;-
22.12.2019;04:00;05:00;-;-;0;-;-
22.12.2019;05:00;06:00;-;-;0;-;-
22.12.2019;06:00;07:00;-;-;0;-;-
22.12.2019;07:00;08:00;-;-;0;-;-
22.12.2019;08:00;09:00;-;-;0;-;-
22.12.2019;09:00;10:00;-;-;0;-;-
22.12.2019;10:00;11:00;-;-;0;-;-
22.12.2019;11:00;12:00;-;-;0;-;-
22.12.2019;12:00;13:00;-;-;0;-;-
22.12.2019;13:00;14:00;-;-;0;-;-
22.12.2019;14:00;15:00;-;-;0;-;-
22.12.2019;15:00;16:00;-;-;0;-;-
22.12.2019;16:00;17:00;-;-;0;-;-
22.12.2019;17:00;18:00;-;-;0;-;-
22.12.2019;18:00;19:00;-;-;0;-;-
22.12.2019;19:00;20:00;-;-;0;-;-
22.12.2019;20:00;21:00;-;-;0;-;-
22.12.2019;21:00;22:00;-;-;0;-;-
22.12.2019;22:00;23:00;-;-;0;-;-
22.12.2019;23:00;00:00;-;-;0;-;-
23.12.2019;00:00;01:00;-;-;0;-;-
23.12.2019;01:00;02:00;-;-;0;-;-
23.12.2019;02:00;03:00;-;-;0;-;-
23.12.2019;03:00;04:00;-;-;0;-;-
23.12.2019;04:00;05:00;-;-;0;-;-
23.12.2019;05:00;06:00;-;-;0;-;-
23.12.2019;06:00;07:00;-;-;0;-;-
23.12.2019;07:00;08:00;-;-;0;-;-
23.12.2019;08:00;09:00;-;-;0;-;-
23.12.2019;09:00;10:00;-;-;0;-;-
23.12.2019;10:00;11:00;-;-;0;-;-
23.12.2019;11:00;12:00;-;-;0;-;-
23.12.2019;12:00;13:00;-;-;0;-;-
23.12.2019;13:00;14:00;-;-;0;-;-
23.12.2019;14:00;15:00;-;-;0;-;-
23.12.2019;15:00;16:00;-;-;0;-;-
23.12.2019;16:00;17:00;-;-;0;-;-
23.12.2019;17:00;18:00;-;-;0;-;-
23.12.2019;18:00;19:00;-;-;0;-;-
23.12.2019;19:00;20:00;-;-;0;-;-
23.12.2019;20:00;21:00;-;-;0;-;-
23.12.2019;21:00;22:00;-;-;0;-;-
23.12.2019;22:00;23:00;-;-;0;-;-
23.12.2019;23:00;00:00;-;-;0;-;-
24.12.2019;00:00;01:00;-;-;0;-;-
24.12.2019;01:00;02:00;-;-;0;-;-
24.12.2019;02:00;03:00;-;-;0;-;-
24.12.2019;03:00;04:00;-;-;0;-;-
24.12.2019;04:00;05:00;-;-;0;-;-
24.12.2019;05:00;06:00;-;-;0;-;-
24.12.2019;06:00;07:00;-;-;0;-;-
24.12.2019;07:00;08:00;-;-;0;-;-
24.12.2019;08:00;09:00;-;-;0;-;-
24.12.2019;09:00;10:00;-;-;0;-;-
24.12.2019;10:00;11:00;-;-;0;-;-
24.12.2019;11:00;12:00;-;-;0;-;-
24.12.2019;12:00;13:00;-;-;0;-;-
24.12.2019;13:00;14:00;-;-;0;-;-
24.12.2019;14:00;15:00;-;-;0;-;-
24.12.2019;15:00;16:00;-;-;0;-;-
24.12.2019;16:00;17:00;-;-;0;-;-
24.12.2019;17:00;18:00;-;-;0;-;-
24.12.2019;18:00;19:00;-;-;0;-;-
24.12.2019;19:00;20:00;-;-;0;-;-
24.12.2019;20:00;21:00;-;-;0;-;-
24.12.2019;21:00;22:00;-;-;0;-;-
24.12.2019;22:00;23:00;-;-;0;-;-
24.12.2019;23:00;00:00;-;-;0;-;-
25.12.2019;00:00;01:00;-;-;0;-;-
25.12.2019;01:00;02:00;-;-;0;-;-
25.12.2019;02:00;03:00;-;-;0;-;-
25.12.2019;03:00;04:00;-;-;0;-;-
25.12.2019;04:00;05:00;-;-;0;-;-
25.12.2019;05:00;06:00;-;-;0;-;-
25.12.2019;06:00;07:00;-;-;0;-;-
25.12.2019;07:00;08:00;-;-;0;-;-
25.12.2019;08:00;09:00;-;-;0;-;-
25.12.2019;09:00;10:00;-;-;0;-;-
25.12.2019;10:00;11:00;-;-;0;-;-
25.12.2019;11:00;12:00;-;-;0;-;-
25.12.2019;12:00;13:00;-;-;0;-;-
25.12.2019;13:00;14:00;-;-;0;-;-
25.12.2019;14:00;15:00;-;-;0;-;-
25.12.2019;15:00;16:00;-;-;0;-;-
25.12.2019;16:00;17:00;-;-;0;-;-
25.12.2019;17:00;18:00;-;-;0;-;-
25.12.2019;18:00;19:00;-;-;0;-;-
25.12.2019;19:00;20:00;-;-;0;-;-
25.12.2019;20:00;21:00;-;-;0;-;-
25.12.2019;21:00;22:00;-;-;0;-;-
25.12.2019;22:00;23:00;-;-;0;-;-
25.12.2019;23:00;00:00;-;-;0;-;-
26.12.2019;00:00;01:00;-;-;0;-;-
26.12.2019;01:00;02:00;-;-;0;-;-
26.12.2019;02:00;03:00;-;-;0;-;-
26.12.2019;03:00;04:00;-;-;0;-;-
26.12.2019;04:00;05:00;-;-;0;-;-
26.12.2019;05:00;06:00;-;-;0;-;-
26.12.2019;06:00;07:00;-;-;0;-;-
26.12.2019;07:00;08:00;-;-;0;-;-
26.12.2019;08:00;09:00;-;-;0;-;-
26.12.2019;09:00;10:00;-;-;0;-;-
26.12.2019;10:00;11:00;-;-;0;-;-
26.12.2019;11:00;12:00;-;-;0;-;-
26.12.2019;12:00;13:00;-;-;0;-;-
26.12.2019;13:00;14:00;-;-;0;-;-
26.12.2019;14:00;15:00;-;-;0;-;-
26.12.2019;15:00;16:00;-;-;0;-;-
26.12.2019;16:00;17:00;-;-;0;-;-
26.12.2019;17:00;18:00;-;-;0;-;-
26.12.2019;18:00;19:00;-;-;0;-;-
26.12.2019;19:00;20:00;-;-;0;-;-
26.12.2019;20:00;21:00;-;-;0;-;-
26.12.2019;21:00;22:00;-;-;0;-;-
26.12.2019;22:00;23:00;-;-;0;-;-
26.12.2019;23:00;00:00;-;-;0;-;-
27.12.2019;00:00;01:00;-;-;0;-;-
27.12.2019;01:00;02:00;-;-;0;-;-
27.12.2019;02:00;03:00;-;-;0;-;-
27.12.2019;03:00;04:00;-;-;0;-;-
27.12.2019;04:00;05:00;-;-;0;-;-
27.12.2019;05:00;06:00;-;-;0;-;-
27.12.2019;06:00;07:00;-;-;0;-;-
27.12.2019;07:00;08:00;-;-;0;-;-
27.12.2019;08:00;09:00;-;-;0;-;-
27.12.2019;09:00;10:00;-;-;0;-;-
27.12.2019;10:00;11:00;-;-;0;-;-
27.12.2019;11:00;12:00;-;-;0;-;-
27.12.2019;12:00;13:00;-;-;0;-;-
27.12.2019;13:00;14:00;-;-;0;-;-
27.12.2019;14:00;15:00;-;-;0;-;-
27.12.2019;15:00;16:00;-;-;0;-;-
27.12.2019;16:00;17:00;-;-;0;-;-
27.12.2019;17:00;18:00;-;-;0;-;-
27.12.2019;18:00;19:00;-;-;0;-;-
27.12.2019;19:00;20:00;-;-;0;-;-
27.12.2019;20:00;21:00;-;-;0;-;-
27.12.2019;21:00;22:00;-;-;0;-;-
27.12.2019;22:00;23:00;-;-;0;-;-
27.12.2019;23:00;00:00;-;-;0;-;-
28.12.2019;00:00;01:00;-;-;0;-;-
28.12.2019;01:00;02:00;-;-;0;-;-
28.12.2019;02:00;03:00;-;-;0;-;-
28.12.2019;03:00;04:00;-;-;0;-;-
28.12.2019;04:00;05:00;-;-;0;-;-
28.12.2019;05:00;06:00;-;-;0;-;-
28.12.2019;06:00;07:00;-;-;0;-;-
28.12.2019;07:00;08:00;-;-;0;-;-
28.12.2019;08:00;09:00;-;-;0;-;-
28.12.2019;09:00;10:00;-;-;0;-;-
28.12.2019;10:00;11:00;-;-;0;-;-
28.12.2019;11:00;12:00;-;-;0;-;-
28.12.2019;12:00;13:00;-;-;0;-;-
28.12.2019;13:00;14:00;-;-;0;-;-
28.12.2019;14:00;15:00;-;-;0;-;-
28.12.2019;15:00;16:00;-;-;0;-;-
28.12.2019;16:00;17:00;-;-;0;-;-
28.12.2019;17:00;18:00;-;-;0;-;-
28.12.2019;18:00;19:00;-;-;0;-;-
28.12.2019;19:00;20:00;-;-;0;-;-
28.12.2019;20:00;21:00;-;-;0;-;-
28.12.2019;21:00;22:00;-;-;0;-;-
28.12.2019;22:00;23:00;-;-;0;-;-
28.12.2019;23:00;00:00;-;-;0;-;-
29.12.2019;00:00;01:00;-;-;0;-;-
29.12.2019;01:00;02:00;-;-;0;-;-
29.12.2019;02:00;03:00;-;-;0;-;-
29.12.2019;03:00;04:00;-;-;0;-;-
29.12.2019;04:00;05:00;-;-;0;-;-
29.12.2019;05:00;06:00;-;-;0;-;-
29.12.2019;06:00;07:00;-;-;0;-;-
29.12.2019;07:00;08:00;-;-;0;-;-
29.12.2019;08:00;09:00;-;-;0;-;-
29.12.2019;09:00;10:00;-;-;0;-;-
29.12.2019;10:00;11:00;-;-;0;-;-
29.12.2019;11:00;12:00;-;-;0;-;-
29.12.2019;12:00;13:00;-;-;0;-;-
29.12.2019;13:00;14:00;-;-;0;-;-
29.12.2019;14:00;15:00;-;-;0;-;-
29.12.2019;15:00;16:00;-;-;0;-;-
29.12.2019;16:00;17:00;-;-;0;-;-
29.12.2019;17:00;18:00;-;-;0;-;-
29.12.2019;18:00;19:00;-;-;0;-;-
29.12.2019;19:00;20:00;-;-;0;-;-
29.12.2019;20:00;21:00;-;-;0;-;-
29.12.2019;21:00;22:00;-;-;0;-;-
29.12.2019;22:00;23:00;-;-;0;-;-
29.12.2019;23:00;00:00;-;-;0;-;-
30.12.2019;00:00;01:00;-;-;0;-;-
30.12.2019;01:00;02:00;-;-;0;-;-
30.12.2019;02:00;03:00;-;-;0;-;-
30.12.2019;03:00;04:00;-;-;0;-;-
30.12.2019;04:00;05:00;-;-;0;-;-
30.12.2019;05:00;06:00;-;-;0;-;-
30.12.2019;06:00;07:00;-;-;0;-;-
30.12.2019;07:00;08:00;-;-;0;-;-
30.12.2019;08:00;09:00;-;-;1;-;-
30.12.2019;09:00;10:00;-;-;59;-;-
30.12.2019;10:00;11:00;-;-;60;-;-
30.12.2019;11:00;12:00;-;-;60;-;-
30.12.2019;12:00;13:00;-;-;60;-;-
30.12.2019;13:00;14:00;-;-;60;-;-
30.12.2019;14:00;15:00;-;-;60;-;-
30.12.2019;15:00;16:00;-;-;60;-;-
30.12.2019;16:00;17:00;-;-;60;-;-
30.12.2019;17:00;18:00;-;-;60;-;-
30.12.2019;18:00;19:00;-;-;60;-;-
30.12.2019;19:00;20:00;-;-;60;-;-
30.12.2019;20:00;21:00;-;-;60;-;-
30.12.2019;21:00;22:00;-;-;60;-;-
30.12.2019;22:00;23:00;-;-;60;-;-
30.12.2019;23:00;00:00;-;-;60;-;-
31.12.2019;00:00;01:00;-;-;60;-;-
31.12.2019;01:00;02:00;-;-;60;-;-
31.12.2019;02:00;03:00;-;-;60;-;-
31.12.2019;03:00;04:00;-;-;60;-;-
31.12.2019;04:00;05:00;-;-;60;-;-
31.12.2019;05:00;06:00;-;-;60;-;-
31.12.2019;06:00;07:00;-;-;60;-;-
31.12.2019;07:00;08:00;-;-;60;-;-
31.12.2019;08:00;09:00;-;-;60;-;-
31.12.2019;09:00;10:00;-;-;60;-;-
31.12.2019;10:00;11:00;-;-;60;-;-
31.12.2019;11:00;12:00;-;-;60;-;-
31.12.2019;12:00;13:00;-;-;60;-;-
31.12.2019;13:00;14:00;-;-;60;-;-
31.12.2019;14:00;15:00;-;-;60;-;-
31.12.2019;15:00;16:00;-;-;60;-;-
31.12.2019;16:00;17:00;-;-;60;-;-
31.12.2019;17:00;18:00;-;-;60;-;-
31.12.2019;18:00;19:00;-;-;60;-;-
31.12.2019;19:00;20:00;-;-;60;-;-
31.12.2019;20:00;21:00;-;-;60;-;-
31.12.2019;21:00;22:00;-;-;60;-;-
31.12.2019;22:00;23:00;-;-;59;-;-
31.12.2019;23:00;00:00;-;-;57;-;-
