Datum;Anfang;Ende;Generation_DE H4/5 [MW] Originalauflösungen
01.01.2018;00:00;01:00;0
01.01.2018;01:00;02:00;0
01.01.2018;02:00;03:00;0
01.01.2018;03:00;04:00;0
01.01.2018;04:00;05:00;0
01.01.2018;05:00;06:00;0
01.01.2018;06:00;07:00;0
01.01.2018;07:00;08:00;0
01.01.2018;08:00;09:00;0
01.01.2018;09:00;10:00;0
01.01.2018;10:00;11:00;0
01.01.2018;11:00;12:00;0
01.01.2018;12:00;13:00;0
01.01.2018;13:00;14:00;0
01.01.2018;14:00;15:00;0
01.01.2018;15:00;16:00;0
01.01.2018;16:00;17:00;0
01.01.2018;17:00;18:00;0
01.01.2018;18:00;19:00;0
01.01.2018;19:00;20:00;0
01.01.2018;20:00;21:00;0
01.01.2018;21:00;22:00;0
01.01.2018;22:00;23:00;0
01.01.2018;23:00;00:00;0
02.01.2018;00:00;01:00;0
02.01.2018;01:00;02:00;0
02.01.2018;02:00;03:00;0
02.01.2018;03:00;04:00;0
02.01.2018;04:00;05:00;0
02.01.2018;05:00;06:00;0
02.01.2018;06:00;07:00;0
02.01.2018;07:00;08:00;0
02.01.2018;08:00;09:00;0
02.01.2018;09:00;10:00;0
02.01.2018;10:00;11:00;0
02.01.2018;11:00;12:00;0
02.01.2018;12:00;13:00;0
02.01.2018;13:00;14:00;0
02.01.2018;14:00;15:00;0
02.01.2018;15:00;16:00;0
02.01.2018;16:00;17:00;0
02.01.2018;17:00;18:00;0
02.01.2018;18:00;19:00;0
02.01.2018;19:00;20:00;0
02.01.2018;20:00;21:00;0
02.01.2018;21:00;22:00;0
02.01.2018;22:00;23:00;0
02.01.2018;23:00;00:00;0
03.01.2018;00:00;01:00;0
03.01.2018;01:00;02:00;0
03.01.2018;02:00;03:00;0
03.01.2018;03:00;04:00;0
03.01.2018;04:00;05:00;0
03.01.2018;05:00;06:00;0
03.01.2018;06:00;07:00;0
03.01.2018;07:00;08:00;0
03.01.2018;08:00;09:00;0
03.01.2018;09:00;10:00;0
03.01.2018;10:00;11:00;0
03.01.2018;11:00;12:00;0
03.01.2018;12:00;13:00;0
03.01.2018;13:00;14:00;0
03.01.2018;14:00;15:00;0
03.01.2018;15:00;16:00;0
03.01.2018;16:00;17:00;0
03.01.2018;17:00;18:00;0
03.01.2018;18:00;19:00;0
03.01.2018;19:00;20:00;0
03.01.2018;20:00;21:00;0
03.01.2018;21:00;22:00;0
03.01.2018;22:00;23:00;0
03.01.2018;23:00;00:00;0
04.01.2018;00:00;01:00;0
04.01.2018;01:00;02:00;0
04.01.2018;02:00;03:00;0
04.01.2018;03:00;04:00;0
04.01.2018;04:00;05:00;0
04.01.2018;05:00;06:00;0
04.01.2018;06:00;07:00;0
04.01.2018;07:00;08:00;0
04.01.2018;08:00;09:00;0
04.01.2018;09:00;10:00;0
04.01.2018;10:00;11:00;0
04.01.2018;11:00;12:00;0
04.01.2018;12:00;13:00;0
04.01.2018;13:00;14:00;0
04.01.2018;14:00;15:00;0
04.01.2018;15:00;16:00;0
04.01.2018;16:00;17:00;0
04.01.2018;17:00;18:00;0
04.01.2018;18:00;19:00;0
04.01.2018;19:00;20:00;0
04.01.2018;20:00;21:00;0
04.01.2018;21:00;22:00;0
04.01.2018;22:00;23:00;0
04.01.2018;23:00;00:00;0
05.01.2018;00:00;01:00;0
05.01.2018;01:00;02:00;0
05.01.2018;02:00;03:00;0
05.01.2018;03:00;04:00;0
05.01.2018;04:00;05:00;0
05.01.2018;05:00;06:00;0
05.01.2018;06:00;07:00;0
05.01.2018;07:00;08:00;0
05.01.2018;08:00;09:00;0
05.01.2018;09:00;10:00;0
05.01.2018;10:00;11:00;0
05.01.2018;11:00;12:00;0
05.01.2018;12:00;13:00;0
05.01.2018;13:00;14:00;0
05.01.2018;14:00;15:00;0
05.01.2018;15:00;16:00;0
05.01.2018;16:00;17:00;0
05.01.2018;17:00;18:00;0
05.01.2018;18:00;19:00;0
05.01.2018;19:00;20:00;0
05.01.2018;20:00;21:00;0
05.01.2018;21:00;22:00;0
05.01.2018;22:00;23:00;0
05.01.2018;23:00;00:00;0
06.01.2018;00:00;01:00;0
06.01.2018;01:00;02:00;0
06.01.2018;02:00;03:00;0
06.01.2018;03:00;04:00;0
06.01.2018;04:00;05:00;0
06.01.2018;05:00;06:00;0
06.01.2018;06:00;07:00;0
06.01.2018;07:00;08:00;0
06.01.2018;08:00;09:00;0
06.01.2018;09:00;10:00;0
06.01.2018;10:00;11:00;0
06.01.2018;11:00;12:00;0
06.01.2018;12:00;13:00;0
06.01.2018;13:00;14:00;0
06.01.2018;14:00;15:00;0
06.01.2018;15:00;16:00;0
06.01.2018;16:00;17:00;0
06.01.2018;17:00;18:00;0
06.01.2018;18:00;19:00;0
06.01.2018;19:00;20:00;0
06.01.2018;20:00;21:00;0
06.01.2018;21:00;22:00;0
06.01.2018;22:00;23:00;0
06.01.2018;23:00;00:00;0
07.01.2018;00:00;01:00;0
07.01.2018;01:00;02:00;0
07.01.2018;02:00;03:00;0
07.01.2018;03:00;04:00;0
07.01.2018;04:00;05:00;0
07.01.2018;05:00;06:00;0
07.01.2018;06:00;07:00;0
07.01.2018;07:00;08:00;0
07.01.2018;08:00;09:00;0
07.01.2018;09:00;10:00;0
07.01.2018;10:00;11:00;0
07.01.2018;11:00;12:00;0
07.01.2018;12:00;13:00;0
07.01.2018;13:00;14:00;0
07.01.2018;14:00;15:00;0
07.01.2018;15:00;16:00;0
07.01.2018;16:00;17:00;0
07.01.2018;17:00;18:00;0
07.01.2018;18:00;19:00;0
07.01.2018;19:00;20:00;0
07.01.2018;20:00;21:00;0
07.01.2018;21:00;22:00;0
07.01.2018;22:00;23:00;0
07.01.2018;23:00;00:00;0
08.01.2018;00:00;01:00;0
08.01.2018;01:00;02:00;0
08.01.2018;02:00;03:00;0
08.01.2018;03:00;04:00;0
08.01.2018;04:00;05:00;0
08.01.2018;05:00;06:00;0
08.01.2018;06:00;07:00;0
08.01.2018;07:00;08:00;0
08.01.2018;08:00;09:00;0
08.01.2018;09:00;10:00;0
08.01.2018;10:00;11:00;0
08.01.2018;11:00;12:00;0
08.01.2018;12:00;13:00;0
08.01.2018;13:00;14:00;0
08.01.2018;14:00;15:00;0
08.01.2018;15:00;16:00;0
08.01.2018;16:00;17:00;0
08.01.2018;17:00;18:00;0
08.01.2018;18:00;19:00;0
08.01.2018;19:00;20:00;0
08.01.2018;20:00;21:00;0
08.01.2018;21:00;22:00;0
08.01.2018;22:00;23:00;0
08.01.2018;23:00;00:00;0
09.01.2018;00:00;01:00;0
09.01.2018;01:00;02:00;0
09.01.2018;02:00;03:00;0
09.01.2018;03:00;04:00;0
09.01.2018;04:00;05:00;0
09.01.2018;05:00;06:00;0
09.01.2018;06:00;07:00;0
09.01.2018;07:00;08:00;0
09.01.2018;08:00;09:00;0
09.01.2018;09:00;10:00;0
09.01.2018;10:00;11:00;0
09.01.2018;11:00;12:00;0
09.01.2018;12:00;13:00;0
09.01.2018;13:00;14:00;0
09.01.2018;14:00;15:00;0
09.01.2018;15:00;16:00;0
09.01.2018;16:00;17:00;0
09.01.2018;17:00;18:00;0
09.01.2018;18:00;19:00;0
09.01.2018;19:00;20:00;0
09.01.2018;20:00;21:00;0
09.01.2018;21:00;22:00;0
09.01.2018;22:00;23:00;0
09.01.2018;23:00;00:00;0
10.01.2018;00:00;01:00;0
10.01.2018;01:00;02:00;0
10.01.2018;02:00;03:00;0
10.01.2018;03:00;04:00;0
10.01.2018;04:00;05:00;0
10.01.2018;05:00;06:00;0
10.01.2018;06:00;07:00;0
10.01.2018;07:00;08:00;0
10.01.2018;08:00;09:00;0
10.01.2018;09:00;10:00;0
10.01.2018;10:00;11:00;0
10.01.2018;11:00;12:00;0
10.01.2018;12:00;13:00;0
10.01.2018;13:00;14:00;0
10.01.2018;14:00;15:00;0
10.01.2018;15:00;16:00;0
10.01.2018;16:00;17:00;0
10.01.2018;17:00;18:00;0
10.01.2018;18:00;19:00;0
10.01.2018;19:00;20:00;0
10.01.2018;20:00;21:00;0
10.01.2018;21:00;22:00;0
10.01.2018;22:00;23:00;0
10.01.2018;23:00;00:00;0
11.01.2018;00:00;01:00;0
11.01.2018;01:00;02:00;0
11.01.2018;02:00;03:00;0
11.01.2018;03:00;04:00;0
11.01.2018;04:00;05:00;0
11.01.2018;05:00;06:00;0
11.01.2018;06:00;07:00;0
11.01.2018;07:00;08:00;0
11.01.2018;08:00;09:00;0
11.01.2018;09:00;10:00;0
11.01.2018;10:00;11:00;0
11.01.2018;11:00;12:00;0
11.01.2018;12:00;13:00;0
11.01.2018;13:00;14:00;0
11.01.2018;14:00;15:00;0
11.01.2018;15:00;16:00;0
11.01.2018;16:00;17:00;0
11.01.2018;17:00;18:00;0
11.01.2018;18:00;19:00;0
11.01.2018;19:00;20:00;0
11.01.2018;20:00;21:00;0
11.01.2018;21:00;22:00;0
11.01.2018;22:00;23:00;0
11.01.2018;23:00;00:00;0
12.01.2018;00:00;01:00;0
12.01.2018;01:00;02:00;0
12.01.2018;02:00;03:00;0
12.01.2018;03:00;04:00;0
12.01.2018;04:00;05:00;0
12.01.2018;05:00;06:00;0
12.01.2018;06:00;07:00;0
12.01.2018;07:00;08:00;0
12.01.2018;08:00;09:00;0
12.01.2018;09:00;10:00;0
12.01.2018;10:00;11:00;0
12.01.2018;11:00;12:00;0
12.01.2018;12:00;13:00;0
12.01.2018;13:00;14:00;0
12.01.2018;14:00;15:00;0
12.01.2018;15:00;16:00;0
12.01.2018;16:00;17:00;0
12.01.2018;17:00;18:00;0
12.01.2018;18:00;19:00;0
12.01.2018;19:00;20:00;0
12.01.2018;20:00;21:00;0
12.01.2018;21:00;22:00;0
12.01.2018;22:00;23:00;0
12.01.2018;23:00;00:00;0
13.01.2018;00:00;01:00;-
13.01.2018;01:00;02:00;-
13.01.2018;02:00;03:00;-
13.01.2018;03:00;04:00;-
13.01.2018;04:00;05:00;-
13.01.2018;05:00;06:00;-
13.01.2018;06:00;07:00;-
13.01.2018;07:00;08:00;-
13.01.2018;08:00;09:00;-
13.01.2018;09:00;10:00;-
13.01.2018;10:00;11:00;-
13.01.2018;11:00;12:00;-
13.01.2018;12:00;13:00;-
13.01.2018;13:00;14:00;-
13.01.2018;14:00;15:00;-
13.01.2018;15:00;16:00;-
13.01.2018;16:00;17:00;-
13.01.2018;17:00;18:00;-
13.01.2018;18:00;19:00;-
13.01.2018;19:00;20:00;-
13.01.2018;20:00;21:00;-
13.01.2018;21:00;22:00;-
13.01.2018;22:00;23:00;-
13.01.2018;23:00;00:00;-
14.01.2018;00:00;01:00;0
14.01.2018;01:00;02:00;0
14.01.2018;02:00;03:00;0
14.01.2018;03:00;04:00;0
14.01.2018;04:00;05:00;0
14.01.2018;05:00;06:00;0
14.01.2018;06:00;07:00;0
14.01.2018;07:00;08:00;0
14.01.2018;08:00;09:00;0
14.01.2018;09:00;10:00;0
14.01.2018;10:00;11:00;0
14.01.2018;11:00;12:00;0
14.01.2018;12:00;13:00;0
14.01.2018;13:00;14:00;0
14.01.2018;14:00;15:00;0
14.01.2018;15:00;16:00;0
14.01.2018;16:00;17:00;0
14.01.2018;17:00;18:00;0
14.01.2018;18:00;19:00;0
14.01.2018;19:00;20:00;0
14.01.2018;20:00;21:00;0
14.01.2018;21:00;22:00;0
14.01.2018;22:00;23:00;0
14.01.2018;23:00;00:00;0
15.01.2018;00:00;01:00;0
15.01.2018;01:00;02:00;0
15.01.2018;02:00;03:00;0
15.01.2018;03:00;04:00;0
15.01.2018;04:00;05:00;0
15.01.2018;05:00;06:00;0
15.01.2018;06:00;07:00;0
15.01.2018;07:00;08:00;0
15.01.2018;08:00;09:00;0
15.01.2018;09:00;10:00;0
15.01.2018;10:00;11:00;0
15.01.2018;11:00;12:00;0
15.01.2018;12:00;13:00;0
15.01.2018;13:00;14:00;0
15.01.2018;14:00;15:00;0
15.01.2018;15:00;16:00;0
15.01.2018;16:00;17:00;0
15.01.2018;17:00;18:00;0
15.01.2018;18:00;19:00;0
15.01.2018;19:00;20:00;0
15.01.2018;20:00;21:00;0
15.01.2018;21:00;22:00;0
15.01.2018;22:00;23:00;0
15.01.2018;23:00;00:00;0
16.01.2018;00:00;01:00;0
16.01.2018;01:00;02:00;0
16.01.2018;02:00;03:00;0
16.01.2018;03:00;04:00;0
16.01.2018;04:00;05:00;0
16.01.2018;05:00;06:00;0
16.01.2018;06:00;07:00;0
16.01.2018;07:00;08:00;0
16.01.2018;08:00;09:00;0
16.01.2018;09:00;10:00;0
16.01.2018;10:00;11:00;0
16.01.2018;11:00;12:00;0
16.01.2018;12:00;13:00;0
16.01.2018;13:00;14:00;0
16.01.2018;14:00;15:00;0
16.01.2018;15:00;16:00;0
16.01.2018;16:00;17:00;0
16.01.2018;17:00;18:00;0
16.01.2018;18:00;19:00;0
16.01.2018;19:00;20:00;0
16.01.2018;20:00;21:00;0
16.01.2018;21:00;22:00;0
16.01.2018;22:00;23:00;0
16.01.2018;23:00;00:00;0
17.01.2018;00:00;01:00;0
17.01.2018;01:00;02:00;0
17.01.2018;02:00;03:00;0
17.01.2018;03:00;04:00;0
17.01.2018;04:00;05:00;0
17.01.2018;05:00;06:00;0
17.01.2018;06:00;07:00;0
17.01.2018;07:00;08:00;0
17.01.2018;08:00;09:00;0
17.01.2018;09:00;10:00;0
17.01.2018;10:00;11:00;0
17.01.2018;11:00;12:00;0
17.01.2018;12:00;13:00;0
17.01.2018;13:00;14:00;0
17.01.2018;14:00;15:00;0
17.01.2018;15:00;16:00;0
17.01.2018;16:00;17:00;0
17.01.2018;17:00;18:00;0
17.01.2018;18:00;19:00;0
17.01.2018;19:00;20:00;0
17.01.2018;20:00;21:00;0
17.01.2018;21:00;22:00;0
17.01.2018;22:00;23:00;0
17.01.2018;23:00;00:00;0
18.01.2018;00:00;01:00;0
18.01.2018;01:00;02:00;0
18.01.2018;02:00;03:00;0
18.01.2018;03:00;04:00;0
18.01.2018;04:00;05:00;0
18.01.2018;05:00;06:00;0
18.01.2018;06:00;07:00;0
18.01.2018;07:00;08:00;0
18.01.2018;08:00;09:00;0
18.01.2018;09:00;10:00;0
18.01.2018;10:00;11:00;0
18.01.2018;11:00;12:00;0
18.01.2018;12:00;13:00;0
18.01.2018;13:00;14:00;0
18.01.2018;14:00;15:00;0
18.01.2018;15:00;16:00;0
18.01.2018;16:00;17:00;0
18.01.2018;17:00;18:00;0
18.01.2018;18:00;19:00;0
18.01.2018;19:00;20:00;0
18.01.2018;20:00;21:00;0
18.01.2018;21:00;22:00;0
18.01.2018;22:00;23:00;0
18.01.2018;23:00;00:00;0
19.01.2018;00:00;01:00;0
19.01.2018;01:00;02:00;0
19.01.2018;02:00;03:00;0
19.01.2018;03:00;04:00;0
19.01.2018;04:00;05:00;0
19.01.2018;05:00;06:00;0
19.01.2018;06:00;07:00;0
19.01.2018;07:00;08:00;0
19.01.2018;08:00;09:00;0
19.01.2018;09:00;10:00;0
19.01.2018;10:00;11:00;0
19.01.2018;11:00;12:00;0
19.01.2018;12:00;13:00;0
19.01.2018;13:00;14:00;0
19.01.2018;14:00;15:00;0
19.01.2018;15:00;16:00;0
19.01.2018;16:00;17:00;0
19.01.2018;17:00;18:00;0
19.01.2018;18:00;19:00;0
19.01.2018;19:00;20:00;0
19.01.2018;20:00;21:00;0
19.01.2018;21:00;22:00;0
19.01.2018;22:00;23:00;0
19.01.2018;23:00;00:00;0
20.01.2018;00:00;01:00;-
20.01.2018;01:00;02:00;-
20.01.2018;02:00;03:00;-
20.01.2018;03:00;04:00;-
20.01.2018;04:00;05:00;-
20.01.2018;05:00;06:00;-
20.01.2018;06:00;07:00;-
20.01.2018;07:00;08:00;-
20.01.2018;08:00;09:00;-
20.01.2018;09:00;10:00;-
20.01.2018;10:00;11:00;-
20.01.2018;11:00;12:00;-
20.01.2018;12:00;13:00;-
20.01.2018;13:00;14:00;-
20.01.2018;14:00;15:00;-
20.01.2018;15:00;16:00;-
20.01.2018;16:00;17:00;-
20.01.2018;17:00;18:00;-
20.01.2018;18:00;19:00;-
20.01.2018;19:00;20:00;-
20.01.2018;20:00;21:00;-
20.01.2018;21:00;22:00;-
20.01.2018;22:00;23:00;-
20.01.2018;23:00;00:00;-
21.01.2018;00:00;01:00;0
21.01.2018;01:00;02:00;0
21.01.2018;02:00;03:00;0
21.01.2018;03:00;04:00;0
21.01.2018;04:00;05:00;0
21.01.2018;05:00;06:00;0
21.01.2018;06:00;07:00;0
21.01.2018;07:00;08:00;0
21.01.2018;08:00;09:00;0
21.01.2018;09:00;10:00;0
21.01.2018;10:00;11:00;0
21.01.2018;11:00;12:00;0
21.01.2018;12:00;13:00;0
21.01.2018;13:00;14:00;0
21.01.2018;14:00;15:00;0
21.01.2018;15:00;16:00;0
21.01.2018;16:00;17:00;0
21.01.2018;17:00;18:00;0
21.01.2018;18:00;19:00;0
21.01.2018;19:00;20:00;0
21.01.2018;20:00;21:00;0
21.01.2018;21:00;22:00;0
21.01.2018;22:00;23:00;0
21.01.2018;23:00;00:00;0
22.01.2018;00:00;01:00;0
22.01.2018;01:00;02:00;0
22.01.2018;02:00;03:00;0
22.01.2018;03:00;04:00;0
22.01.2018;04:00;05:00;0
22.01.2018;05:00;06:00;0
22.01.2018;06:00;07:00;0
22.01.2018;07:00;08:00;0
22.01.2018;08:00;09:00;0
22.01.2018;09:00;10:00;0
22.01.2018;10:00;11:00;0
22.01.2018;11:00;12:00;0
22.01.2018;12:00;13:00;0
22.01.2018;13:00;14:00;0
22.01.2018;14:00;15:00;0
22.01.2018;15:00;16:00;0
22.01.2018;16:00;17:00;0
22.01.2018;17:00;18:00;0
22.01.2018;18:00;19:00;0
22.01.2018;19:00;20:00;0
22.01.2018;20:00;21:00;0
22.01.2018;21:00;22:00;0
22.01.2018;22:00;23:00;0
22.01.2018;23:00;00:00;0
23.01.2018;00:00;01:00;0
23.01.2018;01:00;02:00;0
23.01.2018;02:00;03:00;0
23.01.2018;03:00;04:00;0
23.01.2018;04:00;05:00;0
23.01.2018;05:00;06:00;0
23.01.2018;06:00;07:00;0
23.01.2018;07:00;08:00;0
23.01.2018;08:00;09:00;0
23.01.2018;09:00;10:00;0
23.01.2018;10:00;11:00;0
23.01.2018;11:00;12:00;0
23.01.2018;12:00;13:00;0
23.01.2018;13:00;14:00;0
23.01.2018;14:00;15:00;0
23.01.2018;15:00;16:00;0
23.01.2018;16:00;17:00;0
23.01.2018;17:00;18:00;0
23.01.2018;18:00;19:00;0
23.01.2018;19:00;20:00;0
23.01.2018;20:00;21:00;0
23.01.2018;21:00;22:00;0
23.01.2018;22:00;23:00;0
23.01.2018;23:00;00:00;0
24.01.2018;00:00;01:00;0
24.01.2018;01:00;02:00;0
24.01.2018;02:00;03:00;0
24.01.2018;03:00;04:00;0
24.01.2018;04:00;05:00;0
24.01.2018;05:00;06:00;0
24.01.2018;06:00;07:00;0
24.01.2018;07:00;08:00;0
24.01.2018;08:00;09:00;0
24.01.2018;09:00;10:00;0
24.01.2018;10:00;11:00;0
24.01.2018;11:00;12:00;0
24.01.2018;12:00;13:00;0
24.01.2018;13:00;14:00;0
24.01.2018;14:00;15:00;0
24.01.2018;15:00;16:00;0
24.01.2018;16:00;17:00;0
24.01.2018;17:00;18:00;0
24.01.2018;18:00;19:00;0
24.01.2018;19:00;20:00;0
24.01.2018;20:00;21:00;0
24.01.2018;21:00;22:00;0
24.01.2018;22:00;23:00;0
24.01.2018;23:00;00:00;0
25.01.2018;00:00;01:00;0
25.01.2018;01:00;02:00;0
25.01.2018;02:00;03:00;0
25.01.2018;03:00;04:00;0
25.01.2018;04:00;05:00;0
25.01.2018;05:00;06:00;0
25.01.2018;06:00;07:00;0
25.01.2018;07:00;08:00;0
25.01.2018;08:00;09:00;0
25.01.2018;09:00;10:00;0
25.01.2018;10:00;11:00;0
25.01.2018;11:00;12:00;0
25.01.2018;12:00;13:00;0
25.01.2018;13:00;14:00;0
25.01.2018;14:00;15:00;0
25.01.2018;15:00;16:00;0
25.01.2018;16:00;17:00;0
25.01.2018;17:00;18:00;0
25.01.2018;18:00;19:00;0
25.01.2018;19:00;20:00;0
25.01.2018;20:00;21:00;0
25.01.2018;21:00;22:00;0
25.01.2018;22:00;23:00;0
25.01.2018;23:00;00:00;0
26.01.2018;00:00;01:00;0
26.01.2018;01:00;02:00;0
26.01.2018;02:00;03:00;0
26.01.2018;03:00;04:00;0
26.01.2018;04:00;05:00;0
26.01.2018;05:00;06:00;0
26.01.2018;06:00;07:00;0
26.01.2018;07:00;08:00;0
26.01.2018;08:00;09:00;0
26.01.2018;09:00;10:00;0
26.01.2018;10:00;11:00;0
26.01.2018;11:00;12:00;0
26.01.2018;12:00;13:00;0
26.01.2018;13:00;14:00;0
26.01.2018;14:00;15:00;0
26.01.2018;15:00;16:00;0
26.01.2018;16:00;17:00;0
26.01.2018;17:00;18:00;0
26.01.2018;18:00;19:00;0
26.01.2018;19:00;20:00;0
26.01.2018;20:00;21:00;0
26.01.2018;21:00;22:00;0
26.01.2018;22:00;23:00;0
26.01.2018;23:00;00:00;0
27.01.2018;00:00;01:00;-
27.01.2018;01:00;02:00;-
27.01.2018;02:00;03:00;-
27.01.2018;03:00;04:00;-
27.01.2018;04:00;05:00;-
27.01.2018;05:00;06:00;-
27.01.2018;06:00;07:00;-
27.01.2018;07:00;08:00;-
27.01.2018;08:00;09:00;-
27.01.2018;09:00;10:00;-
27.01.2018;10:00;11:00;-
27.01.2018;11:00;12:00;-
27.01.2018;12:00;13:00;-
27.01.2018;13:00;14:00;-
27.01.2018;14:00;15:00;-
27.01.2018;15:00;16:00;-
27.01.2018;16:00;17:00;-
27.01.2018;17:00;18:00;-
27.01.2018;18:00;19:00;-
27.01.2018;19:00;20:00;-
27.01.2018;20:00;21:00;-
27.01.2018;21:00;22:00;-
27.01.2018;22:00;23:00;-
27.01.2018;23:00;00:00;-
28.01.2018;00:00;01:00;0
28.01.2018;01:00;02:00;0
28.01.2018;02:00;03:00;0
28.01.2018;03:00;04:00;0
28.01.2018;04:00;05:00;0
28.01.2018;05:00;06:00;0
28.01.2018;06:00;07:00;0
28.01.2018;07:00;08:00;0
28.01.2018;08:00;09:00;0
28.01.2018;09:00;10:00;0
28.01.2018;10:00;11:00;0
28.01.2018;11:00;12:00;0
28.01.2018;12:00;13:00;0
28.01.2018;13:00;14:00;0
28.01.2018;14:00;15:00;0
28.01.2018;15:00;16:00;0
28.01.2018;16:00;17:00;0
28.01.2018;17:00;18:00;0
28.01.2018;18:00;19:00;0
28.01.2018;19:00;20:00;0
28.01.2018;20:00;21:00;0
28.01.2018;21:00;22:00;0
28.01.2018;22:00;23:00;0
28.01.2018;23:00;00:00;0
29.01.2018;00:00;01:00;0
29.01.2018;01:00;02:00;0
29.01.2018;02:00;03:00;0
29.01.2018;03:00;04:00;0
29.01.2018;04:00;05:00;0
29.01.2018;05:00;06:00;0
29.01.2018;06:00;07:00;0
29.01.2018;07:00;08:00;0
29.01.2018;08:00;09:00;0
29.01.2018;09:00;10:00;0
29.01.2018;10:00;11:00;0
29.01.2018;11:00;12:00;0
29.01.2018;12:00;13:00;0
29.01.2018;13:00;14:00;0
29.01.2018;14:00;15:00;0
29.01.2018;15:00;16:00;0
29.01.2018;16:00;17:00;0
29.01.2018;17:00;18:00;0
29.01.2018;18:00;19:00;0
29.01.2018;19:00;20:00;0
29.01.2018;20:00;21:00;0
29.01.2018;21:00;22:00;0
29.01.2018;22:00;23:00;0
29.01.2018;23:00;00:00;0
30.01.2018;00:00;01:00;0
30.01.2018;01:00;02:00;0
30.01.2018;02:00;03:00;0
30.01.2018;03:00;04:00;0
30.01.2018;04:00;05:00;0
30.01.2018;05:00;06:00;0
30.01.2018;06:00;07:00;0
30.01.2018;07:00;08:00;0
30.01.2018;08:00;09:00;0
30.01.2018;09:00;10:00;0
30.01.2018;10:00;11:00;0
30.01.2018;11:00;12:00;0
30.01.2018;12:00;13:00;0
30.01.2018;13:00;14:00;0
30.01.2018;14:00;15:00;0
30.01.2018;15:00;16:00;0
30.01.2018;16:00;17:00;0
30.01.2018;17:00;18:00;0
30.01.2018;18:00;19:00;0
30.01.2018;19:00;20:00;0
30.01.2018;20:00;21:00;0
30.01.2018;21:00;22:00;0
30.01.2018;22:00;23:00;0
30.01.2018;23:00;00:00;0
31.01.2018;00:00;01:00;0
31.01.2018;01:00;02:00;0
31.01.2018;02:00;03:00;0
31.01.2018;03:00;04:00;0
31.01.2018;04:00;05:00;0
31.01.2018;05:00;06:00;0
31.01.2018;06:00;07:00;0
31.01.2018;07:00;08:00;0
31.01.2018;08:00;09:00;0
31.01.2018;09:00;10:00;0
31.01.2018;10:00;11:00;0
31.01.2018;11:00;12:00;0
31.01.2018;12:00;13:00;0
31.01.2018;13:00;14:00;0
31.01.2018;14:00;15:00;0
31.01.2018;15:00;16:00;0
31.01.2018;16:00;17:00;0
31.01.2018;17:00;18:00;0
31.01.2018;18:00;19:00;0
31.01.2018;19:00;20:00;0
31.01.2018;20:00;21:00;0
31.01.2018;21:00;22:00;0
31.01.2018;22:00;23:00;0
31.01.2018;23:00;00:00;0
01.02.2018;00:00;01:00;0
01.02.2018;01:00;02:00;0
01.02.2018;02:00;03:00;0
01.02.2018;03:00;04:00;0
01.02.2018;04:00;05:00;0
01.02.2018;05:00;06:00;0
01.02.2018;06:00;07:00;0
01.02.2018;07:00;08:00;0
01.02.2018;08:00;09:00;0
01.02.2018;09:00;10:00;0
01.02.2018;10:00;11:00;0
01.02.2018;11:00;12:00;0
01.02.2018;12:00;13:00;0
01.02.2018;13:00;14:00;0
01.02.2018;14:00;15:00;0
01.02.2018;15:00;16:00;0
01.02.2018;16:00;17:00;0
01.02.2018;17:00;18:00;0
01.02.2018;18:00;19:00;0
01.02.2018;19:00;20:00;0
01.02.2018;20:00;21:00;0
01.02.2018;21:00;22:00;0
01.02.2018;22:00;23:00;0
01.02.2018;23:00;00:00;0
02.02.2018;00:00;01:00;0
02.02.2018;01:00;02:00;0
02.02.2018;02:00;03:00;0
02.02.2018;03:00;04:00;0
02.02.2018;04:00;05:00;0
02.02.2018;05:00;06:00;0
02.02.2018;06:00;07:00;0
02.02.2018;07:00;08:00;0
02.02.2018;08:00;09:00;0
02.02.2018;09:00;10:00;0
02.02.2018;10:00;11:00;0
02.02.2018;11:00;12:00;0
02.02.2018;12:00;13:00;0
02.02.2018;13:00;14:00;0
02.02.2018;14:00;15:00;0
02.02.2018;15:00;16:00;0
02.02.2018;16:00;17:00;0
02.02.2018;17:00;18:00;0
02.02.2018;18:00;19:00;0
02.02.2018;19:00;20:00;0
02.02.2018;20:00;21:00;0
02.02.2018;21:00;22:00;0
02.02.2018;22:00;23:00;0
02.02.2018;23:00;00:00;0
03.02.2018;00:00;01:00;0
03.02.2018;01:00;02:00;0
03.02.2018;02:00;03:00;0
03.02.2018;03:00;04:00;0
03.02.2018;04:00;05:00;0
03.02.2018;05:00;06:00;0
03.02.2018;06:00;07:00;0
03.02.2018;07:00;08:00;0
03.02.2018;08:00;09:00;0
03.02.2018;09:00;10:00;0
03.02.2018;10:00;11:00;0
03.02.2018;11:00;12:00;0
03.02.2018;12:00;13:00;0
03.02.2018;13:00;14:00;0
03.02.2018;14:00;15:00;0
03.02.2018;15:00;16:00;0
03.02.2018;16:00;17:00;0
03.02.2018;17:00;18:00;0
03.02.2018;18:00;19:00;0
03.02.2018;19:00;20:00;0
03.02.2018;20:00;21:00;0
03.02.2018;21:00;22:00;0
03.02.2018;22:00;23:00;0
03.02.2018;23:00;00:00;0
04.02.2018;00:00;01:00;0
04.02.2018;01:00;02:00;0
04.02.2018;02:00;03:00;0
04.02.2018;03:00;04:00;0
04.02.2018;04:00;05:00;0
04.02.2018;05:00;06:00;0
04.02.2018;06:00;07:00;0
04.02.2018;07:00;08:00;0
04.02.2018;08:00;09:00;0
04.02.2018;09:00;10:00;0
04.02.2018;10:00;11:00;0
04.02.2018;11:00;12:00;0
04.02.2018;12:00;13:00;0
04.02.2018;13:00;14:00;0
04.02.2018;14:00;15:00;0
04.02.2018;15:00;16:00;0
04.02.2018;16:00;17:00;0
04.02.2018;17:00;18:00;0
04.02.2018;18:00;19:00;0
04.02.2018;19:00;20:00;0
04.02.2018;20:00;21:00;0
04.02.2018;21:00;22:00;0
04.02.2018;22:00;23:00;0
04.02.2018;23:00;00:00;0
05.02.2018;00:00;01:00;0
05.02.2018;01:00;02:00;0
05.02.2018;02:00;03:00;0
05.02.2018;03:00;04:00;0
05.02.2018;04:00;05:00;0
05.02.2018;05:00;06:00;0
05.02.2018;06:00;07:00;0
05.02.2018;07:00;08:00;0
05.02.2018;08:00;09:00;0
05.02.2018;09:00;10:00;0
05.02.2018;10:00;11:00;0
05.02.2018;11:00;12:00;0
05.02.2018;12:00;13:00;0
05.02.2018;13:00;14:00;0
05.02.2018;14:00;15:00;0
05.02.2018;15:00;16:00;0
05.02.2018;16:00;17:00;0
05.02.2018;17:00;18:00;0
05.02.2018;18:00;19:00;0
05.02.2018;19:00;20:00;0
05.02.2018;20:00;21:00;0
05.02.2018;21:00;22:00;0
05.02.2018;22:00;23:00;0
05.02.2018;23:00;00:00;0
06.02.2018;00:00;01:00;0
06.02.2018;01:00;02:00;0
06.02.2018;02:00;03:00;0
06.02.2018;03:00;04:00;0
06.02.2018;04:00;05:00;0
06.02.2018;05:00;06:00;0
06.02.2018;06:00;07:00;0
06.02.2018;07:00;08:00;0
06.02.2018;08:00;09:00;0
06.02.2018;09:00;10:00;0
06.02.2018;10:00;11:00;0
06.02.2018;11:00;12:00;0
06.02.2018;12:00;13:00;0
06.02.2018;13:00;14:00;0
06.02.2018;14:00;15:00;0
06.02.2018;15:00;16:00;0
06.02.2018;16:00;17:00;0
06.02.2018;17:00;18:00;0
06.02.2018;18:00;19:00;0
06.02.2018;19:00;20:00;0
06.02.2018;20:00;21:00;0
06.02.2018;21:00;22:00;0
06.02.2018;22:00;23:00;0
06.02.2018;23:00;00:00;0
07.02.2018;00:00;01:00;0
07.02.2018;01:00;02:00;0
07.02.2018;02:00;03:00;0
07.02.2018;03:00;04:00;0
07.02.2018;04:00;05:00;0
07.02.2018;05:00;06:00;0
07.02.2018;06:00;07:00;0
07.02.2018;07:00;08:00;0
07.02.2018;08:00;09:00;0
07.02.2018;09:00;10:00;0
07.02.2018;10:00;11:00;0
07.02.2018;11:00;12:00;0
07.02.2018;12:00;13:00;0
07.02.2018;13:00;14:00;0
07.02.2018;14:00;15:00;0
07.02.2018;15:00;16:00;0
07.02.2018;16:00;17:00;0
07.02.2018;17:00;18:00;0
07.02.2018;18:00;19:00;0
07.02.2018;19:00;20:00;0
07.02.2018;20:00;21:00;0
07.02.2018;21:00;22:00;0
07.02.2018;22:00;23:00;0
07.02.2018;23:00;00:00;0
08.02.2018;00:00;01:00;0
08.02.2018;01:00;02:00;0
08.02.2018;02:00;03:00;0
08.02.2018;03:00;04:00;0
08.02.2018;04:00;05:00;0
08.02.2018;05:00;06:00;0
08.02.2018;06:00;07:00;0
08.02.2018;07:00;08:00;0
08.02.2018;08:00;09:00;0
08.02.2018;09:00;10:00;0
08.02.2018;10:00;11:00;0
08.02.2018;11:00;12:00;0
08.02.2018;12:00;13:00;0
08.02.2018;13:00;14:00;0
08.02.2018;14:00;15:00;0
08.02.2018;15:00;16:00;0
08.02.2018;16:00;17:00;0
08.02.2018;17:00;18:00;0
08.02.2018;18:00;19:00;0
08.02.2018;19:00;20:00;0
08.02.2018;20:00;21:00;0
08.02.2018;21:00;22:00;0
08.02.2018;22:00;23:00;0
08.02.2018;23:00;00:00;0
09.02.2018;00:00;01:00;0
09.02.2018;01:00;02:00;0
09.02.2018;02:00;03:00;0
09.02.2018;03:00;04:00;0
09.02.2018;04:00;05:00;0
09.02.2018;05:00;06:00;0
09.02.2018;06:00;07:00;0
09.02.2018;07:00;08:00;0
09.02.2018;08:00;09:00;0
09.02.2018;09:00;10:00;0
09.02.2018;10:00;11:00;0
09.02.2018;11:00;12:00;0
09.02.2018;12:00;13:00;0
09.02.2018;13:00;14:00;0
09.02.2018;14:00;15:00;0
09.02.2018;15:00;16:00;0
09.02.2018;16:00;17:00;0
09.02.2018;17:00;18:00;0
09.02.2018;18:00;19:00;0
09.02.2018;19:00;20:00;0
09.02.2018;20:00;21:00;0
09.02.2018;21:00;22:00;0
09.02.2018;22:00;23:00;0
09.02.2018;23:00;00:00;0
10.02.2018;00:00;01:00;0
10.02.2018;01:00;02:00;0
10.02.2018;02:00;03:00;0
10.02.2018;03:00;04:00;0
10.02.2018;04:00;05:00;0
10.02.2018;05:00;06:00;0
10.02.2018;06:00;07:00;0
10.02.2018;07:00;08:00;0
10.02.2018;08:00;09:00;0
10.02.2018;09:00;10:00;0
10.02.2018;10:00;11:00;0
10.02.2018;11:00;12:00;0
10.02.2018;12:00;13:00;0
10.02.2018;13:00;14:00;0
10.02.2018;14:00;15:00;0
10.02.2018;15:00;16:00;0
10.02.2018;16:00;17:00;0
10.02.2018;17:00;18:00;0
10.02.2018;18:00;19:00;0
10.02.2018;19:00;20:00;0
10.02.2018;20:00;21:00;0
10.02.2018;21:00;22:00;0
10.02.2018;22:00;23:00;0
10.02.2018;23:00;00:00;0
11.02.2018;00:00;01:00;0
11.02.2018;01:00;02:00;0
11.02.2018;02:00;03:00;0
11.02.2018;03:00;04:00;0
11.02.2018;04:00;05:00;0
11.02.2018;05:00;06:00;0
11.02.2018;06:00;07:00;0
11.02.2018;07:00;08:00;0
11.02.2018;08:00;09:00;0
11.02.2018;09:00;10:00;0
11.02.2018;10:00;11:00;0
11.02.2018;11:00;12:00;0
11.02.2018;12:00;13:00;0
11.02.2018;13:00;14:00;0
11.02.2018;14:00;15:00;0
11.02.2018;15:00;16:00;0
11.02.2018;16:00;17:00;0
11.02.2018;17:00;18:00;0
11.02.2018;18:00;19:00;0
11.02.2018;19:00;20:00;0
11.02.2018;20:00;21:00;0
11.02.2018;21:00;22:00;0
11.02.2018;22:00;23:00;0
11.02.2018;23:00;00:00;0
12.02.2018;00:00;01:00;0
12.02.2018;01:00;02:00;0
12.02.2018;02:00;03:00;0
12.02.2018;03:00;04:00;0
12.02.2018;04:00;05:00;0
12.02.2018;05:00;06:00;0
12.02.2018;06:00;07:00;0
12.02.2018;07:00;08:00;0
12.02.2018;08:00;09:00;0
12.02.2018;09:00;10:00;0
12.02.2018;10:00;11:00;0
12.02.2018;11:00;12:00;0
12.02.2018;12:00;13:00;0
12.02.2018;13:00;14:00;0
12.02.2018;14:00;15:00;0
12.02.2018;15:00;16:00;0
12.02.2018;16:00;17:00;0
12.02.2018;17:00;18:00;0
12.02.2018;18:00;19:00;0
12.02.2018;19:00;20:00;0
12.02.2018;20:00;21:00;0
12.02.2018;21:00;22:00;0
12.02.2018;22:00;23:00;0
12.02.2018;23:00;00:00;0
13.02.2018;00:00;01:00;0
13.02.2018;01:00;02:00;0
13.02.2018;02:00;03:00;0
13.02.2018;03:00;04:00;0
13.02.2018;04:00;05:00;0
13.02.2018;05:00;06:00;0
13.02.2018;06:00;07:00;0
13.02.2018;07:00;08:00;0
13.02.2018;08:00;09:00;0
13.02.2018;09:00;10:00;0
13.02.2018;10:00;11:00;0
13.02.2018;11:00;12:00;0
13.02.2018;12:00;13:00;0
13.02.2018;13:00;14:00;0
13.02.2018;14:00;15:00;0
13.02.2018;15:00;16:00;0
13.02.2018;16:00;17:00;0
13.02.2018;17:00;18:00;0
13.02.2018;18:00;19:00;0
13.02.2018;19:00;20:00;0
13.02.2018;20:00;21:00;0
13.02.2018;21:00;22:00;0
13.02.2018;22:00;23:00;0
13.02.2018;23:00;00:00;0
14.02.2018;00:00;01:00;0
14.02.2018;01:00;02:00;0
14.02.2018;02:00;03:00;0
14.02.2018;03:00;04:00;0
14.02.2018;04:00;05:00;0
14.02.2018;05:00;06:00;0
14.02.2018;06:00;07:00;0
14.02.2018;07:00;08:00;0
14.02.2018;08:00;09:00;0
14.02.2018;09:00;10:00;0
14.02.2018;10:00;11:00;0
14.02.2018;11:00;12:00;0
14.02.2018;12:00;13:00;0
14.02.2018;13:00;14:00;0
14.02.2018;14:00;15:00;0
14.02.2018;15:00;16:00;0
14.02.2018;16:00;17:00;0
14.02.2018;17:00;18:00;0
14.02.2018;18:00;19:00;0
14.02.2018;19:00;20:00;0
14.02.2018;20:00;21:00;0
14.02.2018;21:00;22:00;0
14.02.2018;22:00;23:00;0
14.02.2018;23:00;00:00;0
15.02.2018;00:00;01:00;0
15.02.2018;01:00;02:00;0
15.02.2018;02:00;03:00;0
15.02.2018;03:00;04:00;0
15.02.2018;04:00;05:00;0
15.02.2018;05:00;06:00;0
15.02.2018;06:00;07:00;0
15.02.2018;07:00;08:00;0
15.02.2018;08:00;09:00;0
15.02.2018;09:00;10:00;0
15.02.2018;10:00;11:00;0
15.02.2018;11:00;12:00;0
15.02.2018;12:00;13:00;0
15.02.2018;13:00;14:00;0
15.02.2018;14:00;15:00;0
15.02.2018;15:00;16:00;0
15.02.2018;16:00;17:00;0
15.02.2018;17:00;18:00;0
15.02.2018;18:00;19:00;0
15.02.2018;19:00;20:00;0
15.02.2018;20:00;21:00;0
15.02.2018;21:00;22:00;0
15.02.2018;22:00;23:00;0
15.02.2018;23:00;00:00;0
16.02.2018;00:00;01:00;0
16.02.2018;01:00;02:00;0
16.02.2018;02:00;03:00;0
16.02.2018;03:00;04:00;0
16.02.2018;04:00;05:00;0
16.02.2018;05:00;06:00;0
16.02.2018;06:00;07:00;0
16.02.2018;07:00;08:00;0
16.02.2018;08:00;09:00;0
16.02.2018;09:00;10:00;0
16.02.2018;10:00;11:00;0
16.02.2018;11:00;12:00;0
16.02.2018;12:00;13:00;0
16.02.2018;13:00;14:00;0
16.02.2018;14:00;15:00;0
16.02.2018;15:00;16:00;0
16.02.2018;16:00;17:00;0
16.02.2018;17:00;18:00;0
16.02.2018;18:00;19:00;0
16.02.2018;19:00;20:00;0
16.02.2018;20:00;21:00;0
16.02.2018;21:00;22:00;0
16.02.2018;22:00;23:00;0
16.02.2018;23:00;00:00;0
17.02.2018;00:00;01:00;-
17.02.2018;01:00;02:00;-
17.02.2018;02:00;03:00;-
17.02.2018;03:00;04:00;-
17.02.2018;04:00;05:00;-
17.02.2018;05:00;06:00;-
17.02.2018;06:00;07:00;-
17.02.2018;07:00;08:00;-
17.02.2018;08:00;09:00;-
17.02.2018;09:00;10:00;-
17.02.2018;10:00;11:00;-
17.02.2018;11:00;12:00;-
17.02.2018;12:00;13:00;-
17.02.2018;13:00;14:00;-
17.02.2018;14:00;15:00;-
17.02.2018;15:00;16:00;-
17.02.2018;16:00;17:00;-
17.02.2018;17:00;18:00;-
17.02.2018;18:00;19:00;-
17.02.2018;19:00;20:00;-
17.02.2018;20:00;21:00;-
17.02.2018;21:00;22:00;-
17.02.2018;22:00;23:00;-
17.02.2018;23:00;00:00;-
18.02.2018;00:00;01:00;0
18.02.2018;01:00;02:00;0
18.02.2018;02:00;03:00;0
18.02.2018;03:00;04:00;0
18.02.2018;04:00;05:00;0
18.02.2018;05:00;06:00;0
18.02.2018;06:00;07:00;0
18.02.2018;07:00;08:00;0
18.02.2018;08:00;09:00;0
18.02.2018;09:00;10:00;0
18.02.2018;10:00;11:00;0
18.02.2018;11:00;12:00;0
18.02.2018;12:00;13:00;0
18.02.2018;13:00;14:00;0
18.02.2018;14:00;15:00;0
18.02.2018;15:00;16:00;0
18.02.2018;16:00;17:00;0
18.02.2018;17:00;18:00;0
18.02.2018;18:00;19:00;0
18.02.2018;19:00;20:00;0
18.02.2018;20:00;21:00;0
18.02.2018;21:00;22:00;0
18.02.2018;22:00;23:00;0
18.02.2018;23:00;00:00;0
19.02.2018;00:00;01:00;0
19.02.2018;01:00;02:00;0
19.02.2018;02:00;03:00;0
19.02.2018;03:00;04:00;0
19.02.2018;04:00;05:00;0
19.02.2018;05:00;06:00;0
19.02.2018;06:00;07:00;0
19.02.2018;07:00;08:00;0
19.02.2018;08:00;09:00;0
19.02.2018;09:00;10:00;0
19.02.2018;10:00;11:00;0
19.02.2018;11:00;12:00;0
19.02.2018;12:00;13:00;0
19.02.2018;13:00;14:00;0
19.02.2018;14:00;15:00;0
19.02.2018;15:00;16:00;0
19.02.2018;16:00;17:00;0
19.02.2018;17:00;18:00;0
19.02.2018;18:00;19:00;0
19.02.2018;19:00;20:00;0
19.02.2018;20:00;21:00;0
19.02.2018;21:00;22:00;0
19.02.2018;22:00;23:00;0
19.02.2018;23:00;00:00;0
20.02.2018;00:00;01:00;0
20.02.2018;01:00;02:00;0
20.02.2018;02:00;03:00;0
20.02.2018;03:00;04:00;0
20.02.2018;04:00;05:00;0
20.02.2018;05:00;06:00;0
20.02.2018;06:00;07:00;0
20.02.2018;07:00;08:00;0
20.02.2018;08:00;09:00;0
20.02.2018;09:00;10:00;0
20.02.2018;10:00;11:00;0
20.02.2018;11:00;12:00;0
20.02.2018;12:00;13:00;0
20.02.2018;13:00;14:00;0
20.02.2018;14:00;15:00;0
20.02.2018;15:00;16:00;0
20.02.2018;16:00;17:00;0
20.02.2018;17:00;18:00;0
20.02.2018;18:00;19:00;0
20.02.2018;19:00;20:00;0
20.02.2018;20:00;21:00;0
20.02.2018;21:00;22:00;0
20.02.2018;22:00;23:00;0
20.02.2018;23:00;00:00;0
21.02.2018;00:00;01:00;0
21.02.2018;01:00;02:00;0
21.02.2018;02:00;03:00;0
21.02.2018;03:00;04:00;0
21.02.2018;04:00;05:00;0
21.02.2018;05:00;06:00;0
21.02.2018;06:00;07:00;0
21.02.2018;07:00;08:00;0
21.02.2018;08:00;09:00;0
21.02.2018;09:00;10:00;0
21.02.2018;10:00;11:00;0
21.02.2018;11:00;12:00;0
21.02.2018;12:00;13:00;0
21.02.2018;13:00;14:00;0
21.02.2018;14:00;15:00;0
21.02.2018;15:00;16:00;0
21.02.2018;16:00;17:00;0
21.02.2018;17:00;18:00;0
21.02.2018;18:00;19:00;0
21.02.2018;19:00;20:00;0
21.02.2018;20:00;21:00;0
21.02.2018;21:00;22:00;0
21.02.2018;22:00;23:00;0
21.02.2018;23:00;00:00;0
22.02.2018;00:00;01:00;0
22.02.2018;01:00;02:00;0
22.02.2018;02:00;03:00;0
22.02.2018;03:00;04:00;0
22.02.2018;04:00;05:00;0
22.02.2018;05:00;06:00;0
22.02.2018;06:00;07:00;0
22.02.2018;07:00;08:00;0
22.02.2018;08:00;09:00;0
22.02.2018;09:00;10:00;0
22.02.2018;10:00;11:00;0
22.02.2018;11:00;12:00;0
22.02.2018;12:00;13:00;0
22.02.2018;13:00;14:00;0
22.02.2018;14:00;15:00;0
22.02.2018;15:00;16:00;0
22.02.2018;16:00;17:00;0
22.02.2018;17:00;18:00;0
22.02.2018;18:00;19:00;0
22.02.2018;19:00;20:00;0
22.02.2018;20:00;21:00;0
22.02.2018;21:00;22:00;0
22.02.2018;22:00;23:00;0
22.02.2018;23:00;00:00;0
23.02.2018;00:00;01:00;0
23.02.2018;01:00;02:00;0
23.02.2018;02:00;03:00;0
23.02.2018;03:00;04:00;0
23.02.2018;04:00;05:00;0
23.02.2018;05:00;06:00;0
23.02.2018;06:00;07:00;0
23.02.2018;07:00;08:00;0
23.02.2018;08:00;09:00;0
23.02.2018;09:00;10:00;0
23.02.2018;10:00;11:00;0
23.02.2018;11:00;12:00;0
23.02.2018;12:00;13:00;0
23.02.2018;13:00;14:00;0
23.02.2018;14:00;15:00;0
23.02.2018;15:00;16:00;0
23.02.2018;16:00;17:00;0
23.02.2018;17:00;18:00;0
23.02.2018;18:00;19:00;0
23.02.2018;19:00;20:00;0
23.02.2018;20:00;21:00;0
23.02.2018;21:00;22:00;0
23.02.2018;22:00;23:00;0
23.02.2018;23:00;00:00;0
24.02.2018;00:00;01:00;0
24.02.2018;01:00;02:00;0
24.02.2018;02:00;03:00;0
24.02.2018;03:00;04:00;0
24.02.2018;04:00;05:00;0
24.02.2018;05:00;06:00;0
24.02.2018;06:00;07:00;0
24.02.2018;07:00;08:00;0
24.02.2018;08:00;09:00;0
24.02.2018;09:00;10:00;0
24.02.2018;10:00;11:00;0
24.02.2018;11:00;12:00;0
24.02.2018;12:00;13:00;0
24.02.2018;13:00;14:00;0
24.02.2018;14:00;15:00;0
24.02.2018;15:00;16:00;0
24.02.2018;16:00;17:00;0
24.02.2018;17:00;18:00;0
24.02.2018;18:00;19:00;0
24.02.2018;19:00;20:00;0
24.02.2018;20:00;21:00;0
24.02.2018;21:00;22:00;0
24.02.2018;22:00;23:00;0
24.02.2018;23:00;00:00;0
25.02.2018;00:00;01:00;0
25.02.2018;01:00;02:00;0
25.02.2018;02:00;03:00;0
25.02.2018;03:00;04:00;0
25.02.2018;04:00;05:00;0
25.02.2018;05:00;06:00;0
25.02.2018;06:00;07:00;0
25.02.2018;07:00;08:00;0
25.02.2018;08:00;09:00;0
25.02.2018;09:00;10:00;0
25.02.2018;10:00;11:00;0
25.02.2018;11:00;12:00;0
25.02.2018;12:00;13:00;0
25.02.2018;13:00;14:00;0
25.02.2018;14:00;15:00;0
25.02.2018;15:00;16:00;0
25.02.2018;16:00;17:00;0
25.02.2018;17:00;18:00;0
25.02.2018;18:00;19:00;0
25.02.2018;19:00;20:00;0
25.02.2018;20:00;21:00;0
25.02.2018;21:00;22:00;0
25.02.2018;22:00;23:00;0
25.02.2018;23:00;00:00;0
26.02.2018;00:00;01:00;0
26.02.2018;01:00;02:00;0
26.02.2018;02:00;03:00;0
26.02.2018;03:00;04:00;0
26.02.2018;04:00;05:00;0
26.02.2018;05:00;06:00;0
26.02.2018;06:00;07:00;0
26.02.2018;07:00;08:00;0
26.02.2018;08:00;09:00;0
26.02.2018;09:00;10:00;0
26.02.2018;10:00;11:00;0
26.02.2018;11:00;12:00;0
26.02.2018;12:00;13:00;0
26.02.2018;13:00;14:00;0
26.02.2018;14:00;15:00;0
26.02.2018;15:00;16:00;0
26.02.2018;16:00;17:00;0
26.02.2018;17:00;18:00;0
26.02.2018;18:00;19:00;0
26.02.2018;19:00;20:00;0
26.02.2018;20:00;21:00;0
26.02.2018;21:00;22:00;0
26.02.2018;22:00;23:00;0
26.02.2018;23:00;00:00;0
27.02.2018;00:00;01:00;0
27.02.2018;01:00;02:00;0
27.02.2018;02:00;03:00;0
27.02.2018;03:00;04:00;0
27.02.2018;04:00;05:00;0
27.02.2018;05:00;06:00;0
27.02.2018;06:00;07:00;0
27.02.2018;07:00;08:00;0
27.02.2018;08:00;09:00;0
27.02.2018;09:00;10:00;0
27.02.2018;10:00;11:00;0
27.02.2018;11:00;12:00;0
27.02.2018;12:00;13:00;0
27.02.2018;13:00;14:00;0
27.02.2018;14:00;15:00;0
27.02.2018;15:00;16:00;0
27.02.2018;16:00;17:00;0
27.02.2018;17:00;18:00;0
27.02.2018;18:00;19:00;0
27.02.2018;19:00;20:00;0
27.02.2018;20:00;21:00;0
27.02.2018;21:00;22:00;0
27.02.2018;22:00;23:00;0
27.02.2018;23:00;00:00;0
28.02.2018;00:00;01:00;0
28.02.2018;01:00;02:00;0
28.02.2018;02:00;03:00;0
28.02.2018;03:00;04:00;0
28.02.2018;04:00;05:00;0
28.02.2018;05:00;06:00;0
28.02.2018;06:00;07:00;0
28.02.2018;07:00;08:00;0
28.02.2018;08:00;09:00;0
28.02.2018;09:00;10:00;0
28.02.2018;10:00;11:00;0
28.02.2018;11:00;12:00;0
28.02.2018;12:00;13:00;0
28.02.2018;13:00;14:00;0
28.02.2018;14:00;15:00;0
28.02.2018;15:00;16:00;0
28.02.2018;16:00;17:00;0
28.02.2018;17:00;18:00;0
28.02.2018;18:00;19:00;0
28.02.2018;19:00;20:00;0
28.02.2018;20:00;21:00;0
28.02.2018;21:00;22:00;0
28.02.2018;22:00;23:00;0
28.02.2018;23:00;00:00;0
01.03.2018;00:00;01:00;0
01.03.2018;01:00;02:00;0
01.03.2018;02:00;03:00;0
01.03.2018;03:00;04:00;0
01.03.2018;04:00;05:00;0
01.03.2018;05:00;06:00;0
01.03.2018;06:00;07:00;0
01.03.2018;07:00;08:00;0
01.03.2018;08:00;09:00;0
01.03.2018;09:00;10:00;0
01.03.2018;10:00;11:00;0
01.03.2018;11:00;12:00;0
01.03.2018;12:00;13:00;0
01.03.2018;13:00;14:00;0
01.03.2018;14:00;15:00;0
01.03.2018;15:00;16:00;0
01.03.2018;16:00;17:00;0
01.03.2018;17:00;18:00;0
01.03.2018;18:00;19:00;0
01.03.2018;19:00;20:00;0
01.03.2018;20:00;21:00;0
01.03.2018;21:00;22:00;0
01.03.2018;22:00;23:00;0
01.03.2018;23:00;00:00;0
02.03.2018;00:00;01:00;0
02.03.2018;01:00;02:00;0
02.03.2018;02:00;03:00;0
02.03.2018;03:00;04:00;0
02.03.2018;04:00;05:00;0
02.03.2018;05:00;06:00;0
02.03.2018;06:00;07:00;0
02.03.2018;07:00;08:00;0
02.03.2018;08:00;09:00;0
02.03.2018;09:00;10:00;0
02.03.2018;10:00;11:00;0
02.03.2018;11:00;12:00;0
02.03.2018;12:00;13:00;0
02.03.2018;13:00;14:00;0
02.03.2018;14:00;15:00;0
02.03.2018;15:00;16:00;0
02.03.2018;16:00;17:00;0
02.03.2018;17:00;18:00;0
02.03.2018;18:00;19:00;0
02.03.2018;19:00;20:00;0
02.03.2018;20:00;21:00;0
02.03.2018;21:00;22:00;0
02.03.2018;22:00;23:00;0
02.03.2018;23:00;00:00;0
03.03.2018;00:00;01:00;-
03.03.2018;01:00;02:00;-
03.03.2018;02:00;03:00;-
03.03.2018;03:00;04:00;-
03.03.2018;04:00;05:00;-
03.03.2018;05:00;06:00;-
03.03.2018;06:00;07:00;-
03.03.2018;07:00;08:00;-
03.03.2018;08:00;09:00;-
03.03.2018;09:00;10:00;-
03.03.2018;10:00;11:00;-
03.03.2018;11:00;12:00;-
03.03.2018;12:00;13:00;-
03.03.2018;13:00;14:00;-
03.03.2018;14:00;15:00;-
03.03.2018;15:00;16:00;-
03.03.2018;16:00;17:00;-
03.03.2018;17:00;18:00;-
03.03.2018;18:00;19:00;-
03.03.2018;19:00;20:00;-
03.03.2018;20:00;21:00;-
03.03.2018;21:00;22:00;-
03.03.2018;22:00;23:00;-
03.03.2018;23:00;00:00;-
04.03.2018;00:00;01:00;0
04.03.2018;01:00;02:00;0
04.03.2018;02:00;03:00;0
04.03.2018;03:00;04:00;0
04.03.2018;04:00;05:00;0
04.03.2018;05:00;06:00;0
04.03.2018;06:00;07:00;0
04.03.2018;07:00;08:00;0
04.03.2018;08:00;09:00;0
04.03.2018;09:00;10:00;0
04.03.2018;10:00;11:00;0
04.03.2018;11:00;12:00;0
04.03.2018;12:00;13:00;0
04.03.2018;13:00;14:00;0
04.03.2018;14:00;15:00;0
04.03.2018;15:00;16:00;0
04.03.2018;16:00;17:00;0
04.03.2018;17:00;18:00;0
04.03.2018;18:00;19:00;0
04.03.2018;19:00;20:00;0
04.03.2018;20:00;21:00;0
04.03.2018;21:00;22:00;0
04.03.2018;22:00;23:00;0
04.03.2018;23:00;00:00;0
05.03.2018;00:00;01:00;0
05.03.2018;01:00;02:00;0
05.03.2018;02:00;03:00;0
05.03.2018;03:00;04:00;0
05.03.2018;04:00;05:00;0
05.03.2018;05:00;06:00;0
05.03.2018;06:00;07:00;0
05.03.2018;07:00;08:00;0
05.03.2018;08:00;09:00;0
05.03.2018;09:00;10:00;0
05.03.2018;10:00;11:00;0
05.03.2018;11:00;12:00;0
05.03.2018;12:00;13:00;0
05.03.2018;13:00;14:00;0
05.03.2018;14:00;15:00;0
05.03.2018;15:00;16:00;0
05.03.2018;16:00;17:00;0
05.03.2018;17:00;18:00;0
05.03.2018;18:00;19:00;0
05.03.2018;19:00;20:00;0
05.03.2018;20:00;21:00;0
05.03.2018;21:00;22:00;0
05.03.2018;22:00;23:00;0
05.03.2018;23:00;00:00;0
06.03.2018;00:00;01:00;0
06.03.2018;01:00;02:00;0
06.03.2018;02:00;03:00;0
06.03.2018;03:00;04:00;0
06.03.2018;04:00;05:00;0
06.03.2018;05:00;06:00;0
06.03.2018;06:00;07:00;0
06.03.2018;07:00;08:00;0
06.03.2018;08:00;09:00;0
06.03.2018;09:00;10:00;0
06.03.2018;10:00;11:00;0
06.03.2018;11:00;12:00;0
06.03.2018;12:00;13:00;0
06.03.2018;13:00;14:00;0
06.03.2018;14:00;15:00;0
06.03.2018;15:00;16:00;0
06.03.2018;16:00;17:00;0
06.03.2018;17:00;18:00;0
06.03.2018;18:00;19:00;0
06.03.2018;19:00;20:00;0
06.03.2018;20:00;21:00;0
06.03.2018;21:00;22:00;0
06.03.2018;22:00;23:00;0
06.03.2018;23:00;00:00;0
07.03.2018;00:00;01:00;0
07.03.2018;01:00;02:00;0
07.03.2018;02:00;03:00;0
07.03.2018;03:00;04:00;0
07.03.2018;04:00;05:00;0
07.03.2018;05:00;06:00;0
07.03.2018;06:00;07:00;0
07.03.2018;07:00;08:00;0
07.03.2018;08:00;09:00;0
07.03.2018;09:00;10:00;0
07.03.2018;10:00;11:00;0
07.03.2018;11:00;12:00;0
07.03.2018;12:00;13:00;0
07.03.2018;13:00;14:00;0
07.03.2018;14:00;15:00;0
07.03.2018;15:00;16:00;0
07.03.2018;16:00;17:00;0
07.03.2018;17:00;18:00;0
07.03.2018;18:00;19:00;0
07.03.2018;19:00;20:00;0
07.03.2018;20:00;21:00;0
07.03.2018;21:00;22:00;0
07.03.2018;22:00;23:00;0
07.03.2018;23:00;00:00;0
08.03.2018;00:00;01:00;0
08.03.2018;01:00;02:00;0
08.03.2018;02:00;03:00;0
08.03.2018;03:00;04:00;0
08.03.2018;04:00;05:00;0
08.03.2018;05:00;06:00;0
08.03.2018;06:00;07:00;0
08.03.2018;07:00;08:00;0
08.03.2018;08:00;09:00;0
08.03.2018;09:00;10:00;0
08.03.2018;10:00;11:00;0
08.03.2018;11:00;12:00;0
08.03.2018;12:00;13:00;0
08.03.2018;13:00;14:00;0
08.03.2018;14:00;15:00;0
08.03.2018;15:00;16:00;0
08.03.2018;16:00;17:00;0
08.03.2018;17:00;18:00;0
08.03.2018;18:00;19:00;0
08.03.2018;19:00;20:00;0
08.03.2018;20:00;21:00;0
08.03.2018;21:00;22:00;0
08.03.2018;22:00;23:00;0
08.03.2018;23:00;00:00;0
09.03.2018;00:00;01:00;0
09.03.2018;01:00;02:00;0
09.03.2018;02:00;03:00;0
09.03.2018;03:00;04:00;0
09.03.2018;04:00;05:00;0
09.03.2018;05:00;06:00;0
09.03.2018;06:00;07:00;0
09.03.2018;07:00;08:00;0
09.03.2018;08:00;09:00;0
09.03.2018;09:00;10:00;0
09.03.2018;10:00;11:00;0
09.03.2018;11:00;12:00;0
09.03.2018;12:00;13:00;0
09.03.2018;13:00;14:00;0
09.03.2018;14:00;15:00;0
09.03.2018;15:00;16:00;0
09.03.2018;16:00;17:00;0
09.03.2018;17:00;18:00;0
09.03.2018;18:00;19:00;0
09.03.2018;19:00;20:00;0
09.03.2018;20:00;21:00;0
09.03.2018;21:00;22:00;0
09.03.2018;22:00;23:00;0
09.03.2018;23:00;00:00;0
10.03.2018;00:00;01:00;-
10.03.2018;01:00;02:00;-
10.03.2018;02:00;03:00;-
10.03.2018;03:00;04:00;-
10.03.2018;04:00;05:00;-
10.03.2018;05:00;06:00;-
10.03.2018;06:00;07:00;-
10.03.2018;07:00;08:00;-
10.03.2018;08:00;09:00;-
10.03.2018;09:00;10:00;-
10.03.2018;10:00;11:00;-
10.03.2018;11:00;12:00;-
10.03.2018;12:00;13:00;-
10.03.2018;13:00;14:00;-
10.03.2018;14:00;15:00;-
10.03.2018;15:00;16:00;-
10.03.2018;16:00;17:00;-
10.03.2018;17:00;18:00;-
10.03.2018;18:00;19:00;-
10.03.2018;19:00;20:00;-
10.03.2018;20:00;21:00;-
10.03.2018;21:00;22:00;-
10.03.2018;22:00;23:00;-
10.03.2018;23:00;00:00;-
11.03.2018;00:00;01:00;0
11.03.2018;01:00;02:00;0
11.03.2018;02:00;03:00;0
11.03.2018;03:00;04:00;0
11.03.2018;04:00;05:00;0
11.03.2018;05:00;06:00;0
11.03.2018;06:00;07:00;0
11.03.2018;07:00;08:00;0
11.03.2018;08:00;09:00;0
11.03.2018;09:00;10:00;0
11.03.2018;10:00;11:00;0
11.03.2018;11:00;12:00;0
11.03.2018;12:00;13:00;0
11.03.2018;13:00;14:00;0
11.03.2018;14:00;15:00;0
11.03.2018;15:00;16:00;0
11.03.2018;16:00;17:00;0
11.03.2018;17:00;18:00;0
11.03.2018;18:00;19:00;0
11.03.2018;19:00;20:00;0
11.03.2018;20:00;21:00;0
11.03.2018;21:00;22:00;0
11.03.2018;22:00;23:00;0
11.03.2018;23:00;00:00;0
12.03.2018;00:00;01:00;0
12.03.2018;01:00;02:00;0
12.03.2018;02:00;03:00;0
12.03.2018;03:00;04:00;0
12.03.2018;04:00;05:00;0
12.03.2018;05:00;06:00;0
12.03.2018;06:00;07:00;0
12.03.2018;07:00;08:00;0
12.03.2018;08:00;09:00;0
12.03.2018;09:00;10:00;0
12.03.2018;10:00;11:00;0
12.03.2018;11:00;12:00;0
12.03.2018;12:00;13:00;0
12.03.2018;13:00;14:00;0
12.03.2018;14:00;15:00;0
12.03.2018;15:00;16:00;0
12.03.2018;16:00;17:00;0
12.03.2018;17:00;18:00;0
12.03.2018;18:00;19:00;0
12.03.2018;19:00;20:00;0
12.03.2018;20:00;21:00;0
12.03.2018;21:00;22:00;0
12.03.2018;22:00;23:00;0
12.03.2018;23:00;00:00;0
13.03.2018;00:00;01:00;0
13.03.2018;01:00;02:00;0
13.03.2018;02:00;03:00;0
13.03.2018;03:00;04:00;0
13.03.2018;04:00;05:00;0
13.03.2018;05:00;06:00;0
13.03.2018;06:00;07:00;0
13.03.2018;07:00;08:00;0
13.03.2018;08:00;09:00;0
13.03.2018;09:00;10:00;0
13.03.2018;10:00;11:00;0
13.03.2018;11:00;12:00;0
13.03.2018;12:00;13:00;0
13.03.2018;13:00;14:00;0
13.03.2018;14:00;15:00;0
13.03.2018;15:00;16:00;0
13.03.2018;16:00;17:00;0
13.03.2018;17:00;18:00;0
13.03.2018;18:00;19:00;0
13.03.2018;19:00;20:00;0
13.03.2018;20:00;21:00;0
13.03.2018;21:00;22:00;0
13.03.2018;22:00;23:00;0
13.03.2018;23:00;00:00;0
14.03.2018;00:00;01:00;0
14.03.2018;01:00;02:00;0
14.03.2018;02:00;03:00;0
14.03.2018;03:00;04:00;0
14.03.2018;04:00;05:00;0
14.03.2018;05:00;06:00;0
14.03.2018;06:00;07:00;0
14.03.2018;07:00;08:00;0
14.03.2018;08:00;09:00;0
14.03.2018;09:00;10:00;0
14.03.2018;10:00;11:00;0
14.03.2018;11:00;12:00;0
14.03.2018;12:00;13:00;0
14.03.2018;13:00;14:00;0
14.03.2018;14:00;15:00;0
14.03.2018;15:00;16:00;0
14.03.2018;16:00;17:00;0
14.03.2018;17:00;18:00;0
14.03.2018;18:00;19:00;0
14.03.2018;19:00;20:00;0
14.03.2018;20:00;21:00;0
14.03.2018;21:00;22:00;0
14.03.2018;22:00;23:00;0
14.03.2018;23:00;00:00;0
15.03.2018;00:00;01:00;0
15.03.2018;01:00;02:00;0
15.03.2018;02:00;03:00;0
15.03.2018;03:00;04:00;0
15.03.2018;04:00;05:00;0
15.03.2018;05:00;06:00;0
15.03.2018;06:00;07:00;0
15.03.2018;07:00;08:00;0
15.03.2018;08:00;09:00;0
15.03.2018;09:00;10:00;0
15.03.2018;10:00;11:00;0
15.03.2018;11:00;12:00;0
15.03.2018;12:00;13:00;0
15.03.2018;13:00;14:00;0
15.03.2018;14:00;15:00;0
15.03.2018;15:00;16:00;0
15.03.2018;16:00;17:00;0
15.03.2018;17:00;18:00;0
15.03.2018;18:00;19:00;0
15.03.2018;19:00;20:00;0
15.03.2018;20:00;21:00;0
15.03.2018;21:00;22:00;0
15.03.2018;22:00;23:00;0
15.03.2018;23:00;00:00;0
16.03.2018;00:00;01:00;0
16.03.2018;01:00;02:00;0
16.03.2018;02:00;03:00;0
16.03.2018;03:00;04:00;0
16.03.2018;04:00;05:00;0
16.03.2018;05:00;06:00;0
16.03.2018;06:00;07:00;0
16.03.2018;07:00;08:00;0
16.03.2018;08:00;09:00;0
16.03.2018;09:00;10:00;0
16.03.2018;10:00;11:00;0
16.03.2018;11:00;12:00;0
16.03.2018;12:00;13:00;0
16.03.2018;13:00;14:00;0
16.03.2018;14:00;15:00;0
16.03.2018;15:00;16:00;0
16.03.2018;16:00;17:00;0
16.03.2018;17:00;18:00;0
16.03.2018;18:00;19:00;0
16.03.2018;19:00;20:00;0
16.03.2018;20:00;21:00;0
16.03.2018;21:00;22:00;0
16.03.2018;22:00;23:00;0
16.03.2018;23:00;00:00;0
17.03.2018;00:00;01:00;0
17.03.2018;01:00;02:00;0
17.03.2018;02:00;03:00;0
17.03.2018;03:00;04:00;0
17.03.2018;04:00;05:00;0
17.03.2018;05:00;06:00;0
17.03.2018;06:00;07:00;0
17.03.2018;07:00;08:00;0
17.03.2018;08:00;09:00;0
17.03.2018;09:00;10:00;0
17.03.2018;10:00;11:00;0
17.03.2018;11:00;12:00;0
17.03.2018;12:00;13:00;0
17.03.2018;13:00;14:00;0
17.03.2018;14:00;15:00;0
17.03.2018;15:00;16:00;0
17.03.2018;16:00;17:00;0
17.03.2018;17:00;18:00;0
17.03.2018;18:00;19:00;0
17.03.2018;19:00;20:00;0
17.03.2018;20:00;21:00;0
17.03.2018;21:00;22:00;0
17.03.2018;22:00;23:00;0
17.03.2018;23:00;00:00;0
18.03.2018;00:00;01:00;0
18.03.2018;01:00;02:00;0
18.03.2018;02:00;03:00;0
18.03.2018;03:00;04:00;0
18.03.2018;04:00;05:00;0
18.03.2018;05:00;06:00;0
18.03.2018;06:00;07:00;0
18.03.2018;07:00;08:00;0
18.03.2018;08:00;09:00;0
18.03.2018;09:00;10:00;0
18.03.2018;10:00;11:00;0
18.03.2018;11:00;12:00;0
18.03.2018;12:00;13:00;0
18.03.2018;13:00;14:00;0
18.03.2018;14:00;15:00;0
18.03.2018;15:00;16:00;0
18.03.2018;16:00;17:00;0
18.03.2018;17:00;18:00;0
18.03.2018;18:00;19:00;0
18.03.2018;19:00;20:00;0
18.03.2018;20:00;21:00;0
18.03.2018;21:00;22:00;0
18.03.2018;22:00;23:00;0
18.03.2018;23:00;00:00;0
19.03.2018;00:00;01:00;0
19.03.2018;01:00;02:00;0
19.03.2018;02:00;03:00;0
19.03.2018;03:00;04:00;0
19.03.2018;04:00;05:00;0
19.03.2018;05:00;06:00;0
19.03.2018;06:00;07:00;0
19.03.2018;07:00;08:00;0
19.03.2018;08:00;09:00;0
19.03.2018;09:00;10:00;0
19.03.2018;10:00;11:00;0
19.03.2018;11:00;12:00;0
19.03.2018;12:00;13:00;0
19.03.2018;13:00;14:00;0
19.03.2018;14:00;15:00;0
19.03.2018;15:00;16:00;0
19.03.2018;16:00;17:00;0
19.03.2018;17:00;18:00;0
19.03.2018;18:00;19:00;0
19.03.2018;19:00;20:00;0
19.03.2018;20:00;21:00;0
19.03.2018;21:00;22:00;0
19.03.2018;22:00;23:00;0
19.03.2018;23:00;00:00;0
20.03.2018;00:00;01:00;0
20.03.2018;01:00;02:00;0
20.03.2018;02:00;03:00;0
20.03.2018;03:00;04:00;0
20.03.2018;04:00;05:00;0
20.03.2018;05:00;06:00;0
20.03.2018;06:00;07:00;0
20.03.2018;07:00;08:00;0
20.03.2018;08:00;09:00;0
20.03.2018;09:00;10:00;0
20.03.2018;10:00;11:00;0
20.03.2018;11:00;12:00;0
20.03.2018;12:00;13:00;0
20.03.2018;13:00;14:00;0
20.03.2018;14:00;15:00;0
20.03.2018;15:00;16:00;0
20.03.2018;16:00;17:00;0
20.03.2018;17:00;18:00;0
20.03.2018;18:00;19:00;0
20.03.2018;19:00;20:00;0
20.03.2018;20:00;21:00;0
20.03.2018;21:00;22:00;0
20.03.2018;22:00;23:00;0
20.03.2018;23:00;00:00;0
21.03.2018;00:00;01:00;0
21.03.2018;01:00;02:00;0
21.03.2018;02:00;03:00;0
21.03.2018;03:00;04:00;0
21.03.2018;04:00;05:00;0
21.03.2018;05:00;06:00;0
21.03.2018;06:00;07:00;0
21.03.2018;07:00;08:00;0
21.03.2018;08:00;09:00;0
21.03.2018;09:00;10:00;0
21.03.2018;10:00;11:00;0
21.03.2018;11:00;12:00;0
21.03.2018;12:00;13:00;0
21.03.2018;13:00;14:00;0
21.03.2018;14:00;15:00;0
21.03.2018;15:00;16:00;0
21.03.2018;16:00;17:00;0
21.03.2018;17:00;18:00;0
21.03.2018;18:00;19:00;0
21.03.2018;19:00;20:00;0
21.03.2018;20:00;21:00;0
21.03.2018;21:00;22:00;0
21.03.2018;22:00;23:00;0
21.03.2018;23:00;00:00;0
22.03.2018;00:00;01:00;0
22.03.2018;01:00;02:00;0
22.03.2018;02:00;03:00;0
22.03.2018;03:00;04:00;0
22.03.2018;04:00;05:00;0
22.03.2018;05:00;06:00;0
22.03.2018;06:00;07:00;0
22.03.2018;07:00;08:00;0
22.03.2018;08:00;09:00;0
22.03.2018;09:00;10:00;0
22.03.2018;10:00;11:00;0
22.03.2018;11:00;12:00;0
22.03.2018;12:00;13:00;0
22.03.2018;13:00;14:00;0
22.03.2018;14:00;15:00;0
22.03.2018;15:00;16:00;0
22.03.2018;16:00;17:00;0
22.03.2018;17:00;18:00;0
22.03.2018;18:00;19:00;0
22.03.2018;19:00;20:00;0
22.03.2018;20:00;21:00;0
22.03.2018;21:00;22:00;0
22.03.2018;22:00;23:00;0
22.03.2018;23:00;00:00;0
23.03.2018;00:00;01:00;0
23.03.2018;01:00;02:00;0
23.03.2018;02:00;03:00;0
23.03.2018;03:00;04:00;0
23.03.2018;04:00;05:00;0
23.03.2018;05:00;06:00;0
23.03.2018;06:00;07:00;0
23.03.2018;07:00;08:00;0
23.03.2018;08:00;09:00;0
23.03.2018;09:00;10:00;0
23.03.2018;10:00;11:00;0
23.03.2018;11:00;12:00;0
23.03.2018;12:00;13:00;0
23.03.2018;13:00;14:00;0
23.03.2018;14:00;15:00;0
23.03.2018;15:00;16:00;0
23.03.2018;16:00;17:00;0
23.03.2018;17:00;18:00;0
23.03.2018;18:00;19:00;0
23.03.2018;19:00;20:00;0
23.03.2018;20:00;21:00;0
23.03.2018;21:00;22:00;0
23.03.2018;22:00;23:00;0
23.03.2018;23:00;00:00;0
24.03.2018;00:00;01:00;0
24.03.2018;01:00;02:00;0
24.03.2018;02:00;03:00;0
24.03.2018;03:00;04:00;0
24.03.2018;04:00;05:00;0
24.03.2018;05:00;06:00;0
24.03.2018;06:00;07:00;0
24.03.2018;07:00;08:00;0
24.03.2018;08:00;09:00;0
24.03.2018;09:00;10:00;0
24.03.2018;10:00;11:00;0
24.03.2018;11:00;12:00;0
24.03.2018;12:00;13:00;0
24.03.2018;13:00;14:00;0
24.03.2018;14:00;15:00;0
24.03.2018;15:00;16:00;0
24.03.2018;16:00;17:00;0
24.03.2018;17:00;18:00;0
24.03.2018;18:00;19:00;0
24.03.2018;19:00;20:00;0
24.03.2018;20:00;21:00;0
24.03.2018;21:00;22:00;0
24.03.2018;22:00;23:00;0
24.03.2018;23:00;00:00;0
25.03.2018;00:00;01:00;0
25.03.2018;01:00;02:00;0
25.03.2018;03:00;04:00;0
25.03.2018;04:00;05:00;0
25.03.2018;05:00;06:00;0
25.03.2018;06:00;07:00;0
25.03.2018;07:00;08:00;0
25.03.2018;08:00;09:00;0
25.03.2018;09:00;10:00;0
25.03.2018;10:00;11:00;0
25.03.2018;11:00;12:00;0
25.03.2018;12:00;13:00;0
25.03.2018;13:00;14:00;0
25.03.2018;14:00;15:00;0
25.03.2018;15:00;16:00;0
25.03.2018;16:00;17:00;0
25.03.2018;17:00;18:00;0
25.03.2018;18:00;19:00;0
25.03.2018;19:00;20:00;0
25.03.2018;20:00;21:00;0
25.03.2018;21:00;22:00;0
25.03.2018;22:00;23:00;0
25.03.2018;23:00;00:00;0
26.03.2018;00:00;01:00;0
26.03.2018;01:00;02:00;0
26.03.2018;02:00;03:00;0
26.03.2018;03:00;04:00;0
26.03.2018;04:00;05:00;0
26.03.2018;05:00;06:00;0
26.03.2018;06:00;07:00;0
26.03.2018;07:00;08:00;0
26.03.2018;08:00;09:00;0
26.03.2018;09:00;10:00;0
26.03.2018;10:00;11:00;0
26.03.2018;11:00;12:00;0
26.03.2018;12:00;13:00;0
26.03.2018;13:00;14:00;0
26.03.2018;14:00;15:00;0
26.03.2018;15:00;16:00;0
26.03.2018;16:00;17:00;0
26.03.2018;17:00;18:00;0
26.03.2018;18:00;19:00;0
26.03.2018;19:00;20:00;0
26.03.2018;20:00;21:00;0
26.03.2018;21:00;22:00;0
26.03.2018;22:00;23:00;0
26.03.2018;23:00;00:00;0
27.03.2018;00:00;01:00;0
27.03.2018;01:00;02:00;0
27.03.2018;02:00;03:00;0
27.03.2018;03:00;04:00;0
27.03.2018;04:00;05:00;0
27.03.2018;05:00;06:00;0
27.03.2018;06:00;07:00;0
27.03.2018;07:00;08:00;0
27.03.2018;08:00;09:00;0
27.03.2018;09:00;10:00;0
27.03.2018;10:00;11:00;0
27.03.2018;11:00;12:00;0
27.03.2018;12:00;13:00;0
27.03.2018;13:00;14:00;0
27.03.2018;14:00;15:00;0
27.03.2018;15:00;16:00;0
27.03.2018;16:00;17:00;0
27.03.2018;17:00;18:00;0
27.03.2018;18:00;19:00;0
27.03.2018;19:00;20:00;0
27.03.2018;20:00;21:00;0
27.03.2018;21:00;22:00;0
27.03.2018;22:00;23:00;0
27.03.2018;23:00;00:00;0
28.03.2018;00:00;01:00;0
28.03.2018;01:00;02:00;0
28.03.2018;02:00;03:00;0
28.03.2018;03:00;04:00;0
28.03.2018;04:00;05:00;0
28.03.2018;05:00;06:00;0
28.03.2018;06:00;07:00;0
28.03.2018;07:00;08:00;0
28.03.2018;08:00;09:00;0
28.03.2018;09:00;10:00;0
28.03.2018;10:00;11:00;0
28.03.2018;11:00;12:00;0
28.03.2018;12:00;13:00;0
28.03.2018;13:00;14:00;0
28.03.2018;14:00;15:00;0
28.03.2018;15:00;16:00;0
28.03.2018;16:00;17:00;0
28.03.2018;17:00;18:00;0
28.03.2018;18:00;19:00;0
28.03.2018;19:00;20:00;0
28.03.2018;20:00;21:00;0
28.03.2018;21:00;22:00;0
28.03.2018;22:00;23:00;0
28.03.2018;23:00;00:00;0
29.03.2018;00:00;01:00;0
29.03.2018;01:00;02:00;0
29.03.2018;02:00;03:00;0
29.03.2018;03:00;04:00;0
29.03.2018;04:00;05:00;0
29.03.2018;05:00;06:00;0
29.03.2018;06:00;07:00;0
29.03.2018;07:00;08:00;0
29.03.2018;08:00;09:00;0
29.03.2018;09:00;10:00;0
29.03.2018;10:00;11:00;0
29.03.2018;11:00;12:00;0
29.03.2018;12:00;13:00;0
29.03.2018;13:00;14:00;0
29.03.2018;14:00;15:00;0
29.03.2018;15:00;16:00;0
29.03.2018;16:00;17:00;0
29.03.2018;17:00;18:00;0
29.03.2018;18:00;19:00;0
29.03.2018;19:00;20:00;0
29.03.2018;20:00;21:00;0
29.03.2018;21:00;22:00;0
29.03.2018;22:00;23:00;0
29.03.2018;23:00;00:00;0
30.03.2018;00:00;01:00;0
30.03.2018;01:00;02:00;0
30.03.2018;02:00;03:00;0
30.03.2018;03:00;04:00;0
30.03.2018;04:00;05:00;0
30.03.2018;05:00;06:00;0
30.03.2018;06:00;07:00;0
30.03.2018;07:00;08:00;0
30.03.2018;08:00;09:00;0
30.03.2018;09:00;10:00;0
30.03.2018;10:00;11:00;0
30.03.2018;11:00;12:00;0
30.03.2018;12:00;13:00;0
30.03.2018;13:00;14:00;0
30.03.2018;14:00;15:00;0
30.03.2018;15:00;16:00;0
30.03.2018;16:00;17:00;0
30.03.2018;17:00;18:00;0
30.03.2018;18:00;19:00;0
30.03.2018;19:00;20:00;0
30.03.2018;20:00;21:00;0
30.03.2018;21:00;22:00;0
30.03.2018;22:00;23:00;0
30.03.2018;23:00;00:00;0
31.03.2018;00:00;01:00;-
31.03.2018;01:00;02:00;-
31.03.2018;02:00;03:00;-
31.03.2018;03:00;04:00;-
31.03.2018;04:00;05:00;-
31.03.2018;05:00;06:00;-
31.03.2018;06:00;07:00;-
31.03.2018;07:00;08:00;-
31.03.2018;08:00;09:00;-
31.03.2018;09:00;10:00;-
31.03.2018;10:00;11:00;-
31.03.2018;11:00;12:00;-
31.03.2018;12:00;13:00;-
31.03.2018;13:00;14:00;-
31.03.2018;14:00;15:00;-
31.03.2018;15:00;16:00;-
31.03.2018;16:00;17:00;-
31.03.2018;17:00;18:00;-
31.03.2018;18:00;19:00;-
31.03.2018;19:00;20:00;-
31.03.2018;20:00;21:00;-
31.03.2018;21:00;22:00;-
31.03.2018;22:00;23:00;-
31.03.2018;23:00;00:00;-
01.04.2018;00:00;01:00;0
01.04.2018;01:00;02:00;0
01.04.2018;02:00;03:00;0
01.04.2018;03:00;04:00;0
01.04.2018;04:00;05:00;0
01.04.2018;05:00;06:00;0
01.04.2018;06:00;07:00;0
01.04.2018;07:00;08:00;0
01.04.2018;08:00;09:00;0
01.04.2018;09:00;10:00;0
01.04.2018;10:00;11:00;0
01.04.2018;11:00;12:00;0
01.04.2018;12:00;13:00;0
01.04.2018;13:00;14:00;0
01.04.2018;14:00;15:00;0
01.04.2018;15:00;16:00;0
01.04.2018;16:00;17:00;0
01.04.2018;17:00;18:00;0
01.04.2018;18:00;19:00;0
01.04.2018;19:00;20:00;0
01.04.2018;20:00;21:00;0
01.04.2018;21:00;22:00;0
01.04.2018;22:00;23:00;0
01.04.2018;23:00;00:00;0
02.04.2018;00:00;01:00;0
02.04.2018;01:00;02:00;0
02.04.2018;02:00;03:00;0
02.04.2018;03:00;04:00;0
02.04.2018;04:00;05:00;0
02.04.2018;05:00;06:00;0
02.04.2018;06:00;07:00;0
02.04.2018;07:00;08:00;0
02.04.2018;08:00;09:00;0
02.04.2018;09:00;10:00;0
02.04.2018;10:00;11:00;0
02.04.2018;11:00;12:00;0
02.04.2018;12:00;13:00;0
02.04.2018;13:00;14:00;0
02.04.2018;14:00;15:00;0
02.04.2018;15:00;16:00;0
02.04.2018;16:00;17:00;0
02.04.2018;17:00;18:00;0
02.04.2018;18:00;19:00;0
02.04.2018;19:00;20:00;0
02.04.2018;20:00;21:00;0
02.04.2018;21:00;22:00;0
02.04.2018;22:00;23:00;0
02.04.2018;23:00;00:00;0
03.04.2018;00:00;01:00;0
03.04.2018;01:00;02:00;0
03.04.2018;02:00;03:00;0
03.04.2018;03:00;04:00;0
03.04.2018;04:00;05:00;0
03.04.2018;05:00;06:00;0
03.04.2018;06:00;07:00;0
03.04.2018;07:00;08:00;0
03.04.2018;08:00;09:00;0
03.04.2018;09:00;10:00;0
03.04.2018;10:00;11:00;0
03.04.2018;11:00;12:00;0
03.04.2018;12:00;13:00;0
03.04.2018;13:00;14:00;0
03.04.2018;14:00;15:00;0
03.04.2018;15:00;16:00;0
03.04.2018;16:00;17:00;0
03.04.2018;17:00;18:00;0
03.04.2018;18:00;19:00;0
03.04.2018;19:00;20:00;0
03.04.2018;20:00;21:00;0
03.04.2018;21:00;22:00;0
03.04.2018;22:00;23:00;0
03.04.2018;23:00;00:00;0
04.04.2018;00:00;01:00;0
04.04.2018;01:00;02:00;0
04.04.2018;02:00;03:00;0
04.04.2018;03:00;04:00;0
04.04.2018;04:00;05:00;0
04.04.2018;05:00;06:00;0
04.04.2018;06:00;07:00;0
04.04.2018;07:00;08:00;0
04.04.2018;08:00;09:00;0
04.04.2018;09:00;10:00;0
04.04.2018;10:00;11:00;0
04.04.2018;11:00;12:00;0
04.04.2018;12:00;13:00;0
04.04.2018;13:00;14:00;0
04.04.2018;14:00;15:00;0
04.04.2018;15:00;16:00;0
04.04.2018;16:00;17:00;0
04.04.2018;17:00;18:00;0
04.04.2018;18:00;19:00;0
04.04.2018;19:00;20:00;0
04.04.2018;20:00;21:00;0
04.04.2018;21:00;22:00;0
04.04.2018;22:00;23:00;0
04.04.2018;23:00;00:00;0
05.04.2018;00:00;01:00;0
05.04.2018;01:00;02:00;0
05.04.2018;02:00;03:00;0
05.04.2018;03:00;04:00;0
05.04.2018;04:00;05:00;0
05.04.2018;05:00;06:00;0
05.04.2018;06:00;07:00;0
05.04.2018;07:00;08:00;0
05.04.2018;08:00;09:00;0
05.04.2018;09:00;10:00;0
05.04.2018;10:00;11:00;0
05.04.2018;11:00;12:00;0
05.04.2018;12:00;13:00;0
05.04.2018;13:00;14:00;0
05.04.2018;14:00;15:00;0
05.04.2018;15:00;16:00;0
05.04.2018;16:00;17:00;0
05.04.2018;17:00;18:00;0
05.04.2018;18:00;19:00;0
05.04.2018;19:00;20:00;0
05.04.2018;20:00;21:00;0
05.04.2018;21:00;22:00;0
05.04.2018;22:00;23:00;0
05.04.2018;23:00;00:00;0
06.04.2018;00:00;01:00;0
06.04.2018;01:00;02:00;0
06.04.2018;02:00;03:00;0
06.04.2018;03:00;04:00;0
06.04.2018;04:00;05:00;0
06.04.2018;05:00;06:00;0
06.04.2018;06:00;07:00;0
06.04.2018;07:00;08:00;0
06.04.2018;08:00;09:00;0
06.04.2018;09:00;10:00;0
06.04.2018;10:00;11:00;0
06.04.2018;11:00;12:00;0
06.04.2018;12:00;13:00;0
06.04.2018;13:00;14:00;0
06.04.2018;14:00;15:00;0
06.04.2018;15:00;16:00;0
06.04.2018;16:00;17:00;0
06.04.2018;17:00;18:00;0
06.04.2018;18:00;19:00;0
06.04.2018;19:00;20:00;0
06.04.2018;20:00;21:00;0
06.04.2018;21:00;22:00;0
06.04.2018;22:00;23:00;0
06.04.2018;23:00;00:00;0
07.04.2018;00:00;01:00;0
07.04.2018;01:00;02:00;0
07.04.2018;02:00;03:00;0
07.04.2018;03:00;04:00;0
07.04.2018;04:00;05:00;0
07.04.2018;05:00;06:00;0
07.04.2018;06:00;07:00;0
07.04.2018;07:00;08:00;0
07.04.2018;08:00;09:00;0
07.04.2018;09:00;10:00;0
07.04.2018;10:00;11:00;0
07.04.2018;11:00;12:00;0
07.04.2018;12:00;13:00;0
07.04.2018;13:00;14:00;0
07.04.2018;14:00;15:00;0
07.04.2018;15:00;16:00;0
07.04.2018;16:00;17:00;0
07.04.2018;17:00;18:00;0
07.04.2018;18:00;19:00;0
07.04.2018;19:00;20:00;0
07.04.2018;20:00;21:00;0
07.04.2018;21:00;22:00;0
07.04.2018;22:00;23:00;0
07.04.2018;23:00;00:00;0
08.04.2018;00:00;01:00;0
08.04.2018;01:00;02:00;0
08.04.2018;02:00;03:00;0
08.04.2018;03:00;04:00;0
08.04.2018;04:00;05:00;0
08.04.2018;05:00;06:00;0
08.04.2018;06:00;07:00;0
08.04.2018;07:00;08:00;0
08.04.2018;08:00;09:00;0
08.04.2018;09:00;10:00;0
08.04.2018;10:00;11:00;0
08.04.2018;11:00;12:00;0
08.04.2018;12:00;13:00;0
08.04.2018;13:00;14:00;0
08.04.2018;14:00;15:00;0
08.04.2018;15:00;16:00;0
08.04.2018;16:00;17:00;0
08.04.2018;17:00;18:00;0
08.04.2018;18:00;19:00;0
08.04.2018;19:00;20:00;0
08.04.2018;20:00;21:00;0
08.04.2018;21:00;22:00;0
08.04.2018;22:00;23:00;0
08.04.2018;23:00;00:00;0
09.04.2018;00:00;01:00;0
09.04.2018;01:00;02:00;0
09.04.2018;02:00;03:00;0
09.04.2018;03:00;04:00;0
09.04.2018;04:00;05:00;0
09.04.2018;05:00;06:00;0
09.04.2018;06:00;07:00;0
09.04.2018;07:00;08:00;0
09.04.2018;08:00;09:00;0
09.04.2018;09:00;10:00;0
09.04.2018;10:00;11:00;0
09.04.2018;11:00;12:00;0
09.04.2018;12:00;13:00;0
09.04.2018;13:00;14:00;0
09.04.2018;14:00;15:00;0
09.04.2018;15:00;16:00;0
09.04.2018;16:00;17:00;0
09.04.2018;17:00;18:00;0
09.04.2018;18:00;19:00;0
09.04.2018;19:00;20:00;0
09.04.2018;20:00;21:00;0
09.04.2018;21:00;22:00;0
09.04.2018;22:00;23:00;0
09.04.2018;23:00;00:00;0
10.04.2018;00:00;01:00;0
10.04.2018;01:00;02:00;0
10.04.2018;02:00;03:00;0
10.04.2018;03:00;04:00;0
10.04.2018;04:00;05:00;0
10.04.2018;05:00;06:00;0
10.04.2018;06:00;07:00;0
10.04.2018;07:00;08:00;0
10.04.2018;08:00;09:00;0
10.04.2018;09:00;10:00;0
10.04.2018;10:00;11:00;0
10.04.2018;11:00;12:00;0
10.04.2018;12:00;13:00;0
10.04.2018;13:00;14:00;0
10.04.2018;14:00;15:00;0
10.04.2018;15:00;16:00;0
10.04.2018;16:00;17:00;0
10.04.2018;17:00;18:00;0
10.04.2018;18:00;19:00;0
10.04.2018;19:00;20:00;0
10.04.2018;20:00;21:00;0
10.04.2018;21:00;22:00;0
10.04.2018;22:00;23:00;0
10.04.2018;23:00;00:00;0
11.04.2018;00:00;01:00;-
11.04.2018;01:00;02:00;-
11.04.2018;02:00;03:00;-
11.04.2018;03:00;04:00;-
11.04.2018;04:00;05:00;-
11.04.2018;05:00;06:00;-
11.04.2018;06:00;07:00;-
11.04.2018;07:00;08:00;-
11.04.2018;08:00;09:00;-
11.04.2018;09:00;10:00;-
11.04.2018;10:00;11:00;-
11.04.2018;11:00;12:00;-
11.04.2018;12:00;13:00;-
11.04.2018;13:00;14:00;-
11.04.2018;14:00;15:00;-
11.04.2018;15:00;16:00;-
11.04.2018;16:00;17:00;-
11.04.2018;17:00;18:00;-
11.04.2018;18:00;19:00;-
11.04.2018;19:00;20:00;-
11.04.2018;20:00;21:00;-
11.04.2018;21:00;22:00;-
11.04.2018;22:00;23:00;-
11.04.2018;23:00;00:00;-
12.04.2018;00:00;01:00;-
12.04.2018;01:00;02:00;-
12.04.2018;02:00;03:00;-
12.04.2018;03:00;04:00;-
12.04.2018;04:00;05:00;-
12.04.2018;05:00;06:00;-
12.04.2018;06:00;07:00;-
12.04.2018;07:00;08:00;-
12.04.2018;08:00;09:00;-
12.04.2018;09:00;10:00;-
12.04.2018;10:00;11:00;-
12.04.2018;11:00;12:00;-
12.04.2018;12:00;13:00;-
12.04.2018;13:00;14:00;-
12.04.2018;14:00;15:00;-
12.04.2018;15:00;16:00;-
12.04.2018;16:00;17:00;-
12.04.2018;17:00;18:00;-
12.04.2018;18:00;19:00;-
12.04.2018;19:00;20:00;-
12.04.2018;20:00;21:00;-
12.04.2018;21:00;22:00;-
12.04.2018;22:00;23:00;-
12.04.2018;23:00;00:00;-
13.04.2018;00:00;01:00;-
13.04.2018;01:00;02:00;-
13.04.2018;02:00;03:00;-
13.04.2018;03:00;04:00;-
13.04.2018;04:00;05:00;-
13.04.2018;05:00;06:00;-
13.04.2018;06:00;07:00;-
13.04.2018;07:00;08:00;-
13.04.2018;08:00;09:00;-
13.04.2018;09:00;10:00;-
13.04.2018;10:00;11:00;-
13.04.2018;11:00;12:00;-
13.04.2018;12:00;13:00;-
13.04.2018;13:00;14:00;-
13.04.2018;14:00;15:00;-
13.04.2018;15:00;16:00;-
13.04.2018;16:00;17:00;-
13.04.2018;17:00;18:00;-
13.04.2018;18:00;19:00;-
13.04.2018;19:00;20:00;-
13.04.2018;20:00;21:00;-
13.04.2018;21:00;22:00;-
13.04.2018;22:00;23:00;-
13.04.2018;23:00;00:00;-
14.04.2018;00:00;01:00;-
14.04.2018;01:00;02:00;-
14.04.2018;02:00;03:00;-
14.04.2018;03:00;04:00;-
14.04.2018;04:00;05:00;-
14.04.2018;05:00;06:00;-
14.04.2018;06:00;07:00;-
14.04.2018;07:00;08:00;-
14.04.2018;08:00;09:00;-
14.04.2018;09:00;10:00;-
14.04.2018;10:00;11:00;-
14.04.2018;11:00;12:00;-
14.04.2018;12:00;13:00;-
14.04.2018;13:00;14:00;-
14.04.2018;14:00;15:00;-
14.04.2018;15:00;16:00;-
14.04.2018;16:00;17:00;-
14.04.2018;17:00;18:00;-
14.04.2018;18:00;19:00;-
14.04.2018;19:00;20:00;-
14.04.2018;20:00;21:00;-
14.04.2018;21:00;22:00;-
14.04.2018;22:00;23:00;-
14.04.2018;23:00;00:00;-
15.04.2018;00:00;01:00;-
15.04.2018;01:00;02:00;-
15.04.2018;02:00;03:00;-
15.04.2018;03:00;04:00;-
15.04.2018;04:00;05:00;-
15.04.2018;05:00;06:00;-
15.04.2018;06:00;07:00;-
15.04.2018;07:00;08:00;-
15.04.2018;08:00;09:00;-
15.04.2018;09:00;10:00;-
15.04.2018;10:00;11:00;-
15.04.2018;11:00;12:00;-
15.04.2018;12:00;13:00;-
15.04.2018;13:00;14:00;-
15.04.2018;14:00;15:00;-
15.04.2018;15:00;16:00;-
15.04.2018;16:00;17:00;-
15.04.2018;17:00;18:00;-
15.04.2018;18:00;19:00;-
15.04.2018;19:00;20:00;-
15.04.2018;20:00;21:00;-
15.04.2018;21:00;22:00;-
15.04.2018;22:00;23:00;-
15.04.2018;23:00;00:00;-
