Datum;Anfang;Ende;Generation_DE Heyden 4 [MW] Originalauflösungen
29.08.2022;00:00;01:00;0
29.08.2022;01:00;02:00;0
29.08.2022;02:00;03:00;0
29.08.2022;03:00;04:00;0
29.08.2022;04:00;05:00;0
29.08.2022;05:00;06:00;0
29.08.2022;06:00;07:00;0
29.08.2022;07:00;08:00;0
29.08.2022;08:00;09:00;0
29.08.2022;09:00;10:00;0
29.08.2022;10:00;11:00;0
29.08.2022;11:00;12:00;0
29.08.2022;12:00;13:00;0
29.08.2022;13:00;14:00;0
29.08.2022;14:00;15:00;0
29.08.2022;15:00;16:00;0
29.08.2022;16:00;17:00;0
29.08.2022;17:00;18:00;0
29.08.2022;18:00;19:00;0
29.08.2022;19:00;20:00;0
29.08.2022;20:00;21:00;0
29.08.2022;21:00;22:00;0
29.08.2022;22:00;23:00;0
29.08.2022;23:00;00:00;0
30.08.2022;00:00;01:00;0
30.08.2022;01:00;02:00;0
30.08.2022;02:00;03:00;0
30.08.2022;03:00;04:00;0
30.08.2022;04:00;05:00;0
30.08.2022;05:00;06:00;0
30.08.2022;06:00;07:00;0
30.08.2022;07:00;08:00;0
30.08.2022;08:00;09:00;0
30.08.2022;09:00;10:00;0
30.08.2022;10:00;11:00;0
30.08.2022;11:00;12:00;0
30.08.2022;12:00;13:00;0
30.08.2022;13:00;14:00;0
30.08.2022;14:00;15:00;0
30.08.2022;15:00;16:00;0
30.08.2022;16:00;17:00;0
30.08.2022;17:00;18:00;0
30.08.2022;18:00;19:00;0
30.08.2022;19:00;20:00;0
30.08.2022;20:00;21:00;151
30.08.2022;21:00;22:00;151
30.08.2022;22:00;23:00;0
30.08.2022;23:00;00:00;0
31.08.2022;00:00;01:00;604
31.08.2022;01:00;02:00;588
31.08.2022;02:00;03:00;501
31.08.2022;03:00;04:00;467
31.08.2022;04:00;05:00;509
31.08.2022;05:00;06:00;603
31.08.2022;06:00;07:00;606
31.08.2022;07:00;08:00;606
31.08.2022;08:00;09:00;602
31.08.2022;09:00;10:00;605
31.08.2022;10:00;11:00;603
31.08.2022;11:00;12:00;603
31.08.2022;12:00;13:00;588
31.08.2022;13:00;14:00;401
31.08.2022;14:00;15:00;239
31.08.2022;15:00;16:00;201
31.08.2022;16:00;17:00;196
31.08.2022;17:00;18:00;207
31.08.2022;18:00;19:00;210
31.08.2022;19:00;20:00;293
31.08.2022;20:00;21:00;539
31.08.2022;21:00;22:00;599
31.08.2022;22:00;23:00;605
31.08.2022;23:00;00:00;609
01.09.2022;00:00;01:00;607
01.09.2022;01:00;02:00;611
01.09.2022;02:00;03:00;0
01.09.2022;03:00;04:00;0
01.09.2022;04:00;05:00;0
01.09.2022;05:00;06:00;0
01.09.2022;06:00;07:00;0
01.09.2022;07:00;08:00;0
01.09.2022;08:00;09:00;0
01.09.2022;09:00;10:00;0
01.09.2022;10:00;11:00;0
01.09.2022;11:00;12:00;0
01.09.2022;12:00;13:00;0
01.09.2022;13:00;14:00;0
01.09.2022;14:00;15:00;0
01.09.2022;15:00;16:00;0
01.09.2022;16:00;17:00;0
01.09.2022;17:00;18:00;0
01.09.2022;18:00;19:00;0
01.09.2022;19:00;20:00;0
01.09.2022;20:00;21:00;0
01.09.2022;21:00;22:00;0
01.09.2022;22:00;23:00;0
01.09.2022;23:00;00:00;0
02.09.2022;00:00;01:00;0
02.09.2022;01:00;02:00;0
02.09.2022;02:00;03:00;0
02.09.2022;03:00;04:00;0
02.09.2022;04:00;05:00;0
02.09.2022;05:00;06:00;0
02.09.2022;06:00;07:00;0
02.09.2022;07:00;08:00;0
02.09.2022;08:00;09:00;0
02.09.2022;09:00;10:00;0
02.09.2022;10:00;11:00;0
02.09.2022;11:00;12:00;0
02.09.2022;12:00;13:00;0
02.09.2022;13:00;14:00;0
02.09.2022;14:00;15:00;0
02.09.2022;15:00;16:00;0
02.09.2022;16:00;17:00;0
02.09.2022;17:00;18:00;0
02.09.2022;18:00;19:00;0
02.09.2022;19:00;20:00;0
02.09.2022;20:00;21:00;0
02.09.2022;21:00;22:00;0
02.09.2022;22:00;23:00;0
02.09.2022;23:00;00:00;0
03.09.2022;00:00;01:00;0
03.09.2022;01:00;02:00;0
03.09.2022;02:00;03:00;0
03.09.2022;03:00;04:00;0
03.09.2022;04:00;05:00;0
03.09.2022;05:00;06:00;0
03.09.2022;06:00;07:00;0
03.09.2022;07:00;08:00;0
03.09.2022;08:00;09:00;0
03.09.2022;09:00;10:00;0
03.09.2022;10:00;11:00;0
03.09.2022;11:00;12:00;0
03.09.2022;12:00;13:00;0
03.09.2022;13:00;14:00;0
03.09.2022;14:00;15:00;0
03.09.2022;15:00;16:00;0
03.09.2022;16:00;17:00;0
03.09.2022;17:00;18:00;0
03.09.2022;18:00;19:00;0
03.09.2022;19:00;20:00;0
03.09.2022;20:00;21:00;0
03.09.2022;21:00;22:00;0
03.09.2022;22:00;23:00;0
03.09.2022;23:00;00:00;0
04.09.2022;00:00;01:00;0
04.09.2022;01:00;02:00;0
04.09.2022;02:00;03:00;0
04.09.2022;03:00;04:00;0
04.09.2022;04:00;05:00;0
04.09.2022;05:00;06:00;0
04.09.2022;06:00;07:00;0
04.09.2022;07:00;08:00;0
04.09.2022;08:00;09:00;0
04.09.2022;09:00;10:00;0
04.09.2022;10:00;11:00;0
04.09.2022;11:00;12:00;0
04.09.2022;12:00;13:00;0
04.09.2022;13:00;14:00;0
04.09.2022;14:00;15:00;0
04.09.2022;15:00;16:00;0
04.09.2022;16:00;17:00;0
04.09.2022;17:00;18:00;0
04.09.2022;18:00;19:00;0
04.09.2022;19:00;20:00;0
04.09.2022;20:00;21:00;0
04.09.2022;21:00;22:00;0
04.09.2022;22:00;23:00;0
04.09.2022;23:00;00:00;0
05.09.2022;00:00;01:00;0
05.09.2022;01:00;02:00;0
05.09.2022;02:00;03:00;0
05.09.2022;03:00;04:00;0
05.09.2022;04:00;05:00;0
05.09.2022;05:00;06:00;0
05.09.2022;06:00;07:00;0
05.09.2022;07:00;08:00;0
05.09.2022;08:00;09:00;0
05.09.2022;09:00;10:00;0
05.09.2022;10:00;11:00;0
05.09.2022;11:00;12:00;0
05.09.2022;12:00;13:00;0
05.09.2022;13:00;14:00;0
05.09.2022;14:00;15:00;0
05.09.2022;15:00;16:00;0
05.09.2022;16:00;17:00;0
05.09.2022;17:00;18:00;0
05.09.2022;18:00;19:00;0
05.09.2022;19:00;20:00;0
05.09.2022;20:00;21:00;0
05.09.2022;21:00;22:00;0
05.09.2022;22:00;23:00;0
05.09.2022;23:00;00:00;0
06.09.2022;00:00;01:00;0
06.09.2022;01:00;02:00;0
06.09.2022;02:00;03:00;0
06.09.2022;03:00;04:00;0
06.09.2022;04:00;05:00;0
06.09.2022;05:00;06:00;0
06.09.2022;06:00;07:00;0
06.09.2022;07:00;08:00;0
06.09.2022;08:00;09:00;0
06.09.2022;09:00;10:00;0
06.09.2022;10:00;11:00;0
06.09.2022;11:00;12:00;0
06.09.2022;12:00;13:00;0
06.09.2022;13:00;14:00;0
06.09.2022;14:00;15:00;0
06.09.2022;15:00;16:00;0
06.09.2022;16:00;17:00;0
06.09.2022;17:00;18:00;0
06.09.2022;18:00;19:00;0
06.09.2022;19:00;20:00;0
06.09.2022;20:00;21:00;0
06.09.2022;21:00;22:00;0
06.09.2022;22:00;23:00;0
06.09.2022;23:00;00:00;0
07.09.2022;00:00;01:00;0
07.09.2022;01:00;02:00;0
07.09.2022;02:00;03:00;0
07.09.2022;03:00;04:00;0
07.09.2022;04:00;05:00;0
07.09.2022;05:00;06:00;0
07.09.2022;06:00;07:00;0
07.09.2022;07:00;08:00;0
07.09.2022;08:00;09:00;0
07.09.2022;09:00;10:00;0
07.09.2022;10:00;11:00;0
07.09.2022;11:00;12:00;0
07.09.2022;12:00;13:00;0
07.09.2022;13:00;14:00;0
07.09.2022;14:00;15:00;0
07.09.2022;15:00;16:00;0
07.09.2022;16:00;17:00;0
07.09.2022;17:00;18:00;0
07.09.2022;18:00;19:00;0
07.09.2022;19:00;20:00;0
07.09.2022;20:00;21:00;0
07.09.2022;21:00;22:00;0
07.09.2022;22:00;23:00;0
07.09.2022;23:00;00:00;0
08.09.2022;00:00;01:00;615
08.09.2022;01:00;02:00;576
08.09.2022;02:00;03:00;558
08.09.2022;03:00;04:00;465
08.09.2022;04:00;05:00;426
08.09.2022;05:00;06:00;493
08.09.2022;06:00;07:00;522
08.09.2022;07:00;08:00;617
08.09.2022;08:00;09:00;629
08.09.2022;09:00;10:00;632
08.09.2022;10:00;11:00;632
08.09.2022;11:00;12:00;631
08.09.2022;12:00;13:00;592
08.09.2022;13:00;14:00;491
08.09.2022;14:00;15:00;464
08.09.2022;15:00;16:00;358
08.09.2022;16:00;17:00;427
08.09.2022;17:00;18:00;484
08.09.2022;18:00;19:00;512
08.09.2022;19:00;20:00;557
08.09.2022;20:00;21:00;484
08.09.2022;21:00;22:00;524
08.09.2022;22:00;23:00;553
08.09.2022;23:00;00:00;478
09.09.2022;00:00;01:00;325
09.09.2022;01:00;02:00;213
09.09.2022;02:00;03:00;205
09.09.2022;03:00;04:00;188
09.09.2022;04:00;05:00;194
09.09.2022;05:00;06:00;238
09.09.2022;06:00;07:00;486
09.09.2022;07:00;08:00;619
09.09.2022;08:00;09:00;624
09.09.2022;09:00;10:00;627
09.09.2022;10:00;11:00;579
09.09.2022;11:00;12:00;507
09.09.2022;12:00;13:00;476
09.09.2022;13:00;14:00;474
09.09.2022;14:00;15:00;474
09.09.2022;15:00;16:00;508
09.09.2022;16:00;17:00;540
09.09.2022;17:00;18:00;615
09.09.2022;18:00;19:00;612
09.09.2022;19:00;20:00;612
09.09.2022;20:00;21:00;624
09.09.2022;21:00;22:00;632
09.09.2022;22:00;23:00;631
09.09.2022;23:00;00:00;629
10.09.2022;00:00;01:00;632
10.09.2022;01:00;02:00;631
10.09.2022;02:00;03:00;609
10.09.2022;03:00;04:00;620
10.09.2022;04:00;05:00;627
10.09.2022;05:00;06:00;630
10.09.2022;06:00;07:00;629
10.09.2022;07:00;08:00;625
10.09.2022;08:00;09:00;626
10.09.2022;09:00;10:00;626
10.09.2022;10:00;11:00;629
10.09.2022;11:00;12:00;627
10.09.2022;12:00;13:00;626
10.09.2022;13:00;14:00;597
10.09.2022;14:00;15:00;621
10.09.2022;15:00;16:00;629
10.09.2022;16:00;17:00;629
10.09.2022;17:00;18:00;624
10.09.2022;18:00;19:00;623
10.09.2022;19:00;20:00;626
10.09.2022;20:00;21:00;624
10.09.2022;21:00;22:00;624
10.09.2022;22:00;23:00;627
10.09.2022;23:00;00:00;625
11.09.2022;00:00;01:00;603
11.09.2022;01:00;02:00;624
11.09.2022;02:00;03:00;627
11.09.2022;03:00;04:00;631
11.09.2022;04:00;05:00;628
11.09.2022;05:00;06:00;592
11.09.2022;06:00;07:00;619
11.09.2022;07:00;08:00;633
11.09.2022;08:00;09:00;630
11.09.2022;09:00;10:00;629
11.09.2022;10:00;11:00;630
11.09.2022;11:00;12:00;627
11.09.2022;12:00;13:00;576
11.09.2022;13:00;14:00;301
11.09.2022;14:00;15:00;186
11.09.2022;15:00;16:00;183
11.09.2022;16:00;17:00;319
11.09.2022;17:00;18:00;576
11.09.2022;18:00;19:00;622
11.09.2022;19:00;20:00;623
11.09.2022;20:00;21:00;619
11.09.2022;21:00;22:00;624
11.09.2022;22:00;23:00;628
11.09.2022;23:00;00:00;630
12.09.2022;00:00;01:00;621
12.09.2022;01:00;02:00;555
12.09.2022;02:00;03:00;528
12.09.2022;03:00;04:00;522
12.09.2022;04:00;05:00;549
12.09.2022;05:00;06:00;613
12.09.2022;06:00;07:00;641
12.09.2022;07:00;08:00;627
12.09.2022;08:00;09:00;636
12.09.2022;09:00;10:00;633
12.09.2022;10:00;11:00;624
12.09.2022;11:00;12:00;625
12.09.2022;12:00;13:00;614
12.09.2022;13:00;14:00;523
12.09.2022;14:00;15:00;527
12.09.2022;15:00;16:00;597
12.09.2022;16:00;17:00;599
12.09.2022;17:00;18:00;592
12.09.2022;18:00;19:00;591
12.09.2022;19:00;20:00;479
12.09.2022;20:00;21:00;256
12.09.2022;21:00;22:00;0
12.09.2022;22:00;23:00;0
12.09.2022;23:00;00:00;0
13.09.2022;00:00;01:00;0
13.09.2022;01:00;02:00;0
13.09.2022;02:00;03:00;2
13.09.2022;03:00;04:00;272
13.09.2022;04:00;05:00;324
13.09.2022;05:00;06:00;330
13.09.2022;06:00;07:00;512
13.09.2022;07:00;08:00;617
13.09.2022;08:00;09:00;618
13.09.2022;09:00;10:00;631
13.09.2022;10:00;11:00;627
13.09.2022;11:00;12:00;629
13.09.2022;12:00;13:00;602
13.09.2022;13:00;14:00;588
13.09.2022;14:00;15:00;560
13.09.2022;15:00;16:00;561
13.09.2022;16:00;17:00;626
13.09.2022;17:00;18:00;631
13.09.2022;18:00;19:00;628
13.09.2022;19:00;20:00;628
13.09.2022;20:00;21:00;632
13.09.2022;21:00;22:00;633
13.09.2022;22:00;23:00;628
13.09.2022;23:00;00:00;627
14.09.2022;00:00;01:00;632
14.09.2022;01:00;02:00;638
14.09.2022;02:00;03:00;623
14.09.2022;03:00;04:00;529
14.09.2022;04:00;05:00;544
14.09.2022;05:00;06:00;593
14.09.2022;06:00;07:00;641
14.09.2022;07:00;08:00;635
14.09.2022;08:00;09:00;633
14.09.2022;09:00;10:00;633
14.09.2022;10:00;11:00;633
14.09.2022;11:00;12:00;635
14.09.2022;12:00;13:00;636
14.09.2022;13:00;14:00;635
14.09.2022;14:00;15:00;638
14.09.2022;15:00;16:00;625
14.09.2022;16:00;17:00;634
14.09.2022;17:00;18:00;633
14.09.2022;18:00;19:00;635
14.09.2022;19:00;20:00;635
14.09.2022;20:00;21:00;638
14.09.2022;21:00;22:00;641
14.09.2022;22:00;23:00;639
14.09.2022;23:00;00:00;639
15.09.2022;00:00;01:00;586
15.09.2022;01:00;02:00;532
15.09.2022;02:00;03:00;364
15.09.2022;03:00;04:00;191
15.09.2022;04:00;05:00;186
15.09.2022;05:00;06:00;256
15.09.2022;06:00;07:00;585
15.09.2022;07:00;08:00;633
15.09.2022;08:00;09:00;634
15.09.2022;09:00;10:00;630
15.09.2022;10:00;11:00;630
15.09.2022;11:00;12:00;606
15.09.2022;12:00;13:00;616
15.09.2022;13:00;14:00;458
15.09.2022;14:00;15:00;278
15.09.2022;15:00;16:00;285
15.09.2022;16:00;17:00;311
15.09.2022;17:00;18:00;450
15.09.2022;18:00;19:00;607
15.09.2022;19:00;20:00;637
15.09.2022;20:00;21:00;635
15.09.2022;21:00;22:00;601
15.09.2022;22:00;23:00;360
15.09.2022;23:00;00:00;83
16.09.2022;00:00;01:00;0
16.09.2022;01:00;02:00;0
16.09.2022;02:00;03:00;0
16.09.2022;03:00;04:00;0
16.09.2022;04:00;05:00;0
16.09.2022;05:00;06:00;0
16.09.2022;06:00;07:00;0
16.09.2022;07:00;08:00;0
16.09.2022;08:00;09:00;0
16.09.2022;09:00;10:00;0
16.09.2022;10:00;11:00;0
16.09.2022;11:00;12:00;0
16.09.2022;12:00;13:00;0
16.09.2022;13:00;14:00;0
16.09.2022;14:00;15:00;0
16.09.2022;15:00;16:00;0
16.09.2022;16:00;17:00;0
16.09.2022;17:00;18:00;0
16.09.2022;18:00;19:00;0
16.09.2022;19:00;20:00;0
16.09.2022;20:00;21:00;0
16.09.2022;21:00;22:00;0
16.09.2022;22:00;23:00;0
16.09.2022;23:00;00:00;0
17.09.2022;00:00;01:00;0
17.09.2022;01:00;02:00;0
17.09.2022;02:00;03:00;0
17.09.2022;03:00;04:00;0
17.09.2022;04:00;05:00;0
17.09.2022;05:00;06:00;0
17.09.2022;06:00;07:00;0
17.09.2022;07:00;08:00;0
17.09.2022;08:00;09:00;0
17.09.2022;09:00;10:00;0
17.09.2022;10:00;11:00;0
17.09.2022;11:00;12:00;0
17.09.2022;12:00;13:00;0
17.09.2022;13:00;14:00;0
17.09.2022;14:00;15:00;0
17.09.2022;15:00;16:00;0
17.09.2022;16:00;17:00;0
17.09.2022;17:00;18:00;0
17.09.2022;18:00;19:00;0
17.09.2022;19:00;20:00;0
17.09.2022;20:00;21:00;0
17.09.2022;21:00;22:00;0
17.09.2022;22:00;23:00;0
17.09.2022;23:00;00:00;0
18.09.2022;00:00;01:00;0
18.09.2022;01:00;02:00;0
18.09.2022;02:00;03:00;0
18.09.2022;03:00;04:00;0
18.09.2022;04:00;05:00;0
18.09.2022;05:00;06:00;0
18.09.2022;06:00;07:00;0
18.09.2022;07:00;08:00;0
18.09.2022;08:00;09:00;0
18.09.2022;09:00;10:00;0
18.09.2022;10:00;11:00;0
18.09.2022;11:00;12:00;0
18.09.2022;12:00;13:00;0
18.09.2022;13:00;14:00;0
18.09.2022;14:00;15:00;0
18.09.2022;15:00;16:00;0
18.09.2022;16:00;17:00;0
18.09.2022;17:00;18:00;0
18.09.2022;18:00;19:00;0
18.09.2022;19:00;20:00;0
18.09.2022;20:00;21:00;0
18.09.2022;21:00;22:00;0
18.09.2022;22:00;23:00;0
18.09.2022;23:00;00:00;0
19.09.2022;00:00;01:00;0
19.09.2022;01:00;02:00;0
19.09.2022;02:00;03:00;0
19.09.2022;03:00;04:00;0
19.09.2022;04:00;05:00;0
19.09.2022;05:00;06:00;0
19.09.2022;06:00;07:00;0
19.09.2022;07:00;08:00;0
19.09.2022;08:00;09:00;0
19.09.2022;09:00;10:00;0
19.09.2022;10:00;11:00;0
19.09.2022;11:00;12:00;0
19.09.2022;12:00;13:00;0
19.09.2022;13:00;14:00;0
19.09.2022;14:00;15:00;0
19.09.2022;15:00;16:00;0
19.09.2022;16:00;17:00;0
19.09.2022;17:00;18:00;0
19.09.2022;18:00;19:00;0
19.09.2022;19:00;20:00;0
19.09.2022;20:00;21:00;0
19.09.2022;21:00;22:00;0
19.09.2022;22:00;23:00;0
19.09.2022;23:00;00:00;0
20.09.2022;00:00;01:00;0
20.09.2022;01:00;02:00;0
20.09.2022;02:00;03:00;0
20.09.2022;03:00;04:00;0
20.09.2022;04:00;05:00;3
20.09.2022;05:00;06:00;222
20.09.2022;06:00;07:00;455
20.09.2022;07:00;08:00;611
20.09.2022;08:00;09:00;629
20.09.2022;09:00;10:00;624
20.09.2022;10:00;11:00;517
20.09.2022;11:00;12:00;278
20.09.2022;12:00;13:00;190
20.09.2022;13:00;14:00;186
20.09.2022;14:00;15:00;184
20.09.2022;15:00;16:00;234
20.09.2022;16:00;17:00;316
20.09.2022;17:00;18:00;531
20.09.2022;18:00;19:00;626
20.09.2022;19:00;20:00;631
20.09.2022;20:00;21:00;632
20.09.2022;21:00;22:00;634
20.09.2022;22:00;23:00;640
20.09.2022;23:00;00:00;641
21.09.2022;00:00;01:00;639
21.09.2022;01:00;02:00;636
21.09.2022;02:00;03:00;636
21.09.2022;03:00;04:00;636
21.09.2022;04:00;05:00;640
21.09.2022;05:00;06:00;641
21.09.2022;06:00;07:00;643
21.09.2022;07:00;08:00;645
21.09.2022;08:00;09:00;646
21.09.2022;09:00;10:00;644
21.09.2022;10:00;11:00;604
21.09.2022;11:00;12:00;378
21.09.2022;12:00;13:00;198
21.09.2022;13:00;14:00;186
21.09.2022;14:00;15:00;266
21.09.2022;15:00;16:00;418
21.09.2022;16:00;17:00;480
21.09.2022;17:00;18:00;571
21.09.2022;18:00;19:00;629
21.09.2022;19:00;20:00;631
21.09.2022;20:00;21:00;632
21.09.2022;21:00;22:00;634
21.09.2022;22:00;23:00;634
21.09.2022;23:00;00:00;638
22.09.2022;00:00;01:00;632
22.09.2022;01:00;02:00;630
22.09.2022;02:00;03:00;634
22.09.2022;03:00;04:00;636
22.09.2022;04:00;05:00;631
22.09.2022;05:00;06:00;610
22.09.2022;06:00;07:00;637
22.09.2022;07:00;08:00;631
22.09.2022;08:00;09:00;637
22.09.2022;09:00;10:00;626
22.09.2022;10:00;11:00;551
22.09.2022;11:00;12:00;409
22.09.2022;12:00;13:00;271
22.09.2022;13:00;14:00;185
22.09.2022;14:00;15:00;278
22.09.2022;15:00;16:00;611
22.09.2022;16:00;17:00;623
22.09.2022;17:00;18:00;631
22.09.2022;18:00;19:00;637
22.09.2022;19:00;20:00;640
22.09.2022;20:00;21:00;640
22.09.2022;21:00;22:00;641
22.09.2022;22:00;23:00;632
22.09.2022;23:00;00:00;631
23.09.2022;00:00;01:00;639
23.09.2022;01:00;02:00;640
23.09.2022;02:00;03:00;639
23.09.2022;03:00;04:00;638
23.09.2022;04:00;05:00;637
23.09.2022;05:00;06:00;640
23.09.2022;06:00;07:00;643
23.09.2022;07:00;08:00;639
23.09.2022;08:00;09:00;637
23.09.2022;09:00;10:00;636
23.09.2022;10:00;11:00;635
23.09.2022;11:00;12:00;636
23.09.2022;12:00;13:00;636
23.09.2022;13:00;14:00;635
23.09.2022;14:00;15:00;632
23.09.2022;15:00;16:00;632
23.09.2022;16:00;17:00;633
23.09.2022;17:00;18:00;633
23.09.2022;18:00;19:00;633
23.09.2022;19:00;20:00;635
23.09.2022;20:00;21:00;596
23.09.2022;21:00;22:00;314
23.09.2022;22:00;23:00;0
23.09.2022;23:00;00:00;0
24.09.2022;00:00;01:00;0
24.09.2022;01:00;02:00;0
24.09.2022;02:00;03:00;0
24.09.2022;03:00;04:00;0
24.09.2022;04:00;05:00;0
24.09.2022;05:00;06:00;0
24.09.2022;06:00;07:00;0
24.09.2022;07:00;08:00;0
24.09.2022;08:00;09:00;0
24.09.2022;09:00;10:00;0
24.09.2022;10:00;11:00;0
24.09.2022;11:00;12:00;0
24.09.2022;12:00;13:00;0
24.09.2022;13:00;14:00;0
24.09.2022;14:00;15:00;0
24.09.2022;15:00;16:00;0
24.09.2022;16:00;17:00;0
24.09.2022;17:00;18:00;0
24.09.2022;18:00;19:00;0
24.09.2022;19:00;20:00;0
24.09.2022;20:00;21:00;0
24.09.2022;21:00;22:00;0
24.09.2022;22:00;23:00;0
24.09.2022;23:00;00:00;0
25.09.2022;00:00;01:00;0
25.09.2022;01:00;02:00;0
25.09.2022;02:00;03:00;0
25.09.2022;03:00;04:00;0
25.09.2022;04:00;05:00;0
25.09.2022;05:00;06:00;0
25.09.2022;06:00;07:00;0
25.09.2022;07:00;08:00;0
25.09.2022;08:00;09:00;0
25.09.2022;09:00;10:00;0
25.09.2022;10:00;11:00;0
25.09.2022;11:00;12:00;0
25.09.2022;12:00;13:00;0
25.09.2022;13:00;14:00;0
25.09.2022;14:00;15:00;0
25.09.2022;15:00;16:00;0
25.09.2022;16:00;17:00;0
25.09.2022;17:00;18:00;0
25.09.2022;18:00;19:00;0
25.09.2022;19:00;20:00;0
25.09.2022;20:00;21:00;0
25.09.2022;21:00;22:00;0
25.09.2022;22:00;23:00;0
25.09.2022;23:00;00:00;0
26.09.2022;00:00;01:00;0
26.09.2022;01:00;02:00;0
26.09.2022;02:00;03:00;0
26.09.2022;03:00;04:00;0
26.09.2022;04:00;05:00;0
26.09.2022;05:00;06:00;0
26.09.2022;06:00;07:00;0
26.09.2022;07:00;08:00;0
26.09.2022;08:00;09:00;0
26.09.2022;09:00;10:00;0
26.09.2022;10:00;11:00;0
26.09.2022;11:00;12:00;0
26.09.2022;12:00;13:00;0
26.09.2022;13:00;14:00;0
26.09.2022;14:00;15:00;0
26.09.2022;15:00;16:00;0
26.09.2022;16:00;17:00;0
26.09.2022;17:00;18:00;16
26.09.2022;18:00;19:00;220
26.09.2022;19:00;20:00;377
26.09.2022;20:00;21:00;370
26.09.2022;21:00;22:00;302
26.09.2022;22:00;23:00;332
26.09.2022;23:00;00:00;311
27.09.2022;00:00;01:00;238
27.09.2022;01:00;02:00;205
27.09.2022;02:00;03:00;204
27.09.2022;03:00;04:00;207
27.09.2022;04:00;05:00;202
27.09.2022;05:00;06:00;238
27.09.2022;06:00;07:00;377
27.09.2022;07:00;08:00;644
27.09.2022;08:00;09:00;676
27.09.2022;09:00;10:00;667
27.09.2022;10:00;11:00;663
27.09.2022;11:00;12:00;669
27.09.2022;12:00;13:00;623
27.09.2022;13:00;14:00;614
27.09.2022;14:00;15:00;670
27.09.2022;15:00;16:00;694
27.09.2022;16:00;17:00;692
27.09.2022;17:00;18:00;689
27.09.2022;18:00;19:00;694
27.09.2022;19:00;20:00;698
27.09.2022;20:00;21:00;695
27.09.2022;21:00;22:00;693
27.09.2022;22:00;23:00;580
27.09.2022;23:00;00:00;638
28.09.2022;00:00;01:00;694
28.09.2022;01:00;02:00;685
28.09.2022;02:00;03:00;429
28.09.2022;03:00;04:00;408
28.09.2022;04:00;05:00;584
28.09.2022;05:00;06:00;675
28.09.2022;06:00;07:00;689
28.09.2022;07:00;08:00;694
28.09.2022;08:00;09:00;692
28.09.2022;09:00;10:00;688
28.09.2022;10:00;11:00;689
28.09.2022;11:00;12:00;692
28.09.2022;12:00;13:00;695
28.09.2022;13:00;14:00;690
28.09.2022;14:00;15:00;643
28.09.2022;15:00;16:00;586
28.09.2022;16:00;17:00;687
28.09.2022;17:00;18:00;690
28.09.2022;18:00;19:00;694
28.09.2022;19:00;20:00;696
28.09.2022;20:00;21:00;695
28.09.2022;21:00;22:00;693
28.09.2022;22:00;23:00;693
28.09.2022;23:00;00:00;691
29.09.2022;00:00;01:00;688
29.09.2022;01:00;02:00;687
29.09.2022;02:00;03:00;693
29.09.2022;03:00;04:00;691
29.09.2022;04:00;05:00;691
29.09.2022;05:00;06:00;691
29.09.2022;06:00;07:00;688
29.09.2022;07:00;08:00;695
29.09.2022;08:00;09:00;699
29.09.2022;09:00;10:00;704
29.09.2022;10:00;11:00;703
29.09.2022;11:00;12:00;667
29.09.2022;12:00;13:00;659
29.09.2022;13:00;14:00;629
29.09.2022;14:00;15:00;690
29.09.2022;15:00;16:00;693
29.09.2022;16:00;17:00;637
29.09.2022;17:00;18:00;638
29.09.2022;18:00;19:00;655
29.09.2022;19:00;20:00;691
29.09.2022;20:00;21:00;691
29.09.2022;21:00;22:00;694
29.09.2022;22:00;23:00;693
29.09.2022;23:00;00:00;673
30.09.2022;00:00;01:00;652
30.09.2022;01:00;02:00;631
30.09.2022;02:00;03:00;606
30.09.2022;03:00;04:00;449
30.09.2022;04:00;05:00;538
30.09.2022;05:00;06:00;690
30.09.2022;06:00;07:00;693
30.09.2022;07:00;08:00;694
30.09.2022;08:00;09:00;696
30.09.2022;09:00;10:00;695
30.09.2022;10:00;11:00;628
30.09.2022;11:00;12:00;334
30.09.2022;12:00;13:00;98
30.09.2022;13:00;14:00;0
30.09.2022;14:00;15:00;0
30.09.2022;15:00;16:00;0
30.09.2022;16:00;17:00;0
30.09.2022;17:00;18:00;0
30.09.2022;18:00;19:00;0
30.09.2022;19:00;20:00;0
30.09.2022;20:00;21:00;0
30.09.2022;21:00;22:00;0
30.09.2022;22:00;23:00;0
30.09.2022;23:00;00:00;0
01.10.2022;00:00;01:00;0
01.10.2022;01:00;02:00;0
01.10.2022;02:00;03:00;0
01.10.2022;03:00;04:00;0
01.10.2022;04:00;05:00;0
01.10.2022;05:00;06:00;0
01.10.2022;06:00;07:00;0
01.10.2022;07:00;08:00;0
01.10.2022;08:00;09:00;0
01.10.2022;09:00;10:00;0
01.10.2022;10:00;11:00;0
01.10.2022;11:00;12:00;0
01.10.2022;12:00;13:00;0
01.10.2022;13:00;14:00;0
01.10.2022;14:00;15:00;0
01.10.2022;15:00;16:00;0
01.10.2022;16:00;17:00;0
01.10.2022;17:00;18:00;0
01.10.2022;18:00;19:00;0
01.10.2022;19:00;20:00;0
01.10.2022;20:00;21:00;0
01.10.2022;21:00;22:00;0
01.10.2022;22:00;23:00;0
01.10.2022;23:00;00:00;0
02.10.2022;00:00;01:00;0
02.10.2022;01:00;02:00;0
02.10.2022;02:00;03:00;0
02.10.2022;03:00;04:00;0
02.10.2022;04:00;05:00;0
02.10.2022;05:00;06:00;0
02.10.2022;06:00;07:00;0
02.10.2022;07:00;08:00;0
02.10.2022;08:00;09:00;0
02.10.2022;09:00;10:00;0
02.10.2022;10:00;11:00;0
02.10.2022;11:00;12:00;0
02.10.2022;12:00;13:00;0
02.10.2022;13:00;14:00;0
02.10.2022;14:00;15:00;0
02.10.2022;15:00;16:00;0
02.10.2022;16:00;17:00;0
02.10.2022;17:00;18:00;0
02.10.2022;18:00;19:00;0
02.10.2022;19:00;20:00;0
02.10.2022;20:00;21:00;0
02.10.2022;21:00;22:00;0
02.10.2022;22:00;23:00;0
02.10.2022;23:00;00:00;0
03.10.2022;00:00;01:00;0
03.10.2022;01:00;02:00;0
03.10.2022;02:00;03:00;0
03.10.2022;03:00;04:00;0
03.10.2022;04:00;05:00;0
03.10.2022;05:00;06:00;0
03.10.2022;06:00;07:00;0
03.10.2022;07:00;08:00;0
03.10.2022;08:00;09:00;0
03.10.2022;09:00;10:00;0
03.10.2022;10:00;11:00;0
03.10.2022;11:00;12:00;0
03.10.2022;12:00;13:00;0
03.10.2022;13:00;14:00;0
03.10.2022;14:00;15:00;0
03.10.2022;15:00;16:00;0
03.10.2022;16:00;17:00;0
03.10.2022;17:00;18:00;0
03.10.2022;18:00;19:00;0
03.10.2022;19:00;20:00;0
03.10.2022;20:00;21:00;0
03.10.2022;21:00;22:00;0
03.10.2022;22:00;23:00;0
03.10.2022;23:00;00:00;0
04.10.2022;00:00;01:00;0
04.10.2022;01:00;02:00;0
04.10.2022;02:00;03:00;0
04.10.2022;03:00;04:00;0
04.10.2022;04:00;05:00;0
04.10.2022;05:00;06:00;0
04.10.2022;06:00;07:00;0
04.10.2022;07:00;08:00;0
04.10.2022;08:00;09:00;0
04.10.2022;09:00;10:00;0
04.10.2022;10:00;11:00;0
04.10.2022;11:00;12:00;0
04.10.2022;12:00;13:00;0
04.10.2022;13:00;14:00;0
04.10.2022;14:00;15:00;0
04.10.2022;15:00;16:00;0
04.10.2022;16:00;17:00;0
04.10.2022;17:00;18:00;0
04.10.2022;18:00;19:00;0
04.10.2022;19:00;20:00;0
04.10.2022;20:00;21:00;0
04.10.2022;21:00;22:00;0
04.10.2022;22:00;23:00;0
04.10.2022;23:00;00:00;0
05.10.2022;00:00;01:00;0
05.10.2022;01:00;02:00;0
05.10.2022;02:00;03:00;0
05.10.2022;03:00;04:00;0
05.10.2022;04:00;05:00;0
05.10.2022;05:00;06:00;0
05.10.2022;06:00;07:00;0
05.10.2022;07:00;08:00;0
05.10.2022;08:00;09:00;0
05.10.2022;09:00;10:00;0
05.10.2022;10:00;11:00;0
05.10.2022;11:00;12:00;0
05.10.2022;12:00;13:00;0
05.10.2022;13:00;14:00;0
05.10.2022;14:00;15:00;0
05.10.2022;15:00;16:00;0
05.10.2022;16:00;17:00;0
05.10.2022;17:00;18:00;0
05.10.2022;18:00;19:00;0
05.10.2022;19:00;20:00;0
05.10.2022;20:00;21:00;0
05.10.2022;21:00;22:00;0
05.10.2022;22:00;23:00;0
05.10.2022;23:00;00:00;0
06.10.2022;00:00;01:00;0
06.10.2022;01:00;02:00;0
06.10.2022;02:00;03:00;0
06.10.2022;03:00;04:00;0
06.10.2022;04:00;05:00;0
06.10.2022;05:00;06:00;0
06.10.2022;06:00;07:00;0
06.10.2022;07:00;08:00;0
06.10.2022;08:00;09:00;0
06.10.2022;09:00;10:00;0
06.10.2022;10:00;11:00;0
06.10.2022;11:00;12:00;0
06.10.2022;12:00;13:00;0
06.10.2022;13:00;14:00;0
06.10.2022;14:00;15:00;0
06.10.2022;15:00;16:00;0
06.10.2022;16:00;17:00;0
06.10.2022;17:00;18:00;0
06.10.2022;18:00;19:00;0
06.10.2022;19:00;20:00;0
06.10.2022;20:00;21:00;0
06.10.2022;21:00;22:00;0
06.10.2022;22:00;23:00;0
06.10.2022;23:00;00:00;0
07.10.2022;00:00;01:00;0
07.10.2022;01:00;02:00;0
07.10.2022;02:00;03:00;0
07.10.2022;03:00;04:00;0
07.10.2022;04:00;05:00;0
07.10.2022;05:00;06:00;0
07.10.2022;06:00;07:00;0
07.10.2022;07:00;08:00;0
07.10.2022;08:00;09:00;0
07.10.2022;09:00;10:00;0
07.10.2022;10:00;11:00;0
07.10.2022;11:00;12:00;0
07.10.2022;12:00;13:00;0
07.10.2022;13:00;14:00;0
07.10.2022;14:00;15:00;0
07.10.2022;15:00;16:00;0
07.10.2022;16:00;17:00;0
07.10.2022;17:00;18:00;0
07.10.2022;18:00;19:00;0
07.10.2022;19:00;20:00;0
07.10.2022;20:00;21:00;0
07.10.2022;21:00;22:00;0
07.10.2022;22:00;23:00;0
07.10.2022;23:00;00:00;0
08.10.2022;00:00;01:00;0
08.10.2022;01:00;02:00;0
08.10.2022;02:00;03:00;0
08.10.2022;03:00;04:00;0
08.10.2022;04:00;05:00;0
08.10.2022;05:00;06:00;0
08.10.2022;06:00;07:00;0
08.10.2022;07:00;08:00;0
08.10.2022;08:00;09:00;0
08.10.2022;09:00;10:00;0
08.10.2022;10:00;11:00;0
08.10.2022;11:00;12:00;0
08.10.2022;12:00;13:00;0
08.10.2022;13:00;14:00;0
08.10.2022;14:00;15:00;0
08.10.2022;15:00;16:00;0
08.10.2022;16:00;17:00;0
08.10.2022;17:00;18:00;0
08.10.2022;18:00;19:00;0
08.10.2022;19:00;20:00;0
08.10.2022;20:00;21:00;0
08.10.2022;21:00;22:00;0
08.10.2022;22:00;23:00;0
08.10.2022;23:00;00:00;0
09.10.2022;00:00;01:00;0
09.10.2022;01:00;02:00;0
09.10.2022;02:00;03:00;0
09.10.2022;03:00;04:00;0
09.10.2022;04:00;05:00;0
09.10.2022;05:00;06:00;0
09.10.2022;06:00;07:00;0
09.10.2022;07:00;08:00;0
09.10.2022;08:00;09:00;0
09.10.2022;09:00;10:00;0
09.10.2022;10:00;11:00;0
09.10.2022;11:00;12:00;0
09.10.2022;12:00;13:00;0
09.10.2022;13:00;14:00;0
09.10.2022;14:00;15:00;0
09.10.2022;15:00;16:00;0
09.10.2022;16:00;17:00;0
09.10.2022;17:00;18:00;0
09.10.2022;18:00;19:00;0
09.10.2022;19:00;20:00;0
09.10.2022;20:00;21:00;0
09.10.2022;21:00;22:00;0
09.10.2022;22:00;23:00;0
09.10.2022;23:00;00:00;0
10.10.2022;00:00;01:00;0
10.10.2022;01:00;02:00;161
10.10.2022;02:00;03:00;298
10.10.2022;03:00;04:00;305
10.10.2022;04:00;05:00;329
10.10.2022;05:00;06:00;392
10.10.2022;06:00;07:00;533
10.10.2022;07:00;08:00;688
10.10.2022;08:00;09:00;705
10.10.2022;09:00;10:00;660
10.10.2022;10:00;11:00;612
10.10.2022;11:00;12:00;507
10.10.2022;12:00;13:00;273
10.10.2022;13:00;14:00;204
10.10.2022;14:00;15:00;183
10.10.2022;15:00;16:00;180
10.10.2022;16:00;17:00;281
10.10.2022;17:00;18:00;506
10.10.2022;18:00;19:00;586
10.10.2022;19:00;20:00;695
10.10.2022;20:00;21:00;694
10.10.2022;21:00;22:00;676
10.10.2022;22:00;23:00;618
10.10.2022;23:00;00:00;694
11.10.2022;00:00;01:00;696
11.10.2022;01:00;02:00;696
11.10.2022;02:00;03:00;696
11.10.2022;03:00;04:00;675
11.10.2022;04:00;05:00;661
11.10.2022;05:00;06:00;697
11.10.2022;06:00;07:00;693
11.10.2022;07:00;08:00;706
11.10.2022;08:00;09:00;702
11.10.2022;09:00;10:00;699
11.10.2022;10:00;11:00;701
11.10.2022;11:00;12:00;677
11.10.2022;12:00;13:00;429
11.10.2022;13:00;14:00;207
11.10.2022;14:00;15:00;193
11.10.2022;15:00;16:00;204
11.10.2022;16:00;17:00;205
11.10.2022;17:00;18:00;411
11.10.2022;18:00;19:00;696
11.10.2022;19:00;20:00;691
11.10.2022;20:00;21:00;692
11.10.2022;21:00;22:00;698
11.10.2022;22:00;23:00;701
11.10.2022;23:00;00:00;703
12.10.2022;00:00;01:00;707
12.10.2022;01:00;02:00;705
12.10.2022;02:00;03:00;706
12.10.2022;03:00;04:00;707
12.10.2022;04:00;05:00;706
12.10.2022;05:00;06:00;706
12.10.2022;06:00;07:00;704
12.10.2022;07:00;08:00;705
12.10.2022;08:00;09:00;725
12.10.2022;09:00;10:00;724
12.10.2022;10:00;11:00;724
12.10.2022;11:00;12:00;724
12.10.2022;12:00;13:00;724
12.10.2022;13:00;14:00;725
12.10.2022;14:00;15:00;704
12.10.2022;15:00;16:00;720
12.10.2022;16:00;17:00;721
12.10.2022;17:00;18:00;720
12.10.2022;18:00;19:00;721
12.10.2022;19:00;20:00;723
12.10.2022;20:00;21:00;725
12.10.2022;21:00;22:00;723
12.10.2022;22:00;23:00;725
12.10.2022;23:00;00:00;725
13.10.2022;00:00;01:00;727
13.10.2022;01:00;02:00;729
13.10.2022;02:00;03:00;728
13.10.2022;03:00;04:00;726
13.10.2022;04:00;05:00;722
13.10.2022;05:00;06:00;726
13.10.2022;06:00;07:00;724
13.10.2022;07:00;08:00;722
13.10.2022;08:00;09:00;723
13.10.2022;09:00;10:00;723
13.10.2022;10:00;11:00;722
13.10.2022;11:00;12:00;722
13.10.2022;12:00;13:00;719
13.10.2022;13:00;14:00;720
13.10.2022;14:00;15:00;719
13.10.2022;15:00;16:00;717
13.10.2022;16:00;17:00;715
13.10.2022;17:00;18:00;714
13.10.2022;18:00;19:00;716
13.10.2022;19:00;20:00;714
13.10.2022;20:00;21:00;713
13.10.2022;21:00;22:00;713
13.10.2022;22:00;23:00;715
13.10.2022;23:00;00:00;715
14.10.2022;00:00;01:00;715
14.10.2022;01:00;02:00;714
14.10.2022;02:00;03:00;713
14.10.2022;03:00;04:00;715
14.10.2022;04:00;05:00;719
14.10.2022;05:00;06:00;717
14.10.2022;06:00;07:00;717
14.10.2022;07:00;08:00;715
14.10.2022;08:00;09:00;711
14.10.2022;09:00;10:00;718
14.10.2022;10:00;11:00;723
14.10.2022;11:00;12:00;720
14.10.2022;12:00;13:00;725
14.10.2022;13:00;14:00;717
14.10.2022;14:00;15:00;709
14.10.2022;15:00;16:00;717
14.10.2022;16:00;17:00;720
14.10.2022;17:00;18:00;718
14.10.2022;18:00;19:00;717
14.10.2022;19:00;20:00;718
14.10.2022;20:00;21:00;719
14.10.2022;21:00;22:00;718
14.10.2022;22:00;23:00;718
14.10.2022;23:00;00:00;719
15.10.2022;00:00;01:00;714
15.10.2022;01:00;02:00;543
15.10.2022;02:00;03:00;247
15.10.2022;03:00;04:00;194
15.10.2022;04:00;05:00;234
15.10.2022;05:00;06:00;314
15.10.2022;06:00;07:00;596
15.10.2022;07:00;08:00;725
15.10.2022;08:00;09:00;719
15.10.2022;09:00;10:00;715
15.10.2022;10:00;11:00;635
15.10.2022;11:00;12:00;419
15.10.2022;12:00;13:00;124
15.10.2022;13:00;14:00;0
15.10.2022;14:00;15:00;0
15.10.2022;15:00;16:00;0
15.10.2022;16:00;17:00;0
15.10.2022;17:00;18:00;0
15.10.2022;18:00;19:00;0
15.10.2022;19:00;20:00;0
15.10.2022;20:00;21:00;0
15.10.2022;21:00;22:00;0
15.10.2022;22:00;23:00;0
15.10.2022;23:00;00:00;0
16.10.2022;00:00;01:00;0
16.10.2022;01:00;02:00;0
16.10.2022;02:00;03:00;0
16.10.2022;03:00;04:00;0
16.10.2022;04:00;05:00;0
16.10.2022;05:00;06:00;0
16.10.2022;06:00;07:00;0
16.10.2022;07:00;08:00;0
16.10.2022;08:00;09:00;0
16.10.2022;09:00;10:00;0
16.10.2022;10:00;11:00;0
16.10.2022;11:00;12:00;0
16.10.2022;12:00;13:00;0
16.10.2022;13:00;14:00;0
16.10.2022;14:00;15:00;0
16.10.2022;15:00;16:00;0
16.10.2022;16:00;17:00;0
16.10.2022;17:00;18:00;0
16.10.2022;18:00;19:00;0
16.10.2022;19:00;20:00;0
16.10.2022;20:00;21:00;0
16.10.2022;21:00;22:00;0
16.10.2022;22:00;23:00;0
16.10.2022;23:00;00:00;0
17.10.2022;00:00;01:00;0
17.10.2022;01:00;02:00;0
17.10.2022;02:00;03:00;0
17.10.2022;03:00;04:00;0
17.10.2022;04:00;05:00;0
17.10.2022;05:00;06:00;0
17.10.2022;06:00;07:00;0
17.10.2022;07:00;08:00;0
17.10.2022;08:00;09:00;174
17.10.2022;09:00;10:00;259
17.10.2022;10:00;11:00;201
17.10.2022;11:00;12:00;180
17.10.2022;12:00;13:00;183
17.10.2022;13:00;14:00;185
17.10.2022;14:00;15:00;184
17.10.2022;15:00;16:00;187
17.10.2022;16:00;17:00;186
17.10.2022;17:00;18:00;184
17.10.2022;18:00;19:00;182
17.10.2022;19:00;20:00;183
17.10.2022;20:00;21:00;186
17.10.2022;21:00;22:00;188
17.10.2022;22:00;23:00;185
17.10.2022;23:00;00:00;183
18.10.2022;00:00;01:00;184
18.10.2022;01:00;02:00;220
18.10.2022;02:00;03:00;231
18.10.2022;03:00;04:00;243
18.10.2022;04:00;05:00;268
18.10.2022;05:00;06:00;461
18.10.2022;06:00;07:00;691
18.10.2022;07:00;08:00;718
18.10.2022;08:00;09:00;713
18.10.2022;09:00;10:00;714
18.10.2022;10:00;11:00;717
18.10.2022;11:00;12:00;685
18.10.2022;12:00;13:00;632
18.10.2022;13:00;14:00;617
18.10.2022;14:00;15:00;504
18.10.2022;15:00;16:00;472
18.10.2022;16:00;17:00;414
18.10.2022;17:00;18:00;522
18.10.2022;18:00;19:00;568
18.10.2022;19:00;20:00;711
18.10.2022;20:00;21:00;723
18.10.2022;21:00;22:00;723
18.10.2022;22:00;23:00;563
18.10.2022;23:00;00:00;400
19.10.2022;00:00;01:00;0
19.10.2022;01:00;02:00;0
19.10.2022;02:00;03:00;0
19.10.2022;03:00;04:00;0
19.10.2022;04:00;05:00;0
19.10.2022;05:00;06:00;0
19.10.2022;06:00;07:00;0
19.10.2022;07:00;08:00;0
19.10.2022;08:00;09:00;0
19.10.2022;09:00;10:00;0
19.10.2022;10:00;11:00;0
19.10.2022;11:00;12:00;0
19.10.2022;12:00;13:00;0
19.10.2022;13:00;14:00;0
19.10.2022;14:00;15:00;0
19.10.2022;15:00;16:00;0
19.10.2022;16:00;17:00;0
19.10.2022;17:00;18:00;0
19.10.2022;18:00;19:00;0
19.10.2022;19:00;20:00;0
19.10.2022;20:00;21:00;0
19.10.2022;21:00;22:00;0
19.10.2022;22:00;23:00;0
19.10.2022;23:00;00:00;0
20.10.2022;00:00;01:00;0
20.10.2022;01:00;02:00;0
20.10.2022;02:00;03:00;0
20.10.2022;03:00;04:00;0
20.10.2022;04:00;05:00;0
20.10.2022;05:00;06:00;0
20.10.2022;06:00;07:00;0
20.10.2022;07:00;08:00;0
20.10.2022;08:00;09:00;0
20.10.2022;09:00;10:00;0
20.10.2022;10:00;11:00;0
20.10.2022;11:00;12:00;0
20.10.2022;12:00;13:00;0
20.10.2022;13:00;14:00;0
20.10.2022;14:00;15:00;0
20.10.2022;15:00;16:00;0
20.10.2022;16:00;17:00;0
20.10.2022;17:00;18:00;0
20.10.2022;18:00;19:00;0
20.10.2022;19:00;20:00;0
20.10.2022;20:00;21:00;0
20.10.2022;21:00;22:00;0
20.10.2022;22:00;23:00;0
20.10.2022;23:00;00:00;0
21.10.2022;00:00;01:00;0
21.10.2022;01:00;02:00;0
21.10.2022;02:00;03:00;0
21.10.2022;03:00;04:00;0
21.10.2022;04:00;05:00;0
21.10.2022;05:00;06:00;0
21.10.2022;06:00;07:00;0
21.10.2022;07:00;08:00;0
21.10.2022;08:00;09:00;0
21.10.2022;09:00;10:00;0
21.10.2022;10:00;11:00;0
21.10.2022;11:00;12:00;0
21.10.2022;12:00;13:00;0
21.10.2022;13:00;14:00;0
21.10.2022;14:00;15:00;0
21.10.2022;15:00;16:00;0
21.10.2022;16:00;17:00;0
21.10.2022;17:00;18:00;0
21.10.2022;18:00;19:00;0
21.10.2022;19:00;20:00;0
21.10.2022;20:00;21:00;0
21.10.2022;21:00;22:00;0
21.10.2022;22:00;23:00;0
21.10.2022;23:00;00:00;0
22.10.2022;00:00;01:00;0
22.10.2022;01:00;02:00;0
22.10.2022;02:00;03:00;0
22.10.2022;03:00;04:00;0
22.10.2022;04:00;05:00;0
22.10.2022;05:00;06:00;0
22.10.2022;06:00;07:00;0
22.10.2022;07:00;08:00;0
22.10.2022;08:00;09:00;0
22.10.2022;09:00;10:00;0
22.10.2022;10:00;11:00;0
22.10.2022;11:00;12:00;0
22.10.2022;12:00;13:00;0
22.10.2022;13:00;14:00;0
22.10.2022;14:00;15:00;0
22.10.2022;15:00;16:00;0
22.10.2022;16:00;17:00;0
22.10.2022;17:00;18:00;0
22.10.2022;18:00;19:00;0
22.10.2022;19:00;20:00;0
22.10.2022;20:00;21:00;0
22.10.2022;21:00;22:00;0
22.10.2022;22:00;23:00;0
22.10.2022;23:00;00:00;0
23.10.2022;00:00;01:00;0
23.10.2022;01:00;02:00;0
23.10.2022;02:00;03:00;0
23.10.2022;03:00;04:00;0
23.10.2022;04:00;05:00;0
23.10.2022;05:00;06:00;0
23.10.2022;06:00;07:00;0
23.10.2022;07:00;08:00;0
23.10.2022;08:00;09:00;0
23.10.2022;09:00;10:00;0
23.10.2022;10:00;11:00;0
23.10.2022;11:00;12:00;0
23.10.2022;12:00;13:00;0
23.10.2022;13:00;14:00;0
23.10.2022;14:00;15:00;0
23.10.2022;15:00;16:00;0
23.10.2022;16:00;17:00;0
23.10.2022;17:00;18:00;0
23.10.2022;18:00;19:00;0
23.10.2022;19:00;20:00;0
23.10.2022;20:00;21:00;0
23.10.2022;21:00;22:00;0
23.10.2022;22:00;23:00;0
23.10.2022;23:00;00:00;0
24.10.2022;00:00;01:00;0
24.10.2022;01:00;02:00;0
24.10.2022;02:00;03:00;0
24.10.2022;03:00;04:00;0
24.10.2022;04:00;05:00;0
24.10.2022;05:00;06:00;0
24.10.2022;06:00;07:00;0
24.10.2022;07:00;08:00;0
24.10.2022;08:00;09:00;0
24.10.2022;09:00;10:00;0
24.10.2022;10:00;11:00;0
24.10.2022;11:00;12:00;0
24.10.2022;12:00;13:00;0
24.10.2022;13:00;14:00;0
24.10.2022;14:00;15:00;0
24.10.2022;15:00;16:00;0
24.10.2022;16:00;17:00;0
24.10.2022;17:00;18:00;0
24.10.2022;18:00;19:00;0
24.10.2022;19:00;20:00;0
24.10.2022;20:00;21:00;0
24.10.2022;21:00;22:00;0
24.10.2022;22:00;23:00;0
24.10.2022;23:00;00:00;0
25.10.2022;00:00;01:00;0
25.10.2022;01:00;02:00;0
25.10.2022;02:00;03:00;0
25.10.2022;03:00;04:00;0
25.10.2022;04:00;05:00;0
25.10.2022;05:00;06:00;0
25.10.2022;06:00;07:00;0
25.10.2022;07:00;08:00;0
25.10.2022;08:00;09:00;0
25.10.2022;09:00;10:00;0
25.10.2022;10:00;11:00;0
25.10.2022;11:00;12:00;0
25.10.2022;12:00;13:00;0
25.10.2022;13:00;14:00;0
25.10.2022;14:00;15:00;0
25.10.2022;15:00;16:00;0
25.10.2022;16:00;17:00;0
25.10.2022;17:00;18:00;0
25.10.2022;18:00;19:00;0
25.10.2022;19:00;20:00;0
25.10.2022;20:00;21:00;0
25.10.2022;21:00;22:00;0
25.10.2022;22:00;23:00;0
25.10.2022;23:00;00:00;0
26.10.2022;00:00;01:00;0
26.10.2022;01:00;02:00;0
26.10.2022;02:00;03:00;0
26.10.2022;03:00;04:00;0
26.10.2022;04:00;05:00;0
26.10.2022;05:00;06:00;0
26.10.2022;06:00;07:00;0
26.10.2022;07:00;08:00;0
26.10.2022;08:00;09:00;0
26.10.2022;09:00;10:00;0
26.10.2022;10:00;11:00;0
26.10.2022;11:00;12:00;0
26.10.2022;12:00;13:00;0
26.10.2022;13:00;14:00;0
26.10.2022;14:00;15:00;0
26.10.2022;15:00;16:00;0
26.10.2022;16:00;17:00;0
26.10.2022;17:00;18:00;0
26.10.2022;18:00;19:00;0
26.10.2022;19:00;20:00;0
26.10.2022;20:00;21:00;0
26.10.2022;21:00;22:00;0
26.10.2022;22:00;23:00;0
26.10.2022;23:00;00:00;0
27.10.2022;00:00;01:00;0
27.10.2022;01:00;02:00;0
27.10.2022;02:00;03:00;0
27.10.2022;03:00;04:00;0
27.10.2022;04:00;05:00;0
27.10.2022;05:00;06:00;0
27.10.2022;06:00;07:00;0
27.10.2022;07:00;08:00;0
27.10.2022;08:00;09:00;0
27.10.2022;09:00;10:00;0
27.10.2022;10:00;11:00;0
27.10.2022;11:00;12:00;0
27.10.2022;12:00;13:00;0
27.10.2022;13:00;14:00;0
27.10.2022;14:00;15:00;0
27.10.2022;15:00;16:00;0
27.10.2022;16:00;17:00;0
27.10.2022;17:00;18:00;0
27.10.2022;18:00;19:00;0
27.10.2022;19:00;20:00;0
27.10.2022;20:00;21:00;0
27.10.2022;21:00;22:00;0
27.10.2022;22:00;23:00;0
27.10.2022;23:00;00:00;0
28.10.2022;00:00;01:00;0
28.10.2022;01:00;02:00;0
28.10.2022;02:00;03:00;0
28.10.2022;03:00;04:00;0
28.10.2022;04:00;05:00;0
28.10.2022;05:00;06:00;0
28.10.2022;06:00;07:00;0
28.10.2022;07:00;08:00;0
28.10.2022;08:00;09:00;0
28.10.2022;09:00;10:00;0
28.10.2022;10:00;11:00;0
28.10.2022;11:00;12:00;0
28.10.2022;12:00;13:00;0
28.10.2022;13:00;14:00;0
28.10.2022;14:00;15:00;0
28.10.2022;15:00;16:00;0
28.10.2022;16:00;17:00;0
28.10.2022;17:00;18:00;0
28.10.2022;18:00;19:00;0
28.10.2022;19:00;20:00;0
28.10.2022;20:00;21:00;0
28.10.2022;21:00;22:00;0
28.10.2022;22:00;23:00;0
28.10.2022;23:00;00:00;0
29.10.2022;00:00;01:00;0
29.10.2022;01:00;02:00;0
29.10.2022;02:00;03:00;0
29.10.2022;03:00;04:00;0
29.10.2022;04:00;05:00;0
29.10.2022;05:00;06:00;0
29.10.2022;06:00;07:00;0
29.10.2022;07:00;08:00;0
29.10.2022;08:00;09:00;0
29.10.2022;09:00;10:00;0
29.10.2022;10:00;11:00;0
29.10.2022;11:00;12:00;0
29.10.2022;12:00;13:00;0
29.10.2022;13:00;14:00;0
29.10.2022;14:00;15:00;0
29.10.2022;15:00;16:00;0
29.10.2022;16:00;17:00;0
29.10.2022;17:00;18:00;0
29.10.2022;18:00;19:00;0
29.10.2022;19:00;20:00;0
29.10.2022;20:00;21:00;0
29.10.2022;21:00;22:00;0
29.10.2022;22:00;23:00;0
29.10.2022;23:00;00:00;0
30.10.2022;00:00;01:00;0
30.10.2022;01:00;02:00;0
30.10.2022;02:00;03:00;0
30.10.2022;02:00;03:00;0
30.10.2022;03:00;04:00;0
30.10.2022;04:00;05:00;0
30.10.2022;05:00;06:00;0
30.10.2022;06:00;07:00;0
30.10.2022;07:00;08:00;0
30.10.2022;08:00;09:00;0
30.10.2022;09:00;10:00;0
30.10.2022;10:00;11:00;0
30.10.2022;11:00;12:00;0
30.10.2022;12:00;13:00;0
30.10.2022;13:00;14:00;0
30.10.2022;14:00;15:00;0
30.10.2022;15:00;16:00;0
30.10.2022;16:00;17:00;0
30.10.2022;17:00;18:00;0
30.10.2022;18:00;19:00;0
30.10.2022;19:00;20:00;0
30.10.2022;20:00;21:00;0
30.10.2022;21:00;22:00;0
30.10.2022;22:00;23:00;0
30.10.2022;23:00;00:00;0
31.10.2022;00:00;01:00;0
31.10.2022;01:00;02:00;0
31.10.2022;02:00;03:00;0
31.10.2022;03:00;04:00;0
31.10.2022;04:00;05:00;0
31.10.2022;05:00;06:00;0
31.10.2022;06:00;07:00;0
31.10.2022;07:00;08:00;0
31.10.2022;08:00;09:00;0
31.10.2022;09:00;10:00;0
31.10.2022;10:00;11:00;0
31.10.2022;11:00;12:00;0
31.10.2022;12:00;13:00;0
31.10.2022;13:00;14:00;0
31.10.2022;14:00;15:00;0
31.10.2022;15:00;16:00;0
31.10.2022;16:00;17:00;0
31.10.2022;17:00;18:00;0
31.10.2022;18:00;19:00;0
31.10.2022;19:00;20:00;0
31.10.2022;20:00;21:00;0
31.10.2022;21:00;22:00;0
31.10.2022;22:00;23:00;0
31.10.2022;23:00;00:00;0
01.11.2022;00:00;01:00;0
01.11.2022;01:00;02:00;0
01.11.2022;02:00;03:00;0
01.11.2022;03:00;04:00;0
01.11.2022;04:00;05:00;0
01.11.2022;05:00;06:00;0
01.11.2022;06:00;07:00;0
01.11.2022;07:00;08:00;0
01.11.2022;08:00;09:00;0
01.11.2022;09:00;10:00;0
01.11.2022;10:00;11:00;0
01.11.2022;11:00;12:00;0
01.11.2022;12:00;13:00;0
01.11.2022;13:00;14:00;0
01.11.2022;14:00;15:00;0
01.11.2022;15:00;16:00;0
01.11.2022;16:00;17:00;0
01.11.2022;17:00;18:00;0
01.11.2022;18:00;19:00;0
01.11.2022;19:00;20:00;0
01.11.2022;20:00;21:00;0
01.11.2022;21:00;22:00;0
01.11.2022;22:00;23:00;0
01.11.2022;23:00;00:00;0
02.11.2022;00:00;01:00;0
02.11.2022;01:00;02:00;0
02.11.2022;02:00;03:00;0
02.11.2022;03:00;04:00;0
02.11.2022;04:00;05:00;0
02.11.2022;05:00;06:00;0
02.11.2022;06:00;07:00;0
02.11.2022;07:00;08:00;0
02.11.2022;08:00;09:00;0
02.11.2022;09:00;10:00;0
02.11.2022;10:00;11:00;0
02.11.2022;11:00;12:00;0
02.11.2022;12:00;13:00;0
02.11.2022;13:00;14:00;0
02.11.2022;14:00;15:00;0
02.11.2022;15:00;16:00;0
02.11.2022;16:00;17:00;0
02.11.2022;17:00;18:00;0
02.11.2022;18:00;19:00;0
02.11.2022;19:00;20:00;0
02.11.2022;20:00;21:00;0
02.11.2022;21:00;22:00;0
02.11.2022;22:00;23:00;0
02.11.2022;23:00;00:00;0
03.11.2022;00:00;01:00;0
03.11.2022;01:00;02:00;0
03.11.2022;02:00;03:00;0
03.11.2022;03:00;04:00;0
03.11.2022;04:00;05:00;0
03.11.2022;05:00;06:00;0
03.11.2022;06:00;07:00;0
03.11.2022;07:00;08:00;0
03.11.2022;08:00;09:00;0
03.11.2022;09:00;10:00;0
03.11.2022;10:00;11:00;0
03.11.2022;11:00;12:00;0
03.11.2022;12:00;13:00;0
03.11.2022;13:00;14:00;0
03.11.2022;14:00;15:00;0
03.11.2022;15:00;16:00;0
03.11.2022;16:00;17:00;0
03.11.2022;17:00;18:00;0
03.11.2022;18:00;19:00;0
03.11.2022;19:00;20:00;0
03.11.2022;20:00;21:00;0
03.11.2022;21:00;22:00;0
03.11.2022;22:00;23:00;0
03.11.2022;23:00;00:00;0
04.11.2022;00:00;01:00;0
04.11.2022;01:00;02:00;0
04.11.2022;02:00;03:00;0
04.11.2022;03:00;04:00;0
04.11.2022;04:00;05:00;0
04.11.2022;05:00;06:00;0
04.11.2022;06:00;07:00;0
04.11.2022;07:00;08:00;0
04.11.2022;08:00;09:00;0
04.11.2022;09:00;10:00;0
04.11.2022;10:00;11:00;0
04.11.2022;11:00;12:00;0
04.11.2022;12:00;13:00;0
04.11.2022;13:00;14:00;0
04.11.2022;14:00;15:00;0
04.11.2022;15:00;16:00;0
04.11.2022;16:00;17:00;0
04.11.2022;17:00;18:00;0
04.11.2022;18:00;19:00;0
04.11.2022;19:00;20:00;0
04.11.2022;20:00;21:00;0
04.11.2022;21:00;22:00;0
04.11.2022;22:00;23:00;0
04.11.2022;23:00;00:00;0
05.11.2022;00:00;01:00;0
05.11.2022;01:00;02:00;0
05.11.2022;02:00;03:00;0
05.11.2022;03:00;04:00;0
05.11.2022;04:00;05:00;0
05.11.2022;05:00;06:00;0
05.11.2022;06:00;07:00;0
05.11.2022;07:00;08:00;0
05.11.2022;08:00;09:00;0
05.11.2022;09:00;10:00;0
05.11.2022;10:00;11:00;0
05.11.2022;11:00;12:00;0
05.11.2022;12:00;13:00;0
05.11.2022;13:00;14:00;0
05.11.2022;14:00;15:00;0
05.11.2022;15:00;16:00;0
05.11.2022;16:00;17:00;0
05.11.2022;17:00;18:00;0
05.11.2022;18:00;19:00;0
05.11.2022;19:00;20:00;0
05.11.2022;20:00;21:00;0
05.11.2022;21:00;22:00;0
05.11.2022;22:00;23:00;0
05.11.2022;23:00;00:00;0
06.11.2022;00:00;01:00;0
06.11.2022;01:00;02:00;0
06.11.2022;02:00;03:00;0
06.11.2022;03:00;04:00;0
06.11.2022;04:00;05:00;0
06.11.2022;05:00;06:00;0
06.11.2022;06:00;07:00;0
06.11.2022;07:00;08:00;0
06.11.2022;08:00;09:00;0
06.11.2022;09:00;10:00;0
06.11.2022;10:00;11:00;0
06.11.2022;11:00;12:00;0
06.11.2022;12:00;13:00;0
06.11.2022;13:00;14:00;0
06.11.2022;14:00;15:00;0
06.11.2022;15:00;16:00;0
06.11.2022;16:00;17:00;0
06.11.2022;17:00;18:00;0
06.11.2022;18:00;19:00;0
06.11.2022;19:00;20:00;0
06.11.2022;20:00;21:00;0
06.11.2022;21:00;22:00;0
06.11.2022;22:00;23:00;0
06.11.2022;23:00;00:00;0
07.11.2022;00:00;01:00;0
07.11.2022;01:00;02:00;0
07.11.2022;02:00;03:00;0
07.11.2022;03:00;04:00;0
07.11.2022;04:00;05:00;0
07.11.2022;05:00;06:00;0
07.11.2022;06:00;07:00;0
07.11.2022;07:00;08:00;0
07.11.2022;08:00;09:00;0
07.11.2022;09:00;10:00;0
07.11.2022;10:00;11:00;0
07.11.2022;11:00;12:00;0
07.11.2022;12:00;13:00;0
07.11.2022;13:00;14:00;0
07.11.2022;14:00;15:00;0
07.11.2022;15:00;16:00;0
07.11.2022;16:00;17:00;0
07.11.2022;17:00;18:00;0
07.11.2022;18:00;19:00;0
07.11.2022;19:00;20:00;0
07.11.2022;20:00;21:00;0
07.11.2022;21:00;22:00;0
07.11.2022;22:00;23:00;0
07.11.2022;23:00;00:00;0
08.11.2022;00:00;01:00;0
08.11.2022;01:00;02:00;0
08.11.2022;02:00;03:00;0
08.11.2022;03:00;04:00;0
08.11.2022;04:00;05:00;0
08.11.2022;05:00;06:00;0
08.11.2022;06:00;07:00;0
08.11.2022;07:00;08:00;0
08.11.2022;08:00;09:00;0
08.11.2022;09:00;10:00;0
08.11.2022;10:00;11:00;0
08.11.2022;11:00;12:00;0
08.11.2022;12:00;13:00;0
08.11.2022;13:00;14:00;0
08.11.2022;14:00;15:00;0
08.11.2022;15:00;16:00;0
08.11.2022;16:00;17:00;0
08.11.2022;17:00;18:00;0
08.11.2022;18:00;19:00;0
08.11.2022;19:00;20:00;0
08.11.2022;20:00;21:00;0
08.11.2022;21:00;22:00;0
08.11.2022;22:00;23:00;0
08.11.2022;23:00;00:00;0
09.11.2022;00:00;01:00;0
09.11.2022;01:00;02:00;0
09.11.2022;02:00;03:00;0
09.11.2022;03:00;04:00;0
09.11.2022;04:00;05:00;0
09.11.2022;05:00;06:00;0
09.11.2022;06:00;07:00;0
09.11.2022;07:00;08:00;0
09.11.2022;08:00;09:00;0
09.11.2022;09:00;10:00;0
09.11.2022;10:00;11:00;0
09.11.2022;11:00;12:00;0
09.11.2022;12:00;13:00;0
09.11.2022;13:00;14:00;0
09.11.2022;14:00;15:00;0
09.11.2022;15:00;16:00;0
09.11.2022;16:00;17:00;0
09.11.2022;17:00;18:00;0
09.11.2022;18:00;19:00;0
09.11.2022;19:00;20:00;0
09.11.2022;20:00;21:00;0
09.11.2022;21:00;22:00;0
09.11.2022;22:00;23:00;0
09.11.2022;23:00;00:00;0
10.11.2022;00:00;01:00;0
10.11.2022;01:00;02:00;0
10.11.2022;02:00;03:00;0
10.11.2022;03:00;04:00;0
10.11.2022;04:00;05:00;0
10.11.2022;05:00;06:00;0
10.11.2022;06:00;07:00;0
10.11.2022;07:00;08:00;0
10.11.2022;08:00;09:00;0
10.11.2022;09:00;10:00;0
10.11.2022;10:00;11:00;0
10.11.2022;11:00;12:00;0
10.11.2022;12:00;13:00;0
10.11.2022;13:00;14:00;0
10.11.2022;14:00;15:00;0
10.11.2022;15:00;16:00;0
10.11.2022;16:00;17:00;0
10.11.2022;17:00;18:00;0
10.11.2022;18:00;19:00;0
10.11.2022;19:00;20:00;0
10.11.2022;20:00;21:00;0
10.11.2022;21:00;22:00;0
10.11.2022;22:00;23:00;0
10.11.2022;23:00;00:00;0
11.11.2022;00:00;01:00;0
11.11.2022;01:00;02:00;0
11.11.2022;02:00;03:00;0
11.11.2022;03:00;04:00;0
11.11.2022;04:00;05:00;0
11.11.2022;05:00;06:00;0
11.11.2022;06:00;07:00;0
11.11.2022;07:00;08:00;0
11.11.2022;08:00;09:00;0
11.11.2022;09:00;10:00;0
11.11.2022;10:00;11:00;0
11.11.2022;11:00;12:00;0
11.11.2022;12:00;13:00;0
11.11.2022;13:00;14:00;0
11.11.2022;14:00;15:00;0
11.11.2022;15:00;16:00;0
11.11.2022;16:00;17:00;0
11.11.2022;17:00;18:00;0
11.11.2022;18:00;19:00;0
11.11.2022;19:00;20:00;0
11.11.2022;20:00;21:00;0
11.11.2022;21:00;22:00;0
11.11.2022;22:00;23:00;0
11.11.2022;23:00;00:00;0
12.11.2022;00:00;01:00;0
12.11.2022;01:00;02:00;0
12.11.2022;02:00;03:00;0
12.11.2022;03:00;04:00;0
12.11.2022;04:00;05:00;0
12.11.2022;05:00;06:00;0
12.11.2022;06:00;07:00;0
12.11.2022;07:00;08:00;0
12.11.2022;08:00;09:00;0
12.11.2022;09:00;10:00;0
12.11.2022;10:00;11:00;0
12.11.2022;11:00;12:00;0
12.11.2022;12:00;13:00;0
12.11.2022;13:00;14:00;0
12.11.2022;14:00;15:00;0
12.11.2022;15:00;16:00;0
12.11.2022;16:00;17:00;0
12.11.2022;17:00;18:00;0
12.11.2022;18:00;19:00;0
12.11.2022;19:00;20:00;0
12.11.2022;20:00;21:00;0
12.11.2022;21:00;22:00;0
12.11.2022;22:00;23:00;0
12.11.2022;23:00;00:00;0
13.11.2022;00:00;01:00;0
13.11.2022;01:00;02:00;0
13.11.2022;02:00;03:00;0
13.11.2022;03:00;04:00;0
13.11.2022;04:00;05:00;0
13.11.2022;05:00;06:00;0
13.11.2022;06:00;07:00;0
13.11.2022;07:00;08:00;0
13.11.2022;08:00;09:00;0
13.11.2022;09:00;10:00;0
13.11.2022;10:00;11:00;0
13.11.2022;11:00;12:00;0
13.11.2022;12:00;13:00;0
13.11.2022;13:00;14:00;0
13.11.2022;14:00;15:00;0
13.11.2022;15:00;16:00;0
13.11.2022;16:00;17:00;0
13.11.2022;17:00;18:00;0
13.11.2022;18:00;19:00;0
13.11.2022;19:00;20:00;0
13.11.2022;20:00;21:00;0
13.11.2022;21:00;22:00;0
13.11.2022;22:00;23:00;0
13.11.2022;23:00;00:00;0
14.11.2022;00:00;01:00;0
14.11.2022;01:00;02:00;0
14.11.2022;02:00;03:00;0
14.11.2022;03:00;04:00;0
14.11.2022;04:00;05:00;0
14.11.2022;05:00;06:00;0
14.11.2022;06:00;07:00;0
14.11.2022;07:00;08:00;0
14.11.2022;08:00;09:00;0
14.11.2022;09:00;10:00;0
14.11.2022;10:00;11:00;0
14.11.2022;11:00;12:00;0
14.11.2022;12:00;13:00;0
14.11.2022;13:00;14:00;0
14.11.2022;14:00;15:00;0
14.11.2022;15:00;16:00;0
14.11.2022;16:00;17:00;0
14.11.2022;17:00;18:00;0
14.11.2022;18:00;19:00;0
14.11.2022;19:00;20:00;0
14.11.2022;20:00;21:00;0
14.11.2022;21:00;22:00;0
14.11.2022;22:00;23:00;0
14.11.2022;23:00;00:00;0
15.11.2022;00:00;01:00;0
15.11.2022;01:00;02:00;0
15.11.2022;02:00;03:00;0
15.11.2022;03:00;04:00;0
15.11.2022;04:00;05:00;0
15.11.2022;05:00;06:00;0
15.11.2022;06:00;07:00;0
15.11.2022;07:00;08:00;0
15.11.2022;08:00;09:00;0
15.11.2022;09:00;10:00;0
15.11.2022;10:00;11:00;0
15.11.2022;11:00;12:00;0
15.11.2022;12:00;13:00;0
15.11.2022;13:00;14:00;0
15.11.2022;14:00;15:00;0
15.11.2022;15:00;16:00;0
15.11.2022;16:00;17:00;0
15.11.2022;17:00;18:00;0
15.11.2022;18:00;19:00;0
15.11.2022;19:00;20:00;0
15.11.2022;20:00;21:00;0
15.11.2022;21:00;22:00;0
15.11.2022;22:00;23:00;0
15.11.2022;23:00;00:00;0
16.11.2022;00:00;01:00;0
16.11.2022;01:00;02:00;0
16.11.2022;02:00;03:00;0
16.11.2022;03:00;04:00;0
16.11.2022;04:00;05:00;0
16.11.2022;05:00;06:00;0
16.11.2022;06:00;07:00;0
16.11.2022;07:00;08:00;0
16.11.2022;08:00;09:00;0
16.11.2022;09:00;10:00;0
16.11.2022;10:00;11:00;0
16.11.2022;11:00;12:00;0
16.11.2022;12:00;13:00;0
16.11.2022;13:00;14:00;0
16.11.2022;14:00;15:00;0
16.11.2022;15:00;16:00;0
16.11.2022;16:00;17:00;0
16.11.2022;17:00;18:00;0
16.11.2022;18:00;19:00;0
16.11.2022;19:00;20:00;0
16.11.2022;20:00;21:00;0
16.11.2022;21:00;22:00;0
16.11.2022;22:00;23:00;0
16.11.2022;23:00;00:00;0
17.11.2022;00:00;01:00;0
17.11.2022;01:00;02:00;0
17.11.2022;02:00;03:00;0
17.11.2022;03:00;04:00;0
17.11.2022;04:00;05:00;0
17.11.2022;05:00;06:00;0
17.11.2022;06:00;07:00;0
17.11.2022;07:00;08:00;0
17.11.2022;08:00;09:00;0
17.11.2022;09:00;10:00;0
17.11.2022;10:00;11:00;0
17.11.2022;11:00;12:00;0
17.11.2022;12:00;13:00;0
17.11.2022;13:00;14:00;0
17.11.2022;14:00;15:00;0
17.11.2022;15:00;16:00;0
17.11.2022;16:00;17:00;0
17.11.2022;17:00;18:00;0
17.11.2022;18:00;19:00;0
17.11.2022;19:00;20:00;0
17.11.2022;20:00;21:00;0
17.11.2022;21:00;22:00;0
17.11.2022;22:00;23:00;0
17.11.2022;23:00;00:00;0
18.11.2022;00:00;01:00;0
18.11.2022;01:00;02:00;0
18.11.2022;02:00;03:00;0
18.11.2022;03:00;04:00;0
18.11.2022;04:00;05:00;0
18.11.2022;05:00;06:00;0
18.11.2022;06:00;07:00;0
18.11.2022;07:00;08:00;0
18.11.2022;08:00;09:00;0
18.11.2022;09:00;10:00;0
18.11.2022;10:00;11:00;0
18.11.2022;11:00;12:00;0
18.11.2022;12:00;13:00;0
18.11.2022;13:00;14:00;0
18.11.2022;14:00;15:00;0
18.11.2022;15:00;16:00;0
18.11.2022;16:00;17:00;0
18.11.2022;17:00;18:00;0
18.11.2022;18:00;19:00;0
18.11.2022;19:00;20:00;0
18.11.2022;20:00;21:00;0
18.11.2022;21:00;22:00;0
18.11.2022;22:00;23:00;0
18.11.2022;23:00;00:00;0
19.11.2022;00:00;01:00;0
19.11.2022;01:00;02:00;0
19.11.2022;02:00;03:00;0
19.11.2022;03:00;04:00;0
19.11.2022;04:00;05:00;0
19.11.2022;05:00;06:00;0
19.11.2022;06:00;07:00;0
19.11.2022;07:00;08:00;0
19.11.2022;08:00;09:00;0
19.11.2022;09:00;10:00;0
19.11.2022;10:00;11:00;0
19.11.2022;11:00;12:00;0
19.11.2022;12:00;13:00;0
19.11.2022;13:00;14:00;0
19.11.2022;14:00;15:00;0
19.11.2022;15:00;16:00;0
19.11.2022;16:00;17:00;0
19.11.2022;17:00;18:00;0
19.11.2022;18:00;19:00;0
19.11.2022;19:00;20:00;0
19.11.2022;20:00;21:00;0
19.11.2022;21:00;22:00;0
19.11.2022;22:00;23:00;0
19.11.2022;23:00;00:00;0
20.11.2022;00:00;01:00;0
20.11.2022;01:00;02:00;0
20.11.2022;02:00;03:00;0
20.11.2022;03:00;04:00;0
20.11.2022;04:00;05:00;0
20.11.2022;05:00;06:00;0
20.11.2022;06:00;07:00;0
20.11.2022;07:00;08:00;0
20.11.2022;08:00;09:00;0
20.11.2022;09:00;10:00;0
20.11.2022;10:00;11:00;0
20.11.2022;11:00;12:00;0
20.11.2022;12:00;13:00;0
20.11.2022;13:00;14:00;0
20.11.2022;14:00;15:00;0
20.11.2022;15:00;16:00;0
20.11.2022;16:00;17:00;0
20.11.2022;17:00;18:00;0
20.11.2022;18:00;19:00;0
20.11.2022;19:00;20:00;0
20.11.2022;20:00;21:00;0
20.11.2022;21:00;22:00;0
20.11.2022;22:00;23:00;0
20.11.2022;23:00;00:00;0
21.11.2022;00:00;01:00;0
21.11.2022;01:00;02:00;0
21.11.2022;02:00;03:00;0
21.11.2022;03:00;04:00;0
21.11.2022;04:00;05:00;0
21.11.2022;05:00;06:00;0
21.11.2022;06:00;07:00;0
21.11.2022;07:00;08:00;0
21.11.2022;08:00;09:00;0
21.11.2022;09:00;10:00;0
21.11.2022;10:00;11:00;0
21.11.2022;11:00;12:00;0
21.11.2022;12:00;13:00;0
21.11.2022;13:00;14:00;0
21.11.2022;14:00;15:00;0
21.11.2022;15:00;16:00;0
21.11.2022;16:00;17:00;0
21.11.2022;17:00;18:00;0
21.11.2022;18:00;19:00;0
21.11.2022;19:00;20:00;0
21.11.2022;20:00;21:00;0
21.11.2022;21:00;22:00;0
21.11.2022;22:00;23:00;0
21.11.2022;23:00;00:00;0
22.11.2022;00:00;01:00;0
22.11.2022;01:00;02:00;0
22.11.2022;02:00;03:00;0
22.11.2022;03:00;04:00;0
22.11.2022;04:00;05:00;0
22.11.2022;05:00;06:00;0
22.11.2022;06:00;07:00;0
22.11.2022;07:00;08:00;0
22.11.2022;08:00;09:00;0
22.11.2022;09:00;10:00;0
22.11.2022;10:00;11:00;0
22.11.2022;11:00;12:00;0
22.11.2022;12:00;13:00;0
22.11.2022;13:00;14:00;0
22.11.2022;14:00;15:00;0
22.11.2022;15:00;16:00;0
22.11.2022;16:00;17:00;0
22.11.2022;17:00;18:00;0
22.11.2022;18:00;19:00;0
22.11.2022;19:00;20:00;0
22.11.2022;20:00;21:00;0
22.11.2022;21:00;22:00;0
22.11.2022;22:00;23:00;0
22.11.2022;23:00;00:00;0
23.11.2022;00:00;01:00;0
23.11.2022;01:00;02:00;0
23.11.2022;02:00;03:00;0
23.11.2022;03:00;04:00;0
23.11.2022;04:00;05:00;0
23.11.2022;05:00;06:00;0
23.11.2022;06:00;07:00;0
23.11.2022;07:00;08:00;0
23.11.2022;08:00;09:00;0
23.11.2022;09:00;10:00;0
23.11.2022;10:00;11:00;0
23.11.2022;11:00;12:00;0
23.11.2022;12:00;13:00;0
23.11.2022;13:00;14:00;0
23.11.2022;14:00;15:00;0
23.11.2022;15:00;16:00;0
23.11.2022;16:00;17:00;0
23.11.2022;17:00;18:00;0
23.11.2022;18:00;19:00;0
23.11.2022;19:00;20:00;0
23.11.2022;20:00;21:00;0
23.11.2022;21:00;22:00;0
23.11.2022;22:00;23:00;0
23.11.2022;23:00;00:00;0
24.11.2022;00:00;01:00;0
24.11.2022;01:00;02:00;0
24.11.2022;02:00;03:00;0
24.11.2022;03:00;04:00;0
24.11.2022;04:00;05:00;0
24.11.2022;05:00;06:00;0
24.11.2022;06:00;07:00;0
24.11.2022;07:00;08:00;0
24.11.2022;08:00;09:00;0
24.11.2022;09:00;10:00;0
24.11.2022;10:00;11:00;0
24.11.2022;11:00;12:00;0
24.11.2022;12:00;13:00;0
24.11.2022;13:00;14:00;0
24.11.2022;14:00;15:00;0
24.11.2022;15:00;16:00;0
24.11.2022;16:00;17:00;0
24.11.2022;17:00;18:00;0
24.11.2022;18:00;19:00;0
24.11.2022;19:00;20:00;0
24.11.2022;20:00;21:00;0
24.11.2022;21:00;22:00;0
24.11.2022;22:00;23:00;0
24.11.2022;23:00;00:00;0
25.11.2022;00:00;01:00;0
25.11.2022;01:00;02:00;0
25.11.2022;02:00;03:00;0
25.11.2022;03:00;04:00;0
25.11.2022;04:00;05:00;0
25.11.2022;05:00;06:00;0
25.11.2022;06:00;07:00;0
25.11.2022;07:00;08:00;0
25.11.2022;08:00;09:00;0
25.11.2022;09:00;10:00;121
25.11.2022;10:00;11:00;171
25.11.2022;11:00;12:00;213
25.11.2022;12:00;13:00;390
25.11.2022;13:00;14:00;516
25.11.2022;14:00;15:00;680
25.11.2022;15:00;16:00;706
25.11.2022;16:00;17:00;782
25.11.2022;17:00;18:00;802
25.11.2022;18:00;19:00;797
25.11.2022;19:00;20:00;799
25.11.2022;20:00;21:00;801
25.11.2022;21:00;22:00;804
25.11.2022;22:00;23:00;804
25.11.2022;23:00;00:00;803
26.11.2022;00:00;01:00;807
26.11.2022;01:00;02:00;808
26.11.2022;02:00;03:00;803
26.11.2022;03:00;04:00;802
26.11.2022;04:00;05:00;803
26.11.2022;05:00;06:00;806
26.11.2022;06:00;07:00;805
26.11.2022;07:00;08:00;805
26.11.2022;08:00;09:00;804
26.11.2022;09:00;10:00;802
26.11.2022;10:00;11:00;805
26.11.2022;11:00;12:00;807
26.11.2022;12:00;13:00;623
26.11.2022;13:00;14:00;681
26.11.2022;14:00;15:00;802
26.11.2022;15:00;16:00;807
26.11.2022;16:00;17:00;806
26.11.2022;17:00;18:00;808
26.11.2022;18:00;19:00;805
26.11.2022;19:00;20:00;804
26.11.2022;20:00;21:00;804
26.11.2022;21:00;22:00;805
26.11.2022;22:00;23:00;805
26.11.2022;23:00;00:00;602
27.11.2022;00:00;01:00;373
27.11.2022;01:00;02:00;79
27.11.2022;02:00;03:00;0
27.11.2022;03:00;04:00;0
27.11.2022;04:00;05:00;0
27.11.2022;05:00;06:00;0
27.11.2022;06:00;07:00;0
27.11.2022;07:00;08:00;0
27.11.2022;08:00;09:00;0
27.11.2022;09:00;10:00;0
27.11.2022;10:00;11:00;0
27.11.2022;11:00;12:00;0
27.11.2022;12:00;13:00;0
27.11.2022;13:00;14:00;0
27.11.2022;14:00;15:00;0
27.11.2022;15:00;16:00;0
27.11.2022;16:00;17:00;0
27.11.2022;17:00;18:00;0
27.11.2022;18:00;19:00;0
27.11.2022;19:00;20:00;0
27.11.2022;20:00;21:00;0
27.11.2022;21:00;22:00;0
27.11.2022;22:00;23:00;0
27.11.2022;23:00;00:00;0
28.11.2022;00:00;01:00;0
28.11.2022;01:00;02:00;0
28.11.2022;02:00;03:00;0
28.11.2022;03:00;04:00;0
28.11.2022;04:00;05:00;0
28.11.2022;05:00;06:00;0
28.11.2022;06:00;07:00;0
28.11.2022;07:00;08:00;0
28.11.2022;08:00;09:00;0
28.11.2022;09:00;10:00;0
28.11.2022;10:00;11:00;0
28.11.2022;11:00;12:00;8
28.11.2022;12:00;13:00;263
28.11.2022;13:00;14:00;305
28.11.2022;14:00;15:00;374
28.11.2022;15:00;16:00;458
28.11.2022;16:00;17:00;563
28.11.2022;17:00;18:00;815
28.11.2022;18:00;19:00;853
28.11.2022;19:00;20:00;858
28.11.2022;20:00;21:00;851
28.11.2022;21:00;22:00;763
28.11.2022;22:00;23:00;756
28.11.2022;23:00;00:00;747
29.11.2022;00:00;01:00;836
29.11.2022;01:00;02:00;868
29.11.2022;02:00;03:00;869
29.11.2022;03:00;04:00;866
29.11.2022;04:00;05:00;855
29.11.2022;05:00;06:00;847
29.11.2022;06:00;07:00;838
29.11.2022;07:00;08:00;843
29.11.2022;08:00;09:00;851
29.11.2022;09:00;10:00;853
29.11.2022;10:00;11:00;778
29.11.2022;11:00;12:00;841
29.11.2022;12:00;13:00;863
29.11.2022;13:00;14:00;867
29.11.2022;14:00;15:00;863
29.11.2022;15:00;16:00;862
29.11.2022;16:00;17:00;863
29.11.2022;17:00;18:00;863
29.11.2022;18:00;19:00;866
29.11.2022;19:00;20:00;865
29.11.2022;20:00;21:00;859
29.11.2022;21:00;22:00;861
29.11.2022;22:00;23:00;864
29.11.2022;23:00;00:00;861
30.11.2022;00:00;01:00;858
30.11.2022;01:00;02:00;861
30.11.2022;02:00;03:00;859
30.11.2022;03:00;04:00;862
30.11.2022;04:00;05:00;861
30.11.2022;05:00;06:00;861
30.11.2022;06:00;07:00;863
30.11.2022;07:00;08:00;862
30.11.2022;08:00;09:00;863
30.11.2022;09:00;10:00;862
30.11.2022;10:00;11:00;859
30.11.2022;11:00;12:00;857
30.11.2022;12:00;13:00;858
30.11.2022;13:00;14:00;861
30.11.2022;14:00;15:00;862
30.11.2022;15:00;16:00;863
30.11.2022;16:00;17:00;864
30.11.2022;17:00;18:00;859
30.11.2022;18:00;19:00;861
30.11.2022;19:00;20:00;862
30.11.2022;20:00;21:00;861
30.11.2022;21:00;22:00;861
30.11.2022;22:00;23:00;861
30.11.2022;23:00;00:00;859
01.12.2022;00:00;01:00;860
01.12.2022;01:00;02:00;858
01.12.2022;02:00;03:00;859
01.12.2022;03:00;04:00;859
01.12.2022;04:00;05:00;861
01.12.2022;05:00;06:00;861
01.12.2022;06:00;07:00;860
01.12.2022;07:00;08:00;858
01.12.2022;08:00;09:00;860
01.12.2022;09:00;10:00;860
01.12.2022;10:00;11:00;860
01.12.2022;11:00;12:00;859
01.12.2022;12:00;13:00;857
01.12.2022;13:00;14:00;859
01.12.2022;14:00;15:00;858
01.12.2022;15:00;16:00;859
01.12.2022;16:00;17:00;859
01.12.2022;17:00;18:00;860
01.12.2022;18:00;19:00;862
01.12.2022;19:00;20:00;861
01.12.2022;20:00;21:00;860
01.12.2022;21:00;22:00;860
01.12.2022;22:00;23:00;858
01.12.2022;23:00;00:00;858
02.12.2022;00:00;01:00;860
02.12.2022;01:00;02:00;859
02.12.2022;02:00;03:00;862
02.12.2022;03:00;04:00;859
02.12.2022;04:00;05:00;856
02.12.2022;05:00;06:00;858
02.12.2022;06:00;07:00;861
02.12.2022;07:00;08:00;861
02.12.2022;08:00;09:00;858
02.12.2022;09:00;10:00;860
02.12.2022;10:00;11:00;859
02.12.2022;11:00;12:00;858
02.12.2022;12:00;13:00;860
02.12.2022;13:00;14:00;861
02.12.2022;14:00;15:00;858
02.12.2022;15:00;16:00;858
02.12.2022;16:00;17:00;859
02.12.2022;17:00;18:00;858
02.12.2022;18:00;19:00;856
02.12.2022;19:00;20:00;850
02.12.2022;20:00;21:00;831
02.12.2022;21:00;22:00;833
02.12.2022;22:00;23:00;801
02.12.2022;23:00;00:00;794
03.12.2022;00:00;01:00;842
03.12.2022;01:00;02:00;861
03.12.2022;02:00;03:00;826
03.12.2022;03:00;04:00;835
03.12.2022;04:00;05:00;852
03.12.2022;05:00;06:00;847
03.12.2022;06:00;07:00;849
03.12.2022;07:00;08:00;849
03.12.2022;08:00;09:00;852
03.12.2022;09:00;10:00;850
03.12.2022;10:00;11:00;841
03.12.2022;11:00;12:00;850
03.12.2022;12:00;13:00;854
03.12.2022;13:00;14:00;848
03.12.2022;14:00;15:00;848
03.12.2022;15:00;16:00;849
03.12.2022;16:00;17:00;853
03.12.2022;17:00;18:00;856
03.12.2022;18:00;19:00;850
03.12.2022;19:00;20:00;849
03.12.2022;20:00;21:00;851
03.12.2022;21:00;22:00;805
03.12.2022;22:00;23:00;670
03.12.2022;23:00;00:00;586
04.12.2022;00:00;01:00;489
04.12.2022;01:00;02:00;377
04.12.2022;02:00;03:00;254
04.12.2022;03:00;04:00;210
04.12.2022;04:00;05:00;235
04.12.2022;05:00;06:00;213
04.12.2022;06:00;07:00;178
04.12.2022;07:00;08:00;175
04.12.2022;08:00;09:00;177
04.12.2022;09:00;10:00;180
04.12.2022;10:00;11:00;182
04.12.2022;11:00;12:00;181
04.12.2022;12:00;13:00;178
04.12.2022;13:00;14:00;179
04.12.2022;14:00;15:00;179
04.12.2022;15:00;16:00;182
04.12.2022;16:00;17:00;186
04.12.2022;17:00;18:00;188
04.12.2022;18:00;19:00;224
04.12.2022;19:00;20:00;250
04.12.2022;20:00;21:00;252
04.12.2022;21:00;22:00;242
04.12.2022;22:00;23:00;240
04.12.2022;23:00;00:00;201
05.12.2022;00:00;01:00;190
05.12.2022;01:00;02:00;198
05.12.2022;02:00;03:00;198
05.12.2022;03:00;04:00;212
05.12.2022;04:00;05:00;204
05.12.2022;05:00;06:00;261
05.12.2022;06:00;07:00;570
05.12.2022;07:00;08:00;818
05.12.2022;08:00;09:00;853
05.12.2022;09:00;10:00;850
05.12.2022;10:00;11:00;846
05.12.2022;11:00;12:00;845
05.12.2022;12:00;13:00;844
05.12.2022;13:00;14:00;829
05.12.2022;14:00;15:00;842
05.12.2022;15:00;16:00;842
05.12.2022;16:00;17:00;850
05.12.2022;17:00;18:00;845
05.12.2022;18:00;19:00;828
05.12.2022;19:00;20:00;837
05.12.2022;20:00;21:00;846
05.12.2022;21:00;22:00;851
05.12.2022;22:00;23:00;856
05.12.2022;23:00;00:00;854
06.12.2022;00:00;01:00;854
06.12.2022;01:00;02:00;852
06.12.2022;02:00;03:00;704
06.12.2022;03:00;04:00;702
06.12.2022;04:00;05:00;854
06.12.2022;05:00;06:00;859
06.12.2022;06:00;07:00;853
06.12.2022;07:00;08:00;856
06.12.2022;08:00;09:00;856
06.12.2022;09:00;10:00;854
06.12.2022;10:00;11:00;857
06.12.2022;11:00;12:00;856
06.12.2022;12:00;13:00;856
06.12.2022;13:00;14:00;856
06.12.2022;14:00;15:00;855
06.12.2022;15:00;16:00;856
06.12.2022;16:00;17:00;858
06.12.2022;17:00;18:00;855
06.12.2022;18:00;19:00;856
06.12.2022;19:00;20:00;860
06.12.2022;20:00;21:00;856
06.12.2022;21:00;22:00;852
06.12.2022;22:00;23:00;843
06.12.2022;23:00;00:00;791
07.12.2022;00:00;01:00;593
07.12.2022;01:00;02:00;298
07.12.2022;02:00;03:00;259
07.12.2022;03:00;04:00;289
07.12.2022;04:00;05:00;260
07.12.2022;05:00;06:00;232
07.12.2022;06:00;07:00;229
07.12.2022;07:00;08:00;21
07.12.2022;08:00;09:00;0
07.12.2022;09:00;10:00;0
07.12.2022;10:00;11:00;0
07.12.2022;11:00;12:00;0
07.12.2022;12:00;13:00;0
07.12.2022;13:00;14:00;0
07.12.2022;14:00;15:00;0
07.12.2022;15:00;16:00;7
07.12.2022;16:00;17:00;304
07.12.2022;17:00;18:00;578
07.12.2022;18:00;19:00;817
07.12.2022;19:00;20:00;863
07.12.2022;20:00;21:00;853
07.12.2022;21:00;22:00;856
07.12.2022;22:00;23:00;856
07.12.2022;23:00;00:00;859
08.12.2022;00:00;01:00;812
08.12.2022;01:00;02:00;713
08.12.2022;02:00;03:00;670
08.12.2022;03:00;04:00;492
08.12.2022;04:00;05:00;487
08.12.2022;05:00;06:00;807
08.12.2022;06:00;07:00;850
08.12.2022;07:00;08:00;849
08.12.2022;08:00;09:00;847
08.12.2022;09:00;10:00;849
08.12.2022;10:00;11:00;849
08.12.2022;11:00;12:00;851
08.12.2022;12:00;13:00;853
08.12.2022;13:00;14:00;851
08.12.2022;14:00;15:00;850
08.12.2022;15:00;16:00;851
08.12.2022;16:00;17:00;851
08.12.2022;17:00;18:00;850
08.12.2022;18:00;19:00;850
08.12.2022;19:00;20:00;848
08.12.2022;20:00;21:00;850
08.12.2022;21:00;22:00;850
08.12.2022;22:00;23:00;849
08.12.2022;23:00;00:00;850
09.12.2022;00:00;01:00;851
09.12.2022;01:00;02:00;851
09.12.2022;02:00;03:00;850
09.12.2022;03:00;04:00;851
09.12.2022;04:00;05:00;852
09.12.2022;05:00;06:00;852
09.12.2022;06:00;07:00;848
09.12.2022;07:00;08:00;846
09.12.2022;08:00;09:00;845
09.12.2022;09:00;10:00;848
09.12.2022;10:00;11:00;850
09.12.2022;11:00;12:00;846
09.12.2022;12:00;13:00;848
09.12.2022;13:00;14:00;848
09.12.2022;14:00;15:00;852
09.12.2022;15:00;16:00;850
09.12.2022;16:00;17:00;850
09.12.2022;17:00;18:00;850
09.12.2022;18:00;19:00;854
09.12.2022;19:00;20:00;855
09.12.2022;20:00;21:00;762
09.12.2022;21:00;22:00;369
09.12.2022;22:00;23:00;28
09.12.2022;23:00;00:00;0
10.12.2022;00:00;01:00;0
10.12.2022;01:00;02:00;0
10.12.2022;02:00;03:00;0
10.12.2022;03:00;04:00;0
10.12.2022;04:00;05:00;0
10.12.2022;05:00;06:00;0
10.12.2022;06:00;07:00;0
10.12.2022;07:00;08:00;0
10.12.2022;08:00;09:00;0
10.12.2022;09:00;10:00;0
10.12.2022;10:00;11:00;0
10.12.2022;11:00;12:00;0
10.12.2022;12:00;13:00;0
10.12.2022;13:00;14:00;0
10.12.2022;14:00;15:00;0
10.12.2022;15:00;16:00;0
10.12.2022;16:00;17:00;0
10.12.2022;17:00;18:00;0
10.12.2022;18:00;19:00;0
10.12.2022;19:00;20:00;0
10.12.2022;20:00;21:00;0
10.12.2022;21:00;22:00;0
10.12.2022;22:00;23:00;0
10.12.2022;23:00;00:00;0
11.12.2022;00:00;01:00;0
11.12.2022;01:00;02:00;0
11.12.2022;02:00;03:00;0
11.12.2022;03:00;04:00;0
11.12.2022;04:00;05:00;0
11.12.2022;05:00;06:00;0
11.12.2022;06:00;07:00;0
11.12.2022;07:00;08:00;33
11.12.2022;08:00;09:00;267
11.12.2022;09:00;10:00;353
11.12.2022;10:00;11:00;368
11.12.2022;11:00;12:00;368
11.12.2022;12:00;13:00;379
11.12.2022;13:00;14:00;372
11.12.2022;14:00;15:00;376
11.12.2022;15:00;16:00;378
11.12.2022;16:00;17:00;403
11.12.2022;17:00;18:00;515
11.12.2022;18:00;19:00;546
11.12.2022;19:00;20:00;555
11.12.2022;20:00;21:00;553
11.12.2022;21:00;22:00;464
11.12.2022;22:00;23:00;455
11.12.2022;23:00;00:00;391
12.12.2022;00:00;01:00;389
12.12.2022;01:00;02:00;514
12.12.2022;02:00;03:00;512
12.12.2022;03:00;04:00;508
12.12.2022;04:00;05:00;439
12.12.2022;05:00;06:00;562
12.12.2022;06:00;07:00;816
12.12.2022;07:00;08:00;856
12.12.2022;08:00;09:00;856
12.12.2022;09:00;10:00;859
12.12.2022;10:00;11:00;854
12.12.2022;11:00;12:00;863
12.12.2022;12:00;13:00;868
12.12.2022;13:00;14:00;862
12.12.2022;14:00;15:00;861
12.12.2022;15:00;16:00;860
12.12.2022;16:00;17:00;857
12.12.2022;17:00;18:00;861
12.12.2022;18:00;19:00;857
12.12.2022;19:00;20:00;862
12.12.2022;20:00;21:00;856
12.12.2022;21:00;22:00;852
12.12.2022;22:00;23:00;852
12.12.2022;23:00;00:00;847
13.12.2022;00:00;01:00;851
13.12.2022;01:00;02:00;850
13.12.2022;02:00;03:00;855
13.12.2022;03:00;04:00;860
13.12.2022;04:00;05:00;856
13.12.2022;05:00;06:00;854
13.12.2022;06:00;07:00;855
13.12.2022;07:00;08:00;854
13.12.2022;08:00;09:00;852
13.12.2022;09:00;10:00;856
13.12.2022;10:00;11:00;859
13.12.2022;11:00;12:00;861
13.12.2022;12:00;13:00;862
13.12.2022;13:00;14:00;863
13.12.2022;14:00;15:00;861
13.12.2022;15:00;16:00;854
13.12.2022;16:00;17:00;859
13.12.2022;17:00;18:00;851
13.12.2022;18:00;19:00;842
13.12.2022;19:00;20:00;845
13.12.2022;20:00;21:00;837
13.12.2022;21:00;22:00;850
13.12.2022;22:00;23:00;852
13.12.2022;23:00;00:00;847
14.12.2022;00:00;01:00;850
14.12.2022;01:00;02:00;824
14.12.2022;02:00;03:00;717
14.12.2022;03:00;04:00;744
14.12.2022;04:00;05:00;794
14.12.2022;05:00;06:00;841
14.12.2022;06:00;07:00;836
14.12.2022;07:00;08:00;856
14.12.2022;08:00;09:00;850
14.12.2022;09:00;10:00;846
14.12.2022;10:00;11:00;850
14.12.2022;11:00;12:00;855
14.12.2022;12:00;13:00;854
14.12.2022;13:00;14:00;855
14.12.2022;14:00;15:00;854
14.12.2022;15:00;16:00;858
14.12.2022;16:00;17:00;856
14.12.2022;17:00;18:00;859
14.12.2022;18:00;19:00;848
14.12.2022;19:00;20:00;843
14.12.2022;20:00;21:00;834
14.12.2022;21:00;22:00;822
14.12.2022;22:00;23:00;827
14.12.2022;23:00;00:00;829
15.12.2022;00:00;01:00;831
15.12.2022;01:00;02:00;832
15.12.2022;02:00;03:00;835
15.12.2022;03:00;04:00;831
15.12.2022;04:00;05:00;829
15.12.2022;05:00;06:00;830
15.12.2022;06:00;07:00;833
15.12.2022;07:00;08:00;838
15.12.2022;08:00;09:00;836
15.12.2022;09:00;10:00;845
15.12.2022;10:00;11:00;858
15.12.2022;11:00;12:00;857
15.12.2022;12:00;13:00;857
15.12.2022;13:00;14:00;859
15.12.2022;14:00;15:00;863
15.12.2022;15:00;16:00;860
15.12.2022;16:00;17:00;861
15.12.2022;17:00;18:00;860
15.12.2022;18:00;19:00;862
15.12.2022;19:00;20:00;865
15.12.2022;20:00;21:00;860
15.12.2022;21:00;22:00;849
15.12.2022;22:00;23:00;850
15.12.2022;23:00;00:00;842
16.12.2022;00:00;01:00;851
16.12.2022;01:00;02:00;852
16.12.2022;02:00;03:00;855
16.12.2022;03:00;04:00;855
16.12.2022;04:00;05:00;855
16.12.2022;05:00;06:00;857
16.12.2022;06:00;07:00;852
16.12.2022;07:00;08:00;852
16.12.2022;08:00;09:00;851
16.12.2022;09:00;10:00;852
16.12.2022;10:00;11:00;853
16.12.2022;11:00;12:00;853
16.12.2022;12:00;13:00;852
16.12.2022;13:00;14:00;852
16.12.2022;14:00;15:00;855
16.12.2022;15:00;16:00;854
16.12.2022;16:00;17:00;856
16.12.2022;17:00;18:00;856
16.12.2022;18:00;19:00;853
16.12.2022;19:00;20:00;852
16.12.2022;20:00;21:00;852
16.12.2022;21:00;22:00;853
16.12.2022;22:00;23:00;854
16.12.2022;23:00;00:00;853
17.12.2022;00:00;01:00;852
17.12.2022;01:00;02:00;854
17.12.2022;02:00;03:00;852
17.12.2022;03:00;04:00;849
17.12.2022;04:00;05:00;851
17.12.2022;05:00;06:00;810
17.12.2022;06:00;07:00;828
17.12.2022;07:00;08:00;849
17.12.2022;08:00;09:00;847
17.12.2022;09:00;10:00;845
17.12.2022;10:00;11:00;848
17.12.2022;11:00;12:00;848
17.12.2022;12:00;13:00;852
17.12.2022;13:00;14:00;851
17.12.2022;14:00;15:00;851
17.12.2022;15:00;16:00;757
17.12.2022;16:00;17:00;737
17.12.2022;17:00;18:00;735
17.12.2022;18:00;19:00;737
17.12.2022;19:00;20:00;735
17.12.2022;20:00;21:00;735
17.12.2022;21:00;22:00;714
17.12.2022;22:00;23:00;551
17.12.2022;23:00;00:00;206
18.12.2022;00:00;01:00;0
18.12.2022;01:00;02:00;0
18.12.2022;02:00;03:00;0
18.12.2022;03:00;04:00;0
18.12.2022;04:00;05:00;0
18.12.2022;05:00;06:00;0
18.12.2022;06:00;07:00;0
18.12.2022;07:00;08:00;0
18.12.2022;08:00;09:00;0
18.12.2022;09:00;10:00;0
18.12.2022;10:00;11:00;0
18.12.2022;11:00;12:00;0
18.12.2022;12:00;13:00;0
18.12.2022;13:00;14:00;0
18.12.2022;14:00;15:00;0
18.12.2022;15:00;16:00;0
18.12.2022;16:00;17:00;0
18.12.2022;17:00;18:00;0
18.12.2022;18:00;19:00;0
18.12.2022;19:00;20:00;0
18.12.2022;20:00;21:00;0
18.12.2022;21:00;22:00;0
18.12.2022;22:00;23:00;0
18.12.2022;23:00;00:00;0
19.12.2022;00:00;01:00;0
19.12.2022;01:00;02:00;0
19.12.2022;02:00;03:00;0
19.12.2022;03:00;04:00;0
19.12.2022;04:00;05:00;0
19.12.2022;05:00;06:00;0
19.12.2022;06:00;07:00;0
19.12.2022;07:00;08:00;0
19.12.2022;08:00;09:00;0
19.12.2022;09:00;10:00;0
19.12.2022;10:00;11:00;0
19.12.2022;11:00;12:00;0
19.12.2022;12:00;13:00;0
19.12.2022;13:00;14:00;0
19.12.2022;14:00;15:00;0
19.12.2022;15:00;16:00;0
19.12.2022;16:00;17:00;0
19.12.2022;17:00;18:00;0
19.12.2022;18:00;19:00;0
19.12.2022;19:00;20:00;0
19.12.2022;20:00;21:00;0
19.12.2022;21:00;22:00;0
19.12.2022;22:00;23:00;0
19.12.2022;23:00;00:00;0
20.12.2022;00:00;01:00;0
20.12.2022;01:00;02:00;0
20.12.2022;02:00;03:00;0
20.12.2022;03:00;04:00;0
20.12.2022;04:00;05:00;0
20.12.2022;05:00;06:00;0
20.12.2022;06:00;07:00;0
20.12.2022;07:00;08:00;0
20.12.2022;08:00;09:00;0
20.12.2022;09:00;10:00;0
20.12.2022;10:00;11:00;0
20.12.2022;11:00;12:00;0
20.12.2022;12:00;13:00;0
20.12.2022;13:00;14:00;0
20.12.2022;14:00;15:00;0
20.12.2022;15:00;16:00;0
20.12.2022;16:00;17:00;0
20.12.2022;17:00;18:00;0
20.12.2022;18:00;19:00;0
20.12.2022;19:00;20:00;0
20.12.2022;20:00;21:00;0
20.12.2022;21:00;22:00;0
20.12.2022;22:00;23:00;0
20.12.2022;23:00;00:00;162
21.12.2022;00:00;01:00;277
21.12.2022;01:00;02:00;246
21.12.2022;02:00;03:00;224
21.12.2022;03:00;04:00;229
21.12.2022;04:00;05:00;271
21.12.2022;05:00;06:00;472
21.12.2022;06:00;07:00;598
21.12.2022;07:00;08:00;746
21.12.2022;08:00;09:00;840
21.12.2022;09:00;10:00;853
21.12.2022;10:00;11:00;855
21.12.2022;11:00;12:00;855
21.12.2022;12:00;13:00;855
21.12.2022;13:00;14:00;794
21.12.2022;14:00;15:00;754
21.12.2022;15:00;16:00;822
21.12.2022;16:00;17:00;857
21.12.2022;17:00;18:00;855
21.12.2022;18:00;19:00;777
21.12.2022;19:00;20:00;522
21.12.2022;20:00;21:00;213
21.12.2022;21:00;22:00;0
21.12.2022;22:00;23:00;0
21.12.2022;23:00;00:00;0
22.12.2022;00:00;01:00;0
22.12.2022;01:00;02:00;0
22.12.2022;02:00;03:00;0
22.12.2022;03:00;04:00;0
22.12.2022;04:00;05:00;0
22.12.2022;05:00;06:00;157
22.12.2022;06:00;07:00;403
22.12.2022;07:00;08:00;458
22.12.2022;08:00;09:00;679
22.12.2022;09:00;10:00;793
22.12.2022;10:00;11:00;735
22.12.2022;11:00;12:00;786
22.12.2022;12:00;13:00;757
22.12.2022;13:00;14:00;788
22.12.2022;14:00;15:00;733
22.12.2022;15:00;16:00;692
22.12.2022;16:00;17:00;698
22.12.2022;17:00;18:00;828
22.12.2022;18:00;19:00;858
22.12.2022;19:00;20:00;727
22.12.2022;20:00;21:00;525
22.12.2022;21:00;22:00;247
22.12.2022;22:00;23:00;0
22.12.2022;23:00;00:00;0
23.12.2022;00:00;01:00;0
23.12.2022;01:00;02:00;0
23.12.2022;02:00;03:00;0
23.12.2022;03:00;04:00;0
23.12.2022;04:00;05:00;0
23.12.2022;05:00;06:00;0
23.12.2022;06:00;07:00;0
23.12.2022;07:00;08:00;0
23.12.2022;08:00;09:00;0
23.12.2022;09:00;10:00;0
23.12.2022;10:00;11:00;0
23.12.2022;11:00;12:00;0
23.12.2022;12:00;13:00;0
23.12.2022;13:00;14:00;0
23.12.2022;14:00;15:00;0
23.12.2022;15:00;16:00;0
23.12.2022;16:00;17:00;0
23.12.2022;17:00;18:00;0
23.12.2022;18:00;19:00;0
23.12.2022;19:00;20:00;0
23.12.2022;20:00;21:00;0
23.12.2022;21:00;22:00;0
23.12.2022;22:00;23:00;0
23.12.2022;23:00;00:00;0
24.12.2022;00:00;01:00;0
24.12.2022;01:00;02:00;0
24.12.2022;02:00;03:00;0
24.12.2022;03:00;04:00;0
24.12.2022;04:00;05:00;0
24.12.2022;05:00;06:00;0
24.12.2022;06:00;07:00;0
24.12.2022;07:00;08:00;0
24.12.2022;08:00;09:00;0
24.12.2022;09:00;10:00;0
24.12.2022;10:00;11:00;0
24.12.2022;11:00;12:00;0
24.12.2022;12:00;13:00;0
24.12.2022;13:00;14:00;0
24.12.2022;14:00;15:00;0
24.12.2022;15:00;16:00;0
24.12.2022;16:00;17:00;0
24.12.2022;17:00;18:00;0
24.12.2022;18:00;19:00;0
24.12.2022;19:00;20:00;0
24.12.2022;20:00;21:00;0
24.12.2022;21:00;22:00;0
24.12.2022;22:00;23:00;0
24.12.2022;23:00;00:00;0
25.12.2022;00:00;01:00;0
25.12.2022;01:00;02:00;0
25.12.2022;02:00;03:00;0
25.12.2022;03:00;04:00;0
25.12.2022;04:00;05:00;0
25.12.2022;05:00;06:00;0
25.12.2022;06:00;07:00;0
25.12.2022;07:00;08:00;0
25.12.2022;08:00;09:00;0
25.12.2022;09:00;10:00;0
25.12.2022;10:00;11:00;0
25.12.2022;11:00;12:00;0
25.12.2022;12:00;13:00;0
25.12.2022;13:00;14:00;0
25.12.2022;14:00;15:00;0
25.12.2022;15:00;16:00;0
25.12.2022;16:00;17:00;0
25.12.2022;17:00;18:00;0
25.12.2022;18:00;19:00;0
25.12.2022;19:00;20:00;0
25.12.2022;20:00;21:00;0
25.12.2022;21:00;22:00;0
25.12.2022;22:00;23:00;0
25.12.2022;23:00;00:00;0
26.12.2022;00:00;01:00;0
26.12.2022;01:00;02:00;0
26.12.2022;02:00;03:00;0
26.12.2022;03:00;04:00;0
26.12.2022;04:00;05:00;0
26.12.2022;05:00;06:00;0
26.12.2022;06:00;07:00;0
26.12.2022;07:00;08:00;0
26.12.2022;08:00;09:00;0
26.12.2022;09:00;10:00;0
26.12.2022;10:00;11:00;0
26.12.2022;11:00;12:00;0
26.12.2022;12:00;13:00;0
26.12.2022;13:00;14:00;0
26.12.2022;14:00;15:00;0
26.12.2022;15:00;16:00;0
26.12.2022;16:00;17:00;0
26.12.2022;17:00;18:00;0
26.12.2022;18:00;19:00;0
26.12.2022;19:00;20:00;0
26.12.2022;20:00;21:00;0
26.12.2022;21:00;22:00;0
26.12.2022;22:00;23:00;0
26.12.2022;23:00;00:00;0
27.12.2022;00:00;01:00;0
27.12.2022;01:00;02:00;0
27.12.2022;02:00;03:00;0
27.12.2022;03:00;04:00;0
27.12.2022;04:00;05:00;0
27.12.2022;05:00;06:00;0
27.12.2022;06:00;07:00;0
27.12.2022;07:00;08:00;0
27.12.2022;08:00;09:00;0
27.12.2022;09:00;10:00;0
27.12.2022;10:00;11:00;0
27.12.2022;11:00;12:00;0
27.12.2022;12:00;13:00;0
27.12.2022;13:00;14:00;0
27.12.2022;14:00;15:00;0
27.12.2022;15:00;16:00;0
27.12.2022;16:00;17:00;0
27.12.2022;17:00;18:00;0
27.12.2022;18:00;19:00;0
27.12.2022;19:00;20:00;0
27.12.2022;20:00;21:00;0
27.12.2022;21:00;22:00;0
27.12.2022;22:00;23:00;0
27.12.2022;23:00;00:00;0
28.12.2022;00:00;01:00;0
28.12.2022;01:00;02:00;0
28.12.2022;02:00;03:00;0
28.12.2022;03:00;04:00;0
28.12.2022;04:00;05:00;0
28.12.2022;05:00;06:00;0
28.12.2022;06:00;07:00;0
28.12.2022;07:00;08:00;0
28.12.2022;08:00;09:00;0
28.12.2022;09:00;10:00;0
28.12.2022;10:00;11:00;0
28.12.2022;11:00;12:00;0
28.12.2022;12:00;13:00;0
28.12.2022;13:00;14:00;0
28.12.2022;14:00;15:00;0
28.12.2022;15:00;16:00;0
28.12.2022;16:00;17:00;0
28.12.2022;17:00;18:00;0
28.12.2022;18:00;19:00;0
28.12.2022;19:00;20:00;0
28.12.2022;20:00;21:00;0
28.12.2022;21:00;22:00;0
28.12.2022;22:00;23:00;0
28.12.2022;23:00;00:00;0
29.12.2022;00:00;01:00;0
29.12.2022;01:00;02:00;0
29.12.2022;02:00;03:00;0
29.12.2022;03:00;04:00;0
29.12.2022;04:00;05:00;0
29.12.2022;05:00;06:00;0
29.12.2022;06:00;07:00;0
29.12.2022;07:00;08:00;0
29.12.2022;08:00;09:00;0
29.12.2022;09:00;10:00;0
29.12.2022;10:00;11:00;0
29.12.2022;11:00;12:00;0
29.12.2022;12:00;13:00;0
29.12.2022;13:00;14:00;0
29.12.2022;14:00;15:00;0
29.12.2022;15:00;16:00;0
29.12.2022;16:00;17:00;0
29.12.2022;17:00;18:00;0
29.12.2022;18:00;19:00;0
29.12.2022;19:00;20:00;0
29.12.2022;20:00;21:00;0
29.12.2022;21:00;22:00;0
29.12.2022;22:00;23:00;0
29.12.2022;23:00;00:00;0
30.12.2022;00:00;01:00;0
30.12.2022;01:00;02:00;0
30.12.2022;02:00;03:00;0
30.12.2022;03:00;04:00;0
30.12.2022;04:00;05:00;0
30.12.2022;05:00;06:00;0
30.12.2022;06:00;07:00;0
30.12.2022;07:00;08:00;0
30.12.2022;08:00;09:00;0
30.12.2022;09:00;10:00;0
30.12.2022;10:00;11:00;0
30.12.2022;11:00;12:00;0
30.12.2022;12:00;13:00;0
30.12.2022;13:00;14:00;0
30.12.2022;14:00;15:00;0
30.12.2022;15:00;16:00;0
30.12.2022;16:00;17:00;0
30.12.2022;17:00;18:00;0
30.12.2022;18:00;19:00;0
30.12.2022;19:00;20:00;0
30.12.2022;20:00;21:00;0
30.12.2022;21:00;22:00;0
30.12.2022;22:00;23:00;0
30.12.2022;23:00;00:00;0
31.12.2022;00:00;01:00;0
31.12.2022;01:00;02:00;0
31.12.2022;02:00;03:00;0
31.12.2022;03:00;04:00;0
31.12.2022;04:00;05:00;0
31.12.2022;05:00;06:00;0
31.12.2022;06:00;07:00;0
31.12.2022;07:00;08:00;0
31.12.2022;08:00;09:00;0
31.12.2022;09:00;10:00;0
31.12.2022;10:00;11:00;0
31.12.2022;11:00;12:00;0
31.12.2022;12:00;13:00;0
31.12.2022;13:00;14:00;0
31.12.2022;14:00;15:00;0
31.12.2022;15:00;16:00;0
31.12.2022;16:00;17:00;0
31.12.2022;17:00;18:00;0
31.12.2022;18:00;19:00;0
31.12.2022;19:00;20:00;0
31.12.2022;20:00;21:00;0
31.12.2022;21:00;22:00;0
31.12.2022;22:00;23:00;0
31.12.2022;23:00;00:00;0
