Datum;Anfang;Ende;Generation_DE Isar 2 [MW] Originalauflösungen
01.01.2023;00:00;01:00;1.373
01.01.2023;01:00;02:00;1.374
01.01.2023;02:00;03:00;1.375
01.01.2023;03:00;04:00;1.375
01.01.2023;04:00;05:00;1.375
01.01.2023;05:00;06:00;1.378
01.01.2023;06:00;07:00;1.377
01.01.2023;07:00;08:00;1.377
01.01.2023;08:00;09:00;1.376
01.01.2023;09:00;10:00;1.378
01.01.2023;10:00;11:00;1.375
01.01.2023;11:00;12:00;1.371
01.01.2023;12:00;13:00;1.368
01.01.2023;13:00;14:00;1.365
01.01.2023;14:00;15:00;1.363
01.01.2023;15:00;16:00;1.362
01.01.2023;16:00;17:00;1.363
01.01.2023;17:00;18:00;1.366
01.01.2023;18:00;19:00;1.368
01.01.2023;19:00;20:00;1.369
01.01.2023;20:00;21:00;1.372
01.01.2023;21:00;22:00;1.372
01.01.2023;22:00;23:00;1.371
01.01.2023;23:00;00:00;1.371
02.01.2023;00:00;01:00;1.372
02.01.2023;01:00;02:00;1.373
02.01.2023;02:00;03:00;1.375
02.01.2023;03:00;04:00;1.375
02.01.2023;04:00;05:00;1.376
02.01.2023;05:00;06:00;1.376
02.01.2023;06:00;07:00;1.377
02.01.2023;07:00;08:00;1.379
02.01.2023;08:00;09:00;1.379
02.01.2023;09:00;10:00;1.379
02.01.2023;10:00;11:00;1.376
02.01.2023;11:00;12:00;1.375
02.01.2023;12:00;13:00;1.371
02.01.2023;13:00;14:00;1.368
02.01.2023;14:00;15:00;1.367
02.01.2023;15:00;16:00;1.367
02.01.2023;16:00;17:00;1.365
02.01.2023;17:00;18:00;1.365
02.01.2023;18:00;19:00;1.364
02.01.2023;19:00;20:00;1.364
02.01.2023;20:00;21:00;1.365
02.01.2023;21:00;22:00;1.363
02.01.2023;22:00;23:00;1.364
02.01.2023;23:00;00:00;1.364
03.01.2023;00:00;01:00;1.363
03.01.2023;01:00;02:00;1.363
03.01.2023;02:00;03:00;1.364
03.01.2023;03:00;04:00;1.364
03.01.2023;04:00;05:00;1.366
03.01.2023;05:00;06:00;1.366
03.01.2023;06:00;07:00;1.367
03.01.2023;07:00;08:00;1.367
03.01.2023;08:00;09:00;1.367
03.01.2023;09:00;10:00;1.368
03.01.2023;10:00;11:00;1.369
03.01.2023;11:00;12:00;1.369
03.01.2023;12:00;13:00;1.368
03.01.2023;13:00;14:00;1.367
03.01.2023;14:00;15:00;1.367
03.01.2023;15:00;16:00;1.367
03.01.2023;16:00;17:00;1.367
03.01.2023;17:00;18:00;1.369
03.01.2023;18:00;19:00;1.369
03.01.2023;19:00;20:00;1.369
03.01.2023;20:00;21:00;1.371
03.01.2023;21:00;22:00;1.372
03.01.2023;22:00;23:00;1.374
03.01.2023;23:00;00:00;1.373
04.01.2023;00:00;01:00;1.370
04.01.2023;01:00;02:00;1.370
04.01.2023;02:00;03:00;1.370
04.01.2023;03:00;04:00;1.373
04.01.2023;04:00;05:00;1.374
04.01.2023;05:00;06:00;1.374
04.01.2023;06:00;07:00;1.370
04.01.2023;07:00;08:00;1.372
04.01.2023;08:00;09:00;1.368
04.01.2023;09:00;10:00;1.366
04.01.2023;10:00;11:00;1.365
04.01.2023;11:00;12:00;1.361
04.01.2023;12:00;13:00;1.358
04.01.2023;13:00;14:00;1.356
04.01.2023;14:00;15:00;1.355
04.01.2023;15:00;16:00;1.354
04.01.2023;16:00;17:00;1.352
04.01.2023;17:00;18:00;1.349
04.01.2023;18:00;19:00;1.349
04.01.2023;19:00;20:00;1.349
04.01.2023;20:00;21:00;1.348
04.01.2023;21:00;22:00;1.344
04.01.2023;22:00;23:00;1.344
04.01.2023;23:00;00:00;1.343
05.01.2023;00:00;01:00;1.343
05.01.2023;01:00;02:00;1.344
05.01.2023;02:00;03:00;1.344
05.01.2023;03:00;04:00;1.344
05.01.2023;04:00;05:00;1.343
05.01.2023;05:00;06:00;1.343
05.01.2023;06:00;07:00;1.342
05.01.2023;07:00;08:00;1.340
05.01.2023;08:00;09:00;1.342
05.01.2023;09:00;10:00;1.344
05.01.2023;10:00;11:00;1.344
05.01.2023;11:00;12:00;1.347
05.01.2023;12:00;13:00;1.347
05.01.2023;13:00;14:00;1.345
05.01.2023;14:00;15:00;1.346
05.01.2023;15:00;16:00;1.346
05.01.2023;16:00;17:00;1.345
05.01.2023;17:00;18:00;1.346
05.01.2023;18:00;19:00;1.347
05.01.2023;19:00;20:00;1.348
05.01.2023;20:00;21:00;1.349
05.01.2023;21:00;22:00;1.351
05.01.2023;22:00;23:00;1.352
05.01.2023;23:00;00:00;1.352
06.01.2023;00:00;01:00;1.350
06.01.2023;01:00;02:00;1.352
06.01.2023;02:00;03:00;1.351
06.01.2023;03:00;04:00;1.351
06.01.2023;04:00;05:00;1.352
06.01.2023;05:00;06:00;1.351
06.01.2023;06:00;07:00;1.351
06.01.2023;07:00;08:00;1.352
06.01.2023;08:00;09:00;1.351
06.01.2023;09:00;10:00;1.350
06.01.2023;10:00;11:00;1.351
06.01.2023;11:00;12:00;1.350
06.01.2023;12:00;13:00;1.350
06.01.2023;13:00;14:00;1.346
06.01.2023;14:00;15:00;1.342
06.01.2023;15:00;16:00;1.344
06.01.2023;16:00;17:00;1.346
06.01.2023;17:00;18:00;1.345
06.01.2023;18:00;19:00;1.347
06.01.2023;19:00;20:00;1.346
06.01.2023;20:00;21:00;1.346
06.01.2023;21:00;22:00;1.346
06.01.2023;22:00;23:00;1.346
06.01.2023;23:00;00:00;1.347
07.01.2023;00:00;01:00;1.345
07.01.2023;01:00;02:00;1.345
07.01.2023;02:00;03:00;1.345
07.01.2023;03:00;04:00;1.345
07.01.2023;04:00;05:00;1.345
07.01.2023;05:00;06:00;1.345
07.01.2023;06:00;07:00;1.344
07.01.2023;07:00;08:00;1.343
07.01.2023;08:00;09:00;1.345
07.01.2023;09:00;10:00;1.348
07.01.2023;10:00;11:00;1.347
07.01.2023;11:00;12:00;1.345
07.01.2023;12:00;13:00;1.345
07.01.2023;13:00;14:00;1.342
07.01.2023;14:00;15:00;1.342
07.01.2023;15:00;16:00;1.342
07.01.2023;16:00;17:00;1.343
07.01.2023;17:00;18:00;1.344
07.01.2023;18:00;19:00;1.346
07.01.2023;19:00;20:00;1.347
07.01.2023;20:00;21:00;1.345
07.01.2023;21:00;22:00;1.345
07.01.2023;22:00;23:00;1.346
07.01.2023;23:00;00:00;1.347
08.01.2023;00:00;01:00;1.352
08.01.2023;01:00;02:00;1.355
08.01.2023;02:00;03:00;1.356
08.01.2023;03:00;04:00;1.357
08.01.2023;04:00;05:00;1.355
08.01.2023;05:00;06:00;1.356
08.01.2023;06:00;07:00;1.356
08.01.2023;07:00;08:00;1.355
08.01.2023;08:00;09:00;1.356
08.01.2023;09:00;10:00;1.356
08.01.2023;10:00;11:00;1.354
08.01.2023;11:00;12:00;1.353
08.01.2023;12:00;13:00;1.351
08.01.2023;13:00;14:00;1.349
08.01.2023;14:00;15:00;1.348
08.01.2023;15:00;16:00;1.347
08.01.2023;16:00;17:00;1.347
08.01.2023;17:00;18:00;1.348
08.01.2023;18:00;19:00;1.348
08.01.2023;19:00;20:00;1.349
08.01.2023;20:00;21:00;1.348
08.01.2023;21:00;22:00;1.349
08.01.2023;22:00;23:00;1.349
08.01.2023;23:00;00:00;1.349
09.01.2023;00:00;01:00;1.347
09.01.2023;01:00;02:00;1.348
09.01.2023;02:00;03:00;1.348
09.01.2023;03:00;04:00;1.346
09.01.2023;04:00;05:00;1.345
09.01.2023;05:00;06:00;1.344
09.01.2023;06:00;07:00;1.342
09.01.2023;07:00;08:00;1.339
09.01.2023;08:00;09:00;1.335
09.01.2023;09:00;10:00;1.333
09.01.2023;10:00;11:00;1.336
09.01.2023;11:00;12:00;1.337
09.01.2023;12:00;13:00;1.337
09.01.2023;13:00;14:00;1.336
09.01.2023;14:00;15:00;1.335
09.01.2023;15:00;16:00;1.337
09.01.2023;16:00;17:00;1.337
09.01.2023;17:00;18:00;1.337
09.01.2023;18:00;19:00;1.337
09.01.2023;19:00;20:00;1.336
09.01.2023;20:00;21:00;1.335
09.01.2023;21:00;22:00;1.335
09.01.2023;22:00;23:00;1.337
09.01.2023;23:00;00:00;1.337
10.01.2023;00:00;01:00;1.337
10.01.2023;01:00;02:00;1.337
10.01.2023;02:00;03:00;1.336
10.01.2023;03:00;04:00;1.336
10.01.2023;04:00;05:00;1.336
10.01.2023;05:00;06:00;1.337
10.01.2023;06:00;07:00;1.337
10.01.2023;07:00;08:00;1.337
10.01.2023;08:00;09:00;1.337
10.01.2023;09:00;10:00;1.336
10.01.2023;10:00;11:00;1.335
10.01.2023;11:00;12:00;1.335
10.01.2023;12:00;13:00;1.334
10.01.2023;13:00;14:00;1.335
10.01.2023;14:00;15:00;1.335
10.01.2023;15:00;16:00;1.335
10.01.2023;16:00;17:00;1.337
10.01.2023;17:00;18:00;1.337
10.01.2023;18:00;19:00;1.337
10.01.2023;19:00;20:00;1.338
10.01.2023;20:00;21:00;1.336
10.01.2023;21:00;22:00;1.335
10.01.2023;22:00;23:00;1.339
10.01.2023;23:00;00:00;1.339
11.01.2023;00:00;01:00;1.339
11.01.2023;01:00;02:00;1.339
11.01.2023;02:00;03:00;1.339
11.01.2023;03:00;04:00;1.338
11.01.2023;04:00;05:00;1.337
11.01.2023;05:00;06:00;1.337
11.01.2023;06:00;07:00;1.335
11.01.2023;07:00;08:00;1.334
11.01.2023;08:00;09:00;1.336
11.01.2023;09:00;10:00;1.332
11.01.2023;10:00;11:00;1.329
11.01.2023;11:00;12:00;1.329
11.01.2023;12:00;13:00;1.328
11.01.2023;13:00;14:00;1.327
11.01.2023;14:00;15:00;1.324
11.01.2023;15:00;16:00;1.323
11.01.2023;16:00;17:00;1.321
11.01.2023;17:00;18:00;1.320
11.01.2023;18:00;19:00;1.319
11.01.2023;19:00;20:00;1.320
11.01.2023;20:00;21:00;1.319
11.01.2023;21:00;22:00;1.317
11.01.2023;22:00;23:00;1.317
11.01.2023;23:00;00:00;1.317
12.01.2023;00:00;01:00;1.317
12.01.2023;01:00;02:00;1.318
12.01.2023;02:00;03:00;1.317
12.01.2023;03:00;04:00;1.320
12.01.2023;04:00;05:00;1.321
12.01.2023;05:00;06:00;1.320
12.01.2023;06:00;07:00;1.320
12.01.2023;07:00;08:00;1.321
12.01.2023;08:00;09:00;1.320
12.01.2023;09:00;10:00;1.321
12.01.2023;10:00;11:00;1.320
12.01.2023;11:00;12:00;1.318
12.01.2023;12:00;13:00;1.318
12.01.2023;13:00;14:00;1.315
12.01.2023;14:00;15:00;1.311
12.01.2023;15:00;16:00;1.310
12.01.2023;16:00;17:00;1.311
12.01.2023;17:00;18:00;1.309
12.01.2023;18:00;19:00;1.309
12.01.2023;19:00;20:00;1.309
12.01.2023;20:00;21:00;1.308
12.01.2023;21:00;22:00;1.307
12.01.2023;22:00;23:00;1.309
12.01.2023;23:00;00:00;1.308
13.01.2023;00:00;01:00;1.309
13.01.2023;01:00;02:00;1.306
13.01.2023;02:00;03:00;1.305
13.01.2023;03:00;04:00;1.305
13.01.2023;04:00;05:00;1.305
13.01.2023;05:00;06:00;1.305
13.01.2023;06:00;07:00;1.304
13.01.2023;07:00;08:00;1.159
13.01.2023;08:00;09:00;1.032
13.01.2023;09:00;10:00;1.108
13.01.2023;10:00;11:00;1.216
13.01.2023;11:00;12:00;1.292
13.01.2023;12:00;13:00;1.300
13.01.2023;13:00;14:00;1.303
13.01.2023;14:00;15:00;1.314
13.01.2023;15:00;16:00;1.317
13.01.2023;16:00;17:00;1.321
13.01.2023;17:00;18:00;1.322
13.01.2023;18:00;19:00;1.324
13.01.2023;19:00;20:00;1.324
13.01.2023;20:00;21:00;1.322
13.01.2023;21:00;22:00;1.320
13.01.2023;22:00;23:00;1.320
13.01.2023;23:00;00:00;1.317
14.01.2023;00:00;01:00;1.319
14.01.2023;01:00;02:00;1.320
14.01.2023;02:00;03:00;1.319
14.01.2023;03:00;04:00;1.319
14.01.2023;04:00;05:00;1.319
14.01.2023;05:00;06:00;1.318
14.01.2023;06:00;07:00;1.319
14.01.2023;07:00;08:00;1.319
14.01.2023;08:00;09:00;1.319
14.01.2023;09:00;10:00;1.318
14.01.2023;10:00;11:00;1.316
14.01.2023;11:00;12:00;1.318
14.01.2023;12:00;13:00;1.315
14.01.2023;13:00;14:00;1.314
14.01.2023;14:00;15:00;1.313
14.01.2023;15:00;16:00;1.310
14.01.2023;16:00;17:00;1.308
14.01.2023;17:00;18:00;1.307
14.01.2023;18:00;19:00;1.307
14.01.2023;19:00;20:00;1.307
14.01.2023;20:00;21:00;1.307
14.01.2023;21:00;22:00;1.305
14.01.2023;22:00;23:00;1.299
14.01.2023;23:00;00:00;1.297
15.01.2023;00:00;01:00;1.301
15.01.2023;01:00;02:00;1.301
15.01.2023;02:00;03:00;1.297
15.01.2023;03:00;04:00;1.298
15.01.2023;04:00;05:00;1.300
15.01.2023;05:00;06:00;1.303
15.01.2023;06:00;07:00;1.306
15.01.2023;07:00;08:00;1.303
15.01.2023;08:00;09:00;1.298
15.01.2023;09:00;10:00;1.297
15.01.2023;10:00;11:00;1.292
15.01.2023;11:00;12:00;1.291
15.01.2023;12:00;13:00;1.292
15.01.2023;13:00;14:00;1.298
15.01.2023;14:00;15:00;1.301
15.01.2023;15:00;16:00;1.303
15.01.2023;16:00;17:00;1.305
15.01.2023;17:00;18:00;1.307
15.01.2023;18:00;19:00;1.308
15.01.2023;19:00;20:00;1.309
15.01.2023;20:00;21:00;1.310
15.01.2023;21:00;22:00;1.307
15.01.2023;22:00;23:00;1.309
15.01.2023;23:00;00:00;1.308
16.01.2023;00:00;01:00;1.308
16.01.2023;01:00;02:00;1.309
16.01.2023;02:00;03:00;1.309
16.01.2023;03:00;04:00;1.310
16.01.2023;04:00;05:00;1.310
16.01.2023;05:00;06:00;1.309
16.01.2023;06:00;07:00;1.309
16.01.2023;07:00;08:00;1.308
16.01.2023;08:00;09:00;1.309
16.01.2023;09:00;10:00;1.309
16.01.2023;10:00;11:00;1.308
16.01.2023;11:00;12:00;1.307
16.01.2023;12:00;13:00;1.305
16.01.2023;13:00;14:00;1.305
16.01.2023;14:00;15:00;1.305
16.01.2023;15:00;16:00;1.305
16.01.2023;16:00;17:00;1.305
16.01.2023;17:00;18:00;1.306
16.01.2023;18:00;19:00;1.306
16.01.2023;19:00;20:00;1.307
16.01.2023;20:00;21:00;1.305
16.01.2023;21:00;22:00;1.303
16.01.2023;22:00;23:00;1.303
16.01.2023;23:00;00:00;1.304
17.01.2023;00:00;01:00;1.304
17.01.2023;01:00;02:00;1.303
17.01.2023;02:00;03:00;1.302
17.01.2023;03:00;04:00;1.302
17.01.2023;04:00;05:00;1.304
17.01.2023;05:00;06:00;1.306
17.01.2023;06:00;07:00;1.308
17.01.2023;07:00;08:00;1.309
17.01.2023;08:00;09:00;1.310
17.01.2023;09:00;10:00;1.310
17.01.2023;10:00;11:00;1.309
17.01.2023;11:00;12:00;1.307
17.01.2023;12:00;13:00;1.307
17.01.2023;13:00;14:00;1.306
17.01.2023;14:00;15:00;1.305
17.01.2023;15:00;16:00;1.304
17.01.2023;16:00;17:00;1.304
17.01.2023;17:00;18:00;1.304
17.01.2023;18:00;19:00;1.305
17.01.2023;19:00;20:00;1.305
17.01.2023;20:00;21:00;1.305
17.01.2023;21:00;22:00;1.306
17.01.2023;22:00;23:00;1.307
17.01.2023;23:00;00:00;1.306
18.01.2023;00:00;01:00;1.304
18.01.2023;01:00;02:00;1.302
18.01.2023;02:00;03:00;1.301
18.01.2023;03:00;04:00;1.301
18.01.2023;04:00;05:00;1.302
18.01.2023;05:00;06:00;1.302
18.01.2023;06:00;07:00;1.302
18.01.2023;07:00;08:00;1.301
18.01.2023;08:00;09:00;1.303
18.01.2023;09:00;10:00;1.304
18.01.2023;10:00;11:00;1.302
18.01.2023;11:00;12:00;1.302
18.01.2023;12:00;13:00;1.301
18.01.2023;13:00;14:00;1.301
18.01.2023;14:00;15:00;1.302
18.01.2023;15:00;16:00;1.303
18.01.2023;16:00;17:00;1.303
18.01.2023;17:00;18:00;1.303
18.01.2023;18:00;19:00;1.302
18.01.2023;19:00;20:00;1.303
18.01.2023;20:00;21:00;1.302
18.01.2023;21:00;22:00;1.302
18.01.2023;22:00;23:00;1.302
18.01.2023;23:00;00:00;1.302
19.01.2023;00:00;01:00;1.302
19.01.2023;01:00;02:00;1.301
19.01.2023;02:00;03:00;1.301
19.01.2023;03:00;04:00;1.300
19.01.2023;04:00;05:00;1.302
19.01.2023;05:00;06:00;1.303
19.01.2023;06:00;07:00;1.302
19.01.2023;07:00;08:00;1.301
19.01.2023;08:00;09:00;1.301
19.01.2023;09:00;10:00;1.301
19.01.2023;10:00;11:00;1.302
19.01.2023;11:00;12:00;1.302
19.01.2023;12:00;13:00;1.301
19.01.2023;13:00;14:00;1.300
19.01.2023;14:00;15:00;1.300
19.01.2023;15:00;16:00;1.300
19.01.2023;16:00;17:00;1.300
19.01.2023;17:00;18:00;1.299
19.01.2023;18:00;19:00;1.300
19.01.2023;19:00;20:00;1.300
19.01.2023;20:00;21:00;1.299
19.01.2023;21:00;22:00;1.299
19.01.2023;22:00;23:00;1.299
19.01.2023;23:00;00:00;1.299
20.01.2023;00:00;01:00;1.299
20.01.2023;01:00;02:00;1.299
20.01.2023;02:00;03:00;1.299
20.01.2023;03:00;04:00;1.298
20.01.2023;04:00;05:00;1.299
20.01.2023;05:00;06:00;1.298
20.01.2023;06:00;07:00;1.298
20.01.2023;07:00;08:00;1.298
20.01.2023;08:00;09:00;1.297
20.01.2023;09:00;10:00;1.298
20.01.2023;10:00;11:00;1.297
20.01.2023;11:00;12:00;1.296
20.01.2023;12:00;13:00;1.295
20.01.2023;13:00;14:00;1.295
20.01.2023;14:00;15:00;1.295
20.01.2023;15:00;16:00;1.295
20.01.2023;16:00;17:00;1.294
20.01.2023;17:00;18:00;1.294
20.01.2023;18:00;19:00;1.294
20.01.2023;19:00;20:00;1.293
20.01.2023;20:00;21:00;1.293
20.01.2023;21:00;22:00;1.293
20.01.2023;22:00;23:00;1.293
20.01.2023;23:00;00:00;1.293
21.01.2023;00:00;01:00;1.294
21.01.2023;01:00;02:00;1.294
21.01.2023;02:00;03:00;1.295
21.01.2023;03:00;04:00;1.294
21.01.2023;04:00;05:00;1.294
21.01.2023;05:00;06:00;1.294
21.01.2023;06:00;07:00;1.294
21.01.2023;07:00;08:00;1.294
21.01.2023;08:00;09:00;1.293
21.01.2023;09:00;10:00;1.293
21.01.2023;10:00;11:00;1.293
21.01.2023;11:00;12:00;1.292
21.01.2023;12:00;13:00;1.292
21.01.2023;13:00;14:00;1.292
21.01.2023;14:00;15:00;1.291
21.01.2023;15:00;16:00;1.291
21.01.2023;16:00;17:00;1.291
21.01.2023;17:00;18:00;1.291
21.01.2023;18:00;19:00;1.290
21.01.2023;19:00;20:00;1.291
21.01.2023;20:00;21:00;1.290
21.01.2023;21:00;22:00;1.290
21.01.2023;22:00;23:00;1.290
21.01.2023;23:00;00:00;1.290
22.01.2023;00:00;01:00;1.290
22.01.2023;01:00;02:00;1.290
22.01.2023;02:00;03:00;1.290
22.01.2023;03:00;04:00;1.290
22.01.2023;04:00;05:00;1.290
22.01.2023;05:00;06:00;1.290
22.01.2023;06:00;07:00;1.290
22.01.2023;07:00;08:00;1.290
22.01.2023;08:00;09:00;1.290
22.01.2023;09:00;10:00;1.289
22.01.2023;10:00;11:00;1.289
22.01.2023;11:00;12:00;1.288
22.01.2023;12:00;13:00;1.288
22.01.2023;13:00;14:00;1.287
22.01.2023;14:00;15:00;1.286
22.01.2023;15:00;16:00;1.286
22.01.2023;16:00;17:00;1.286
22.01.2023;17:00;18:00;1.286
22.01.2023;18:00;19:00;1.286
22.01.2023;19:00;20:00;1.286
22.01.2023;20:00;21:00;1.286
22.01.2023;21:00;22:00;1.285
22.01.2023;22:00;23:00;1.285
22.01.2023;23:00;00:00;1.285
23.01.2023;00:00;01:00;1.285
23.01.2023;01:00;02:00;1.284
23.01.2023;02:00;03:00;1.285
23.01.2023;03:00;04:00;1.284
23.01.2023;04:00;05:00;1.284
23.01.2023;05:00;06:00;1.283
23.01.2023;06:00;07:00;1.283
23.01.2023;07:00;08:00;1.282
23.01.2023;08:00;09:00;1.282
23.01.2023;09:00;10:00;1.281
23.01.2023;10:00;11:00;1.280
23.01.2023;11:00;12:00;1.279
23.01.2023;12:00;13:00;1.278
23.01.2023;13:00;14:00;1.277
23.01.2023;14:00;15:00;1.276
23.01.2023;15:00;16:00;1.275
23.01.2023;16:00;17:00;1.274
23.01.2023;17:00;18:00;1.272
23.01.2023;18:00;19:00;1.275
23.01.2023;19:00;20:00;1.275
23.01.2023;20:00;21:00;1.275
23.01.2023;21:00;22:00;1.274
23.01.2023;22:00;23:00;1.274
23.01.2023;23:00;00:00;1.274
24.01.2023;00:00;01:00;1.273
24.01.2023;01:00;02:00;1.271
24.01.2023;02:00;03:00;1.272
24.01.2023;03:00;04:00;1.273
24.01.2023;04:00;05:00;1.274
24.01.2023;05:00;06:00;1.272
24.01.2023;06:00;07:00;1.270
24.01.2023;07:00;08:00;1.271
24.01.2023;08:00;09:00;1.275
24.01.2023;09:00;10:00;1.273
24.01.2023;10:00;11:00;1.271
24.01.2023;11:00;12:00;1.270
24.01.2023;12:00;13:00;1.270
24.01.2023;13:00;14:00;1.270
24.01.2023;14:00;15:00;1.270
24.01.2023;15:00;16:00;1.269
24.01.2023;16:00;17:00;1.268
24.01.2023;17:00;18:00;1.268
24.01.2023;18:00;19:00;1.268
24.01.2023;19:00;20:00;1.268
24.01.2023;20:00;21:00;1.269
24.01.2023;21:00;22:00;1.269
24.01.2023;22:00;23:00;1.268
24.01.2023;23:00;00:00;1.270
25.01.2023;00:00;01:00;1.270
25.01.2023;01:00;02:00;1.270
25.01.2023;02:00;03:00;1.270
25.01.2023;03:00;04:00;1.270
25.01.2023;04:00;05:00;1.270
25.01.2023;05:00;06:00;1.270
25.01.2023;06:00;07:00;1.270
25.01.2023;07:00;08:00;1.270
25.01.2023;08:00;09:00;1.270
25.01.2023;09:00;10:00;1.270
25.01.2023;10:00;11:00;1.270
25.01.2023;11:00;12:00;1.270
25.01.2023;12:00;13:00;1.270
25.01.2023;13:00;14:00;1.270
25.01.2023;14:00;15:00;1.269
25.01.2023;15:00;16:00;1.270
25.01.2023;16:00;17:00;1.269
25.01.2023;17:00;18:00;1.270
25.01.2023;18:00;19:00;1.270
25.01.2023;19:00;20:00;1.269
25.01.2023;20:00;21:00;1.269
25.01.2023;21:00;22:00;1.269
25.01.2023;22:00;23:00;1.269
25.01.2023;23:00;00:00;1.269
26.01.2023;00:00;01:00;1.269
26.01.2023;01:00;02:00;1.268
26.01.2023;02:00;03:00;1.268
26.01.2023;03:00;04:00;1.268
26.01.2023;04:00;05:00;1.268
26.01.2023;05:00;06:00;1.268
26.01.2023;06:00;07:00;1.267
26.01.2023;07:00;08:00;1.266
26.01.2023;08:00;09:00;1.265
26.01.2023;09:00;10:00;1.264
26.01.2023;10:00;11:00;1.264
26.01.2023;11:00;12:00;1.264
26.01.2023;12:00;13:00;1.264
26.01.2023;13:00;14:00;1.264
26.01.2023;14:00;15:00;1.264
26.01.2023;15:00;16:00;1.264
26.01.2023;16:00;17:00;1.266
26.01.2023;17:00;18:00;1.264
26.01.2023;18:00;19:00;1.265
26.01.2023;19:00;20:00;1.265
26.01.2023;20:00;21:00;1.264
26.01.2023;21:00;22:00;1.264
26.01.2023;22:00;23:00;1.264
26.01.2023;23:00;00:00;1.264
27.01.2023;00:00;01:00;1.264
27.01.2023;01:00;02:00;1.263
27.01.2023;02:00;03:00;1.263
27.01.2023;03:00;04:00;1.262
27.01.2023;04:00;05:00;1.262
27.01.2023;05:00;06:00;1.262
27.01.2023;06:00;07:00;1.264
27.01.2023;07:00;08:00;1.263
27.01.2023;08:00;09:00;1.262
27.01.2023;09:00;10:00;1.261
27.01.2023;10:00;11:00;1.262
27.01.2023;11:00;12:00;1.261
27.01.2023;12:00;13:00;1.260
27.01.2023;13:00;14:00;1.259
27.01.2023;14:00;15:00;1.262
27.01.2023;15:00;16:00;1.262
27.01.2023;16:00;17:00;1.259
27.01.2023;17:00;18:00;1.259
27.01.2023;18:00;19:00;1.259
27.01.2023;19:00;20:00;1.259
27.01.2023;20:00;21:00;1.259
27.01.2023;21:00;22:00;1.258
27.01.2023;22:00;23:00;1.258
27.01.2023;23:00;00:00;1.258
28.01.2023;00:00;01:00;1.258
28.01.2023;01:00;02:00;1.257
28.01.2023;02:00;03:00;1.258
28.01.2023;03:00;04:00;1.258
28.01.2023;04:00;05:00;1.258
28.01.2023;05:00;06:00;1.258
28.01.2023;06:00;07:00;1.257
28.01.2023;07:00;08:00;1.257
28.01.2023;08:00;09:00;1.257
28.01.2023;09:00;10:00;1.255
28.01.2023;10:00;11:00;1.258
28.01.2023;11:00;12:00;1.257
28.01.2023;12:00;13:00;1.256
28.01.2023;13:00;14:00;1.255
28.01.2023;14:00;15:00;1.254
28.01.2023;15:00;16:00;1.254
28.01.2023;16:00;17:00;1.254
28.01.2023;17:00;18:00;1.254
28.01.2023;18:00;19:00;1.253
28.01.2023;19:00;20:00;1.253
28.01.2023;20:00;21:00;1.253
28.01.2023;21:00;22:00;1.253
28.01.2023;22:00;23:00;1.253
28.01.2023;23:00;00:00;1.253
29.01.2023;00:00;01:00;1.253
29.01.2023;01:00;02:00;1.253
29.01.2023;02:00;03:00;1.253
29.01.2023;03:00;04:00;1.253
29.01.2023;04:00;05:00;1.252
29.01.2023;05:00;06:00;1.253
29.01.2023;06:00;07:00;1.252
29.01.2023;07:00;08:00;1.252
29.01.2023;08:00;09:00;1.252
29.01.2023;09:00;10:00;1.252
29.01.2023;10:00;11:00;1.251
29.01.2023;11:00;12:00;1.251
29.01.2023;12:00;13:00;1.252
29.01.2023;13:00;14:00;1.251
29.01.2023;14:00;15:00;1.251
29.01.2023;15:00;16:00;1.250
29.01.2023;16:00;17:00;1.250
29.01.2023;17:00;18:00;1.251
29.01.2023;18:00;19:00;1.250
29.01.2023;19:00;20:00;1.250
29.01.2023;20:00;21:00;1.250
29.01.2023;21:00;22:00;1.249
29.01.2023;22:00;23:00;1.249
29.01.2023;23:00;00:00;1.245
30.01.2023;00:00;01:00;1.246
30.01.2023;01:00;02:00;1.247
30.01.2023;02:00;03:00;1.248
30.01.2023;03:00;04:00;1.248
30.01.2023;04:00;05:00;1.248
30.01.2023;05:00;06:00;1.248
30.01.2023;06:00;07:00;1.247
30.01.2023;07:00;08:00;1.246
30.01.2023;08:00;09:00;1.245
30.01.2023;09:00;10:00;1.243
30.01.2023;10:00;11:00;1.241
30.01.2023;11:00;12:00;1.239
30.01.2023;12:00;13:00;1.238
30.01.2023;13:00;14:00;1.237
30.01.2023;14:00;15:00;1.236
30.01.2023;15:00;16:00;1.236
30.01.2023;16:00;17:00;1.236
30.01.2023;17:00;18:00;1.235
30.01.2023;18:00;19:00;1.235
30.01.2023;19:00;20:00;1.235
30.01.2023;20:00;21:00;1.234
30.01.2023;21:00;22:00;1.234
30.01.2023;22:00;23:00;1.234
30.01.2023;23:00;00:00;1.234
31.01.2023;00:00;01:00;1.230
31.01.2023;01:00;02:00;1.234
31.01.2023;02:00;03:00;1.234
31.01.2023;03:00;04:00;1.233
31.01.2023;04:00;05:00;1.234
31.01.2023;05:00;06:00;1.235
31.01.2023;06:00;07:00;1.235
31.01.2023;07:00;08:00;1.235
31.01.2023;08:00;09:00;1.235
31.01.2023;09:00;10:00;1.235
31.01.2023;10:00;11:00;1.234
31.01.2023;11:00;12:00;1.233
31.01.2023;12:00;13:00;1.234
31.01.2023;13:00;14:00;1.234
31.01.2023;14:00;15:00;1.231
31.01.2023;15:00;16:00;1.233
31.01.2023;16:00;17:00;1.234
31.01.2023;17:00;18:00;1.234
31.01.2023;18:00;19:00;1.234
31.01.2023;19:00;20:00;1.233
31.01.2023;20:00;21:00;1.232
31.01.2023;21:00;22:00;1.231
31.01.2023;22:00;23:00;1.232
31.01.2023;23:00;00:00;1.234
01.02.2023;00:00;01:00;1.232
01.02.2023;01:00;02:00;1.233
01.02.2023;02:00;03:00;1.233
01.02.2023;03:00;04:00;1.233
01.02.2023;04:00;05:00;1.233
01.02.2023;05:00;06:00;1.232
01.02.2023;06:00;07:00;1.231
01.02.2023;07:00;08:00;1.231
01.02.2023;08:00;09:00;1.232
01.02.2023;09:00;10:00;1.230
01.02.2023;10:00;11:00;1.229
01.02.2023;11:00;12:00;1.228
01.02.2023;12:00;13:00;1.229
01.02.2023;13:00;14:00;1.230
01.02.2023;14:00;15:00;1.228
01.02.2023;15:00;16:00;1.228
01.02.2023;16:00;17:00;1.228
01.02.2023;17:00;18:00;1.227
01.02.2023;18:00;19:00;1.228
01.02.2023;19:00;20:00;1.228
01.02.2023;20:00;21:00;1.226
01.02.2023;21:00;22:00;1.225
01.02.2023;22:00;23:00;1.225
01.02.2023;23:00;00:00;1.226
02.02.2023;00:00;01:00;1.223
02.02.2023;01:00;02:00;1.223
02.02.2023;02:00;03:00;1.222
02.02.2023;03:00;04:00;1.224
02.02.2023;04:00;05:00;1.226
02.02.2023;05:00;06:00;1.226
02.02.2023;06:00;07:00;1.227
02.02.2023;07:00;08:00;1.229
02.02.2023;08:00;09:00;1.233
02.02.2023;09:00;10:00;1.237
02.02.2023;10:00;11:00;1.237
02.02.2023;11:00;12:00;1.238
02.02.2023;12:00;13:00;1.235
02.02.2023;13:00;14:00;1.229
02.02.2023;14:00;15:00;1.227
02.02.2023;15:00;16:00;1.226
02.02.2023;16:00;17:00;1.226
02.02.2023;17:00;18:00;1.233
02.02.2023;18:00;19:00;1.236
02.02.2023;19:00;20:00;1.239
02.02.2023;20:00;21:00;1.240
02.02.2023;21:00;22:00;1.239
02.02.2023;22:00;23:00;1.236
02.02.2023;23:00;00:00;1.232
03.02.2023;00:00;01:00;1.229
03.02.2023;01:00;02:00;1.229
03.02.2023;02:00;03:00;1.229
03.02.2023;03:00;04:00;1.229
03.02.2023;04:00;05:00;1.228
03.02.2023;05:00;06:00;1.226
03.02.2023;06:00;07:00;1.225
03.02.2023;07:00;08:00;1.226
03.02.2023;08:00;09:00;1.225
03.02.2023;09:00;10:00;1.223
03.02.2023;10:00;11:00;1.223
03.02.2023;11:00;12:00;1.223
03.02.2023;12:00;13:00;1.223
03.02.2023;13:00;14:00;1.221
03.02.2023;14:00;15:00;1.220
03.02.2023;15:00;16:00;1.218
03.02.2023;16:00;17:00;1.216
03.02.2023;17:00;18:00;1.221
03.02.2023;18:00;19:00;1.221
03.02.2023;19:00;20:00;1.221
03.02.2023;20:00;21:00;1.221
03.02.2023;21:00;22:00;1.220
03.02.2023;22:00;23:00;1.220
03.02.2023;23:00;00:00;1.220
04.02.2023;00:00;01:00;1.221
04.02.2023;01:00;02:00;1.222
04.02.2023;02:00;03:00;1.223
04.02.2023;03:00;04:00;1.225
04.02.2023;04:00;05:00;1.227
04.02.2023;05:00;06:00;1.227
04.02.2023;06:00;07:00;1.227
04.02.2023;07:00;08:00;1.227
04.02.2023;08:00;09:00;1.229
04.02.2023;09:00;10:00;1.231
04.02.2023;10:00;11:00;1.231
04.02.2023;11:00;12:00;1.234
04.02.2023;12:00;13:00;1.234
04.02.2023;13:00;14:00;1.233
04.02.2023;14:00;15:00;1.233
04.02.2023;15:00;16:00;1.233
04.02.2023;16:00;17:00;1.234
04.02.2023;17:00;18:00;1.234
04.02.2023;18:00;19:00;1.234
04.02.2023;19:00;20:00;1.234
04.02.2023;20:00;21:00;1.235
04.02.2023;21:00;22:00;1.236
04.02.2023;22:00;23:00;1.235
04.02.2023;23:00;00:00;1.234
05.02.2023;00:00;01:00;1.236
05.02.2023;01:00;02:00;1.236
05.02.2023;02:00;03:00;1.237
05.02.2023;03:00;04:00;1.237
05.02.2023;04:00;05:00;1.237
05.02.2023;05:00;06:00;1.237
05.02.2023;06:00;07:00;1.235
05.02.2023;07:00;08:00;1.235
05.02.2023;08:00;09:00;1.235
05.02.2023;09:00;10:00;1.235
05.02.2023;10:00;11:00;1.235
05.02.2023;11:00;12:00;1.234
05.02.2023;12:00;13:00;1.234
05.02.2023;13:00;14:00;1.234
05.02.2023;14:00;15:00;1.233
05.02.2023;15:00;16:00;1.233
05.02.2023;16:00;17:00;1.232
05.02.2023;17:00;18:00;1.233
05.02.2023;18:00;19:00;1.232
05.02.2023;19:00;20:00;1.233
05.02.2023;20:00;21:00;1.233
05.02.2023;21:00;22:00;1.233
05.02.2023;22:00;23:00;1.233
05.02.2023;23:00;00:00;1.233
06.02.2023;00:00;01:00;1.233
06.02.2023;01:00;02:00;1.233
06.02.2023;02:00;03:00;1.232
06.02.2023;03:00;04:00;1.231
06.02.2023;04:00;05:00;1.231
06.02.2023;05:00;06:00;1.232
06.02.2023;06:00;07:00;1.232
06.02.2023;07:00;08:00;1.232
06.02.2023;08:00;09:00;1.233
06.02.2023;09:00;10:00;1.232
06.02.2023;10:00;11:00;1.232
06.02.2023;11:00;12:00;1.231
06.02.2023;12:00;13:00;1.231
06.02.2023;13:00;14:00;1.230
06.02.2023;14:00;15:00;1.229
06.02.2023;15:00;16:00;1.229
06.02.2023;16:00;17:00;1.228
06.02.2023;17:00;18:00;1.228
06.02.2023;18:00;19:00;1.228
06.02.2023;19:00;20:00;1.228
06.02.2023;20:00;21:00;1.228
06.02.2023;21:00;22:00;1.228
06.02.2023;22:00;23:00;1.227
06.02.2023;23:00;00:00;1.227
07.02.2023;00:00;01:00;1.227
07.02.2023;01:00;02:00;1.227
07.02.2023;02:00;03:00;1.228
07.02.2023;03:00;04:00;1.228
07.02.2023;04:00;05:00;1.228
07.02.2023;05:00;06:00;1.227
07.02.2023;06:00;07:00;1.227
07.02.2023;07:00;08:00;1.227
07.02.2023;08:00;09:00;1.227
07.02.2023;09:00;10:00;1.227
07.02.2023;10:00;11:00;1.226
07.02.2023;11:00;12:00;1.226
07.02.2023;12:00;13:00;1.225
07.02.2023;13:00;14:00;1.224
07.02.2023;14:00;15:00;1.223
07.02.2023;15:00;16:00;1.223
07.02.2023;16:00;17:00;1.223
07.02.2023;17:00;18:00;1.224
07.02.2023;18:00;19:00;1.224
07.02.2023;19:00;20:00;1.224
07.02.2023;20:00;21:00;1.224
07.02.2023;21:00;22:00;1.224
07.02.2023;22:00;23:00;1.224
07.02.2023;23:00;00:00;1.223
08.02.2023;00:00;01:00;1.223
08.02.2023;01:00;02:00;1.223
08.02.2023;02:00;03:00;1.223
08.02.2023;03:00;04:00;1.223
08.02.2023;04:00;05:00;1.223
08.02.2023;05:00;06:00;1.223
08.02.2023;06:00;07:00;1.223
08.02.2023;07:00;08:00;1.222
08.02.2023;08:00;09:00;1.222
08.02.2023;09:00;10:00;1.222
08.02.2023;10:00;11:00;1.221
08.02.2023;11:00;12:00;1.221
08.02.2023;12:00;13:00;1.220
08.02.2023;13:00;14:00;1.219
08.02.2023;14:00;15:00;1.218
08.02.2023;15:00;16:00;1.217
08.02.2023;16:00;17:00;1.216
08.02.2023;17:00;18:00;1.216
08.02.2023;18:00;19:00;1.217
08.02.2023;19:00;20:00;1.217
08.02.2023;20:00;21:00;1.217
08.02.2023;21:00;22:00;1.217
08.02.2023;22:00;23:00;1.217
08.02.2023;23:00;00:00;1.217
09.02.2023;00:00;01:00;1.217
09.02.2023;01:00;02:00;1.217
09.02.2023;02:00;03:00;1.218
09.02.2023;03:00;04:00;1.218
09.02.2023;04:00;05:00;1.218
09.02.2023;05:00;06:00;1.217
09.02.2023;06:00;07:00;1.217
09.02.2023;07:00;08:00;1.217
09.02.2023;08:00;09:00;1.217
09.02.2023;09:00;10:00;1.216
09.02.2023;10:00;11:00;1.215
09.02.2023;11:00;12:00;1.214
09.02.2023;12:00;13:00;1.212
09.02.2023;13:00;14:00;1.211
09.02.2023;14:00;15:00;1.210
09.02.2023;15:00;16:00;1.209
09.02.2023;16:00;17:00;1.209
09.02.2023;17:00;18:00;1.209
09.02.2023;18:00;19:00;1.209
09.02.2023;19:00;20:00;1.210
09.02.2023;20:00;21:00;1.210
09.02.2023;21:00;22:00;1.211
09.02.2023;22:00;23:00;1.211
09.02.2023;23:00;00:00;1.212
10.02.2023;00:00;01:00;1.126
10.02.2023;01:00;02:00;1.138
10.02.2023;02:00;03:00;1.131
10.02.2023;03:00;04:00;1.134
10.02.2023;04:00;05:00;1.128
10.02.2023;05:00;06:00;1.135
10.02.2023;06:00;07:00;1.137
10.02.2023;07:00;08:00;1.137
10.02.2023;08:00;09:00;1.137
10.02.2023;09:00;10:00;1.136
10.02.2023;10:00;11:00;1.133
10.02.2023;11:00;12:00;1.132
10.02.2023;12:00;13:00;1.127
10.02.2023;13:00;14:00;1.105
10.02.2023;14:00;15:00;1.112
10.02.2023;15:00;16:00;1.129
10.02.2023;16:00;17:00;1.128
10.02.2023;17:00;18:00;1.129
10.02.2023;18:00;19:00;1.128
10.02.2023;19:00;20:00;1.092
10.02.2023;20:00;21:00;1.064
10.02.2023;21:00;22:00;1.109
10.02.2023;22:00;23:00;1.100
10.02.2023;23:00;00:00;1.063
11.02.2023;00:00;01:00;1.207
11.02.2023;01:00;02:00;1.207
11.02.2023;02:00;03:00;1.207
11.02.2023;03:00;04:00;1.207
11.02.2023;04:00;05:00;1.207
11.02.2023;05:00;06:00;1.207
11.02.2023;06:00;07:00;1.206
11.02.2023;07:00;08:00;1.206
11.02.2023;08:00;09:00;1.205
11.02.2023;09:00;10:00;1.203
11.02.2023;10:00;11:00;1.203
11.02.2023;11:00;12:00;1.202
11.02.2023;12:00;13:00;1.200
11.02.2023;13:00;14:00;1.199
11.02.2023;14:00;15:00;1.196
11.02.2023;15:00;16:00;1.195
11.02.2023;16:00;17:00;1.195
11.02.2023;17:00;18:00;1.195
11.02.2023;18:00;19:00;1.195
11.02.2023;19:00;20:00;1.194
11.02.2023;20:00;21:00;1.194
11.02.2023;21:00;22:00;1.194
11.02.2023;22:00;23:00;1.194
11.02.2023;23:00;00:00;1.194
12.02.2023;00:00;01:00;1.194
12.02.2023;01:00;02:00;1.194
12.02.2023;02:00;03:00;1.194
12.02.2023;03:00;04:00;1.194
12.02.2023;04:00;05:00;1.194
12.02.2023;05:00;06:00;1.194
12.02.2023;06:00;07:00;1.194
12.02.2023;07:00;08:00;1.194
12.02.2023;08:00;09:00;1.194
12.02.2023;09:00;10:00;1.193
12.02.2023;10:00;11:00;1.193
12.02.2023;11:00;12:00;1.192
12.02.2023;12:00;13:00;1.191
12.02.2023;13:00;14:00;1.190
12.02.2023;14:00;15:00;1.189
12.02.2023;15:00;16:00;1.189
12.02.2023;16:00;17:00;1.189
12.02.2023;17:00;18:00;1.189
12.02.2023;18:00;19:00;1.190
12.02.2023;19:00;20:00;1.192
12.02.2023;20:00;21:00;1.193
12.02.2023;21:00;22:00;1.193
12.02.2023;22:00;23:00;1.194
12.02.2023;23:00;00:00;1.194
13.02.2023;00:00;01:00;1.193
13.02.2023;01:00;02:00;1.192
13.02.2023;02:00;03:00;1.193
13.02.2023;03:00;04:00;1.193
13.02.2023;04:00;05:00;1.193
13.02.2023;05:00;06:00;1.193
13.02.2023;06:00;07:00;1.193
13.02.2023;07:00;08:00;1.194
13.02.2023;08:00;09:00;1.193
13.02.2023;09:00;10:00;1.193
13.02.2023;10:00;11:00;1.193
13.02.2023;11:00;12:00;1.192
13.02.2023;12:00;13:00;1.191
13.02.2023;13:00;14:00;1.189
13.02.2023;14:00;15:00;1.188
13.02.2023;15:00;16:00;1.186
13.02.2023;16:00;17:00;1.185
13.02.2023;17:00;18:00;1.185
13.02.2023;18:00;19:00;1.186
13.02.2023;19:00;20:00;1.185
13.02.2023;20:00;21:00;1.186
13.02.2023;21:00;22:00;1.188
13.02.2023;22:00;23:00;1.189
13.02.2023;23:00;00:00;1.191
14.02.2023;00:00;01:00;1.190
14.02.2023;01:00;02:00;1.190
14.02.2023;02:00;03:00;1.190
14.02.2023;03:00;04:00;1.190
14.02.2023;04:00;05:00;1.189
14.02.2023;05:00;06:00;1.189
14.02.2023;06:00;07:00;1.189
14.02.2023;07:00;08:00;1.189
14.02.2023;08:00;09:00;1.188
14.02.2023;09:00;10:00;1.188
14.02.2023;10:00;11:00;1.188
14.02.2023;11:00;12:00;1.187
14.02.2023;12:00;13:00;1.187
14.02.2023;13:00;14:00;1.186
14.02.2023;14:00;15:00;1.181
14.02.2023;15:00;16:00;1.180
14.02.2023;16:00;17:00;1.184
14.02.2023;17:00;18:00;1.184
14.02.2023;18:00;19:00;1.184
14.02.2023;19:00;20:00;1.185
14.02.2023;20:00;21:00;1.185
14.02.2023;21:00;22:00;1.185
14.02.2023;22:00;23:00;1.185
14.02.2023;23:00;00:00;1.185
15.02.2023;00:00;01:00;1.186
15.02.2023;01:00;02:00;1.185
15.02.2023;02:00;03:00;1.185
15.02.2023;03:00;04:00;1.186
15.02.2023;04:00;05:00;1.186
15.02.2023;05:00;06:00;1.186
15.02.2023;06:00;07:00;1.185
15.02.2023;07:00;08:00;1.185
15.02.2023;08:00;09:00;1.186
15.02.2023;09:00;10:00;1.185
15.02.2023;10:00;11:00;1.182
15.02.2023;11:00;12:00;1.183
15.02.2023;12:00;13:00;1.185
15.02.2023;13:00;14:00;1.184
15.02.2023;14:00;15:00;1.183
15.02.2023;15:00;16:00;1.182
15.02.2023;16:00;17:00;1.180
15.02.2023;17:00;18:00;1.181
15.02.2023;18:00;19:00;1.181
15.02.2023;19:00;20:00;1.182
15.02.2023;20:00;21:00;1.181
15.02.2023;21:00;22:00;1.181
15.02.2023;22:00;23:00;1.181
15.02.2023;23:00;00:00;1.181
16.02.2023;00:00;01:00;1.181
16.02.2023;01:00;02:00;1.181
16.02.2023;02:00;03:00;1.181
16.02.2023;03:00;04:00;1.182
16.02.2023;04:00;05:00;1.181
16.02.2023;05:00;06:00;1.181
16.02.2023;06:00;07:00;1.181
16.02.2023;07:00;08:00;1.180
16.02.2023;08:00;09:00;1.179
16.02.2023;09:00;10:00;1.179
16.02.2023;10:00;11:00;1.180
16.02.2023;11:00;12:00;1.182
16.02.2023;12:00;13:00;1.176
16.02.2023;13:00;14:00;1.173
16.02.2023;14:00;15:00;1.170
16.02.2023;15:00;16:00;1.167
16.02.2023;16:00;17:00;1.167
16.02.2023;17:00;18:00;1.171
16.02.2023;18:00;19:00;1.173
16.02.2023;19:00;20:00;1.174
16.02.2023;20:00;21:00;1.173
16.02.2023;21:00;22:00;1.171
16.02.2023;22:00;23:00;1.170
16.02.2023;23:00;00:00;1.170
17.02.2023;00:00;01:00;1.167
17.02.2023;01:00;02:00;1.165
17.02.2023;02:00;03:00;1.165
17.02.2023;03:00;04:00;1.165
17.02.2023;04:00;05:00;1.165
17.02.2023;05:00;06:00;1.164
17.02.2023;06:00;07:00;1.162
17.02.2023;07:00;08:00;1.160
17.02.2023;08:00;09:00;1.156
17.02.2023;09:00;10:00;1.153
17.02.2023;10:00;11:00;1.151
17.02.2023;11:00;12:00;1.148
17.02.2023;12:00;13:00;1.144
17.02.2023;13:00;14:00;1.139
17.02.2023;14:00;15:00;1.137
17.02.2023;15:00;16:00;1.138
17.02.2023;16:00;17:00;1.140
17.02.2023;17:00;18:00;1.141
17.02.2023;18:00;19:00;1.141
17.02.2023;19:00;20:00;1.142
17.02.2023;20:00;21:00;1.142
17.02.2023;21:00;22:00;1.141
17.02.2023;22:00;23:00;1.141
17.02.2023;23:00;00:00;1.142
18.02.2023;00:00;01:00;1.137
18.02.2023;01:00;02:00;1.139
18.02.2023;02:00;03:00;1.141
18.02.2023;03:00;04:00;1.141
18.02.2023;04:00;05:00;1.142
18.02.2023;05:00;06:00;1.142
18.02.2023;06:00;07:00;1.142
18.02.2023;07:00;08:00;1.142
18.02.2023;08:00;09:00;1.141
18.02.2023;09:00;10:00;1.139
18.02.2023;10:00;11:00;1.137
18.02.2023;11:00;12:00;1.137
18.02.2023;12:00;13:00;1.133
18.02.2023;13:00;14:00;1.133
18.02.2023;14:00;15:00;1.132
18.02.2023;15:00;16:00;1.132
18.02.2023;16:00;17:00;1.129
18.02.2023;17:00;18:00;1.130
18.02.2023;18:00;19:00;1.135
18.02.2023;19:00;20:00;1.136
18.02.2023;20:00;21:00;1.137
18.02.2023;21:00;22:00;1.140
18.02.2023;22:00;23:00;1.143
18.02.2023;23:00;00:00;1.142
19.02.2023;00:00;01:00;1.144
19.02.2023;01:00;02:00;1.144
19.02.2023;02:00;03:00;1.143
19.02.2023;03:00;04:00;1.145
19.02.2023;04:00;05:00;1.142
19.02.2023;05:00;06:00;1.141
19.02.2023;06:00;07:00;1.141
19.02.2023;07:00;08:00;1.141
19.02.2023;08:00;09:00;1.141
19.02.2023;09:00;10:00;1.141
19.02.2023;10:00;11:00;1.140
19.02.2023;11:00;12:00;1.139
19.02.2023;12:00;13:00;1.140
19.02.2023;13:00;14:00;1.142
19.02.2023;14:00;15:00;1.139
19.02.2023;15:00;16:00;1.137
19.02.2023;16:00;17:00;1.139
19.02.2023;17:00;18:00;1.141
19.02.2023;18:00;19:00;1.142
19.02.2023;19:00;20:00;1.144
19.02.2023;20:00;21:00;1.144
19.02.2023;21:00;22:00;1.142
19.02.2023;22:00;23:00;1.144
19.02.2023;23:00;00:00;1.145
20.02.2023;00:00;01:00;1.143
20.02.2023;01:00;02:00;1.142
20.02.2023;02:00;03:00;1.143
20.02.2023;03:00;04:00;1.142
20.02.2023;04:00;05:00;1.142
20.02.2023;05:00;06:00;1.143
20.02.2023;06:00;07:00;1.143
20.02.2023;07:00;08:00;1.144
20.02.2023;08:00;09:00;1.147
20.02.2023;09:00;10:00;1.146
20.02.2023;10:00;11:00;1.144
20.02.2023;11:00;12:00;1.139
20.02.2023;12:00;13:00;1.138
20.02.2023;13:00;14:00;1.136
20.02.2023;14:00;15:00;1.133
20.02.2023;15:00;16:00;1.131
20.02.2023;16:00;17:00;1.130
20.02.2023;17:00;18:00;1.133
20.02.2023;18:00;19:00;1.135
20.02.2023;19:00;20:00;1.134
20.02.2023;20:00;21:00;1.136
20.02.2023;21:00;22:00;1.138
20.02.2023;22:00;23:00;1.139
20.02.2023;23:00;00:00;1.140
21.02.2023;00:00;01:00;1.141
21.02.2023;01:00;02:00;1.142
21.02.2023;02:00;03:00;1.142
21.02.2023;03:00;04:00;1.142
21.02.2023;04:00;05:00;1.142
21.02.2023;05:00;06:00;1.142
21.02.2023;06:00;07:00;1.144
21.02.2023;07:00;08:00;1.147
21.02.2023;08:00;09:00;1.148
21.02.2023;09:00;10:00;1.147
21.02.2023;10:00;11:00;1.145
21.02.2023;11:00;12:00;1.141
21.02.2023;12:00;13:00;1.137
21.02.2023;13:00;14:00;1.136
21.02.2023;14:00;15:00;1.133
21.02.2023;15:00;16:00;1.132
21.02.2023;16:00;17:00;1.132
21.02.2023;17:00;18:00;1.132
21.02.2023;18:00;19:00;1.133
21.02.2023;19:00;20:00;1.135
21.02.2023;20:00;21:00;1.137
21.02.2023;21:00;22:00;1.139
21.02.2023;22:00;23:00;1.141
21.02.2023;23:00;00:00;1.143
22.02.2023;00:00;01:00;1.143
22.02.2023;01:00;02:00;1.144
22.02.2023;02:00;03:00;1.144
22.02.2023;03:00;04:00;1.144
22.02.2023;04:00;05:00;1.144
22.02.2023;05:00;06:00;1.145
22.02.2023;06:00;07:00;1.146
22.02.2023;07:00;08:00;1.146
22.02.2023;08:00;09:00;1.146
22.02.2023;09:00;10:00;1.145
22.02.2023;10:00;11:00;1.143
22.02.2023;11:00;12:00;1.136
22.02.2023;12:00;13:00;1.132
22.02.2023;13:00;14:00;1.128
22.02.2023;14:00;15:00;1.125
22.02.2023;15:00;16:00;1.124
22.02.2023;16:00;17:00;1.123
22.02.2023;17:00;18:00;1.123
22.02.2023;18:00;19:00;1.125
22.02.2023;19:00;20:00;1.127
22.02.2023;20:00;21:00;1.129
22.02.2023;21:00;22:00;1.130
22.02.2023;22:00;23:00;1.132
22.02.2023;23:00;00:00;1.133
23.02.2023;00:00;01:00;1.133
23.02.2023;01:00;02:00;1.134
23.02.2023;02:00;03:00;1.135
23.02.2023;03:00;04:00;1.137
23.02.2023;04:00;05:00;1.138
23.02.2023;05:00;06:00;1.138
23.02.2023;06:00;07:00;1.137
23.02.2023;07:00;08:00;1.135
23.02.2023;08:00;09:00;1.132
23.02.2023;09:00;10:00;1.129
23.02.2023;10:00;11:00;1.127
23.02.2023;11:00;12:00;1.126
23.02.2023;12:00;13:00;1.124
23.02.2023;13:00;14:00;1.125
23.02.2023;14:00;15:00;1.123
23.02.2023;15:00;16:00;1.123
23.02.2023;16:00;17:00;1.122
23.02.2023;17:00;18:00;1.121
23.02.2023;18:00;19:00;1.122
23.02.2023;19:00;20:00;1.122
23.02.2023;20:00;21:00;1.123
23.02.2023;21:00;22:00;1.123
23.02.2023;22:00;23:00;1.124
23.02.2023;23:00;00:00;1.125
24.02.2023;00:00;01:00;1.126
24.02.2023;01:00;02:00;1.127
24.02.2023;02:00;03:00;1.127
24.02.2023;03:00;04:00;1.127
24.02.2023;04:00;05:00;1.126
24.02.2023;05:00;06:00;1.127
24.02.2023;06:00;07:00;1.127
24.02.2023;07:00;08:00;1.128
24.02.2023;08:00;09:00;1.128
24.02.2023;09:00;10:00;1.128
24.02.2023;10:00;11:00;1.127
24.02.2023;11:00;12:00;1.125
24.02.2023;12:00;13:00;1.124
24.02.2023;13:00;14:00;1.122
24.02.2023;14:00;15:00;1.121
24.02.2023;15:00;16:00;1.120
24.02.2023;16:00;17:00;1.119
24.02.2023;17:00;18:00;1.118
24.02.2023;18:00;19:00;1.118
24.02.2023;19:00;20:00;1.118
24.02.2023;20:00;21:00;1.118
24.02.2023;21:00;22:00;1.119
24.02.2023;22:00;23:00;1.121
24.02.2023;23:00;00:00;1.124
25.02.2023;00:00;01:00;1.126
25.02.2023;01:00;02:00;1.128
25.02.2023;02:00;03:00;1.129
25.02.2023;03:00;04:00;1.129
25.02.2023;04:00;05:00;1.128
25.02.2023;05:00;06:00;1.129
25.02.2023;06:00;07:00;1.129
25.02.2023;07:00;08:00;1.129
25.02.2023;08:00;09:00;1.128
25.02.2023;09:00;10:00;1.128
25.02.2023;10:00;11:00;1.127
25.02.2023;11:00;12:00;1.126
25.02.2023;12:00;13:00;1.125
25.02.2023;13:00;14:00;1.125
25.02.2023;14:00;15:00;1.125
25.02.2023;15:00;16:00;1.127
25.02.2023;16:00;17:00;1.128
25.02.2023;17:00;18:00;1.131
25.02.2023;18:00;19:00;1.129
25.02.2023;19:00;20:00;1.129
25.02.2023;20:00;21:00;1.133
25.02.2023;21:00;22:00;1.130
25.02.2023;22:00;23:00;1.130
25.02.2023;23:00;00:00;1.130
26.02.2023;00:00;01:00;1.129
26.02.2023;01:00;02:00;1.131
26.02.2023;02:00;03:00;1.131
26.02.2023;03:00;04:00;1.132
26.02.2023;04:00;05:00;1.132
26.02.2023;05:00;06:00;1.132
26.02.2023;06:00;07:00;1.132
26.02.2023;07:00;08:00;1.132
26.02.2023;08:00;09:00;1.131
26.02.2023;09:00;10:00;1.131
26.02.2023;10:00;11:00;1.130
26.02.2023;11:00;12:00;1.129
26.02.2023;12:00;13:00;1.128
26.02.2023;13:00;14:00;1.126
26.02.2023;14:00;15:00;1.126
26.02.2023;15:00;16:00;1.126
26.02.2023;16:00;17:00;1.125
26.02.2023;17:00;18:00;1.126
26.02.2023;18:00;19:00;1.126
26.02.2023;19:00;20:00;1.126
26.02.2023;20:00;21:00;1.127
26.02.2023;21:00;22:00;1.127
26.02.2023;22:00;23:00;1.126
26.02.2023;23:00;00:00;1.127
27.02.2023;00:00;01:00;1.126
27.02.2023;01:00;02:00;1.126
27.02.2023;02:00;03:00;1.125
27.02.2023;03:00;04:00;1.125
27.02.2023;04:00;05:00;1.125
27.02.2023;05:00;06:00;1.125
27.02.2023;06:00;07:00;1.125
27.02.2023;07:00;08:00;1.124
27.02.2023;08:00;09:00;1.125
27.02.2023;09:00;10:00;1.124
27.02.2023;10:00;11:00;1.122
27.02.2023;11:00;12:00;1.122
27.02.2023;12:00;13:00;1.122
27.02.2023;13:00;14:00;1.121
27.02.2023;14:00;15:00;1.122
27.02.2023;15:00;16:00;1.122
27.02.2023;16:00;17:00;1.121
27.02.2023;17:00;18:00;1.123
27.02.2023;18:00;19:00;1.123
27.02.2023;19:00;20:00;1.123
27.02.2023;20:00;21:00;1.123
27.02.2023;21:00;22:00;1.123
27.02.2023;22:00;23:00;1.122
27.02.2023;23:00;00:00;1.122
28.02.2023;00:00;01:00;1.122
28.02.2023;01:00;02:00;1.122
28.02.2023;02:00;03:00;1.122
28.02.2023;03:00;04:00;1.122
28.02.2023;04:00;05:00;1.122
28.02.2023;05:00;06:00;1.122
28.02.2023;06:00;07:00;1.123
28.02.2023;07:00;08:00;1.122
28.02.2023;08:00;09:00;1.122
28.02.2023;09:00;10:00;1.121
28.02.2023;10:00;11:00;1.119
28.02.2023;11:00;12:00;1.118
28.02.2023;12:00;13:00;1.117
28.02.2023;13:00;14:00;1.116
28.02.2023;14:00;15:00;1.115
28.02.2023;15:00;16:00;1.114
28.02.2023;16:00;17:00;1.114
28.02.2023;17:00;18:00;1.114
28.02.2023;18:00;19:00;1.114
28.02.2023;19:00;20:00;1.114
28.02.2023;20:00;21:00;1.114
28.02.2023;21:00;22:00;1.115
28.02.2023;22:00;23:00;1.115
28.02.2023;23:00;00:00;1.115
01.03.2023;00:00;01:00;1.115
01.03.2023;01:00;02:00;1.114
01.03.2023;02:00;03:00;1.115
01.03.2023;03:00;04:00;1.116
01.03.2023;04:00;05:00;1.116
01.03.2023;05:00;06:00;1.116
01.03.2023;06:00;07:00;1.116
01.03.2023;07:00;08:00;1.115
01.03.2023;08:00;09:00;1.115
01.03.2023;09:00;10:00;1.114
01.03.2023;10:00;11:00;1.113
01.03.2023;11:00;12:00;1.110
01.03.2023;12:00;13:00;1.109
01.03.2023;13:00;14:00;1.107
01.03.2023;14:00;15:00;1.104
01.03.2023;15:00;16:00;1.101
01.03.2023;16:00;17:00;1.100
01.03.2023;17:00;18:00;1.101
01.03.2023;18:00;19:00;1.100
01.03.2023;19:00;20:00;1.100
01.03.2023;20:00;21:00;1.103
01.03.2023;21:00;22:00;1.105
01.03.2023;22:00;23:00;1.106
01.03.2023;23:00;00:00;1.106
02.03.2023;00:00;01:00;1.106
02.03.2023;01:00;02:00;1.105
02.03.2023;02:00;03:00;1.106
02.03.2023;03:00;04:00;1.106
02.03.2023;04:00;05:00;1.106
02.03.2023;05:00;06:00;1.106
02.03.2023;06:00;07:00;1.105
02.03.2023;07:00;08:00;1.103
02.03.2023;08:00;09:00;1.103
02.03.2023;09:00;10:00;1.102
02.03.2023;10:00;11:00;1.099
02.03.2023;11:00;12:00;1.095
02.03.2023;12:00;13:00;1.092
02.03.2023;13:00;14:00;1.089
02.03.2023;14:00;15:00;1.089
02.03.2023;15:00;16:00;1.088
02.03.2023;16:00;17:00;1.088
02.03.2023;17:00;18:00;1.088
02.03.2023;18:00;19:00;1.089
02.03.2023;19:00;20:00;1.093
02.03.2023;20:00;21:00;1.096
02.03.2023;21:00;22:00;1.097
02.03.2023;22:00;23:00;1.099
02.03.2023;23:00;00:00;1.101
03.03.2023;00:00;01:00;1.102
03.03.2023;01:00;02:00;1.103
03.03.2023;02:00;03:00;1.103
03.03.2023;03:00;04:00;1.105
03.03.2023;04:00;05:00;1.105
03.03.2023;05:00;06:00;1.105
03.03.2023;06:00;07:00;1.105
03.03.2023;07:00;08:00;1.105
03.03.2023;08:00;09:00;1.104
03.03.2023;09:00;10:00;1.103
03.03.2023;10:00;11:00;1.102
03.03.2023;11:00;12:00;1.099
03.03.2023;12:00;13:00;1.096
03.03.2023;13:00;14:00;1.094
03.03.2023;14:00;15:00;1.092
03.03.2023;15:00;16:00;1.091
03.03.2023;16:00;17:00;1.090
03.03.2023;17:00;18:00;1.090
03.03.2023;18:00;19:00;1.091
03.03.2023;19:00;20:00;1.092
03.03.2023;20:00;21:00;1.093
03.03.2023;21:00;22:00;1.094
03.03.2023;22:00;23:00;1.096
03.03.2023;23:00;00:00;1.097
04.03.2023;00:00;01:00;1.098
04.03.2023;01:00;02:00;1.098
04.03.2023;02:00;03:00;1.099
04.03.2023;03:00;04:00;1.100
04.03.2023;04:00;05:00;1.100
04.03.2023;05:00;06:00;1.099
04.03.2023;06:00;07:00;1.099
04.03.2023;07:00;08:00;1.100
04.03.2023;08:00;09:00;1.100
04.03.2023;09:00;10:00;1.099
04.03.2023;10:00;11:00;1.098
04.03.2023;11:00;12:00;1.098
04.03.2023;12:00;13:00;1.098
04.03.2023;13:00;14:00;1.099
04.03.2023;14:00;15:00;1.098
04.03.2023;15:00;16:00;1.098
04.03.2023;16:00;17:00;1.098
04.03.2023;17:00;18:00;1.097
04.03.2023;18:00;19:00;1.097
04.03.2023;19:00;20:00;1.097
04.03.2023;20:00;21:00;1.097
04.03.2023;21:00;22:00;1.096
04.03.2023;22:00;23:00;1.096
04.03.2023;23:00;00:00;1.096
05.03.2023;00:00;01:00;1.095
05.03.2023;01:00;02:00;1.096
05.03.2023;02:00;03:00;1.096
05.03.2023;03:00;04:00;1.095
05.03.2023;04:00;05:00;1.095
05.03.2023;05:00;06:00;1.095
05.03.2023;06:00;07:00;1.095
05.03.2023;07:00;08:00;1.095
05.03.2023;08:00;09:00;1.094
05.03.2023;09:00;10:00;1.094
05.03.2023;10:00;11:00;1.093
05.03.2023;11:00;12:00;1.092
05.03.2023;12:00;13:00;1.091
05.03.2023;13:00;14:00;1.091
05.03.2023;14:00;15:00;1.090
05.03.2023;15:00;16:00;1.089
05.03.2023;16:00;17:00;1.091
05.03.2023;17:00;18:00;1.091
05.03.2023;18:00;19:00;1.092
05.03.2023;19:00;20:00;1.092
05.03.2023;20:00;21:00;1.091
05.03.2023;21:00;22:00;1.090
05.03.2023;22:00;23:00;1.090
05.03.2023;23:00;00:00;1.090
06.03.2023;00:00;01:00;1.090
06.03.2023;01:00;02:00;1.090
06.03.2023;02:00;03:00;1.090
06.03.2023;03:00;04:00;1.090
06.03.2023;04:00;05:00;1.090
06.03.2023;05:00;06:00;1.090
06.03.2023;06:00;07:00;1.090
06.03.2023;07:00;08:00;1.089
06.03.2023;08:00;09:00;1.089
06.03.2023;09:00;10:00;1.088
06.03.2023;10:00;11:00;1.088
06.03.2023;11:00;12:00;1.087
06.03.2023;12:00;13:00;1.086
06.03.2023;13:00;14:00;1.085
06.03.2023;14:00;15:00;1.084
06.03.2023;15:00;16:00;1.083
06.03.2023;16:00;17:00;1.083
06.03.2023;17:00;18:00;1.084
06.03.2023;18:00;19:00;1.084
06.03.2023;19:00;20:00;1.084
06.03.2023;20:00;21:00;1.084
06.03.2023;21:00;22:00;1.084
06.03.2023;22:00;23:00;1.084
06.03.2023;23:00;00:00;1.083
07.03.2023;00:00;01:00;1.083
07.03.2023;01:00;02:00;1.083
07.03.2023;02:00;03:00;1.083
07.03.2023;03:00;04:00;1.082
07.03.2023;04:00;05:00;1.082
07.03.2023;05:00;06:00;1.082
07.03.2023;06:00;07:00;1.081
07.03.2023;07:00;08:00;1.081
07.03.2023;08:00;09:00;1.081
07.03.2023;09:00;10:00;1.080
07.03.2023;10:00;11:00;1.079
07.03.2023;11:00;12:00;1.078
07.03.2023;12:00;13:00;1.077
07.03.2023;13:00;14:00;1.073
07.03.2023;14:00;15:00;1.071
07.03.2023;15:00;16:00;1.070
07.03.2023;16:00;17:00;1.071
07.03.2023;17:00;18:00;1.072
07.03.2023;18:00;19:00;1.074
07.03.2023;19:00;20:00;1.075
07.03.2023;20:00;21:00;1.076
07.03.2023;21:00;22:00;1.076
07.03.2023;22:00;23:00;1.075
07.03.2023;23:00;00:00;1.074
08.03.2023;00:00;01:00;1.073
08.03.2023;01:00;02:00;1.073
08.03.2023;02:00;03:00;1.073
08.03.2023;03:00;04:00;1.073
08.03.2023;04:00;05:00;1.073
08.03.2023;05:00;06:00;1.074
08.03.2023;06:00;07:00;1.074
08.03.2023;07:00;08:00;1.075
08.03.2023;08:00;09:00;1.074
08.03.2023;09:00;10:00;1.073
08.03.2023;10:00;11:00;1.071
08.03.2023;11:00;12:00;1.070
08.03.2023;12:00;13:00;1.069
08.03.2023;13:00;14:00;1.067
08.03.2023;14:00;15:00;1.061
08.03.2023;15:00;16:00;1.056
08.03.2023;16:00;17:00;1.052
08.03.2023;17:00;18:00;1.051
08.03.2023;18:00;19:00;1.051
08.03.2023;19:00;20:00;1.050
08.03.2023;20:00;21:00;1.050
08.03.2023;21:00;22:00;1.050
08.03.2023;22:00;23:00;1.051
08.03.2023;23:00;00:00;1.049
09.03.2023;00:00;01:00;1.050
09.03.2023;01:00;02:00;1.053
09.03.2023;02:00;03:00;1.053
09.03.2023;03:00;04:00;1.046
09.03.2023;04:00;05:00;1.047
09.03.2023;05:00;06:00;1.049
09.03.2023;06:00;07:00;1.048
09.03.2023;07:00;08:00;1.046
09.03.2023;08:00;09:00;1.050
09.03.2023;09:00;10:00;1.051
09.03.2023;10:00;11:00;1.047
09.03.2023;11:00;12:00;1.046
09.03.2023;12:00;13:00;1.044
09.03.2023;13:00;14:00;1.042
09.03.2023;14:00;15:00;1.043
09.03.2023;15:00;16:00;1.041
09.03.2023;16:00;17:00;1.042
09.03.2023;17:00;18:00;1.045
09.03.2023;18:00;19:00;1.048
09.03.2023;19:00;20:00;1.048
09.03.2023;20:00;21:00;1.048
09.03.2023;21:00;22:00;1.051
09.03.2023;22:00;23:00;1.054
09.03.2023;23:00;00:00;1.055
10.03.2023;00:00;01:00;1.054
10.03.2023;01:00;02:00;1.054
10.03.2023;02:00;03:00;1.054
10.03.2023;03:00;04:00;1.056
10.03.2023;04:00;05:00;1.057
10.03.2023;05:00;06:00;1.057
10.03.2023;06:00;07:00;1.055
10.03.2023;07:00;08:00;1.053
10.03.2023;08:00;09:00;1.051
10.03.2023;09:00;10:00;1.049
10.03.2023;10:00;11:00;1.045
10.03.2023;11:00;12:00;1.041
10.03.2023;12:00;13:00;1.041
10.03.2023;13:00;14:00;1.043
10.03.2023;14:00;15:00;1.039
10.03.2023;15:00;16:00;1.040
10.03.2023;16:00;17:00;1.041
10.03.2023;17:00;18:00;1.043
10.03.2023;18:00;19:00;1.044
10.03.2023;19:00;20:00;1.046
10.03.2023;20:00;21:00;1.048
10.03.2023;21:00;22:00;1.051
10.03.2023;22:00;23:00;1.050
10.03.2023;23:00;00:00;1.053
11.03.2023;00:00;01:00;1.056
11.03.2023;01:00;02:00;1.056
11.03.2023;02:00;03:00;1.058
11.03.2023;03:00;04:00;1.059
11.03.2023;04:00;05:00;1.059
11.03.2023;05:00;06:00;1.059
11.03.2023;06:00;07:00;1.059
11.03.2023;07:00;08:00;1.060
11.03.2023;08:00;09:00;1.062
11.03.2023;09:00;10:00;1.062
11.03.2023;10:00;11:00;1.061
11.03.2023;11:00;12:00;1.061
11.03.2023;12:00;13:00;1.061
11.03.2023;13:00;14:00;1.061
11.03.2023;14:00;15:00;1.060
11.03.2023;15:00;16:00;1.059
11.03.2023;16:00;17:00;1.059
11.03.2023;17:00;18:00;1.060
11.03.2023;18:00;19:00;1.060
11.03.2023;19:00;20:00;1.061
11.03.2023;20:00;21:00;1.061
11.03.2023;21:00;22:00;1.061
11.03.2023;22:00;23:00;1.061
11.03.2023;23:00;00:00;1.062
12.03.2023;00:00;01:00;1.062
12.03.2023;01:00;02:00;1.062
12.03.2023;02:00;03:00;1.063
12.03.2023;03:00;04:00;1.062
12.03.2023;04:00;05:00;1.062
12.03.2023;05:00;06:00;1.062
12.03.2023;06:00;07:00;1.062
12.03.2023;07:00;08:00;1.061
12.03.2023;08:00;09:00;1.061
12.03.2023;09:00;10:00;1.059
12.03.2023;10:00;11:00;1.059
12.03.2023;11:00;12:00;1.058
12.03.2023;12:00;13:00;1.056
12.03.2023;13:00;14:00;1.054
12.03.2023;14:00;15:00;1.052
12.03.2023;15:00;16:00;1.049
12.03.2023;16:00;17:00;1.046
12.03.2023;17:00;18:00;1.044
12.03.2023;18:00;19:00;1.043
12.03.2023;19:00;20:00;1.043
12.03.2023;20:00;21:00;1.042
12.03.2023;21:00;22:00;1.042
12.03.2023;22:00;23:00;1.040
12.03.2023;23:00;00:00;1.038
13.03.2023;00:00;01:00;1.037
13.03.2023;01:00;02:00;1.038
13.03.2023;02:00;03:00;1.039
13.03.2023;03:00;04:00;1.041
13.03.2023;04:00;05:00;1.042
13.03.2023;05:00;06:00;1.042
13.03.2023;06:00;07:00;1.042
13.03.2023;07:00;08:00;1.042
13.03.2023;08:00;09:00;1.041
13.03.2023;09:00;10:00;1.037
13.03.2023;10:00;11:00;1.035
13.03.2023;11:00;12:00;1.028
13.03.2023;12:00;13:00;1.024
13.03.2023;13:00;14:00;1.018
13.03.2023;14:00;15:00;1.017
13.03.2023;15:00;16:00;1.019
13.03.2023;16:00;17:00;1.018
13.03.2023;17:00;18:00;1.016
13.03.2023;18:00;19:00;1.015
13.03.2023;19:00;20:00;1.020
13.03.2023;20:00;21:00;1.021
13.03.2023;21:00;22:00;1.022
13.03.2023;22:00;23:00;1.025
13.03.2023;23:00;00:00;1.027
14.03.2023;00:00;01:00;1.025
14.03.2023;01:00;02:00;1.028
14.03.2023;02:00;03:00;1.027
14.03.2023;03:00;04:00;1.026
14.03.2023;04:00;05:00;1.027
14.03.2023;05:00;06:00;1.027
14.03.2023;06:00;07:00;1.027
14.03.2023;07:00;08:00;1.029
14.03.2023;08:00;09:00;1.029
14.03.2023;09:00;10:00;1.029
14.03.2023;10:00;11:00;1.027
14.03.2023;11:00;12:00;1.026
14.03.2023;12:00;13:00;1.026
14.03.2023;13:00;14:00;1.025
14.03.2023;14:00;15:00;1.022
14.03.2023;15:00;16:00;1.020
14.03.2023;16:00;17:00;1.023
14.03.2023;17:00;18:00;1.025
14.03.2023;18:00;19:00;1.028
14.03.2023;19:00;20:00;1.032
14.03.2023;20:00;21:00;1.034
14.03.2023;21:00;22:00;1.035
14.03.2023;22:00;23:00;1.036
14.03.2023;23:00;00:00;1.034
15.03.2023;00:00;01:00;1.036
15.03.2023;01:00;02:00;1.037
15.03.2023;02:00;03:00;1.037
15.03.2023;03:00;04:00;1.038
15.03.2023;04:00;05:00;1.040
15.03.2023;05:00;06:00;1.041
15.03.2023;06:00;07:00;1.041
15.03.2023;07:00;08:00;1.040
15.03.2023;08:00;09:00;1.040
15.03.2023;09:00;10:00;1.041
15.03.2023;10:00;11:00;1.041
15.03.2023;11:00;12:00;1.039
15.03.2023;12:00;13:00;1.038
15.03.2023;13:00;14:00;1.037
15.03.2023;14:00;15:00;1.036
15.03.2023;15:00;16:00;1.035
15.03.2023;16:00;17:00;1.036
15.03.2023;17:00;18:00;1.037
15.03.2023;18:00;19:00;1.037
15.03.2023;19:00;20:00;1.037
15.03.2023;20:00;21:00;1.037
15.03.2023;21:00;22:00;1.037
15.03.2023;22:00;23:00;1.038
15.03.2023;23:00;00:00;1.039
16.03.2023;00:00;01:00;1.040
16.03.2023;01:00;02:00;1.040
16.03.2023;02:00;03:00;1.041
16.03.2023;03:00;04:00;1.041
16.03.2023;04:00;05:00;1.041
16.03.2023;05:00;06:00;1.041
16.03.2023;06:00;07:00;1.041
16.03.2023;07:00;08:00;1.040
16.03.2023;08:00;09:00;1.039
16.03.2023;09:00;10:00;1.039
16.03.2023;10:00;11:00;1.037
16.03.2023;11:00;12:00;1.034
16.03.2023;12:00;13:00;1.032
16.03.2023;13:00;14:00;1.030
16.03.2023;14:00;15:00;1.029
16.03.2023;15:00;16:00;1.028
16.03.2023;16:00;17:00;1.027
16.03.2023;17:00;18:00;1.027
16.03.2023;18:00;19:00;1.027
16.03.2023;19:00;20:00;1.028
16.03.2023;20:00;21:00;1.028
16.03.2023;21:00;22:00;1.028
16.03.2023;22:00;23:00;1.029
16.03.2023;23:00;00:00;1.031
17.03.2023;00:00;01:00;1.032
17.03.2023;01:00;02:00;1.032
17.03.2023;02:00;03:00;1.032
17.03.2023;03:00;04:00;1.032
17.03.2023;04:00;05:00;1.033
17.03.2023;05:00;06:00;1.032
17.03.2023;06:00;07:00;1.032
17.03.2023;07:00;08:00;1.031
17.03.2023;08:00;09:00;1.031
17.03.2023;09:00;10:00;1.029
17.03.2023;10:00;11:00;1.025
17.03.2023;11:00;12:00;1.022
17.03.2023;12:00;13:00;1.018
17.03.2023;13:00;14:00;1.014
17.03.2023;14:00;15:00;1.012
17.03.2023;15:00;16:00;1.010
17.03.2023;16:00;17:00;1.009
17.03.2023;17:00;18:00;1.011
17.03.2023;18:00;19:00;1.011
17.03.2023;19:00;20:00;1.012
17.03.2023;20:00;21:00;1.014
17.03.2023;21:00;22:00;1.015
17.03.2023;22:00;23:00;1.017
17.03.2023;23:00;00:00;1.019
18.03.2023;00:00;01:00;1.020
18.03.2023;01:00;02:00;1.022
18.03.2023;02:00;03:00;1.023
18.03.2023;03:00;04:00;1.023
18.03.2023;04:00;05:00;1.024
18.03.2023;05:00;06:00;1.025
18.03.2023;06:00;07:00;1.025
18.03.2023;07:00;08:00;1.025
18.03.2023;08:00;09:00;1.023
18.03.2023;09:00;10:00;1.021
18.03.2023;10:00;11:00;1.016
18.03.2023;11:00;12:00;1.013
18.03.2023;12:00;13:00;1.008
18.03.2023;13:00;14:00;1.005
18.03.2023;14:00;15:00;1.002
18.03.2023;15:00;16:00;1.000
18.03.2023;16:00;17:00;999
18.03.2023;17:00;18:00;999
18.03.2023;18:00;19:00;1.001
18.03.2023;19:00;20:00;1.004
18.03.2023;20:00;21:00;1.007
18.03.2023;21:00;22:00;1.009
18.03.2023;22:00;23:00;1.010
18.03.2023;23:00;00:00;1.011
19.03.2023;00:00;01:00;1.012
19.03.2023;01:00;02:00;1.012
19.03.2023;02:00;03:00;1.012
19.03.2023;03:00;04:00;1.014
19.03.2023;04:00;05:00;1.015
19.03.2023;05:00;06:00;1.015
19.03.2023;06:00;07:00;1.016
19.03.2023;07:00;08:00;1.015
19.03.2023;08:00;09:00;1.015
19.03.2023;09:00;10:00;1.014
19.03.2023;10:00;11:00;1.009
19.03.2023;11:00;12:00;1.003
19.03.2023;12:00;13:00;1.001
19.03.2023;13:00;14:00;1.001
19.03.2023;14:00;15:00;1.000
19.03.2023;15:00;16:00;1.000
19.03.2023;16:00;17:00;1.000
19.03.2023;17:00;18:00;1.000
19.03.2023;18:00;19:00;1.000
19.03.2023;19:00;20:00;1.003
19.03.2023;20:00;21:00;1.003
19.03.2023;21:00;22:00;1.005
19.03.2023;22:00;23:00;1.005
19.03.2023;23:00;00:00;1.004
20.03.2023;00:00;01:00;1.004
20.03.2023;01:00;02:00;1.004
20.03.2023;02:00;03:00;1.004
20.03.2023;03:00;04:00;1.005
20.03.2023;04:00;05:00;1.005
20.03.2023;05:00;06:00;1.004
20.03.2023;06:00;07:00;1.004
20.03.2023;07:00;08:00;1.004
20.03.2023;08:00;09:00;1.004
20.03.2023;09:00;10:00;1.004
20.03.2023;10:00;11:00;1.002
20.03.2023;11:00;12:00;1.000
20.03.2023;12:00;13:00;998
20.03.2023;13:00;14:00;996
20.03.2023;14:00;15:00;996
20.03.2023;15:00;16:00;996
20.03.2023;16:00;17:00;996
20.03.2023;17:00;18:00;996
20.03.2023;18:00;19:00;997
20.03.2023;19:00;20:00;998
20.03.2023;20:00;21:00;999
20.03.2023;21:00;22:00;1.002
20.03.2023;22:00;23:00;1.003
20.03.2023;23:00;00:00;1.004
21.03.2023;00:00;01:00;1.004
21.03.2023;01:00;02:00;1.005
21.03.2023;02:00;03:00;1.005
21.03.2023;03:00;04:00;1.006
21.03.2023;04:00;05:00;1.005
21.03.2023;05:00;06:00;1.004
21.03.2023;06:00;07:00;1.004
21.03.2023;07:00;08:00;1.004
21.03.2023;08:00;09:00;1.003
21.03.2023;09:00;10:00;1.000
21.03.2023;10:00;11:00;998
21.03.2023;11:00;12:00;997
21.03.2023;12:00;13:00;995
21.03.2023;13:00;14:00;993
21.03.2023;14:00;15:00;990
21.03.2023;15:00;16:00;988
21.03.2023;16:00;17:00;989
21.03.2023;17:00;18:00;989
21.03.2023;18:00;19:00;990
21.03.2023;19:00;20:00;990
21.03.2023;20:00;21:00;990
21.03.2023;21:00;22:00;991
21.03.2023;22:00;23:00;993
21.03.2023;23:00;00:00;994
22.03.2023;00:00;01:00;994
22.03.2023;01:00;02:00;993
22.03.2023;02:00;03:00;993
22.03.2023;03:00;04:00;994
22.03.2023;04:00;05:00;994
22.03.2023;05:00;06:00;994
22.03.2023;06:00;07:00;995
22.03.2023;07:00;08:00;995
22.03.2023;08:00;09:00;993
22.03.2023;09:00;10:00;991
22.03.2023;10:00;11:00;987
22.03.2023;11:00;12:00;983
22.03.2023;12:00;13:00;980
22.03.2023;13:00;14:00;977
22.03.2023;14:00;15:00;974
22.03.2023;15:00;16:00;973
22.03.2023;16:00;17:00;973
22.03.2023;17:00;18:00;974
22.03.2023;18:00;19:00;976
22.03.2023;19:00;20:00;978
22.03.2023;20:00;21:00;979
22.03.2023;21:00;22:00;981
22.03.2023;22:00;23:00;983
22.03.2023;23:00;00:00;983
23.03.2023;00:00;01:00;984
23.03.2023;01:00;02:00;985
23.03.2023;02:00;03:00;987
23.03.2023;03:00;04:00;987
23.03.2023;04:00;05:00;988
23.03.2023;05:00;06:00;989
23.03.2023;06:00;07:00;987
23.03.2023;07:00;08:00;984
23.03.2023;08:00;09:00;985
23.03.2023;09:00;10:00;984
23.03.2023;10:00;11:00;975
23.03.2023;11:00;12:00;969
23.03.2023;12:00;13:00;966
23.03.2023;13:00;14:00;966
23.03.2023;14:00;15:00;965
23.03.2023;15:00;16:00;967
23.03.2023;16:00;17:00;970
23.03.2023;17:00;18:00;970
23.03.2023;18:00;19:00;969
23.03.2023;19:00;20:00;969
23.03.2023;20:00;21:00;969
23.03.2023;21:00;22:00;970
23.03.2023;22:00;23:00;970
23.03.2023;23:00;00:00;972
24.03.2023;00:00;01:00;972
24.03.2023;01:00;02:00;975
24.03.2023;02:00;03:00;975
24.03.2023;03:00;04:00;975
24.03.2023;04:00;05:00;976
24.03.2023;05:00;06:00;976
24.03.2023;06:00;07:00;974
24.03.2023;07:00;08:00;975
24.03.2023;08:00;09:00;976
24.03.2023;09:00;10:00;974
24.03.2023;10:00;11:00;971
24.03.2023;11:00;12:00;970
24.03.2023;12:00;13:00;970
24.03.2023;13:00;14:00;969
24.03.2023;14:00;15:00;966
24.03.2023;15:00;16:00;965
24.03.2023;16:00;17:00;966
24.03.2023;17:00;18:00;967
24.03.2023;18:00;19:00;968
24.03.2023;19:00;20:00;971
24.03.2023;20:00;21:00;973
24.03.2023;21:00;22:00;973
24.03.2023;22:00;23:00;976
24.03.2023;23:00;00:00;978
25.03.2023;00:00;01:00;979
25.03.2023;01:00;02:00;978
25.03.2023;02:00;03:00;978
25.03.2023;03:00;04:00;979
25.03.2023;04:00;05:00;978
25.03.2023;05:00;06:00;979
25.03.2023;06:00;07:00;980
25.03.2023;07:00;08:00;979
25.03.2023;08:00;09:00;977
25.03.2023;09:00;10:00;977
25.03.2023;10:00;11:00;976
25.03.2023;11:00;12:00;976
25.03.2023;12:00;13:00;974
25.03.2023;13:00;14:00;972
25.03.2023;14:00;15:00;974
25.03.2023;15:00;16:00;977
25.03.2023;16:00;17:00;978
25.03.2023;17:00;18:00;981
25.03.2023;18:00;19:00;979
25.03.2023;19:00;20:00;978
25.03.2023;20:00;21:00;978
25.03.2023;21:00;22:00;978
25.03.2023;22:00;23:00;978
25.03.2023;23:00;00:00;977
26.03.2023;00:00;01:00;978
26.03.2023;01:00;02:00;978
26.03.2023;03:00;04:00;978
26.03.2023;04:00;05:00;980
26.03.2023;05:00;06:00;980
26.03.2023;06:00;07:00;979
26.03.2023;07:00;08:00;980
26.03.2023;08:00;09:00;980
26.03.2023;09:00;10:00;980
26.03.2023;10:00;11:00;978
26.03.2023;11:00;12:00;978
26.03.2023;12:00;13:00;978
26.03.2023;13:00;14:00;977
26.03.2023;14:00;15:00;976
26.03.2023;15:00;16:00;972
26.03.2023;16:00;17:00;972
26.03.2023;17:00;18:00;974
26.03.2023;18:00;19:00;975
26.03.2023;19:00;20:00;976
26.03.2023;20:00;21:00;975
26.03.2023;21:00;22:00;973
26.03.2023;22:00;23:00;974
26.03.2023;23:00;00:00;976
27.03.2023;00:00;01:00;975
27.03.2023;01:00;02:00;976
27.03.2023;02:00;03:00;978
27.03.2023;03:00;04:00;978
27.03.2023;04:00;05:00;977
27.03.2023;05:00;06:00;978
27.03.2023;06:00;07:00;977
27.03.2023;07:00;08:00;977
27.03.2023;08:00;09:00;979
27.03.2023;09:00;10:00;980
27.03.2023;10:00;11:00;981
27.03.2023;11:00;12:00;981
27.03.2023;12:00;13:00;980
27.03.2023;13:00;14:00;980
27.03.2023;14:00;15:00;979
27.03.2023;15:00;16:00;978
27.03.2023;16:00;17:00;977
27.03.2023;17:00;18:00;978
27.03.2023;18:00;19:00;979
27.03.2023;19:00;20:00;981
27.03.2023;20:00;21:00;982
27.03.2023;21:00;22:00;981
27.03.2023;22:00;23:00;981
27.03.2023;23:00;00:00;981
28.03.2023;00:00;01:00;981
28.03.2023;01:00;02:00;981
28.03.2023;02:00;03:00;982
28.03.2023;03:00;04:00;982
28.03.2023;04:00;05:00;982
28.03.2023;05:00;06:00;982
28.03.2023;06:00;07:00;982
28.03.2023;07:00;08:00;982
28.03.2023;08:00;09:00;982
28.03.2023;09:00;10:00;981
28.03.2023;10:00;11:00;980
28.03.2023;11:00;12:00;979
28.03.2023;12:00;13:00;977
28.03.2023;13:00;14:00;977
28.03.2023;14:00;15:00;975
28.03.2023;15:00;16:00;976
28.03.2023;16:00;17:00;975
28.03.2023;17:00;18:00;974
28.03.2023;18:00;19:00;975
28.03.2023;19:00;20:00;975
28.03.2023;20:00;21:00;976
28.03.2023;21:00;22:00;976
28.03.2023;22:00;23:00;977
28.03.2023;23:00;00:00;977
29.03.2023;00:00;01:00;977
29.03.2023;01:00;02:00;977
29.03.2023;02:00;03:00;976
29.03.2023;03:00;04:00;975
29.03.2023;04:00;05:00;975
29.03.2023;05:00;06:00;974
29.03.2023;06:00;07:00;974
29.03.2023;07:00;08:00;973
29.03.2023;08:00;09:00;972
29.03.2023;09:00;10:00;972
29.03.2023;10:00;11:00;970
29.03.2023;11:00;12:00;968
29.03.2023;12:00;13:00;965
29.03.2023;13:00;14:00;962
29.03.2023;14:00;15:00;959
29.03.2023;15:00;16:00;956
29.03.2023;16:00;17:00;953
29.03.2023;17:00;18:00;955
29.03.2023;18:00;19:00;956
29.03.2023;19:00;20:00;957
29.03.2023;20:00;21:00;956
29.03.2023;21:00;22:00;956
29.03.2023;22:00;23:00;957
29.03.2023;23:00;00:00;957
30.03.2023;00:00;01:00;956
30.03.2023;01:00;02:00;956
30.03.2023;02:00;03:00;955
30.03.2023;03:00;04:00;956
30.03.2023;04:00;05:00;956
30.03.2023;05:00;06:00;955
30.03.2023;06:00;07:00;949
30.03.2023;07:00;08:00;948
30.03.2023;08:00;09:00;943
30.03.2023;09:00;10:00;943
30.03.2023;10:00;11:00;944
30.03.2023;11:00;12:00;946
30.03.2023;12:00;13:00;947
30.03.2023;13:00;14:00;940
30.03.2023;14:00;15:00;943
30.03.2023;15:00;16:00;946
30.03.2023;16:00;17:00;946
30.03.2023;17:00;18:00;946
30.03.2023;18:00;19:00;944
30.03.2023;19:00;20:00;944
30.03.2023;20:00;21:00;949
30.03.2023;21:00;22:00;950
30.03.2023;22:00;23:00;947
30.03.2023;23:00;00:00;947
31.03.2023;00:00;01:00;948
31.03.2023;01:00;02:00;950
31.03.2023;02:00;03:00;951
31.03.2023;03:00;04:00;952
31.03.2023;04:00;05:00;954
31.03.2023;05:00;06:00;954
31.03.2023;06:00;07:00;952
31.03.2023;07:00;08:00;950
31.03.2023;08:00;09:00;952
31.03.2023;09:00;10:00;951
31.03.2023;10:00;11:00;951
31.03.2023;11:00;12:00;950
31.03.2023;12:00;13:00;946
31.03.2023;13:00;14:00;939
31.03.2023;14:00;15:00;940
31.03.2023;15:00;16:00;939
31.03.2023;16:00;17:00;939
31.03.2023;17:00;18:00;944
31.03.2023;18:00;19:00;943
31.03.2023;19:00;20:00;945
31.03.2023;20:00;21:00;946
31.03.2023;21:00;22:00;946
31.03.2023;22:00;23:00;947
31.03.2023;23:00;00:00;948
01.04.2023;00:00;01:00;949
01.04.2023;01:00;02:00;947
01.04.2023;02:00;03:00;948
01.04.2023;03:00;04:00;948
01.04.2023;04:00;05:00;950
01.04.2023;05:00;06:00;950
01.04.2023;06:00;07:00;950
01.04.2023;07:00;08:00;950
01.04.2023;08:00;09:00;950
01.04.2023;09:00;10:00;948
01.04.2023;10:00;11:00;946
01.04.2023;11:00;12:00;944
01.04.2023;12:00;13:00;943
01.04.2023;13:00;14:00;943
01.04.2023;14:00;15:00;942
01.04.2023;15:00;16:00;945
01.04.2023;16:00;17:00;945
01.04.2023;17:00;18:00;945
01.04.2023;18:00;19:00;944
01.04.2023;19:00;20:00;945
01.04.2023;20:00;21:00;945
01.04.2023;21:00;22:00;941
01.04.2023;22:00;23:00;943
01.04.2023;23:00;00:00;945
02.04.2023;00:00;01:00;944
02.04.2023;01:00;02:00;944
02.04.2023;02:00;03:00;944
02.04.2023;03:00;04:00;944
02.04.2023;04:00;05:00;944
02.04.2023;05:00;06:00;944
02.04.2023;06:00;07:00;944
02.04.2023;07:00;08:00;944
02.04.2023;08:00;09:00;938
02.04.2023;09:00;10:00;933
02.04.2023;10:00;11:00;929
02.04.2023;11:00;12:00;929
02.04.2023;12:00;13:00;928
02.04.2023;13:00;14:00;928
02.04.2023;14:00;15:00;928
02.04.2023;15:00;16:00;928
02.04.2023;16:00;17:00;928
02.04.2023;17:00;18:00;925
02.04.2023;18:00;19:00;924
02.04.2023;19:00;20:00;924
02.04.2023;20:00;21:00;925
02.04.2023;21:00;22:00;925
02.04.2023;22:00;23:00;924
02.04.2023;23:00;00:00;923
03.04.2023;00:00;01:00;922
03.04.2023;01:00;02:00;922
03.04.2023;02:00;03:00;922
03.04.2023;03:00;04:00;922
03.04.2023;04:00;05:00;923
03.04.2023;05:00;06:00;922
03.04.2023;06:00;07:00;922
03.04.2023;07:00;08:00;922
03.04.2023;08:00;09:00;922
03.04.2023;09:00;10:00;922
03.04.2023;10:00;11:00;921
03.04.2023;11:00;12:00;921
03.04.2023;12:00;13:00;921
03.04.2023;13:00;14:00;921
03.04.2023;14:00;15:00;921
03.04.2023;15:00;16:00;921
03.04.2023;16:00;17:00;922
03.04.2023;17:00;18:00;921
03.04.2023;18:00;19:00;921
03.04.2023;19:00;20:00;920
03.04.2023;20:00;21:00;922
03.04.2023;21:00;22:00;922
03.04.2023;22:00;23:00;922
03.04.2023;23:00;00:00;923
04.04.2023;00:00;01:00;924
04.04.2023;01:00;02:00;923
04.04.2023;02:00;03:00;925
04.04.2023;03:00;04:00;925
04.04.2023;04:00;05:00;925
04.04.2023;05:00;06:00;925
04.04.2023;06:00;07:00;924
04.04.2023;07:00;08:00;924
04.04.2023;08:00;09:00;924
04.04.2023;09:00;10:00;924
04.04.2023;10:00;11:00;924
04.04.2023;11:00;12:00;918
04.04.2023;12:00;13:00;917
04.04.2023;13:00;14:00;917
04.04.2023;14:00;15:00;917
04.04.2023;15:00;16:00;916
04.04.2023;16:00;17:00;910
04.04.2023;17:00;18:00;910
04.04.2023;18:00;19:00;910
04.04.2023;19:00;20:00;909
04.04.2023;20:00;21:00;905
04.04.2023;21:00;22:00;905
04.04.2023;22:00;23:00;905
04.04.2023;23:00;00:00;905
05.04.2023;00:00;01:00;905
05.04.2023;01:00;02:00;905
05.04.2023;02:00;03:00;905
05.04.2023;03:00;04:00;905
05.04.2023;04:00;05:00;905
05.04.2023;05:00;06:00;905
05.04.2023;06:00;07:00;907
05.04.2023;07:00;08:00;908
05.04.2023;08:00;09:00;908
05.04.2023;09:00;10:00;908
05.04.2023;10:00;11:00;904
05.04.2023;11:00;12:00;902
05.04.2023;12:00;13:00;894
05.04.2023;13:00;14:00;895
05.04.2023;14:00;15:00;899
05.04.2023;15:00;16:00;899
05.04.2023;16:00;17:00;898
05.04.2023;17:00;18:00;895
05.04.2023;18:00;19:00;892
05.04.2023;19:00;20:00;891
05.04.2023;20:00;21:00;889
05.04.2023;21:00;22:00;889
05.04.2023;22:00;23:00;888
05.04.2023;23:00;00:00;888
06.04.2023;00:00;01:00;889
06.04.2023;01:00;02:00;890
06.04.2023;02:00;03:00;890
06.04.2023;03:00;04:00;890
06.04.2023;04:00;05:00;890
06.04.2023;05:00;06:00;891
06.04.2023;06:00;07:00;891
06.04.2023;07:00;08:00;889
06.04.2023;08:00;09:00;890
06.04.2023;09:00;10:00;891
06.04.2023;10:00;11:00;892
06.04.2023;11:00;12:00;891
06.04.2023;12:00;13:00;891
06.04.2023;13:00;14:00;891
06.04.2023;14:00;15:00;889
06.04.2023;15:00;16:00;887
06.04.2023;16:00;17:00;887
06.04.2023;17:00;18:00;882
06.04.2023;18:00;19:00;883
06.04.2023;19:00;20:00;883
06.04.2023;20:00;21:00;883
06.04.2023;21:00;22:00;882
06.04.2023;22:00;23:00;882
06.04.2023;23:00;00:00;882
07.04.2023;00:00;01:00;882
07.04.2023;01:00;02:00;882
07.04.2023;02:00;03:00;882
07.04.2023;03:00;04:00;882
07.04.2023;04:00;05:00;882
07.04.2023;05:00;06:00;882
07.04.2023;06:00;07:00;882
07.04.2023;07:00;08:00;883
07.04.2023;08:00;09:00;881
07.04.2023;09:00;10:00;878
07.04.2023;10:00;11:00;878
07.04.2023;11:00;12:00;877
07.04.2023;12:00;13:00;876
07.04.2023;13:00;14:00;872
07.04.2023;14:00;15:00;869
07.04.2023;15:00;16:00;863
07.04.2023;16:00;17:00;860
07.04.2023;17:00;18:00;858
07.04.2023;18:00;19:00;855
07.04.2023;19:00;20:00;854
07.04.2023;20:00;21:00;852
07.04.2023;21:00;22:00;852
07.04.2023;22:00;23:00;852
07.04.2023;23:00;00:00;852
08.04.2023;00:00;01:00;852
08.04.2023;01:00;02:00;852
08.04.2023;02:00;03:00;852
08.04.2023;03:00;04:00;852
08.04.2023;04:00;05:00;852
08.04.2023;05:00;06:00;852
08.04.2023;06:00;07:00;852
08.04.2023;07:00;08:00;852
08.04.2023;08:00;09:00;852
08.04.2023;09:00;10:00;852
08.04.2023;10:00;11:00;852
08.04.2023;11:00;12:00;855
08.04.2023;12:00;13:00;853
08.04.2023;13:00;14:00;848
08.04.2023;14:00;15:00;848
08.04.2023;15:00;16:00;851
08.04.2023;16:00;17:00;851
08.04.2023;17:00;18:00;851
08.04.2023;18:00;19:00;851
08.04.2023;19:00;20:00;851
08.04.2023;20:00;21:00;851
08.04.2023;21:00;22:00;851
08.04.2023;22:00;23:00;851
08.04.2023;23:00;00:00;851
09.04.2023;00:00;01:00;851
09.04.2023;01:00;02:00;851
09.04.2023;02:00;03:00;851
09.04.2023;03:00;04:00;851
09.04.2023;04:00;05:00;851
09.04.2023;05:00;06:00;851
09.04.2023;06:00;07:00;851
09.04.2023;07:00;08:00;851
09.04.2023;08:00;09:00;851
09.04.2023;09:00;10:00;851
09.04.2023;10:00;11:00;851
09.04.2023;11:00;12:00;851
09.04.2023;12:00;13:00;851
09.04.2023;13:00;14:00;851
09.04.2023;14:00;15:00;848
09.04.2023;15:00;16:00;846
09.04.2023;16:00;17:00;842
09.04.2023;17:00;18:00;841
09.04.2023;18:00;19:00;841
09.04.2023;19:00;20:00;841
09.04.2023;20:00;21:00;841
09.04.2023;21:00;22:00;841
09.04.2023;22:00;23:00;841
09.04.2023;23:00;00:00;841
10.04.2023;00:00;01:00;837
10.04.2023;01:00;02:00;836
10.04.2023;02:00;03:00;836
10.04.2023;03:00;04:00;836
10.04.2023;04:00;05:00;836
10.04.2023;05:00;06:00;836
10.04.2023;06:00;07:00;835
10.04.2023;07:00;08:00;836
10.04.2023;08:00;09:00;836
10.04.2023;09:00;10:00;834
10.04.2023;10:00;11:00;832
10.04.2023;11:00;12:00;828
10.04.2023;12:00;13:00;825
10.04.2023;13:00;14:00;824
10.04.2023;14:00;15:00;824
10.04.2023;15:00;16:00;824
10.04.2023;16:00;17:00;823
10.04.2023;17:00;18:00;818
10.04.2023;18:00;19:00;817
10.04.2023;19:00;20:00;815
10.04.2023;20:00;21:00;815
10.04.2023;21:00;22:00;815
10.04.2023;22:00;23:00;815
10.04.2023;23:00;00:00;815
11.04.2023;00:00;01:00;814
11.04.2023;01:00;02:00;815
11.04.2023;02:00;03:00;818
11.04.2023;03:00;04:00;818
11.04.2023;04:00;05:00;818
11.04.2023;05:00;06:00;818
11.04.2023;06:00;07:00;818
11.04.2023;07:00;08:00;818
11.04.2023;08:00;09:00;818
11.04.2023;09:00;10:00;818
11.04.2023;10:00;11:00;817
11.04.2023;11:00;12:00;818
11.04.2023;12:00;13:00;818
11.04.2023;13:00;14:00;818
11.04.2023;14:00;15:00;815
11.04.2023;15:00;16:00;816
11.04.2023;16:00;17:00;816
11.04.2023;17:00;18:00;817
11.04.2023;18:00;19:00;818
11.04.2023;19:00;20:00;818
11.04.2023;20:00;21:00;818
11.04.2023;21:00;22:00;818
11.04.2023;22:00;23:00;818
11.04.2023;23:00;00:00;817
12.04.2023;00:00;01:00;817
12.04.2023;01:00;02:00;817
12.04.2023;02:00;03:00;817
12.04.2023;03:00;04:00;817
12.04.2023;04:00;05:00;817
12.04.2023;05:00;06:00;817
12.04.2023;06:00;07:00;817
12.04.2023;07:00;08:00;813
12.04.2023;08:00;09:00;813
12.04.2023;09:00;10:00;812
12.04.2023;10:00;11:00;809
12.04.2023;11:00;12:00;809
12.04.2023;12:00;13:00;809
12.04.2023;13:00;14:00;809
12.04.2023;14:00;15:00;807
12.04.2023;15:00;16:00;802
12.04.2023;16:00;17:00;799
12.04.2023;17:00;18:00;796
12.04.2023;18:00;19:00;793
12.04.2023;19:00;20:00;791
12.04.2023;20:00;21:00;793
12.04.2023;21:00;22:00;795
12.04.2023;22:00;23:00;794
12.04.2023;23:00;00:00;793
13.04.2023;00:00;01:00;793
13.04.2023;01:00;02:00;795
13.04.2023;02:00;03:00;797
13.04.2023;03:00;04:00;800
13.04.2023;04:00;05:00;802
13.04.2023;05:00;06:00;802
13.04.2023;06:00;07:00;805
13.04.2023;07:00;08:00;809
13.04.2023;08:00;09:00;812
13.04.2023;09:00;10:00;811
13.04.2023;10:00;11:00;809
13.04.2023;11:00;12:00;805
13.04.2023;12:00;13:00;801
13.04.2023;13:00;14:00;800
13.04.2023;14:00;15:00;802
13.04.2023;15:00;16:00;802
13.04.2023;16:00;17:00;802
13.04.2023;17:00;18:00;802
13.04.2023;18:00;19:00;802
13.04.2023;19:00;20:00;802
13.04.2023;20:00;21:00;799
13.04.2023;21:00;22:00;800
13.04.2023;22:00;23:00;802
13.04.2023;23:00;00:00;802
14.04.2023;00:00;01:00;802
14.04.2023;01:00;02:00;802
14.04.2023;02:00;03:00;804
14.04.2023;03:00;04:00;804
14.04.2023;04:00;05:00;803
14.04.2023;05:00;06:00;802
14.04.2023;06:00;07:00;801
14.04.2023;07:00;08:00;800
14.04.2023;08:00;09:00;801
14.04.2023;09:00;10:00;800
14.04.2023;10:00;11:00;796
14.04.2023;11:00;12:00;795
14.04.2023;12:00;13:00;792
14.04.2023;13:00;14:00;791
14.04.2023;14:00;15:00;790
14.04.2023;15:00;16:00;791
14.04.2023;16:00;17:00;792
14.04.2023;17:00;18:00;792
14.04.2023;18:00;19:00;792
14.04.2023;19:00;20:00;791
14.04.2023;20:00;21:00;791
14.04.2023;21:00;22:00;791
14.04.2023;22:00;23:00;790
14.04.2023;23:00;00:00;788
15.04.2023;00:00;01:00;788
15.04.2023;01:00;02:00;788
15.04.2023;02:00;03:00;788
15.04.2023;03:00;04:00;788
15.04.2023;04:00;05:00;787
15.04.2023;05:00;06:00;785
15.04.2023;06:00;07:00;784
15.04.2023;07:00;08:00;785
15.04.2023;08:00;09:00;785
15.04.2023;09:00;10:00;785
15.04.2023;10:00;11:00;786
15.04.2023;11:00;12:00;786
15.04.2023;12:00;13:00;786
15.04.2023;13:00;14:00;749
15.04.2023;14:00;15:00;740
15.04.2023;15:00;16:00;734
15.04.2023;16:00;17:00;731
15.04.2023;17:00;18:00;730
15.04.2023;18:00;19:00;736
15.04.2023;19:00;20:00;742
15.04.2023;20:00;21:00;743
15.04.2023;21:00;22:00;691
15.04.2023;22:00;23:00;506
15.04.2023;23:00;00:00;90
16.04.2023;00:00;01:00;-
16.04.2023;01:00;02:00;-
16.04.2023;02:00;03:00;-
16.04.2023;03:00;04:00;-
16.04.2023;04:00;05:00;-
16.04.2023;05:00;06:00;-
16.04.2023;06:00;07:00;-
16.04.2023;07:00;08:00;-
16.04.2023;08:00;09:00;-
16.04.2023;09:00;10:00;-
16.04.2023;10:00;11:00;-
16.04.2023;11:00;12:00;-
16.04.2023;12:00;13:00;-
16.04.2023;13:00;14:00;-
16.04.2023;14:00;15:00;-
16.04.2023;15:00;16:00;-
16.04.2023;16:00;17:00;-
16.04.2023;17:00;18:00;-
16.04.2023;18:00;19:00;-
16.04.2023;19:00;20:00;-
16.04.2023;20:00;21:00;-
16.04.2023;21:00;22:00;-
16.04.2023;22:00;23:00;-
16.04.2023;23:00;00:00;-
