Datum;Anfang;Ende;Generation_DE E 1/2 [MW] Originalauflösungen;Generation_DE E3 [MW] Originalauflösungen;Generation_DE E4 [MW] Originalauflösungen
01.01.2018;00:00;01:00;-;-;0
01.01.2018;01:00;02:00;-;-;0
01.01.2018;02:00;03:00;-;-;0
01.01.2018;03:00;04:00;-;-;0
01.01.2018;04:00;05:00;-;-;0
01.01.2018;05:00;06:00;-;-;0
01.01.2018;06:00;07:00;-;-;0
01.01.2018;07:00;08:00;-;-;0
01.01.2018;08:00;09:00;-;-;0
01.01.2018;09:00;10:00;-;-;0
01.01.2018;10:00;11:00;-;-;0
01.01.2018;11:00;12:00;-;-;0
01.01.2018;12:00;13:00;-;-;0
01.01.2018;13:00;14:00;-;-;0
01.01.2018;14:00;15:00;-;-;0
01.01.2018;15:00;16:00;-;-;0
01.01.2018;16:00;17:00;-;-;0
01.01.2018;17:00;18:00;-;-;0
01.01.2018;18:00;19:00;-;-;0
01.01.2018;19:00;20:00;-;-;0
01.01.2018;20:00;21:00;-;-;0
01.01.2018;21:00;22:00;-;-;0
01.01.2018;22:00;23:00;-;-;0
01.01.2018;23:00;00:00;-;-;0
02.01.2018;00:00;01:00;-;-;0
02.01.2018;01:00;02:00;-;-;0
02.01.2018;02:00;03:00;-;-;0
02.01.2018;03:00;04:00;-;-;0
02.01.2018;04:00;05:00;-;-;0
02.01.2018;05:00;06:00;-;-;0
02.01.2018;06:00;07:00;-;-;0
02.01.2018;07:00;08:00;-;-;0
02.01.2018;08:00;09:00;-;-;0
02.01.2018;09:00;10:00;-;-;0
02.01.2018;10:00;11:00;-;-;0
02.01.2018;11:00;12:00;-;-;0
02.01.2018;12:00;13:00;-;-;0
02.01.2018;13:00;14:00;-;-;0
02.01.2018;14:00;15:00;-;-;0
02.01.2018;15:00;16:00;-;-;0
02.01.2018;16:00;17:00;-;-;0
02.01.2018;17:00;18:00;-;-;0
02.01.2018;18:00;19:00;-;-;0
02.01.2018;19:00;20:00;-;-;0
02.01.2018;20:00;21:00;-;-;0
02.01.2018;21:00;22:00;-;-;0
02.01.2018;22:00;23:00;-;-;0
02.01.2018;23:00;00:00;-;-;0
03.01.2018;00:00;01:00;-;-;0
03.01.2018;01:00;02:00;-;-;0
03.01.2018;02:00;03:00;-;-;0
03.01.2018;03:00;04:00;-;-;0
03.01.2018;04:00;05:00;-;-;0
03.01.2018;05:00;06:00;-;-;0
03.01.2018;06:00;07:00;-;-;0
03.01.2018;07:00;08:00;-;-;0
03.01.2018;08:00;09:00;-;-;0
03.01.2018;09:00;10:00;-;-;0
03.01.2018;10:00;11:00;-;-;0
03.01.2018;11:00;12:00;-;-;0
03.01.2018;12:00;13:00;-;-;0
03.01.2018;13:00;14:00;-;-;0
03.01.2018;14:00;15:00;-;-;0
03.01.2018;15:00;16:00;-;-;0
03.01.2018;16:00;17:00;-;-;0
03.01.2018;17:00;18:00;-;-;0
03.01.2018;18:00;19:00;-;-;0
03.01.2018;19:00;20:00;-;-;0
03.01.2018;20:00;21:00;-;-;0
03.01.2018;21:00;22:00;-;-;0
03.01.2018;22:00;23:00;-;-;0
03.01.2018;23:00;00:00;-;-;0
04.01.2018;00:00;01:00;-;-;0
04.01.2018;01:00;02:00;-;-;0
04.01.2018;02:00;03:00;-;-;0
04.01.2018;03:00;04:00;-;-;0
04.01.2018;04:00;05:00;-;-;0
04.01.2018;05:00;06:00;-;-;0
04.01.2018;06:00;07:00;-;-;0
04.01.2018;07:00;08:00;-;-;0
04.01.2018;08:00;09:00;-;-;0
04.01.2018;09:00;10:00;-;-;0
04.01.2018;10:00;11:00;-;-;0
04.01.2018;11:00;12:00;-;-;0
04.01.2018;12:00;13:00;-;-;0
04.01.2018;13:00;14:00;-;-;0
04.01.2018;14:00;15:00;-;-;0
04.01.2018;15:00;16:00;-;-;0
04.01.2018;16:00;17:00;-;-;0
04.01.2018;17:00;18:00;-;-;0
04.01.2018;18:00;19:00;-;-;0
04.01.2018;19:00;20:00;-;-;0
04.01.2018;20:00;21:00;-;-;0
04.01.2018;21:00;22:00;-;-;0
04.01.2018;22:00;23:00;-;-;0
04.01.2018;23:00;00:00;-;-;0
05.01.2018;00:00;01:00;-;-;0
05.01.2018;01:00;02:00;-;-;0
05.01.2018;02:00;03:00;-;-;0
05.01.2018;03:00;04:00;-;-;0
05.01.2018;04:00;05:00;-;-;0
05.01.2018;05:00;06:00;-;-;0
05.01.2018;06:00;07:00;-;-;0
05.01.2018;07:00;08:00;-;-;0
05.01.2018;08:00;09:00;-;-;0
05.01.2018;09:00;10:00;-;-;0
05.01.2018;10:00;11:00;-;-;0
05.01.2018;11:00;12:00;-;-;0
05.01.2018;12:00;13:00;-;-;0
05.01.2018;13:00;14:00;-;-;0
05.01.2018;14:00;15:00;-;-;0
05.01.2018;15:00;16:00;-;-;0
05.01.2018;16:00;17:00;-;-;0
05.01.2018;17:00;18:00;-;-;0
05.01.2018;18:00;19:00;-;-;0
05.01.2018;19:00;20:00;-;-;0
05.01.2018;20:00;21:00;-;-;0
05.01.2018;21:00;22:00;-;-;0
05.01.2018;22:00;23:00;-;-;0
05.01.2018;23:00;00:00;-;-;0
06.01.2018;00:00;01:00;-;-;0
06.01.2018;01:00;02:00;-;-;0
06.01.2018;02:00;03:00;-;-;0
06.01.2018;03:00;04:00;-;-;0
06.01.2018;04:00;05:00;-;-;0
06.01.2018;05:00;06:00;-;-;0
06.01.2018;06:00;07:00;-;-;0
06.01.2018;07:00;08:00;-;-;0
06.01.2018;08:00;09:00;-;-;0
06.01.2018;09:00;10:00;-;-;0
06.01.2018;10:00;11:00;-;-;0
06.01.2018;11:00;12:00;-;-;0
06.01.2018;12:00;13:00;-;-;0
06.01.2018;13:00;14:00;-;-;0
06.01.2018;14:00;15:00;-;-;0
06.01.2018;15:00;16:00;-;-;0
06.01.2018;16:00;17:00;-;-;0
06.01.2018;17:00;18:00;-;-;0
06.01.2018;18:00;19:00;-;-;0
06.01.2018;19:00;20:00;-;-;0
06.01.2018;20:00;21:00;-;-;0
06.01.2018;21:00;22:00;-;-;0
06.01.2018;22:00;23:00;-;-;0
06.01.2018;23:00;00:00;-;-;0
07.01.2018;00:00;01:00;-;-;0
07.01.2018;01:00;02:00;-;-;0
07.01.2018;02:00;03:00;-;-;0
07.01.2018;03:00;04:00;-;-;0
07.01.2018;04:00;05:00;-;-;0
07.01.2018;05:00;06:00;-;-;0
07.01.2018;06:00;07:00;-;-;0
07.01.2018;07:00;08:00;-;-;0
07.01.2018;08:00;09:00;-;-;0
07.01.2018;09:00;10:00;-;-;0
07.01.2018;10:00;11:00;-;-;0
07.01.2018;11:00;12:00;-;-;0
07.01.2018;12:00;13:00;-;-;0
07.01.2018;13:00;14:00;-;-;0
07.01.2018;14:00;15:00;-;-;0
07.01.2018;15:00;16:00;-;-;0
07.01.2018;16:00;17:00;-;-;0
07.01.2018;17:00;18:00;-;-;0
07.01.2018;18:00;19:00;-;-;0
07.01.2018;19:00;20:00;-;-;0
07.01.2018;20:00;21:00;-;-;0
07.01.2018;21:00;22:00;-;-;0
07.01.2018;22:00;23:00;-;-;0
07.01.2018;23:00;00:00;-;-;0
08.01.2018;00:00;01:00;-;-;0
08.01.2018;01:00;02:00;-;-;0
08.01.2018;02:00;03:00;-;-;0
08.01.2018;03:00;04:00;-;-;0
08.01.2018;04:00;05:00;-;-;0
08.01.2018;05:00;06:00;-;-;0
08.01.2018;06:00;07:00;-;-;0
08.01.2018;07:00;08:00;-;-;0
08.01.2018;08:00;09:00;-;-;0
08.01.2018;09:00;10:00;-;-;0
08.01.2018;10:00;11:00;-;-;0
08.01.2018;11:00;12:00;-;-;49
08.01.2018;12:00;13:00;-;-;98
08.01.2018;13:00;14:00;-;-;120
08.01.2018;14:00;15:00;-;-;118
08.01.2018;15:00;16:00;-;-;132
08.01.2018;16:00;17:00;-;-;145
08.01.2018;17:00;18:00;-;-;227
08.01.2018;18:00;19:00;-;-;262
08.01.2018;19:00;20:00;-;-;307
08.01.2018;20:00;21:00;-;-;308
08.01.2018;21:00;22:00;-;-;308
08.01.2018;22:00;23:00;-;-;288
08.01.2018;23:00;00:00;-;-;211
09.01.2018;00:00;01:00;-;-;152
09.01.2018;01:00;02:00;-;-;146
09.01.2018;02:00;03:00;-;-;121
09.01.2018;03:00;04:00;-;-;122
09.01.2018;04:00;05:00;-;-;129
09.01.2018;05:00;06:00;-;-;154
09.01.2018;06:00;07:00;-;-;235
09.01.2018;07:00;08:00;-;-;320
09.01.2018;08:00;09:00;-;-;319
09.01.2018;09:00;10:00;-;-;319
09.01.2018;10:00;11:00;-;-;320
09.01.2018;11:00;12:00;-;-;319
09.01.2018;12:00;13:00;-;-;319
09.01.2018;13:00;14:00;-;-;320
09.01.2018;14:00;15:00;-;-;319
09.01.2018;15:00;16:00;-;-;319
09.01.2018;16:00;17:00;-;-;319
09.01.2018;17:00;18:00;-;-;281
09.01.2018;18:00;19:00;-;-;240
09.01.2018;19:00;20:00;-;-;234
09.01.2018;20:00;21:00;-;-;233
09.01.2018;21:00;22:00;-;-;234
09.01.2018;22:00;23:00;-;-;233
09.01.2018;23:00;00:00;-;-;233
10.01.2018;00:00;01:00;-;-;233
10.01.2018;01:00;02:00;-;-;234
10.01.2018;02:00;03:00;-;-;233
10.01.2018;03:00;04:00;-;-;234
10.01.2018;04:00;05:00;-;-;233
10.01.2018;05:00;06:00;-;-;234
10.01.2018;06:00;07:00;-;-;234
10.01.2018;07:00;08:00;-;-;234
10.01.2018;08:00;09:00;-;-;219
10.01.2018;09:00;10:00;-;-;237
10.01.2018;10:00;11:00;-;-;233
10.01.2018;11:00;12:00;-;-;243
10.01.2018;12:00;13:00;-;-;243
10.01.2018;13:00;14:00;-;-;244
10.01.2018;14:00;15:00;-;-;244
10.01.2018;15:00;16:00;-;-;243
10.01.2018;16:00;17:00;-;-;244
10.01.2018;17:00;18:00;-;-;243
10.01.2018;18:00;19:00;-;-;243
10.01.2018;19:00;20:00;-;-;243
10.01.2018;20:00;21:00;-;-;244
10.01.2018;21:00;22:00;-;-;244
10.01.2018;22:00;23:00;-;-;243
10.01.2018;23:00;00:00;-;-;244
11.01.2018;00:00;01:00;-;-;244
11.01.2018;01:00;02:00;-;-;244
11.01.2018;02:00;03:00;-;-;243
11.01.2018;03:00;04:00;-;-;243
11.01.2018;04:00;05:00;-;-;243
11.01.2018;05:00;06:00;-;-;244
11.01.2018;06:00;07:00;-;-;244
11.01.2018;07:00;08:00;-;-;238
11.01.2018;08:00;09:00;-;-;246
11.01.2018;09:00;10:00;-;-;244
11.01.2018;10:00;11:00;-;-;244
11.01.2018;11:00;12:00;-;-;245
11.01.2018;12:00;13:00;-;-;244
11.01.2018;13:00;14:00;-;-;242
11.01.2018;14:00;15:00;-;-;248
11.01.2018;15:00;16:00;-;-;245
11.01.2018;16:00;17:00;-;-;244
11.01.2018;17:00;18:00;-;-;245
11.01.2018;18:00;19:00;-;-;244
11.01.2018;19:00;20:00;-;-;244
11.01.2018;20:00;21:00;-;-;245
11.01.2018;21:00;22:00;-;-;244
11.01.2018;22:00;23:00;-;-;244
11.01.2018;23:00;00:00;-;-;244
12.01.2018;00:00;01:00;-;-;245
12.01.2018;01:00;02:00;-;-;247
12.01.2018;02:00;03:00;-;-;244
12.01.2018;03:00;04:00;-;-;243
12.01.2018;04:00;05:00;-;-;246
12.01.2018;05:00;06:00;-;-;245
12.01.2018;06:00;07:00;-;-;244
12.01.2018;07:00;08:00;-;-;244
12.01.2018;08:00;09:00;-;-;243
12.01.2018;09:00;10:00;-;-;246
12.01.2018;10:00;11:00;-;-;244
12.01.2018;11:00;12:00;-;-;245
12.01.2018;12:00;13:00;-;-;245
12.01.2018;13:00;14:00;-;-;245
12.01.2018;14:00;15:00;-;-;245
12.01.2018;15:00;16:00;-;-;244
12.01.2018;16:00;17:00;-;-;246
12.01.2018;17:00;18:00;-;-;243
12.01.2018;18:00;19:00;-;-;247
12.01.2018;19:00;20:00;-;-;243
12.01.2018;20:00;21:00;-;-;244
12.01.2018;21:00;22:00;-;-;245
12.01.2018;22:00;23:00;-;-;241
12.01.2018;23:00;00:00;-;-;219
13.01.2018;00:00;01:00;-;-;-
13.01.2018;01:00;02:00;-;-;-
13.01.2018;02:00;03:00;-;-;-
13.01.2018;03:00;04:00;-;-;-
13.01.2018;04:00;05:00;-;-;-
13.01.2018;05:00;06:00;-;-;-
13.01.2018;06:00;07:00;-;-;-
13.01.2018;07:00;08:00;-;-;-
13.01.2018;08:00;09:00;-;-;-
13.01.2018;09:00;10:00;-;-;-
13.01.2018;10:00;11:00;-;-;-
13.01.2018;11:00;12:00;-;-;-
13.01.2018;12:00;13:00;-;-;-
13.01.2018;13:00;14:00;-;-;-
13.01.2018;14:00;15:00;-;-;-
13.01.2018;15:00;16:00;-;-;-
13.01.2018;16:00;17:00;-;-;-
13.01.2018;17:00;18:00;-;-;-
13.01.2018;18:00;19:00;-;-;-
13.01.2018;19:00;20:00;-;-;-
13.01.2018;20:00;21:00;-;-;-
13.01.2018;21:00;22:00;-;-;-
13.01.2018;22:00;23:00;-;-;-
13.01.2018;23:00;00:00;-;-;-
14.01.2018;00:00;01:00;-;-;0
14.01.2018;01:00;02:00;-;-;0
14.01.2018;02:00;03:00;-;-;0
14.01.2018;03:00;04:00;-;-;0
14.01.2018;04:00;05:00;-;-;0
14.01.2018;05:00;06:00;-;-;0
14.01.2018;06:00;07:00;-;-;0
14.01.2018;07:00;08:00;-;-;0
14.01.2018;08:00;09:00;-;-;0
14.01.2018;09:00;10:00;-;-;0
14.01.2018;10:00;11:00;-;-;0
14.01.2018;11:00;12:00;-;-;0
14.01.2018;12:00;13:00;-;-;0
14.01.2018;13:00;14:00;-;-;0
14.01.2018;14:00;15:00;-;-;0
14.01.2018;15:00;16:00;-;-;0
14.01.2018;16:00;17:00;-;-;0
14.01.2018;17:00;18:00;-;-;0
14.01.2018;18:00;19:00;-;-;0
14.01.2018;19:00;20:00;-;-;0
14.01.2018;20:00;21:00;-;-;0
14.01.2018;21:00;22:00;-;-;0
14.01.2018;22:00;23:00;-;-;0
14.01.2018;23:00;00:00;-;-;0
15.01.2018;00:00;01:00;-;-;0
15.01.2018;01:00;02:00;-;-;0
15.01.2018;02:00;03:00;-;-;0
15.01.2018;03:00;04:00;-;-;0
15.01.2018;04:00;05:00;-;-;0
15.01.2018;05:00;06:00;-;-;0
15.01.2018;06:00;07:00;-;-;0
15.01.2018;07:00;08:00;-;-;0
15.01.2018;08:00;09:00;-;-;0
15.01.2018;09:00;10:00;-;-;0
15.01.2018;10:00;11:00;-;-;0
15.01.2018;11:00;12:00;-;-;0
15.01.2018;12:00;13:00;-;-;0
15.01.2018;13:00;14:00;-;-;0
15.01.2018;14:00;15:00;-;-;0
15.01.2018;15:00;16:00;-;-;0
15.01.2018;16:00;17:00;-;-;0
15.01.2018;17:00;18:00;-;-;0
15.01.2018;18:00;19:00;-;-;0
15.01.2018;19:00;20:00;-;-;0
15.01.2018;20:00;21:00;-;-;0
15.01.2018;21:00;22:00;-;-;0
15.01.2018;22:00;23:00;-;-;0
15.01.2018;23:00;00:00;-;-;0
16.01.2018;00:00;01:00;-;-;0
16.01.2018;01:00;02:00;-;-;0
16.01.2018;02:00;03:00;-;-;0
16.01.2018;03:00;04:00;-;-;0
16.01.2018;04:00;05:00;-;-;0
16.01.2018;05:00;06:00;-;-;0
16.01.2018;06:00;07:00;-;-;0
16.01.2018;07:00;08:00;-;-;0
16.01.2018;08:00;09:00;-;-;0
16.01.2018;09:00;10:00;-;-;0
16.01.2018;10:00;11:00;-;-;0
16.01.2018;11:00;12:00;-;-;0
16.01.2018;12:00;13:00;-;-;0
16.01.2018;13:00;14:00;-;-;0
16.01.2018;14:00;15:00;-;-;0
16.01.2018;15:00;16:00;-;-;0
16.01.2018;16:00;17:00;-;-;0
16.01.2018;17:00;18:00;-;-;0
16.01.2018;18:00;19:00;-;-;0
16.01.2018;19:00;20:00;-;-;0
16.01.2018;20:00;21:00;-;-;0
16.01.2018;21:00;22:00;-;-;0
16.01.2018;22:00;23:00;-;-;0
16.01.2018;23:00;00:00;-;-;0
17.01.2018;00:00;01:00;-;-;0
17.01.2018;01:00;02:00;-;-;0
17.01.2018;02:00;03:00;-;-;0
17.01.2018;03:00;04:00;-;-;0
17.01.2018;04:00;05:00;-;-;0
17.01.2018;05:00;06:00;-;-;0
17.01.2018;06:00;07:00;-;-;0
17.01.2018;07:00;08:00;-;-;0
17.01.2018;08:00;09:00;-;-;0
17.01.2018;09:00;10:00;-;-;0
17.01.2018;10:00;11:00;-;-;0
17.01.2018;11:00;12:00;-;-;0
17.01.2018;12:00;13:00;-;-;0
17.01.2018;13:00;14:00;-;-;0
17.01.2018;14:00;15:00;-;-;0
17.01.2018;15:00;16:00;-;-;0
17.01.2018;16:00;17:00;-;-;0
17.01.2018;17:00;18:00;-;-;0
17.01.2018;18:00;19:00;-;-;0
17.01.2018;19:00;20:00;-;-;0
17.01.2018;20:00;21:00;-;-;0
17.01.2018;21:00;22:00;-;-;0
17.01.2018;22:00;23:00;-;-;0
17.01.2018;23:00;00:00;-;-;0
18.01.2018;00:00;01:00;-;-;0
18.01.2018;01:00;02:00;-;-;0
18.01.2018;02:00;03:00;-;-;0
18.01.2018;03:00;04:00;-;-;0
18.01.2018;04:00;05:00;-;-;0
18.01.2018;05:00;06:00;-;-;0
18.01.2018;06:00;07:00;-;-;0
18.01.2018;07:00;08:00;-;-;0
18.01.2018;08:00;09:00;-;-;0
18.01.2018;09:00;10:00;-;-;0
18.01.2018;10:00;11:00;-;-;0
18.01.2018;11:00;12:00;-;-;0
18.01.2018;12:00;13:00;-;-;0
18.01.2018;13:00;14:00;-;-;0
18.01.2018;14:00;15:00;-;-;0
18.01.2018;15:00;16:00;-;-;0
18.01.2018;16:00;17:00;-;-;0
18.01.2018;17:00;18:00;-;-;0
18.01.2018;18:00;19:00;-;-;0
18.01.2018;19:00;20:00;-;-;0
18.01.2018;20:00;21:00;-;-;0
18.01.2018;21:00;22:00;-;-;0
18.01.2018;22:00;23:00;-;-;0
18.01.2018;23:00;00:00;-;-;0
19.01.2018;00:00;01:00;-;-;0
19.01.2018;01:00;02:00;-;-;0
19.01.2018;02:00;03:00;-;-;64
19.01.2018;03:00;04:00;-;-;127
19.01.2018;04:00;05:00;-;-;141
19.01.2018;05:00;06:00;-;-;145
19.01.2018;06:00;07:00;-;-;142
19.01.2018;07:00;08:00;-;-;159
19.01.2018;08:00;09:00;-;-;233
19.01.2018;09:00;10:00;-;-;239
19.01.2018;10:00;11:00;-;-;271
19.01.2018;11:00;12:00;-;-;293
19.01.2018;12:00;13:00;-;-;307
19.01.2018;13:00;14:00;-;-;306
19.01.2018;14:00;15:00;-;-;309
19.01.2018;15:00;16:00;-;-;306
19.01.2018;16:00;17:00;-;-;307
19.01.2018;17:00;18:00;-;-;307
19.01.2018;18:00;19:00;-;-;307
19.01.2018;19:00;20:00;-;-;307
19.01.2018;20:00;21:00;-;-;307
19.01.2018;21:00;22:00;-;-;308
19.01.2018;22:00;23:00;-;-;307
19.01.2018;23:00;00:00;-;-;308
20.01.2018;00:00;01:00;-;-;-
20.01.2018;01:00;02:00;-;-;-
20.01.2018;02:00;03:00;-;-;-
20.01.2018;03:00;04:00;-;-;-
20.01.2018;04:00;05:00;-;-;-
20.01.2018;05:00;06:00;-;-;-
20.01.2018;06:00;07:00;-;-;-
20.01.2018;07:00;08:00;-;-;-
20.01.2018;08:00;09:00;-;-;-
20.01.2018;09:00;10:00;-;-;-
20.01.2018;10:00;11:00;-;-;-
20.01.2018;11:00;12:00;-;-;-
20.01.2018;12:00;13:00;-;-;-
20.01.2018;13:00;14:00;-;-;-
20.01.2018;14:00;15:00;-;-;-
20.01.2018;15:00;16:00;-;-;-
20.01.2018;16:00;17:00;-;-;-
20.01.2018;17:00;18:00;-;-;-
20.01.2018;18:00;19:00;-;-;-
20.01.2018;19:00;20:00;-;-;-
20.01.2018;20:00;21:00;-;-;-
20.01.2018;21:00;22:00;-;-;-
20.01.2018;22:00;23:00;-;-;-
20.01.2018;23:00;00:00;-;-;-
21.01.2018;00:00;01:00;-;-;251
21.01.2018;01:00;02:00;-;-;230
21.01.2018;02:00;03:00;-;-;230
21.01.2018;03:00;04:00;-;-;230
21.01.2018;04:00;05:00;-;-;229
21.01.2018;05:00;06:00;-;-;231
21.01.2018;06:00;07:00;-;-;230
21.01.2018;07:00;08:00;-;-;229
21.01.2018;08:00;09:00;-;-;270
21.01.2018;09:00;10:00;-;-;309
21.01.2018;10:00;11:00;-;-;308
21.01.2018;11:00;12:00;-;-;306
21.01.2018;12:00;13:00;-;-;311
21.01.2018;13:00;14:00;-;-;307
21.01.2018;14:00;15:00;-;-;309
21.01.2018;15:00;16:00;-;-;307
21.01.2018;16:00;17:00;-;-;305
21.01.2018;17:00;18:00;-;-;312
21.01.2018;18:00;19:00;-;-;309
21.01.2018;19:00;20:00;-;-;308
21.01.2018;20:00;21:00;-;-;309
21.01.2018;21:00;22:00;-;-;296
21.01.2018;22:00;23:00;-;-;293
21.01.2018;23:00;00:00;-;-;236
22.01.2018;00:00;01:00;-;-;232
22.01.2018;01:00;02:00;-;-;230
22.01.2018;02:00;03:00;-;-;231
22.01.2018;03:00;04:00;-;-;230
22.01.2018;04:00;05:00;-;-;228
22.01.2018;05:00;06:00;-;-;237
22.01.2018;06:00;07:00;-;-;271
22.01.2018;07:00;08:00;-;-;309
22.01.2018;08:00;09:00;-;-;307
22.01.2018;09:00;10:00;-;-;307
22.01.2018;10:00;11:00;-;-;297
22.01.2018;11:00;12:00;-;-;251
22.01.2018;12:00;13:00;-;-;256
22.01.2018;13:00;14:00;-;-;265
22.01.2018;14:00;15:00;-;-;266
22.01.2018;15:00;16:00;-;-;297
22.01.2018;16:00;17:00;-;-;299
22.01.2018;17:00;18:00;-;-;294
22.01.2018;18:00;19:00;-;-;295
22.01.2018;19:00;20:00;-;-;294
22.01.2018;20:00;21:00;-;-;292
22.01.2018;21:00;22:00;-;-;296
22.01.2018;22:00;23:00;-;-;250
22.01.2018;23:00;00:00;-;-;232
23.01.2018;00:00;01:00;-;-;232
23.01.2018;01:00;02:00;-;-;231
23.01.2018;02:00;03:00;-;-;229
23.01.2018;03:00;04:00;-;-;230
23.01.2018;04:00;05:00;-;-;237
23.01.2018;05:00;06:00;-;-;271
23.01.2018;06:00;07:00;-;-;299
23.01.2018;07:00;08:00;-;-;301
23.01.2018;08:00;09:00;-;-;300
23.01.2018;09:00;10:00;-;-;300
23.01.2018;10:00;11:00;-;-;301
23.01.2018;11:00;12:00;-;-;301
23.01.2018;12:00;13:00;-;-;302
23.01.2018;13:00;14:00;-;-;302
23.01.2018;14:00;15:00;-;-;301
23.01.2018;15:00;16:00;-;-;302
23.01.2018;16:00;17:00;-;-;301
23.01.2018;17:00;18:00;-;-;300
23.01.2018;18:00;19:00;-;-;300
23.01.2018;19:00;20:00;-;-;305
23.01.2018;20:00;21:00;-;-;302
23.01.2018;21:00;22:00;-;-;301
23.01.2018;22:00;23:00;-;-;233
23.01.2018;23:00;00:00;-;-;197
24.01.2018;00:00;01:00;-;-;0
24.01.2018;01:00;02:00;-;-;0
24.01.2018;02:00;03:00;-;-;0
24.01.2018;03:00;04:00;-;-;0
24.01.2018;04:00;05:00;-;-;0
24.01.2018;05:00;06:00;-;-;0
24.01.2018;06:00;07:00;-;-;0
24.01.2018;07:00;08:00;-;-;0
24.01.2018;08:00;09:00;-;-;0
24.01.2018;09:00;10:00;-;-;0
24.01.2018;10:00;11:00;-;-;0
24.01.2018;11:00;12:00;-;-;0
24.01.2018;12:00;13:00;-;-;0
24.01.2018;13:00;14:00;-;-;0
24.01.2018;14:00;15:00;-;-;0
24.01.2018;15:00;16:00;-;-;0
24.01.2018;16:00;17:00;-;-;0
24.01.2018;17:00;18:00;-;-;0
24.01.2018;18:00;19:00;-;-;0
24.01.2018;19:00;20:00;-;-;0
24.01.2018;20:00;21:00;-;-;0
24.01.2018;21:00;22:00;-;-;0
24.01.2018;22:00;23:00;-;-;0
24.01.2018;23:00;00:00;-;-;0
25.01.2018;00:00;01:00;-;-;0
25.01.2018;01:00;02:00;-;-;0
25.01.2018;02:00;03:00;-;-;0
25.01.2018;03:00;04:00;-;-;0
25.01.2018;04:00;05:00;-;-;0
25.01.2018;05:00;06:00;-;-;79
25.01.2018;06:00;07:00;-;-;112
25.01.2018;07:00;08:00;-;-;126
25.01.2018;08:00;09:00;-;-;148
25.01.2018;09:00;10:00;-;-;222
25.01.2018;10:00;11:00;-;-;285
25.01.2018;11:00;12:00;-;-;298
25.01.2018;12:00;13:00;-;-;310
25.01.2018;13:00;14:00;-;-;309
25.01.2018;14:00;15:00;-;-;309
25.01.2018;15:00;16:00;-;-;311
25.01.2018;16:00;17:00;-;-;309
25.01.2018;17:00;18:00;-;-;310
25.01.2018;18:00;19:00;-;-;310
25.01.2018;19:00;20:00;-;-;311
25.01.2018;20:00;21:00;-;-;310
25.01.2018;21:00;22:00;-;-;310
25.01.2018;22:00;23:00;-;-;310
25.01.2018;23:00;00:00;-;-;309
26.01.2018;00:00;01:00;-;-;302
26.01.2018;01:00;02:00;-;-;230
26.01.2018;02:00;03:00;-;-;230
26.01.2018;03:00;04:00;-;-;229
26.01.2018;04:00;05:00;-;-;249
26.01.2018;05:00;06:00;-;-;309
26.01.2018;06:00;07:00;-;-;309
26.01.2018;07:00;08:00;-;-;310
26.01.2018;08:00;09:00;-;-;310
26.01.2018;09:00;10:00;-;-;310
26.01.2018;10:00;11:00;-;-;310
26.01.2018;11:00;12:00;-;-;311
26.01.2018;12:00;13:00;-;-;310
26.01.2018;13:00;14:00;-;-;310
26.01.2018;14:00;15:00;-;-;310
26.01.2018;15:00;16:00;-;-;310
26.01.2018;16:00;17:00;-;-;311
26.01.2018;17:00;18:00;-;-;310
26.01.2018;18:00;19:00;-;-;310
26.01.2018;19:00;20:00;-;-;311
26.01.2018;20:00;21:00;-;-;310
26.01.2018;21:00;22:00;-;-;309
26.01.2018;22:00;23:00;-;-;299
26.01.2018;23:00;00:00;-;-;233
27.01.2018;00:00;01:00;-;-;-
27.01.2018;01:00;02:00;-;-;-
27.01.2018;02:00;03:00;-;-;-
27.01.2018;03:00;04:00;-;-;-
27.01.2018;04:00;05:00;-;-;-
27.01.2018;05:00;06:00;-;-;-
27.01.2018;06:00;07:00;-;-;-
27.01.2018;07:00;08:00;-;-;-
27.01.2018;08:00;09:00;-;-;-
27.01.2018;09:00;10:00;-;-;-
27.01.2018;10:00;11:00;-;-;-
27.01.2018;11:00;12:00;-;-;-
27.01.2018;12:00;13:00;-;-;-
27.01.2018;13:00;14:00;-;-;-
27.01.2018;14:00;15:00;-;-;-
27.01.2018;15:00;16:00;-;-;-
27.01.2018;16:00;17:00;-;-;-
27.01.2018;17:00;18:00;-;-;-
27.01.2018;18:00;19:00;-;-;-
27.01.2018;19:00;20:00;-;-;-
27.01.2018;20:00;21:00;-;-;-
27.01.2018;21:00;22:00;-;-;-
27.01.2018;22:00;23:00;-;-;-
27.01.2018;23:00;00:00;-;-;-
28.01.2018;00:00;01:00;-;-;0
28.01.2018;01:00;02:00;-;-;0
28.01.2018;02:00;03:00;-;-;0
28.01.2018;03:00;04:00;-;-;0
28.01.2018;04:00;05:00;-;-;0
28.01.2018;05:00;06:00;-;-;0
28.01.2018;06:00;07:00;-;-;0
28.01.2018;07:00;08:00;-;-;0
28.01.2018;08:00;09:00;-;-;0
28.01.2018;09:00;10:00;-;-;0
28.01.2018;10:00;11:00;-;-;0
28.01.2018;11:00;12:00;-;-;0
28.01.2018;12:00;13:00;-;-;0
28.01.2018;13:00;14:00;-;-;0
28.01.2018;14:00;15:00;-;-;0
28.01.2018;15:00;16:00;-;-;0
28.01.2018;16:00;17:00;-;-;0
28.01.2018;17:00;18:00;-;-;0
28.01.2018;18:00;19:00;-;-;0
28.01.2018;19:00;20:00;-;-;0
28.01.2018;20:00;21:00;-;-;0
28.01.2018;21:00;22:00;-;-;0
28.01.2018;22:00;23:00;-;-;0
28.01.2018;23:00;00:00;-;-;0
29.01.2018;00:00;01:00;-;-;0
29.01.2018;01:00;02:00;-;-;0
29.01.2018;02:00;03:00;-;-;0
29.01.2018;03:00;04:00;-;-;0
29.01.2018;04:00;05:00;-;-;0
29.01.2018;05:00;06:00;-;-;0
29.01.2018;06:00;07:00;-;-;0
29.01.2018;07:00;08:00;-;-;0
29.01.2018;08:00;09:00;-;-;0
29.01.2018;09:00;10:00;-;-;0
29.01.2018;10:00;11:00;-;-;0
29.01.2018;11:00;12:00;-;-;0
29.01.2018;12:00;13:00;-;-;0
29.01.2018;13:00;14:00;-;-;0
29.01.2018;14:00;15:00;-;-;0
29.01.2018;15:00;16:00;-;-;0
29.01.2018;16:00;17:00;-;-;0
29.01.2018;17:00;18:00;-;-;0
29.01.2018;18:00;19:00;-;-;0
29.01.2018;19:00;20:00;-;-;0
29.01.2018;20:00;21:00;-;-;0
29.01.2018;21:00;22:00;-;-;0
29.01.2018;22:00;23:00;-;-;0
29.01.2018;23:00;00:00;-;-;0
30.01.2018;00:00;01:00;-;-;0
30.01.2018;01:00;02:00;-;-;0
30.01.2018;02:00;03:00;-;-;0
30.01.2018;03:00;04:00;-;-;0
30.01.2018;04:00;05:00;-;-;0
30.01.2018;05:00;06:00;-;-;0
30.01.2018;06:00;07:00;-;-;51
30.01.2018;07:00;08:00;-;-;119
30.01.2018;08:00;09:00;-;-;149
30.01.2018;09:00;10:00;-;-;163
30.01.2018;10:00;11:00;-;-;233
30.01.2018;11:00;12:00;-;-;276
30.01.2018;12:00;13:00;-;-;273
30.01.2018;13:00;14:00;-;-;0
30.01.2018;14:00;15:00;-;-;0
30.01.2018;15:00;16:00;-;-;0
30.01.2018;16:00;17:00;-;-;0
30.01.2018;17:00;18:00;-;-;0
30.01.2018;18:00;19:00;-;-;0
30.01.2018;19:00;20:00;-;-;0
30.01.2018;20:00;21:00;-;-;0
30.01.2018;21:00;22:00;-;-;0
30.01.2018;22:00;23:00;-;-;0
30.01.2018;23:00;00:00;-;-;0
31.01.2018;00:00;01:00;-;-;0
31.01.2018;01:00;02:00;-;-;0
31.01.2018;02:00;03:00;-;-;0
31.01.2018;03:00;04:00;-;-;0
31.01.2018;04:00;05:00;-;-;0
31.01.2018;05:00;06:00;-;-;0
31.01.2018;06:00;07:00;-;-;0
31.01.2018;07:00;08:00;-;-;0
31.01.2018;08:00;09:00;-;-;0
31.01.2018;09:00;10:00;-;-;0
31.01.2018;10:00;11:00;-;-;0
31.01.2018;11:00;12:00;-;-;0
31.01.2018;12:00;13:00;-;-;0
31.01.2018;13:00;14:00;-;-;0
31.01.2018;14:00;15:00;-;-;0
31.01.2018;15:00;16:00;-;-;0
31.01.2018;16:00;17:00;-;-;0
31.01.2018;17:00;18:00;-;-;0
31.01.2018;18:00;19:00;-;-;0
31.01.2018;19:00;20:00;-;-;0
31.01.2018;20:00;21:00;-;-;0
31.01.2018;21:00;22:00;-;-;0
31.01.2018;22:00;23:00;-;-;0
31.01.2018;23:00;00:00;-;-;0
01.02.2018;00:00;01:00;-;-;0
01.02.2018;01:00;02:00;-;-;0
01.02.2018;02:00;03:00;-;-;0
01.02.2018;03:00;04:00;-;-;0
01.02.2018;04:00;05:00;-;-;0
01.02.2018;05:00;06:00;-;-;0
01.02.2018;06:00;07:00;-;-;0
01.02.2018;07:00;08:00;-;-;0
01.02.2018;08:00;09:00;-;-;0
01.02.2018;09:00;10:00;-;-;0
01.02.2018;10:00;11:00;-;-;0
01.02.2018;11:00;12:00;-;-;0
01.02.2018;12:00;13:00;-;-;0
01.02.2018;13:00;14:00;-;-;0
01.02.2018;14:00;15:00;-;-;0
01.02.2018;15:00;16:00;-;-;0
01.02.2018;16:00;17:00;-;-;0
01.02.2018;17:00;18:00;-;-;0
01.02.2018;18:00;19:00;-;-;0
01.02.2018;19:00;20:00;-;-;0
01.02.2018;20:00;21:00;-;-;0
01.02.2018;21:00;22:00;-;-;0
01.02.2018;22:00;23:00;-;-;0
01.02.2018;23:00;00:00;-;-;0
02.02.2018;00:00;01:00;-;-;0
02.02.2018;01:00;02:00;-;-;0
02.02.2018;02:00;03:00;-;-;0
02.02.2018;03:00;04:00;-;-;0
02.02.2018;04:00;05:00;-;-;0
02.02.2018;05:00;06:00;-;-;0
02.02.2018;06:00;07:00;-;-;0
02.02.2018;07:00;08:00;-;-;0
02.02.2018;08:00;09:00;-;-;0
02.02.2018;09:00;10:00;-;-;0
02.02.2018;10:00;11:00;-;-;0
02.02.2018;11:00;12:00;-;-;0
02.02.2018;12:00;13:00;-;-;0
02.02.2018;13:00;14:00;-;-;0
02.02.2018;14:00;15:00;-;-;0
02.02.2018;15:00;16:00;-;-;0
02.02.2018;16:00;17:00;-;-;0
02.02.2018;17:00;18:00;-;-;0
02.02.2018;18:00;19:00;-;-;0
02.02.2018;19:00;20:00;-;-;0
02.02.2018;20:00;21:00;-;-;0
02.02.2018;21:00;22:00;-;-;0
02.02.2018;22:00;23:00;-;-;0
02.02.2018;23:00;00:00;-;-;0
03.02.2018;00:00;01:00;-;-;0
03.02.2018;01:00;02:00;-;-;0
03.02.2018;02:00;03:00;-;-;0
03.02.2018;03:00;04:00;-;-;0
03.02.2018;04:00;05:00;-;-;0
03.02.2018;05:00;06:00;-;-;0
03.02.2018;06:00;07:00;-;-;0
03.02.2018;07:00;08:00;-;-;0
03.02.2018;08:00;09:00;-;-;0
03.02.2018;09:00;10:00;-;-;0
03.02.2018;10:00;11:00;-;-;0
03.02.2018;11:00;12:00;-;-;0
03.02.2018;12:00;13:00;-;-;0
03.02.2018;13:00;14:00;-;-;0
03.02.2018;14:00;15:00;-;-;0
03.02.2018;15:00;16:00;-;-;0
03.02.2018;16:00;17:00;-;-;0
03.02.2018;17:00;18:00;-;-;0
03.02.2018;18:00;19:00;-;-;0
03.02.2018;19:00;20:00;-;-;0
03.02.2018;20:00;21:00;-;-;0
03.02.2018;21:00;22:00;-;-;0
03.02.2018;22:00;23:00;-;-;0
03.02.2018;23:00;00:00;-;-;0
04.02.2018;00:00;01:00;-;-;0
04.02.2018;01:00;02:00;-;-;0
04.02.2018;02:00;03:00;-;-;0
04.02.2018;03:00;04:00;-;-;0
04.02.2018;04:00;05:00;-;-;0
04.02.2018;05:00;06:00;-;-;0
04.02.2018;06:00;07:00;-;-;0
04.02.2018;07:00;08:00;-;-;0
04.02.2018;08:00;09:00;-;-;0
04.02.2018;09:00;10:00;-;-;0
04.02.2018;10:00;11:00;-;-;0
04.02.2018;11:00;12:00;-;-;0
04.02.2018;12:00;13:00;-;-;0
04.02.2018;13:00;14:00;-;-;0
04.02.2018;14:00;15:00;-;-;0
04.02.2018;15:00;16:00;-;-;0
04.02.2018;16:00;17:00;-;-;0
04.02.2018;17:00;18:00;-;-;0
04.02.2018;18:00;19:00;-;-;0
04.02.2018;19:00;20:00;-;-;0
04.02.2018;20:00;21:00;-;-;0
04.02.2018;21:00;22:00;-;-;0
04.02.2018;22:00;23:00;-;-;0
04.02.2018;23:00;00:00;-;-;0
05.02.2018;00:00;01:00;-;-;46
05.02.2018;01:00;02:00;-;-;99
05.02.2018;02:00;03:00;-;-;129
05.02.2018;03:00;04:00;-;-;120
05.02.2018;04:00;05:00;-;-;130
05.02.2018;05:00;06:00;-;-;151
05.02.2018;06:00;07:00;-;-;207
05.02.2018;07:00;08:00;-;-;295
05.02.2018;08:00;09:00;-;-;74
05.02.2018;09:00;10:00;-;-;0
05.02.2018;10:00;11:00;-;-;0
05.02.2018;11:00;12:00;-;-;0
05.02.2018;12:00;13:00;-;-;0
05.02.2018;13:00;14:00;-;-;0
05.02.2018;14:00;15:00;-;-;0
05.02.2018;15:00;16:00;-;-;0
05.02.2018;16:00;17:00;-;-;0
05.02.2018;17:00;18:00;-;-;0
05.02.2018;18:00;19:00;-;-;0
05.02.2018;19:00;20:00;-;-;0
05.02.2018;20:00;21:00;-;-;0
05.02.2018;21:00;22:00;-;-;0
05.02.2018;22:00;23:00;-;-;0
05.02.2018;23:00;00:00;-;-;0
06.02.2018;00:00;01:00;-;-;0
06.02.2018;01:00;02:00;-;-;0
06.02.2018;02:00;03:00;-;-;0
06.02.2018;03:00;04:00;-;-;0
06.02.2018;04:00;05:00;-;-;0
06.02.2018;05:00;06:00;-;-;0
06.02.2018;06:00;07:00;-;-;0
06.02.2018;07:00;08:00;-;-;0
06.02.2018;08:00;09:00;-;-;0
06.02.2018;09:00;10:00;-;-;0
06.02.2018;10:00;11:00;-;-;0
06.02.2018;11:00;12:00;-;-;0
06.02.2018;12:00;13:00;-;-;0
06.02.2018;13:00;14:00;-;-;0
06.02.2018;14:00;15:00;-;-;0
06.02.2018;15:00;16:00;-;-;0
06.02.2018;16:00;17:00;-;-;0
06.02.2018;17:00;18:00;-;-;0
06.02.2018;18:00;19:00;-;-;0
06.02.2018;19:00;20:00;-;-;0
06.02.2018;20:00;21:00;-;-;0
06.02.2018;21:00;22:00;-;-;0
06.02.2018;22:00;23:00;-;-;0
06.02.2018;23:00;00:00;-;-;0
07.02.2018;00:00;01:00;-;-;0
07.02.2018;01:00;02:00;-;-;0
07.02.2018;02:00;03:00;-;-;0
07.02.2018;03:00;04:00;-;-;0
07.02.2018;04:00;05:00;-;-;0
07.02.2018;05:00;06:00;-;-;0
07.02.2018;06:00;07:00;-;-;0
07.02.2018;07:00;08:00;-;-;0
07.02.2018;08:00;09:00;-;-;0
07.02.2018;09:00;10:00;-;-;0
07.02.2018;10:00;11:00;-;-;0
07.02.2018;11:00;12:00;-;-;0
07.02.2018;12:00;13:00;-;-;0
07.02.2018;13:00;14:00;-;-;0
07.02.2018;14:00;15:00;-;-;0
07.02.2018;15:00;16:00;-;-;0
07.02.2018;16:00;17:00;-;-;0
07.02.2018;17:00;18:00;-;-;0
07.02.2018;18:00;19:00;-;-;0
07.02.2018;19:00;20:00;-;-;0
07.02.2018;20:00;21:00;-;-;0
07.02.2018;21:00;22:00;-;-;0
07.02.2018;22:00;23:00;-;-;0
07.02.2018;23:00;00:00;-;-;0
08.02.2018;00:00;01:00;-;-;0
08.02.2018;01:00;02:00;-;-;0
08.02.2018;02:00;03:00;-;-;0
08.02.2018;03:00;04:00;-;-;0
08.02.2018;04:00;05:00;-;-;0
08.02.2018;05:00;06:00;-;-;0
08.02.2018;06:00;07:00;-;-;0
08.02.2018;07:00;08:00;-;-;0
08.02.2018;08:00;09:00;-;-;0
08.02.2018;09:00;10:00;-;-;0
08.02.2018;10:00;11:00;-;-;0
08.02.2018;11:00;12:00;-;-;0
08.02.2018;12:00;13:00;-;-;0
08.02.2018;13:00;14:00;-;-;0
08.02.2018;14:00;15:00;-;-;0
08.02.2018;15:00;16:00;-;-;0
08.02.2018;16:00;17:00;-;-;0
08.02.2018;17:00;18:00;-;-;0
08.02.2018;18:00;19:00;-;-;0
08.02.2018;19:00;20:00;-;-;0
08.02.2018;20:00;21:00;-;-;0
08.02.2018;21:00;22:00;-;-;0
08.02.2018;22:00;23:00;-;-;0
08.02.2018;23:00;00:00;-;-;0
09.02.2018;00:00;01:00;-;-;0
09.02.2018;01:00;02:00;-;-;0
09.02.2018;02:00;03:00;-;-;0
09.02.2018;03:00;04:00;-;-;0
09.02.2018;04:00;05:00;-;-;0
09.02.2018;05:00;06:00;-;-;0
09.02.2018;06:00;07:00;-;-;0
09.02.2018;07:00;08:00;-;-;0
09.02.2018;08:00;09:00;-;-;0
09.02.2018;09:00;10:00;-;-;0
09.02.2018;10:00;11:00;-;-;0
09.02.2018;11:00;12:00;-;-;0
09.02.2018;12:00;13:00;-;-;0
09.02.2018;13:00;14:00;-;-;0
09.02.2018;14:00;15:00;-;-;0
09.02.2018;15:00;16:00;-;-;0
09.02.2018;16:00;17:00;-;-;0
09.02.2018;17:00;18:00;-;-;0
09.02.2018;18:00;19:00;-;-;0
09.02.2018;19:00;20:00;-;-;0
09.02.2018;20:00;21:00;-;-;0
09.02.2018;21:00;22:00;-;-;0
09.02.2018;22:00;23:00;-;-;0
09.02.2018;23:00;00:00;-;-;0
10.02.2018;00:00;01:00;-;-;0
10.02.2018;01:00;02:00;-;-;0
10.02.2018;02:00;03:00;-;-;0
10.02.2018;03:00;04:00;-;-;0
10.02.2018;04:00;05:00;-;-;0
10.02.2018;05:00;06:00;-;-;0
10.02.2018;06:00;07:00;-;-;0
10.02.2018;07:00;08:00;-;-;0
10.02.2018;08:00;09:00;-;-;0
10.02.2018;09:00;10:00;-;-;0
10.02.2018;10:00;11:00;-;-;0
10.02.2018;11:00;12:00;-;-;0
10.02.2018;12:00;13:00;-;-;0
10.02.2018;13:00;14:00;-;-;0
10.02.2018;14:00;15:00;-;-;0
10.02.2018;15:00;16:00;-;-;0
10.02.2018;16:00;17:00;-;-;0
10.02.2018;17:00;18:00;-;-;0
10.02.2018;18:00;19:00;-;-;0
10.02.2018;19:00;20:00;-;-;0
10.02.2018;20:00;21:00;-;-;0
10.02.2018;21:00;22:00;-;-;0
10.02.2018;22:00;23:00;-;-;0
10.02.2018;23:00;00:00;-;-;0
11.02.2018;00:00;01:00;-;-;0
11.02.2018;01:00;02:00;-;-;0
11.02.2018;02:00;03:00;-;-;0
11.02.2018;03:00;04:00;-;-;0
11.02.2018;04:00;05:00;-;-;0
11.02.2018;05:00;06:00;-;-;0
11.02.2018;06:00;07:00;-;-;0
11.02.2018;07:00;08:00;-;-;0
11.02.2018;08:00;09:00;-;-;0
11.02.2018;09:00;10:00;-;-;0
11.02.2018;10:00;11:00;-;-;0
11.02.2018;11:00;12:00;-;-;0
11.02.2018;12:00;13:00;-;-;0
11.02.2018;13:00;14:00;-;-;0
11.02.2018;14:00;15:00;-;-;0
11.02.2018;15:00;16:00;-;-;0
11.02.2018;16:00;17:00;-;-;0
11.02.2018;17:00;18:00;-;-;0
11.02.2018;18:00;19:00;-;-;0
11.02.2018;19:00;20:00;-;-;0
11.02.2018;20:00;21:00;-;-;0
11.02.2018;21:00;22:00;-;-;0
11.02.2018;22:00;23:00;-;-;0
11.02.2018;23:00;00:00;-;-;0
12.02.2018;00:00;01:00;-;-;4
12.02.2018;01:00;02:00;-;-;92
12.02.2018;02:00;03:00;-;-;127
12.02.2018;03:00;04:00;-;-;151
12.02.2018;04:00;05:00;-;-;154
12.02.2018;05:00;06:00;-;-;236
12.02.2018;06:00;07:00;-;-;277
12.02.2018;07:00;08:00;-;-;307
12.02.2018;08:00;09:00;-;-;307
12.02.2018;09:00;10:00;-;-;308
12.02.2018;10:00;11:00;-;-;311
12.02.2018;11:00;12:00;-;-;311
12.02.2018;12:00;13:00;-;-;311
12.02.2018;13:00;14:00;-;-;311
12.02.2018;14:00;15:00;-;-;311
12.02.2018;15:00;16:00;-;-;311
12.02.2018;16:00;17:00;-;-;311
12.02.2018;17:00;18:00;-;-;311
12.02.2018;18:00;19:00;-;-;311
12.02.2018;19:00;20:00;-;-;311
12.02.2018;20:00;21:00;-;-;311
12.02.2018;21:00;22:00;-;-;312
12.02.2018;22:00;23:00;-;-;311
12.02.2018;23:00;00:00;-;-;311
13.02.2018;00:00;01:00;-;-;312
13.02.2018;01:00;02:00;-;-;312
13.02.2018;02:00;03:00;-;-;311
13.02.2018;03:00;04:00;-;-;311
13.02.2018;04:00;05:00;-;-;311
13.02.2018;05:00;06:00;-;-;311
13.02.2018;06:00;07:00;-;-;311
13.02.2018;07:00;08:00;-;-;312
13.02.2018;08:00;09:00;-;-;311
13.02.2018;09:00;10:00;-;-;311
13.02.2018;10:00;11:00;-;-;310
13.02.2018;11:00;12:00;-;-;311
13.02.2018;12:00;13:00;-;-;312
13.02.2018;13:00;14:00;-;-;311
13.02.2018;14:00;15:00;-;-;312
13.02.2018;15:00;16:00;-;-;311
13.02.2018;16:00;17:00;-;-;311
13.02.2018;17:00;18:00;-;-;312
13.02.2018;18:00;19:00;-;-;311
13.02.2018;19:00;20:00;-;-;311
13.02.2018;20:00;21:00;-;-;311
13.02.2018;21:00;22:00;-;-;311
13.02.2018;22:00;23:00;-;-;311
13.02.2018;23:00;00:00;-;-;311
14.02.2018;00:00;01:00;-;-;311
14.02.2018;01:00;02:00;-;-;311
14.02.2018;02:00;03:00;-;-;311
14.02.2018;03:00;04:00;-;-;311
14.02.2018;04:00;05:00;-;-;311
14.02.2018;05:00;06:00;-;-;311
14.02.2018;06:00;07:00;-;-;312
14.02.2018;07:00;08:00;-;-;311
14.02.2018;08:00;09:00;-;-;311
14.02.2018;09:00;10:00;-;-;311
14.02.2018;10:00;11:00;-;-;312
14.02.2018;11:00;12:00;-;-;311
14.02.2018;12:00;13:00;-;-;311
14.02.2018;13:00;14:00;-;-;311
14.02.2018;14:00;15:00;-;-;311
14.02.2018;15:00;16:00;-;-;311
14.02.2018;16:00;17:00;-;-;311
14.02.2018;17:00;18:00;-;-;312
14.02.2018;18:00;19:00;-;-;311
14.02.2018;19:00;20:00;-;-;312
14.02.2018;20:00;21:00;-;-;311
14.02.2018;21:00;22:00;-;-;311
14.02.2018;22:00;23:00;-;-;294
14.02.2018;23:00;00:00;-;-;218
15.02.2018;00:00;01:00;-;-;147
15.02.2018;01:00;02:00;-;-;120
15.02.2018;02:00;03:00;-;-;123
15.02.2018;03:00;04:00;-;-;123
15.02.2018;04:00;05:00;-;-;127
15.02.2018;05:00;06:00;-;-;162
15.02.2018;06:00;07:00;-;-;237
15.02.2018;07:00;08:00;-;-;309
15.02.2018;08:00;09:00;-;-;310
15.02.2018;09:00;10:00;-;-;303
15.02.2018;10:00;11:00;-;-;270
15.02.2018;11:00;12:00;-;-;271
15.02.2018;12:00;13:00;-;-;271
15.02.2018;13:00;14:00;-;-;271
15.02.2018;14:00;15:00;-;-;271
15.02.2018;15:00;16:00;-;-;271
15.02.2018;16:00;17:00;-;-;271
15.02.2018;17:00;18:00;-;-;271
15.02.2018;18:00;19:00;-;-;271
15.02.2018;19:00;20:00;-;-;271
15.02.2018;20:00;21:00;-;-;271
15.02.2018;21:00;22:00;-;-;270
15.02.2018;22:00;23:00;-;-;271
15.02.2018;23:00;00:00;-;-;271
16.02.2018;00:00;01:00;-;-;271
16.02.2018;01:00;02:00;-;-;271
16.02.2018;02:00;03:00;-;-;271
16.02.2018;03:00;04:00;-;-;271
16.02.2018;04:00;05:00;-;-;270
16.02.2018;05:00;06:00;-;-;270
16.02.2018;06:00;07:00;-;-;271
16.02.2018;07:00;08:00;-;-;272
16.02.2018;08:00;09:00;-;-;270
16.02.2018;09:00;10:00;-;-;271
16.02.2018;10:00;11:00;-;-;271
16.02.2018;11:00;12:00;-;-;271
16.02.2018;12:00;13:00;-;-;271
16.02.2018;13:00;14:00;-;-;271
16.02.2018;14:00;15:00;-;-;271
16.02.2018;15:00;16:00;-;-;270
16.02.2018;16:00;17:00;-;-;270
16.02.2018;17:00;18:00;-;-;272
16.02.2018;18:00;19:00;-;-;271
16.02.2018;19:00;20:00;-;-;271
16.02.2018;20:00;21:00;-;-;271
16.02.2018;21:00;22:00;-;-;271
16.02.2018;22:00;23:00;-;-;271
16.02.2018;23:00;00:00;-;-;271
17.02.2018;00:00;01:00;-;-;-
17.02.2018;01:00;02:00;-;-;-
17.02.2018;02:00;03:00;-;-;-
17.02.2018;03:00;04:00;-;-;-
17.02.2018;04:00;05:00;-;-;-
17.02.2018;05:00;06:00;-;-;-
17.02.2018;06:00;07:00;-;-;-
17.02.2018;07:00;08:00;-;-;-
17.02.2018;08:00;09:00;-;-;-
17.02.2018;09:00;10:00;-;-;-
17.02.2018;10:00;11:00;-;-;-
17.02.2018;11:00;12:00;-;-;-
17.02.2018;12:00;13:00;-;-;-
17.02.2018;13:00;14:00;-;-;-
17.02.2018;14:00;15:00;-;-;-
17.02.2018;15:00;16:00;-;-;-
17.02.2018;16:00;17:00;-;-;-
17.02.2018;17:00;18:00;-;-;-
17.02.2018;18:00;19:00;-;-;-
17.02.2018;19:00;20:00;-;-;-
17.02.2018;20:00;21:00;-;-;-
17.02.2018;21:00;22:00;-;-;-
17.02.2018;22:00;23:00;-;-;-
17.02.2018;23:00;00:00;-;-;-
18.02.2018;00:00;01:00;-;-;271
18.02.2018;01:00;02:00;-;-;271
18.02.2018;02:00;03:00;-;-;270
18.02.2018;03:00;04:00;-;-;271
18.02.2018;04:00;05:00;-;-;271
18.02.2018;05:00;06:00;-;-;270
18.02.2018;06:00;07:00;-;-;270
18.02.2018;07:00;08:00;-;-;271
18.02.2018;08:00;09:00;-;-;270
18.02.2018;09:00;10:00;-;-;270
18.02.2018;10:00;11:00;-;-;271
18.02.2018;11:00;12:00;-;-;270
18.02.2018;12:00;13:00;-;-;271
18.02.2018;13:00;14:00;-;-;271
18.02.2018;14:00;15:00;-;-;271
18.02.2018;15:00;16:00;-;-;270
18.02.2018;16:00;17:00;-;-;270
18.02.2018;17:00;18:00;-;-;271
18.02.2018;18:00;19:00;-;-;269
18.02.2018;19:00;20:00;-;-;271
18.02.2018;20:00;21:00;-;-;268
18.02.2018;21:00;22:00;-;-;273
18.02.2018;22:00;23:00;-;-;270
18.02.2018;23:00;00:00;-;-;271
19.02.2018;00:00;01:00;-;-;271
19.02.2018;01:00;02:00;-;-;272
19.02.2018;02:00;03:00;-;-;271
19.02.2018;03:00;04:00;-;-;270
19.02.2018;04:00;05:00;-;-;271
19.02.2018;05:00;06:00;-;-;269
19.02.2018;06:00;07:00;-;-;270
19.02.2018;07:00;08:00;-;-;271
19.02.2018;08:00;09:00;-;-;270
19.02.2018;09:00;10:00;-;-;271
19.02.2018;10:00;11:00;-;-;271
19.02.2018;11:00;12:00;-;-;271
19.02.2018;12:00;13:00;-;-;270
19.02.2018;13:00;14:00;-;-;271
19.02.2018;14:00;15:00;-;-;271
19.02.2018;15:00;16:00;-;-;270
19.02.2018;16:00;17:00;-;-;271
19.02.2018;17:00;18:00;-;-;270
19.02.2018;18:00;19:00;-;-;271
19.02.2018;19:00;20:00;-;-;270
19.02.2018;20:00;21:00;-;-;271
19.02.2018;21:00;22:00;-;-;272
19.02.2018;22:00;23:00;-;-;270
19.02.2018;23:00;00:00;-;-;270
20.02.2018;00:00;01:00;-;-;271
20.02.2018;01:00;02:00;-;-;271
20.02.2018;02:00;03:00;-;-;270
20.02.2018;03:00;04:00;-;-;271
20.02.2018;04:00;05:00;-;-;270
20.02.2018;05:00;06:00;-;-;271
20.02.2018;06:00;07:00;-;-;270
20.02.2018;07:00;08:00;-;-;270
20.02.2018;08:00;09:00;-;-;271
20.02.2018;09:00;10:00;-;-;270
20.02.2018;10:00;11:00;-;-;271
20.02.2018;11:00;12:00;-;-;271
20.02.2018;12:00;13:00;-;-;271
20.02.2018;13:00;14:00;-;-;270
20.02.2018;14:00;15:00;-;-;270
20.02.2018;15:00;16:00;-;-;270
20.02.2018;16:00;17:00;-;-;271
20.02.2018;17:00;18:00;-;-;268
20.02.2018;18:00;19:00;-;-;273
20.02.2018;19:00;20:00;-;-;271
20.02.2018;20:00;21:00;-;-;271
20.02.2018;21:00;22:00;-;-;270
20.02.2018;22:00;23:00;-;-;271
20.02.2018;23:00;00:00;-;-;270
21.02.2018;00:00;01:00;-;-;272
21.02.2018;01:00;02:00;-;-;270
21.02.2018;02:00;03:00;-;-;271
21.02.2018;03:00;04:00;-;-;271
21.02.2018;04:00;05:00;-;-;270
21.02.2018;05:00;06:00;-;-;270
21.02.2018;06:00;07:00;-;-;270
21.02.2018;07:00;08:00;-;-;270
21.02.2018;08:00;09:00;-;-;270
21.02.2018;09:00;10:00;-;-;271
21.02.2018;10:00;11:00;-;-;271
21.02.2018;11:00;12:00;-;-;271
21.02.2018;12:00;13:00;-;-;271
21.02.2018;13:00;14:00;-;-;270
21.02.2018;14:00;15:00;-;-;269
21.02.2018;15:00;16:00;-;-;271
21.02.2018;16:00;17:00;-;-;271
21.02.2018;17:00;18:00;-;-;271
21.02.2018;18:00;19:00;-;-;270
21.02.2018;19:00;20:00;-;-;269
21.02.2018;20:00;21:00;-;-;271
21.02.2018;21:00;22:00;-;-;272
21.02.2018;22:00;23:00;-;-;270
21.02.2018;23:00;00:00;-;-;269
22.02.2018;00:00;01:00;-;-;271
22.02.2018;01:00;02:00;-;-;270
22.02.2018;02:00;03:00;-;-;271
22.02.2018;03:00;04:00;-;-;270
22.02.2018;04:00;05:00;-;-;270
22.02.2018;05:00;06:00;-;-;270
22.02.2018;06:00;07:00;-;-;270
22.02.2018;07:00;08:00;-;-;270
22.02.2018;08:00;09:00;-;-;20
22.02.2018;09:00;10:00;-;-;0
22.02.2018;10:00;11:00;-;-;0
22.02.2018;11:00;12:00;-;-;0
22.02.2018;12:00;13:00;-;-;0
22.02.2018;13:00;14:00;-;-;0
22.02.2018;14:00;15:00;-;-;0
22.02.2018;15:00;16:00;-;-;0
22.02.2018;16:00;17:00;-;-;0
22.02.2018;17:00;18:00;-;-;0
22.02.2018;18:00;19:00;-;-;0
22.02.2018;19:00;20:00;-;-;0
22.02.2018;20:00;21:00;-;-;0
22.02.2018;21:00;22:00;-;-;0
22.02.2018;22:00;23:00;-;-;0
22.02.2018;23:00;00:00;-;-;0
23.02.2018;00:00;01:00;-;-;0
23.02.2018;01:00;02:00;-;-;0
23.02.2018;02:00;03:00;-;-;0
23.02.2018;03:00;04:00;-;-;0
23.02.2018;04:00;05:00;-;-;0
23.02.2018;05:00;06:00;-;-;0
23.02.2018;06:00;07:00;-;-;0
23.02.2018;07:00;08:00;-;-;0
23.02.2018;08:00;09:00;-;-;0
23.02.2018;09:00;10:00;-;-;0
23.02.2018;10:00;11:00;-;-;0
23.02.2018;11:00;12:00;-;-;0
23.02.2018;12:00;13:00;-;-;0
23.02.2018;13:00;14:00;-;-;0
23.02.2018;14:00;15:00;-;-;0
23.02.2018;15:00;16:00;-;-;0
23.02.2018;16:00;17:00;-;-;0
23.02.2018;17:00;18:00;-;-;0
23.02.2018;18:00;19:00;-;-;0
23.02.2018;19:00;20:00;-;-;0
23.02.2018;20:00;21:00;-;-;0
23.02.2018;21:00;22:00;-;-;0
23.02.2018;22:00;23:00;-;-;0
23.02.2018;23:00;00:00;-;-;0
24.02.2018;00:00;01:00;-;-;0
24.02.2018;01:00;02:00;-;-;0
24.02.2018;02:00;03:00;-;-;0
24.02.2018;03:00;04:00;-;-;0
24.02.2018;04:00;05:00;-;-;0
24.02.2018;05:00;06:00;-;-;0
24.02.2018;06:00;07:00;-;-;0
24.02.2018;07:00;08:00;-;-;0
24.02.2018;08:00;09:00;-;-;0
24.02.2018;09:00;10:00;-;-;0
24.02.2018;10:00;11:00;-;-;0
24.02.2018;11:00;12:00;-;-;0
24.02.2018;12:00;13:00;-;-;0
24.02.2018;13:00;14:00;-;-;0
24.02.2018;14:00;15:00;-;-;0
24.02.2018;15:00;16:00;-;-;0
24.02.2018;16:00;17:00;-;-;0
24.02.2018;17:00;18:00;-;-;0
24.02.2018;18:00;19:00;-;-;0
24.02.2018;19:00;20:00;-;-;0
24.02.2018;20:00;21:00;-;-;0
24.02.2018;21:00;22:00;-;-;0
24.02.2018;22:00;23:00;-;-;0
24.02.2018;23:00;00:00;-;-;0
25.02.2018;00:00;01:00;-;-;0
25.02.2018;01:00;02:00;-;-;0
25.02.2018;02:00;03:00;-;-;0
25.02.2018;03:00;04:00;-;-;0
25.02.2018;04:00;05:00;-;-;0
25.02.2018;05:00;06:00;-;-;0
25.02.2018;06:00;07:00;-;-;0
25.02.2018;07:00;08:00;-;-;0
25.02.2018;08:00;09:00;-;-;0
25.02.2018;09:00;10:00;-;-;0
25.02.2018;10:00;11:00;-;-;0
25.02.2018;11:00;12:00;-;-;0
25.02.2018;12:00;13:00;-;-;0
25.02.2018;13:00;14:00;-;-;0
25.02.2018;14:00;15:00;-;-;0
25.02.2018;15:00;16:00;-;-;0
25.02.2018;16:00;17:00;-;-;0
25.02.2018;17:00;18:00;-;-;0
25.02.2018;18:00;19:00;-;-;0
25.02.2018;19:00;20:00;-;-;0
25.02.2018;20:00;21:00;-;-;0
25.02.2018;21:00;22:00;-;-;0
25.02.2018;22:00;23:00;-;-;0
25.02.2018;23:00;00:00;-;-;0
26.02.2018;00:00;01:00;-;-;0
26.02.2018;01:00;02:00;-;-;0
26.02.2018;02:00;03:00;-;-;0
26.02.2018;03:00;04:00;-;-;0
26.02.2018;04:00;05:00;-;-;0
26.02.2018;05:00;06:00;-;-;0
26.02.2018;06:00;07:00;-;-;0
26.02.2018;07:00;08:00;-;-;0
26.02.2018;08:00;09:00;-;-;0
26.02.2018;09:00;10:00;-;-;0
26.02.2018;10:00;11:00;-;-;0
26.02.2018;11:00;12:00;-;-;0
26.02.2018;12:00;13:00;-;-;0
26.02.2018;13:00;14:00;-;-;0
26.02.2018;14:00;15:00;-;-;0
26.02.2018;15:00;16:00;-;-;0
26.02.2018;16:00;17:00;-;-;0
26.02.2018;17:00;18:00;-;-;0
26.02.2018;18:00;19:00;-;-;0
26.02.2018;19:00;20:00;-;-;0
26.02.2018;20:00;21:00;-;-;0
26.02.2018;21:00;22:00;-;-;0
26.02.2018;22:00;23:00;-;-;0
26.02.2018;23:00;00:00;-;-;0
27.02.2018;00:00;01:00;-;-;0
27.02.2018;01:00;02:00;-;-;0
27.02.2018;02:00;03:00;-;-;0
27.02.2018;03:00;04:00;-;-;0
27.02.2018;04:00;05:00;-;-;0
27.02.2018;05:00;06:00;-;-;0
27.02.2018;06:00;07:00;-;-;0
27.02.2018;07:00;08:00;-;-;0
27.02.2018;08:00;09:00;-;-;0
27.02.2018;09:00;10:00;-;-;0
27.02.2018;10:00;11:00;-;-;0
27.02.2018;11:00;12:00;-;-;0
27.02.2018;12:00;13:00;-;-;0
27.02.2018;13:00;14:00;-;-;0
27.02.2018;14:00;15:00;-;-;0
27.02.2018;15:00;16:00;-;-;0
27.02.2018;16:00;17:00;-;-;0
27.02.2018;17:00;18:00;-;-;0
27.02.2018;18:00;19:00;-;-;0
27.02.2018;19:00;20:00;-;-;0
27.02.2018;20:00;21:00;-;-;0
27.02.2018;21:00;22:00;-;-;0
27.02.2018;22:00;23:00;-;-;0
27.02.2018;23:00;00:00;-;-;0
28.02.2018;00:00;01:00;-;-;0
28.02.2018;01:00;02:00;-;-;0
28.02.2018;02:00;03:00;-;-;0
28.02.2018;03:00;04:00;-;-;0
28.02.2018;04:00;05:00;-;-;0
28.02.2018;05:00;06:00;-;-;0
28.02.2018;06:00;07:00;-;-;0
28.02.2018;07:00;08:00;-;-;0
28.02.2018;08:00;09:00;-;-;0
28.02.2018;09:00;10:00;-;-;0
28.02.2018;10:00;11:00;-;-;0
28.02.2018;11:00;12:00;-;-;0
28.02.2018;12:00;13:00;-;-;0
28.02.2018;13:00;14:00;-;-;0
28.02.2018;14:00;15:00;-;-;0
28.02.2018;15:00;16:00;-;-;0
28.02.2018;16:00;17:00;-;-;0
28.02.2018;17:00;18:00;-;-;0
28.02.2018;18:00;19:00;-;-;0
28.02.2018;19:00;20:00;-;-;0
28.02.2018;20:00;21:00;-;-;0
28.02.2018;21:00;22:00;-;-;0
28.02.2018;22:00;23:00;-;-;0
28.02.2018;23:00;00:00;-;-;0
01.03.2018;00:00;01:00;-;-;0
01.03.2018;01:00;02:00;-;-;0
01.03.2018;02:00;03:00;-;-;0
01.03.2018;03:00;04:00;-;-;0
01.03.2018;04:00;05:00;-;-;0
01.03.2018;05:00;06:00;-;-;0
01.03.2018;06:00;07:00;-;-;0
01.03.2018;07:00;08:00;-;-;0
01.03.2018;08:00;09:00;-;-;0
01.03.2018;09:00;10:00;-;-;0
01.03.2018;10:00;11:00;-;-;0
01.03.2018;11:00;12:00;-;-;0
01.03.2018;12:00;13:00;-;-;0
01.03.2018;13:00;14:00;-;-;0
01.03.2018;14:00;15:00;-;-;0
01.03.2018;15:00;16:00;-;-;0
01.03.2018;16:00;17:00;-;-;0
01.03.2018;17:00;18:00;-;-;0
01.03.2018;18:00;19:00;-;-;0
01.03.2018;19:00;20:00;-;-;0
01.03.2018;20:00;21:00;-;-;0
01.03.2018;21:00;22:00;-;-;0
01.03.2018;22:00;23:00;-;-;0
01.03.2018;23:00;00:00;-;-;0
02.03.2018;00:00;01:00;-;-;0
02.03.2018;01:00;02:00;-;-;0
02.03.2018;02:00;03:00;-;-;0
02.03.2018;03:00;04:00;-;-;0
02.03.2018;04:00;05:00;-;-;0
02.03.2018;05:00;06:00;-;-;0
02.03.2018;06:00;07:00;-;-;0
02.03.2018;07:00;08:00;-;-;0
02.03.2018;08:00;09:00;-;-;0
02.03.2018;09:00;10:00;-;-;0
02.03.2018;10:00;11:00;-;-;0
02.03.2018;11:00;12:00;-;-;0
02.03.2018;12:00;13:00;-;-;0
02.03.2018;13:00;14:00;-;-;0
02.03.2018;14:00;15:00;-;-;0
02.03.2018;15:00;16:00;-;-;0
02.03.2018;16:00;17:00;-;-;0
02.03.2018;17:00;18:00;-;-;0
02.03.2018;18:00;19:00;-;-;0
02.03.2018;19:00;20:00;-;-;0
02.03.2018;20:00;21:00;-;-;0
02.03.2018;21:00;22:00;-;-;0
02.03.2018;22:00;23:00;-;-;0
02.03.2018;23:00;00:00;-;-;0
03.03.2018;00:00;01:00;-;-;-
03.03.2018;01:00;02:00;-;-;-
03.03.2018;02:00;03:00;-;-;-
03.03.2018;03:00;04:00;-;-;-
03.03.2018;04:00;05:00;-;-;-
03.03.2018;05:00;06:00;-;-;-
03.03.2018;06:00;07:00;-;-;-
03.03.2018;07:00;08:00;-;-;-
03.03.2018;08:00;09:00;-;-;-
03.03.2018;09:00;10:00;-;-;-
03.03.2018;10:00;11:00;-;-;-
03.03.2018;11:00;12:00;-;-;-
03.03.2018;12:00;13:00;-;-;-
03.03.2018;13:00;14:00;-;-;-
03.03.2018;14:00;15:00;-;-;-
03.03.2018;15:00;16:00;-;-;-
03.03.2018;16:00;17:00;-;-;-
03.03.2018;17:00;18:00;-;-;-
03.03.2018;18:00;19:00;-;-;-
03.03.2018;19:00;20:00;-;-;-
03.03.2018;20:00;21:00;-;-;-
03.03.2018;21:00;22:00;-;-;-
03.03.2018;22:00;23:00;-;-;-
03.03.2018;23:00;00:00;-;-;-
04.03.2018;00:00;01:00;-;-;0
04.03.2018;01:00;02:00;-;-;0
04.03.2018;02:00;03:00;-;-;0
04.03.2018;03:00;04:00;-;-;0
04.03.2018;04:00;05:00;-;-;0
04.03.2018;05:00;06:00;-;-;0
04.03.2018;06:00;07:00;-;-;0
04.03.2018;07:00;08:00;-;-;0
04.03.2018;08:00;09:00;-;-;0
04.03.2018;09:00;10:00;-;-;0
04.03.2018;10:00;11:00;-;-;0
04.03.2018;11:00;12:00;-;-;0
04.03.2018;12:00;13:00;-;-;0
04.03.2018;13:00;14:00;-;-;0
04.03.2018;14:00;15:00;-;-;0
04.03.2018;15:00;16:00;-;-;0
04.03.2018;16:00;17:00;-;-;0
04.03.2018;17:00;18:00;-;-;0
04.03.2018;18:00;19:00;-;-;0
04.03.2018;19:00;20:00;-;-;0
04.03.2018;20:00;21:00;-;-;0
04.03.2018;21:00;22:00;-;-;0
04.03.2018;22:00;23:00;-;-;0
04.03.2018;23:00;00:00;-;-;0
05.03.2018;00:00;01:00;-;-;0
05.03.2018;01:00;02:00;-;-;0
05.03.2018;02:00;03:00;-;-;0
05.03.2018;03:00;04:00;-;-;0
05.03.2018;04:00;05:00;-;-;0
05.03.2018;05:00;06:00;-;-;0
05.03.2018;06:00;07:00;-;-;0
05.03.2018;07:00;08:00;-;-;0
05.03.2018;08:00;09:00;-;-;0
05.03.2018;09:00;10:00;-;-;0
05.03.2018;10:00;11:00;-;-;0
05.03.2018;11:00;12:00;-;-;0
05.03.2018;12:00;13:00;-;-;0
05.03.2018;13:00;14:00;-;-;0
05.03.2018;14:00;15:00;-;-;0
05.03.2018;15:00;16:00;-;-;0
05.03.2018;16:00;17:00;-;-;0
05.03.2018;17:00;18:00;-;-;0
05.03.2018;18:00;19:00;-;-;0
05.03.2018;19:00;20:00;-;-;0
05.03.2018;20:00;21:00;-;-;0
05.03.2018;21:00;22:00;-;-;0
05.03.2018;22:00;23:00;-;-;0
05.03.2018;23:00;00:00;-;-;0
06.03.2018;00:00;01:00;-;-;0
06.03.2018;01:00;02:00;-;-;0
06.03.2018;02:00;03:00;-;-;0
06.03.2018;03:00;04:00;-;-;0
06.03.2018;04:00;05:00;-;-;0
06.03.2018;05:00;06:00;-;-;0
06.03.2018;06:00;07:00;-;-;0
06.03.2018;07:00;08:00;-;-;0
06.03.2018;08:00;09:00;-;-;0
06.03.2018;09:00;10:00;-;-;0
06.03.2018;10:00;11:00;-;-;0
06.03.2018;11:00;12:00;-;-;0
06.03.2018;12:00;13:00;-;-;0
06.03.2018;13:00;14:00;-;-;0
06.03.2018;14:00;15:00;-;-;0
06.03.2018;15:00;16:00;-;-;0
06.03.2018;16:00;17:00;-;-;0
06.03.2018;17:00;18:00;-;-;0
06.03.2018;18:00;19:00;-;-;0
06.03.2018;19:00;20:00;-;-;0
06.03.2018;20:00;21:00;-;-;0
06.03.2018;21:00;22:00;-;-;0
06.03.2018;22:00;23:00;-;-;0
06.03.2018;23:00;00:00;-;-;0
07.03.2018;00:00;01:00;-;-;0
07.03.2018;01:00;02:00;-;-;0
07.03.2018;02:00;03:00;-;-;0
07.03.2018;03:00;04:00;-;-;0
07.03.2018;04:00;05:00;-;-;0
07.03.2018;05:00;06:00;-;-;0
07.03.2018;06:00;07:00;-;-;0
07.03.2018;07:00;08:00;-;-;0
07.03.2018;08:00;09:00;-;-;0
07.03.2018;09:00;10:00;-;-;0
07.03.2018;10:00;11:00;-;-;0
07.03.2018;11:00;12:00;-;-;0
07.03.2018;12:00;13:00;-;-;0
07.03.2018;13:00;14:00;-;-;0
07.03.2018;14:00;15:00;-;-;0
07.03.2018;15:00;16:00;-;-;0
07.03.2018;16:00;17:00;-;-;0
07.03.2018;17:00;18:00;-;-;0
07.03.2018;18:00;19:00;-;-;0
07.03.2018;19:00;20:00;-;-;0
07.03.2018;20:00;21:00;-;-;0
07.03.2018;21:00;22:00;-;-;0
07.03.2018;22:00;23:00;-;-;0
07.03.2018;23:00;00:00;-;-;0
08.03.2018;00:00;01:00;-;-;0
08.03.2018;01:00;02:00;-;-;0
08.03.2018;02:00;03:00;-;-;0
08.03.2018;03:00;04:00;-;-;0
08.03.2018;04:00;05:00;-;-;0
08.03.2018;05:00;06:00;-;-;0
08.03.2018;06:00;07:00;-;-;0
08.03.2018;07:00;08:00;-;-;0
08.03.2018;08:00;09:00;-;-;0
08.03.2018;09:00;10:00;-;-;0
08.03.2018;10:00;11:00;-;-;0
08.03.2018;11:00;12:00;-;-;0
08.03.2018;12:00;13:00;-;-;0
08.03.2018;13:00;14:00;-;-;0
08.03.2018;14:00;15:00;-;-;0
08.03.2018;15:00;16:00;-;-;0
08.03.2018;16:00;17:00;-;-;0
08.03.2018;17:00;18:00;-;-;0
08.03.2018;18:00;19:00;-;-;0
08.03.2018;19:00;20:00;-;-;0
08.03.2018;20:00;21:00;-;-;0
08.03.2018;21:00;22:00;-;-;0
08.03.2018;22:00;23:00;-;-;0
08.03.2018;23:00;00:00;-;-;0
09.03.2018;00:00;01:00;-;-;0
09.03.2018;01:00;02:00;-;-;0
09.03.2018;02:00;03:00;-;-;0
09.03.2018;03:00;04:00;-;-;0
09.03.2018;04:00;05:00;-;-;0
09.03.2018;05:00;06:00;-;-;0
09.03.2018;06:00;07:00;-;-;0
09.03.2018;07:00;08:00;-;-;0
09.03.2018;08:00;09:00;-;-;0
09.03.2018;09:00;10:00;-;-;0
09.03.2018;10:00;11:00;-;-;0
09.03.2018;11:00;12:00;-;-;0
09.03.2018;12:00;13:00;-;-;0
09.03.2018;13:00;14:00;-;-;0
09.03.2018;14:00;15:00;-;-;0
09.03.2018;15:00;16:00;-;-;0
09.03.2018;16:00;17:00;-;-;0
09.03.2018;17:00;18:00;-;-;0
09.03.2018;18:00;19:00;-;-;0
09.03.2018;19:00;20:00;-;-;0
09.03.2018;20:00;21:00;-;-;0
09.03.2018;21:00;22:00;-;-;0
09.03.2018;22:00;23:00;-;-;0
09.03.2018;23:00;00:00;-;-;0
10.03.2018;00:00;01:00;-;-;-
10.03.2018;01:00;02:00;-;-;-
10.03.2018;02:00;03:00;-;-;-
10.03.2018;03:00;04:00;-;-;-
10.03.2018;04:00;05:00;-;-;-
10.03.2018;05:00;06:00;-;-;-
10.03.2018;06:00;07:00;-;-;-
10.03.2018;07:00;08:00;-;-;-
10.03.2018;08:00;09:00;-;-;-
10.03.2018;09:00;10:00;-;-;-
10.03.2018;10:00;11:00;-;-;-
10.03.2018;11:00;12:00;-;-;-
10.03.2018;12:00;13:00;-;-;-
10.03.2018;13:00;14:00;-;-;-
10.03.2018;14:00;15:00;-;-;-
10.03.2018;15:00;16:00;-;-;-
10.03.2018;16:00;17:00;-;-;-
10.03.2018;17:00;18:00;-;-;-
10.03.2018;18:00;19:00;-;-;-
10.03.2018;19:00;20:00;-;-;-
10.03.2018;20:00;21:00;-;-;-
10.03.2018;21:00;22:00;-;-;-
10.03.2018;22:00;23:00;-;-;-
10.03.2018;23:00;00:00;-;-;-
11.03.2018;00:00;01:00;-;-;0
11.03.2018;01:00;02:00;-;-;0
11.03.2018;02:00;03:00;-;-;0
11.03.2018;03:00;04:00;-;-;0
11.03.2018;04:00;05:00;-;-;0
11.03.2018;05:00;06:00;-;-;0
11.03.2018;06:00;07:00;-;-;0
11.03.2018;07:00;08:00;-;-;0
11.03.2018;08:00;09:00;-;-;0
11.03.2018;09:00;10:00;-;-;0
11.03.2018;10:00;11:00;-;-;0
11.03.2018;11:00;12:00;-;-;0
11.03.2018;12:00;13:00;-;-;0
11.03.2018;13:00;14:00;-;-;0
11.03.2018;14:00;15:00;-;-;0
11.03.2018;15:00;16:00;-;-;0
11.03.2018;16:00;17:00;-;-;0
11.03.2018;17:00;18:00;-;-;0
11.03.2018;18:00;19:00;-;-;0
11.03.2018;19:00;20:00;-;-;0
11.03.2018;20:00;21:00;-;-;0
11.03.2018;21:00;22:00;-;-;0
11.03.2018;22:00;23:00;-;-;0
11.03.2018;23:00;00:00;-;-;0
12.03.2018;00:00;01:00;-;-;0
12.03.2018;01:00;02:00;-;-;0
12.03.2018;02:00;03:00;-;-;0
12.03.2018;03:00;04:00;-;-;0
12.03.2018;04:00;05:00;-;-;0
12.03.2018;05:00;06:00;-;-;0
12.03.2018;06:00;07:00;-;-;0
12.03.2018;07:00;08:00;-;-;0
12.03.2018;08:00;09:00;-;-;0
12.03.2018;09:00;10:00;-;-;0
12.03.2018;10:00;11:00;-;-;0
12.03.2018;11:00;12:00;-;-;0
12.03.2018;12:00;13:00;-;-;0
12.03.2018;13:00;14:00;-;-;0
12.03.2018;14:00;15:00;-;-;0
12.03.2018;15:00;16:00;-;-;0
12.03.2018;16:00;17:00;-;-;0
12.03.2018;17:00;18:00;-;-;0
12.03.2018;18:00;19:00;-;-;0
12.03.2018;19:00;20:00;-;-;0
12.03.2018;20:00;21:00;-;-;0
12.03.2018;21:00;22:00;-;-;0
12.03.2018;22:00;23:00;-;-;0
12.03.2018;23:00;00:00;-;-;0
13.03.2018;00:00;01:00;-;-;0
13.03.2018;01:00;02:00;-;-;0
13.03.2018;02:00;03:00;-;-;0
13.03.2018;03:00;04:00;-;-;0
13.03.2018;04:00;05:00;-;-;0
13.03.2018;05:00;06:00;-;-;0
13.03.2018;06:00;07:00;-;-;0
13.03.2018;07:00;08:00;-;-;0
13.03.2018;08:00;09:00;-;-;0
13.03.2018;09:00;10:00;-;-;0
13.03.2018;10:00;11:00;-;-;0
13.03.2018;11:00;12:00;-;-;0
13.03.2018;12:00;13:00;-;-;0
13.03.2018;13:00;14:00;-;-;0
13.03.2018;14:00;15:00;-;-;0
13.03.2018;15:00;16:00;-;-;0
13.03.2018;16:00;17:00;-;-;0
13.03.2018;17:00;18:00;-;-;0
13.03.2018;18:00;19:00;-;-;0
13.03.2018;19:00;20:00;-;-;0
13.03.2018;20:00;21:00;-;-;0
13.03.2018;21:00;22:00;-;-;0
13.03.2018;22:00;23:00;-;-;0
13.03.2018;23:00;00:00;-;-;0
14.03.2018;00:00;01:00;-;-;0
14.03.2018;01:00;02:00;-;-;0
14.03.2018;02:00;03:00;-;-;0
14.03.2018;03:00;04:00;-;-;0
14.03.2018;04:00;05:00;-;-;0
14.03.2018;05:00;06:00;-;-;0
14.03.2018;06:00;07:00;-;-;0
14.03.2018;07:00;08:00;-;-;0
14.03.2018;08:00;09:00;-;-;0
14.03.2018;09:00;10:00;-;-;0
14.03.2018;10:00;11:00;-;-;0
14.03.2018;11:00;12:00;-;-;0
14.03.2018;12:00;13:00;-;-;0
14.03.2018;13:00;14:00;-;-;0
14.03.2018;14:00;15:00;-;-;0
14.03.2018;15:00;16:00;-;-;0
14.03.2018;16:00;17:00;-;-;0
14.03.2018;17:00;18:00;-;-;0
14.03.2018;18:00;19:00;-;-;0
14.03.2018;19:00;20:00;-;-;0
14.03.2018;20:00;21:00;-;-;0
14.03.2018;21:00;22:00;-;-;0
14.03.2018;22:00;23:00;-;-;0
14.03.2018;23:00;00:00;-;-;0
15.03.2018;00:00;01:00;-;-;0
15.03.2018;01:00;02:00;-;-;0
15.03.2018;02:00;03:00;-;-;0
15.03.2018;03:00;04:00;-;-;0
15.03.2018;04:00;05:00;-;-;0
15.03.2018;05:00;06:00;-;-;0
15.03.2018;06:00;07:00;-;-;0
15.03.2018;07:00;08:00;-;-;0
15.03.2018;08:00;09:00;-;-;0
15.03.2018;09:00;10:00;-;-;0
15.03.2018;10:00;11:00;-;-;0
15.03.2018;11:00;12:00;-;-;0
15.03.2018;12:00;13:00;-;-;0
15.03.2018;13:00;14:00;-;-;0
15.03.2018;14:00;15:00;-;-;0
15.03.2018;15:00;16:00;-;-;0
15.03.2018;16:00;17:00;-;-;0
15.03.2018;17:00;18:00;-;-;0
15.03.2018;18:00;19:00;-;-;0
15.03.2018;19:00;20:00;-;-;0
15.03.2018;20:00;21:00;-;-;0
15.03.2018;21:00;22:00;-;-;0
15.03.2018;22:00;23:00;-;-;0
15.03.2018;23:00;00:00;-;-;0
16.03.2018;00:00;01:00;-;-;0
16.03.2018;01:00;02:00;-;-;0
16.03.2018;02:00;03:00;-;-;0
16.03.2018;03:00;04:00;-;-;0
16.03.2018;04:00;05:00;-;-;0
16.03.2018;05:00;06:00;-;-;0
16.03.2018;06:00;07:00;-;-;0
16.03.2018;07:00;08:00;-;-;0
16.03.2018;08:00;09:00;-;-;0
16.03.2018;09:00;10:00;-;-;0
16.03.2018;10:00;11:00;-;-;0
16.03.2018;11:00;12:00;-;-;0
16.03.2018;12:00;13:00;-;-;0
16.03.2018;13:00;14:00;-;-;0
16.03.2018;14:00;15:00;-;-;0
16.03.2018;15:00;16:00;-;-;0
16.03.2018;16:00;17:00;-;-;0
16.03.2018;17:00;18:00;-;-;0
16.03.2018;18:00;19:00;-;-;0
16.03.2018;19:00;20:00;-;-;0
16.03.2018;20:00;21:00;-;-;0
16.03.2018;21:00;22:00;-;-;0
16.03.2018;22:00;23:00;-;-;0
16.03.2018;23:00;00:00;-;-;0
17.03.2018;00:00;01:00;-;-;0
17.03.2018;01:00;02:00;-;-;0
17.03.2018;02:00;03:00;-;-;0
17.03.2018;03:00;04:00;-;-;0
17.03.2018;04:00;05:00;-;-;0
17.03.2018;05:00;06:00;-;-;0
17.03.2018;06:00;07:00;-;-;0
17.03.2018;07:00;08:00;-;-;0
17.03.2018;08:00;09:00;-;-;0
17.03.2018;09:00;10:00;-;-;0
17.03.2018;10:00;11:00;-;-;0
17.03.2018;11:00;12:00;-;-;0
17.03.2018;12:00;13:00;-;-;0
17.03.2018;13:00;14:00;-;-;0
17.03.2018;14:00;15:00;-;-;0
17.03.2018;15:00;16:00;-;-;0
17.03.2018;16:00;17:00;-;-;0
17.03.2018;17:00;18:00;-;-;0
17.03.2018;18:00;19:00;-;-;0
17.03.2018;19:00;20:00;-;-;0
17.03.2018;20:00;21:00;-;-;0
17.03.2018;21:00;22:00;-;-;0
17.03.2018;22:00;23:00;-;-;0
17.03.2018;23:00;00:00;-;-;0
18.03.2018;00:00;01:00;-;-;0
18.03.2018;01:00;02:00;-;-;0
18.03.2018;02:00;03:00;-;-;0
18.03.2018;03:00;04:00;-;-;0
18.03.2018;04:00;05:00;-;-;0
18.03.2018;05:00;06:00;-;-;0
18.03.2018;06:00;07:00;-;-;0
18.03.2018;07:00;08:00;-;-;0
18.03.2018;08:00;09:00;-;-;0
18.03.2018;09:00;10:00;-;-;0
18.03.2018;10:00;11:00;-;-;0
18.03.2018;11:00;12:00;-;-;0
18.03.2018;12:00;13:00;-;-;0
18.03.2018;13:00;14:00;-;-;0
18.03.2018;14:00;15:00;-;-;0
18.03.2018;15:00;16:00;-;-;0
18.03.2018;16:00;17:00;-;-;0
18.03.2018;17:00;18:00;-;-;0
18.03.2018;18:00;19:00;-;-;0
18.03.2018;19:00;20:00;-;-;0
18.03.2018;20:00;21:00;-;-;0
18.03.2018;21:00;22:00;-;-;0
18.03.2018;22:00;23:00;-;-;0
18.03.2018;23:00;00:00;-;-;0
19.03.2018;00:00;01:00;-;-;0
19.03.2018;01:00;02:00;-;-;0
19.03.2018;02:00;03:00;-;-;0
19.03.2018;03:00;04:00;-;-;0
19.03.2018;04:00;05:00;-;-;0
19.03.2018;05:00;06:00;-;-;0
19.03.2018;06:00;07:00;-;-;0
19.03.2018;07:00;08:00;-;-;0
19.03.2018;08:00;09:00;-;-;0
19.03.2018;09:00;10:00;-;-;0
19.03.2018;10:00;11:00;-;-;0
19.03.2018;11:00;12:00;-;-;0
19.03.2018;12:00;13:00;-;-;0
19.03.2018;13:00;14:00;-;-;0
19.03.2018;14:00;15:00;-;-;0
19.03.2018;15:00;16:00;-;-;0
19.03.2018;16:00;17:00;-;-;0
19.03.2018;17:00;18:00;-;-;0
19.03.2018;18:00;19:00;-;-;0
19.03.2018;19:00;20:00;-;-;0
19.03.2018;20:00;21:00;-;-;0
19.03.2018;21:00;22:00;-;-;0
19.03.2018;22:00;23:00;-;-;0
19.03.2018;23:00;00:00;-;-;0
20.03.2018;00:00;01:00;-;-;0
20.03.2018;01:00;02:00;-;-;0
20.03.2018;02:00;03:00;-;-;0
20.03.2018;03:00;04:00;-;-;0
20.03.2018;04:00;05:00;-;-;0
20.03.2018;05:00;06:00;-;-;0
20.03.2018;06:00;07:00;-;-;0
20.03.2018;07:00;08:00;-;-;0
20.03.2018;08:00;09:00;-;-;0
20.03.2018;09:00;10:00;-;-;0
20.03.2018;10:00;11:00;-;-;0
20.03.2018;11:00;12:00;-;-;0
20.03.2018;12:00;13:00;-;-;0
20.03.2018;13:00;14:00;-;-;0
20.03.2018;14:00;15:00;-;-;0
20.03.2018;15:00;16:00;-;-;0
20.03.2018;16:00;17:00;-;-;0
20.03.2018;17:00;18:00;-;-;0
20.03.2018;18:00;19:00;-;-;0
20.03.2018;19:00;20:00;-;-;0
20.03.2018;20:00;21:00;-;-;0
20.03.2018;21:00;22:00;-;-;0
20.03.2018;22:00;23:00;-;-;0
20.03.2018;23:00;00:00;-;-;0
21.03.2018;00:00;01:00;-;-;0
21.03.2018;01:00;02:00;-;-;0
21.03.2018;02:00;03:00;-;-;0
21.03.2018;03:00;04:00;-;-;0
21.03.2018;04:00;05:00;-;-;0
21.03.2018;05:00;06:00;-;-;0
21.03.2018;06:00;07:00;-;-;0
21.03.2018;07:00;08:00;-;-;0
21.03.2018;08:00;09:00;-;-;0
21.03.2018;09:00;10:00;-;-;0
21.03.2018;10:00;11:00;-;-;0
21.03.2018;11:00;12:00;-;-;0
21.03.2018;12:00;13:00;-;-;0
21.03.2018;13:00;14:00;-;-;0
21.03.2018;14:00;15:00;-;-;0
21.03.2018;15:00;16:00;-;-;0
21.03.2018;16:00;17:00;-;-;0
21.03.2018;17:00;18:00;-;-;0
21.03.2018;18:00;19:00;-;-;0
21.03.2018;19:00;20:00;-;-;0
21.03.2018;20:00;21:00;-;-;0
21.03.2018;21:00;22:00;-;-;0
21.03.2018;22:00;23:00;-;-;0
21.03.2018;23:00;00:00;-;-;0
22.03.2018;00:00;01:00;-;-;0
22.03.2018;01:00;02:00;-;-;0
22.03.2018;02:00;03:00;-;-;0
22.03.2018;03:00;04:00;-;-;0
22.03.2018;04:00;05:00;-;-;0
22.03.2018;05:00;06:00;-;-;0
22.03.2018;06:00;07:00;-;-;0
22.03.2018;07:00;08:00;-;-;0
22.03.2018;08:00;09:00;-;-;0
22.03.2018;09:00;10:00;-;-;0
22.03.2018;10:00;11:00;-;-;0
22.03.2018;11:00;12:00;-;-;0
22.03.2018;12:00;13:00;-;-;0
22.03.2018;13:00;14:00;-;-;0
22.03.2018;14:00;15:00;-;-;0
22.03.2018;15:00;16:00;-;-;0
22.03.2018;16:00;17:00;-;-;0
22.03.2018;17:00;18:00;-;-;0
22.03.2018;18:00;19:00;-;-;0
22.03.2018;19:00;20:00;-;-;0
22.03.2018;20:00;21:00;-;-;0
22.03.2018;21:00;22:00;-;-;0
22.03.2018;22:00;23:00;-;-;0
22.03.2018;23:00;00:00;-;-;0
23.03.2018;00:00;01:00;-;-;0
23.03.2018;01:00;02:00;-;-;0
23.03.2018;02:00;03:00;-;-;0
23.03.2018;03:00;04:00;-;-;0
23.03.2018;04:00;05:00;-;-;0
23.03.2018;05:00;06:00;-;-;0
23.03.2018;06:00;07:00;-;-;0
23.03.2018;07:00;08:00;-;-;0
23.03.2018;08:00;09:00;-;-;0
23.03.2018;09:00;10:00;-;-;0
23.03.2018;10:00;11:00;-;-;0
23.03.2018;11:00;12:00;-;-;0
23.03.2018;12:00;13:00;-;-;0
23.03.2018;13:00;14:00;-;-;0
23.03.2018;14:00;15:00;-;-;0
23.03.2018;15:00;16:00;-;-;0
23.03.2018;16:00;17:00;-;-;0
23.03.2018;17:00;18:00;-;-;0
23.03.2018;18:00;19:00;-;-;0
23.03.2018;19:00;20:00;-;-;0
23.03.2018;20:00;21:00;-;-;0
23.03.2018;21:00;22:00;-;-;0
23.03.2018;22:00;23:00;-;-;0
23.03.2018;23:00;00:00;-;-;0
24.03.2018;00:00;01:00;-;-;0
24.03.2018;01:00;02:00;-;-;0
24.03.2018;02:00;03:00;-;-;0
24.03.2018;03:00;04:00;-;-;0
24.03.2018;04:00;05:00;-;-;0
24.03.2018;05:00;06:00;-;-;0
24.03.2018;06:00;07:00;-;-;0
24.03.2018;07:00;08:00;-;-;0
24.03.2018;08:00;09:00;-;-;0
24.03.2018;09:00;10:00;-;-;0
24.03.2018;10:00;11:00;-;-;0
24.03.2018;11:00;12:00;-;-;0
24.03.2018;12:00;13:00;-;-;0
24.03.2018;13:00;14:00;-;-;0
24.03.2018;14:00;15:00;-;-;0
24.03.2018;15:00;16:00;-;-;0
24.03.2018;16:00;17:00;-;-;0
24.03.2018;17:00;18:00;-;-;0
24.03.2018;18:00;19:00;-;-;0
24.03.2018;19:00;20:00;-;-;0
24.03.2018;20:00;21:00;-;-;0
24.03.2018;21:00;22:00;-;-;0
24.03.2018;22:00;23:00;-;-;0
24.03.2018;23:00;00:00;-;-;0
25.03.2018;00:00;01:00;-;-;0
25.03.2018;01:00;02:00;-;-;0
25.03.2018;03:00;04:00;-;-;0
25.03.2018;04:00;05:00;-;-;0
25.03.2018;05:00;06:00;-;-;0
25.03.2018;06:00;07:00;-;-;0
25.03.2018;07:00;08:00;-;-;0
25.03.2018;08:00;09:00;-;-;0
25.03.2018;09:00;10:00;-;-;0
25.03.2018;10:00;11:00;-;-;0
25.03.2018;11:00;12:00;-;-;0
25.03.2018;12:00;13:00;-;-;0
25.03.2018;13:00;14:00;-;-;0
25.03.2018;14:00;15:00;-;-;0
25.03.2018;15:00;16:00;-;-;0
25.03.2018;16:00;17:00;-;-;0
25.03.2018;17:00;18:00;-;-;0
25.03.2018;18:00;19:00;-;-;0
25.03.2018;19:00;20:00;-;-;0
25.03.2018;20:00;21:00;-;-;0
25.03.2018;21:00;22:00;-;-;0
25.03.2018;22:00;23:00;-;-;0
25.03.2018;23:00;00:00;-;-;0
26.03.2018;00:00;01:00;-;-;0
26.03.2018;01:00;02:00;-;-;0
26.03.2018;02:00;03:00;-;-;0
26.03.2018;03:00;04:00;-;-;0
26.03.2018;04:00;05:00;-;-;0
26.03.2018;05:00;06:00;-;-;0
26.03.2018;06:00;07:00;-;-;0
26.03.2018;07:00;08:00;-;-;0
26.03.2018;08:00;09:00;-;-;0
26.03.2018;09:00;10:00;-;-;0
26.03.2018;10:00;11:00;-;-;0
26.03.2018;11:00;12:00;-;-;0
26.03.2018;12:00;13:00;-;-;0
26.03.2018;13:00;14:00;-;-;0
26.03.2018;14:00;15:00;-;-;0
26.03.2018;15:00;16:00;-;-;0
26.03.2018;16:00;17:00;-;-;0
26.03.2018;17:00;18:00;-;-;0
26.03.2018;18:00;19:00;-;-;0
26.03.2018;19:00;20:00;-;-;0
26.03.2018;20:00;21:00;-;-;0
26.03.2018;21:00;22:00;-;-;0
26.03.2018;22:00;23:00;-;-;0
26.03.2018;23:00;00:00;-;-;0
27.03.2018;00:00;01:00;-;-;0
27.03.2018;01:00;02:00;-;-;0
27.03.2018;02:00;03:00;-;-;0
27.03.2018;03:00;04:00;-;-;0
27.03.2018;04:00;05:00;-;-;0
27.03.2018;05:00;06:00;-;-;0
27.03.2018;06:00;07:00;-;-;0
27.03.2018;07:00;08:00;-;-;0
27.03.2018;08:00;09:00;-;-;0
27.03.2018;09:00;10:00;-;-;0
27.03.2018;10:00;11:00;-;-;0
27.03.2018;11:00;12:00;-;-;0
27.03.2018;12:00;13:00;-;-;0
27.03.2018;13:00;14:00;-;-;0
27.03.2018;14:00;15:00;-;-;0
27.03.2018;15:00;16:00;-;-;0
27.03.2018;16:00;17:00;-;-;0
27.03.2018;17:00;18:00;-;-;0
27.03.2018;18:00;19:00;-;-;0
27.03.2018;19:00;20:00;-;-;0
27.03.2018;20:00;21:00;-;-;0
27.03.2018;21:00;22:00;-;-;0
27.03.2018;22:00;23:00;-;-;0
27.03.2018;23:00;00:00;-;-;0
28.03.2018;00:00;01:00;-;-;0
28.03.2018;01:00;02:00;-;-;0
28.03.2018;02:00;03:00;-;-;0
28.03.2018;03:00;04:00;-;-;0
28.03.2018;04:00;05:00;-;-;0
28.03.2018;05:00;06:00;-;-;0
28.03.2018;06:00;07:00;-;-;0
28.03.2018;07:00;08:00;-;-;0
28.03.2018;08:00;09:00;-;-;0
28.03.2018;09:00;10:00;-;-;0
28.03.2018;10:00;11:00;-;-;0
28.03.2018;11:00;12:00;-;-;0
28.03.2018;12:00;13:00;-;-;0
28.03.2018;13:00;14:00;-;-;0
28.03.2018;14:00;15:00;-;-;0
28.03.2018;15:00;16:00;-;-;0
28.03.2018;16:00;17:00;-;-;0
28.03.2018;17:00;18:00;-;-;0
28.03.2018;18:00;19:00;-;-;0
28.03.2018;19:00;20:00;-;-;0
28.03.2018;20:00;21:00;-;-;0
28.03.2018;21:00;22:00;-;-;0
28.03.2018;22:00;23:00;-;-;0
28.03.2018;23:00;00:00;-;-;0
29.03.2018;00:00;01:00;-;-;0
29.03.2018;01:00;02:00;-;-;0
29.03.2018;02:00;03:00;-;-;0
29.03.2018;03:00;04:00;-;-;0
29.03.2018;04:00;05:00;-;-;0
29.03.2018;05:00;06:00;-;-;0
29.03.2018;06:00;07:00;-;-;0
29.03.2018;07:00;08:00;-;-;0
29.03.2018;08:00;09:00;-;-;0
29.03.2018;09:00;10:00;-;-;0
29.03.2018;10:00;11:00;-;-;0
29.03.2018;11:00;12:00;-;-;0
29.03.2018;12:00;13:00;-;-;0
29.03.2018;13:00;14:00;-;-;0
29.03.2018;14:00;15:00;-;-;0
29.03.2018;15:00;16:00;-;-;0
29.03.2018;16:00;17:00;-;-;0
29.03.2018;17:00;18:00;-;-;0
29.03.2018;18:00;19:00;-;-;0
29.03.2018;19:00;20:00;-;-;0
29.03.2018;20:00;21:00;-;-;0
29.03.2018;21:00;22:00;-;-;0
29.03.2018;22:00;23:00;-;-;0
29.03.2018;23:00;00:00;-;-;0
30.03.2018;00:00;01:00;-;-;0
30.03.2018;01:00;02:00;-;-;0
30.03.2018;02:00;03:00;-;-;0
30.03.2018;03:00;04:00;-;-;0
30.03.2018;04:00;05:00;-;-;0
30.03.2018;05:00;06:00;-;-;0
30.03.2018;06:00;07:00;-;-;0
30.03.2018;07:00;08:00;-;-;0
30.03.2018;08:00;09:00;-;-;0
30.03.2018;09:00;10:00;-;-;0
30.03.2018;10:00;11:00;-;-;0
30.03.2018;11:00;12:00;-;-;0
30.03.2018;12:00;13:00;-;-;0
30.03.2018;13:00;14:00;-;-;0
30.03.2018;14:00;15:00;-;-;0
30.03.2018;15:00;16:00;-;-;0
30.03.2018;16:00;17:00;-;-;0
30.03.2018;17:00;18:00;-;-;0
30.03.2018;18:00;19:00;-;-;0
30.03.2018;19:00;20:00;-;-;0
30.03.2018;20:00;21:00;-;-;0
30.03.2018;21:00;22:00;-;-;0
30.03.2018;22:00;23:00;-;-;0
30.03.2018;23:00;00:00;-;-;0
31.03.2018;00:00;01:00;-;-;-
31.03.2018;01:00;02:00;-;-;-
31.03.2018;02:00;03:00;-;-;-
31.03.2018;03:00;04:00;-;-;-
31.03.2018;04:00;05:00;-;-;-
31.03.2018;05:00;06:00;-;-;-
31.03.2018;06:00;07:00;-;-;-
31.03.2018;07:00;08:00;-;-;-
31.03.2018;08:00;09:00;-;-;-
31.03.2018;09:00;10:00;-;-;-
31.03.2018;10:00;11:00;-;-;-
31.03.2018;11:00;12:00;-;-;-
31.03.2018;12:00;13:00;-;-;-
31.03.2018;13:00;14:00;-;-;-
31.03.2018;14:00;15:00;-;-;-
31.03.2018;15:00;16:00;-;-;-
31.03.2018;16:00;17:00;-;-;-
31.03.2018;17:00;18:00;-;-;-
31.03.2018;18:00;19:00;-;-;-
31.03.2018;19:00;20:00;-;-;-
31.03.2018;20:00;21:00;-;-;-
31.03.2018;21:00;22:00;-;-;-
31.03.2018;22:00;23:00;-;-;-
31.03.2018;23:00;00:00;-;-;-
01.04.2018;00:00;01:00;-;-;0
01.04.2018;01:00;02:00;-;-;0
01.04.2018;02:00;03:00;-;-;0
01.04.2018;03:00;04:00;-;-;0
01.04.2018;04:00;05:00;-;-;0
01.04.2018;05:00;06:00;-;-;0
01.04.2018;06:00;07:00;-;-;0
01.04.2018;07:00;08:00;-;-;0
01.04.2018;08:00;09:00;-;-;0
01.04.2018;09:00;10:00;-;-;0
01.04.2018;10:00;11:00;-;-;0
01.04.2018;11:00;12:00;-;-;0
01.04.2018;12:00;13:00;-;-;0
01.04.2018;13:00;14:00;-;-;0
01.04.2018;14:00;15:00;-;-;0
01.04.2018;15:00;16:00;-;-;0
01.04.2018;16:00;17:00;-;-;0
01.04.2018;17:00;18:00;-;-;0
01.04.2018;18:00;19:00;-;-;0
01.04.2018;19:00;20:00;-;-;0
01.04.2018;20:00;21:00;-;-;0
01.04.2018;21:00;22:00;-;-;0
01.04.2018;22:00;23:00;-;-;0
01.04.2018;23:00;00:00;-;-;0
02.04.2018;00:00;01:00;-;-;0
02.04.2018;01:00;02:00;-;-;0
02.04.2018;02:00;03:00;-;-;0
02.04.2018;03:00;04:00;-;-;0
02.04.2018;04:00;05:00;-;-;0
02.04.2018;05:00;06:00;-;-;0
02.04.2018;06:00;07:00;-;-;0
02.04.2018;07:00;08:00;-;-;0
02.04.2018;08:00;09:00;-;-;0
02.04.2018;09:00;10:00;-;-;0
02.04.2018;10:00;11:00;-;-;0
02.04.2018;11:00;12:00;-;-;0
02.04.2018;12:00;13:00;-;-;0
02.04.2018;13:00;14:00;-;-;0
02.04.2018;14:00;15:00;-;-;0
02.04.2018;15:00;16:00;-;-;0
02.04.2018;16:00;17:00;-;-;0
02.04.2018;17:00;18:00;-;-;0
02.04.2018;18:00;19:00;-;-;0
02.04.2018;19:00;20:00;-;-;0
02.04.2018;20:00;21:00;-;-;0
02.04.2018;21:00;22:00;-;-;0
02.04.2018;22:00;23:00;-;-;0
02.04.2018;23:00;00:00;-;-;0
03.04.2018;00:00;01:00;-;-;0
03.04.2018;01:00;02:00;-;-;0
03.04.2018;02:00;03:00;-;-;0
03.04.2018;03:00;04:00;-;-;0
03.04.2018;04:00;05:00;-;-;0
03.04.2018;05:00;06:00;-;-;0
03.04.2018;06:00;07:00;-;-;0
03.04.2018;07:00;08:00;-;-;0
03.04.2018;08:00;09:00;-;-;0
03.04.2018;09:00;10:00;-;-;0
03.04.2018;10:00;11:00;-;-;0
03.04.2018;11:00;12:00;-;-;0
03.04.2018;12:00;13:00;-;-;0
03.04.2018;13:00;14:00;-;-;0
03.04.2018;14:00;15:00;-;-;0
03.04.2018;15:00;16:00;-;-;0
03.04.2018;16:00;17:00;-;-;0
03.04.2018;17:00;18:00;-;-;0
03.04.2018;18:00;19:00;-;-;0
03.04.2018;19:00;20:00;-;-;0
03.04.2018;20:00;21:00;-;-;0
03.04.2018;21:00;22:00;-;-;0
03.04.2018;22:00;23:00;-;-;0
03.04.2018;23:00;00:00;-;-;0
04.04.2018;00:00;01:00;-;-;0
04.04.2018;01:00;02:00;-;-;0
04.04.2018;02:00;03:00;-;-;0
04.04.2018;03:00;04:00;-;-;0
04.04.2018;04:00;05:00;-;-;0
04.04.2018;05:00;06:00;-;-;0
04.04.2018;06:00;07:00;-;-;0
04.04.2018;07:00;08:00;-;-;0
04.04.2018;08:00;09:00;-;-;0
04.04.2018;09:00;10:00;-;-;0
04.04.2018;10:00;11:00;-;-;0
04.04.2018;11:00;12:00;-;-;0
04.04.2018;12:00;13:00;-;-;0
04.04.2018;13:00;14:00;-;-;0
04.04.2018;14:00;15:00;-;-;0
04.04.2018;15:00;16:00;-;-;0
04.04.2018;16:00;17:00;-;-;0
04.04.2018;17:00;18:00;-;-;0
04.04.2018;18:00;19:00;-;-;0
04.04.2018;19:00;20:00;-;-;0
04.04.2018;20:00;21:00;-;-;0
04.04.2018;21:00;22:00;-;-;0
04.04.2018;22:00;23:00;-;-;0
04.04.2018;23:00;00:00;-;-;0
05.04.2018;00:00;01:00;-;-;0
05.04.2018;01:00;02:00;-;-;0
05.04.2018;02:00;03:00;-;-;0
05.04.2018;03:00;04:00;-;-;0
05.04.2018;04:00;05:00;-;-;0
05.04.2018;05:00;06:00;-;-;0
05.04.2018;06:00;07:00;-;-;0
05.04.2018;07:00;08:00;-;-;0
05.04.2018;08:00;09:00;-;-;0
05.04.2018;09:00;10:00;-;-;0
05.04.2018;10:00;11:00;-;-;0
05.04.2018;11:00;12:00;-;-;0
05.04.2018;12:00;13:00;-;-;0
05.04.2018;13:00;14:00;-;-;0
05.04.2018;14:00;15:00;-;-;0
05.04.2018;15:00;16:00;-;-;0
05.04.2018;16:00;17:00;-;-;0
05.04.2018;17:00;18:00;-;-;0
05.04.2018;18:00;19:00;-;-;0
05.04.2018;19:00;20:00;-;-;0
05.04.2018;20:00;21:00;-;-;0
05.04.2018;21:00;22:00;-;-;0
05.04.2018;22:00;23:00;-;-;0
05.04.2018;23:00;00:00;-;-;0
06.04.2018;00:00;01:00;-;-;0
06.04.2018;01:00;02:00;-;-;0
06.04.2018;02:00;03:00;-;-;0
06.04.2018;03:00;04:00;-;-;0
06.04.2018;04:00;05:00;-;-;0
06.04.2018;05:00;06:00;-;-;0
06.04.2018;06:00;07:00;-;-;0
06.04.2018;07:00;08:00;-;-;0
06.04.2018;08:00;09:00;-;-;0
06.04.2018;09:00;10:00;-;-;0
06.04.2018;10:00;11:00;-;-;0
06.04.2018;11:00;12:00;-;-;0
06.04.2018;12:00;13:00;-;-;0
06.04.2018;13:00;14:00;-;-;0
06.04.2018;14:00;15:00;-;-;0
06.04.2018;15:00;16:00;-;-;0
06.04.2018;16:00;17:00;-;-;0
06.04.2018;17:00;18:00;-;-;0
06.04.2018;18:00;19:00;-;-;0
06.04.2018;19:00;20:00;-;-;0
06.04.2018;20:00;21:00;-;-;0
06.04.2018;21:00;22:00;-;-;0
06.04.2018;22:00;23:00;-;-;0
06.04.2018;23:00;00:00;-;-;0
07.04.2018;00:00;01:00;-;-;0
07.04.2018;01:00;02:00;-;-;0
07.04.2018;02:00;03:00;-;-;0
07.04.2018;03:00;04:00;-;-;0
07.04.2018;04:00;05:00;-;-;0
07.04.2018;05:00;06:00;-;-;0
07.04.2018;06:00;07:00;-;-;0
07.04.2018;07:00;08:00;-;-;0
07.04.2018;08:00;09:00;-;-;0
07.04.2018;09:00;10:00;-;-;0
07.04.2018;10:00;11:00;-;-;0
07.04.2018;11:00;12:00;-;-;0
07.04.2018;12:00;13:00;-;-;0
07.04.2018;13:00;14:00;-;-;0
07.04.2018;14:00;15:00;-;-;0
07.04.2018;15:00;16:00;-;-;0
07.04.2018;16:00;17:00;-;-;0
07.04.2018;17:00;18:00;-;-;0
07.04.2018;18:00;19:00;-;-;0
07.04.2018;19:00;20:00;-;-;0
07.04.2018;20:00;21:00;-;-;0
07.04.2018;21:00;22:00;-;-;0
07.04.2018;22:00;23:00;-;-;0
07.04.2018;23:00;00:00;-;-;0
08.04.2018;00:00;01:00;-;-;0
08.04.2018;01:00;02:00;-;-;0
08.04.2018;02:00;03:00;-;-;0
08.04.2018;03:00;04:00;-;-;0
08.04.2018;04:00;05:00;-;-;0
08.04.2018;05:00;06:00;-;-;0
08.04.2018;06:00;07:00;-;-;0
08.04.2018;07:00;08:00;-;-;0
08.04.2018;08:00;09:00;-;-;0
08.04.2018;09:00;10:00;-;-;0
08.04.2018;10:00;11:00;-;-;0
08.04.2018;11:00;12:00;-;-;0
08.04.2018;12:00;13:00;-;-;0
08.04.2018;13:00;14:00;-;-;0
08.04.2018;14:00;15:00;-;-;0
08.04.2018;15:00;16:00;-;-;0
08.04.2018;16:00;17:00;-;-;0
08.04.2018;17:00;18:00;-;-;0
08.04.2018;18:00;19:00;-;-;0
08.04.2018;19:00;20:00;-;-;0
08.04.2018;20:00;21:00;-;-;0
08.04.2018;21:00;22:00;-;-;0
08.04.2018;22:00;23:00;-;-;0
08.04.2018;23:00;00:00;-;-;0
09.04.2018;00:00;01:00;-;-;0
09.04.2018;01:00;02:00;-;-;0
09.04.2018;02:00;03:00;-;-;0
09.04.2018;03:00;04:00;-;-;0
09.04.2018;04:00;05:00;-;-;0
09.04.2018;05:00;06:00;-;-;0
09.04.2018;06:00;07:00;-;-;0
09.04.2018;07:00;08:00;-;-;0
09.04.2018;08:00;09:00;-;-;0
09.04.2018;09:00;10:00;-;-;0
09.04.2018;10:00;11:00;-;-;0
09.04.2018;11:00;12:00;-;-;0
09.04.2018;12:00;13:00;-;-;0
09.04.2018;13:00;14:00;-;-;0
09.04.2018;14:00;15:00;-;-;0
09.04.2018;15:00;16:00;-;-;0
09.04.2018;16:00;17:00;-;-;0
09.04.2018;17:00;18:00;-;-;0
09.04.2018;18:00;19:00;-;-;0
09.04.2018;19:00;20:00;-;-;0
09.04.2018;20:00;21:00;-;-;0
09.04.2018;21:00;22:00;-;-;0
09.04.2018;22:00;23:00;-;-;0
09.04.2018;23:00;00:00;-;-;0
10.04.2018;00:00;01:00;-;-;0
10.04.2018;01:00;02:00;-;-;0
10.04.2018;02:00;03:00;-;-;0
10.04.2018;03:00;04:00;-;-;0
10.04.2018;04:00;05:00;-;-;0
10.04.2018;05:00;06:00;-;-;0
10.04.2018;06:00;07:00;-;-;0
10.04.2018;07:00;08:00;-;-;0
10.04.2018;08:00;09:00;-;-;0
10.04.2018;09:00;10:00;-;-;0
10.04.2018;10:00;11:00;-;-;0
10.04.2018;11:00;12:00;-;-;0
10.04.2018;12:00;13:00;-;-;0
10.04.2018;13:00;14:00;-;-;0
10.04.2018;14:00;15:00;-;-;0
10.04.2018;15:00;16:00;-;-;0
10.04.2018;16:00;17:00;-;-;0
10.04.2018;17:00;18:00;-;-;0
10.04.2018;18:00;19:00;-;-;0
10.04.2018;19:00;20:00;-;-;0
10.04.2018;20:00;21:00;-;-;0
10.04.2018;21:00;22:00;-;-;0
10.04.2018;22:00;23:00;-;-;0
10.04.2018;23:00;00:00;-;-;0
11.04.2018;00:00;01:00;-;-;-
11.04.2018;01:00;02:00;-;-;-
11.04.2018;02:00;03:00;-;-;-
11.04.2018;03:00;04:00;-;-;-
11.04.2018;04:00;05:00;-;-;-
11.04.2018;05:00;06:00;-;-;-
11.04.2018;06:00;07:00;-;-;-
11.04.2018;07:00;08:00;-;-;-
11.04.2018;08:00;09:00;-;-;-
11.04.2018;09:00;10:00;-;-;-
11.04.2018;10:00;11:00;-;-;-
11.04.2018;11:00;12:00;-;-;-
11.04.2018;12:00;13:00;-;-;-
11.04.2018;13:00;14:00;-;-;-
11.04.2018;14:00;15:00;-;-;-
11.04.2018;15:00;16:00;-;-;-
11.04.2018;16:00;17:00;-;-;-
11.04.2018;17:00;18:00;-;-;-
11.04.2018;18:00;19:00;-;-;-
11.04.2018;19:00;20:00;-;-;-
11.04.2018;20:00;21:00;-;-;-
11.04.2018;21:00;22:00;-;-;-
11.04.2018;22:00;23:00;-;-;-
11.04.2018;23:00;00:00;-;-;-
12.04.2018;00:00;01:00;-;-;-
12.04.2018;01:00;02:00;-;-;-
12.04.2018;02:00;03:00;-;-;-
12.04.2018;03:00;04:00;-;-;-
12.04.2018;04:00;05:00;-;-;-
12.04.2018;05:00;06:00;-;-;-
12.04.2018;06:00;07:00;-;-;-
12.04.2018;07:00;08:00;-;-;-
12.04.2018;08:00;09:00;-;-;-
12.04.2018;09:00;10:00;-;-;-
12.04.2018;10:00;11:00;-;-;-
12.04.2018;11:00;12:00;-;-;-
12.04.2018;12:00;13:00;-;-;-
12.04.2018;13:00;14:00;-;-;-
12.04.2018;14:00;15:00;-;-;-
12.04.2018;15:00;16:00;-;-;-
12.04.2018;16:00;17:00;-;-;-
12.04.2018;17:00;18:00;-;-;-
12.04.2018;18:00;19:00;-;-;-
12.04.2018;19:00;20:00;-;-;-
12.04.2018;20:00;21:00;-;-;-
12.04.2018;21:00;22:00;-;-;-
12.04.2018;22:00;23:00;-;-;-
12.04.2018;23:00;00:00;-;-;-
13.04.2018;00:00;01:00;-;-;-
13.04.2018;01:00;02:00;-;-;-
13.04.2018;02:00;03:00;-;-;-
13.04.2018;03:00;04:00;-;-;-
13.04.2018;04:00;05:00;-;-;-
13.04.2018;05:00;06:00;-;-;-
13.04.2018;06:00;07:00;-;-;-
13.04.2018;07:00;08:00;-;-;-
13.04.2018;08:00;09:00;-;-;-
13.04.2018;09:00;10:00;-;-;-
13.04.2018;10:00;11:00;-;-;-
13.04.2018;11:00;12:00;-;-;-
13.04.2018;12:00;13:00;-;-;-
13.04.2018;13:00;14:00;-;-;-
13.04.2018;14:00;15:00;-;-;-
13.04.2018;15:00;16:00;-;-;-
13.04.2018;16:00;17:00;-;-;-
13.04.2018;17:00;18:00;-;-;-
13.04.2018;18:00;19:00;-;-;-
13.04.2018;19:00;20:00;-;-;-
13.04.2018;20:00;21:00;-;-;-
13.04.2018;21:00;22:00;-;-;-
13.04.2018;22:00;23:00;-;-;-
13.04.2018;23:00;00:00;-;-;-
14.04.2018;00:00;01:00;-;-;-
14.04.2018;01:00;02:00;-;-;-
14.04.2018;02:00;03:00;-;-;-
14.04.2018;03:00;04:00;-;-;-
14.04.2018;04:00;05:00;-;-;-
14.04.2018;05:00;06:00;-;-;-
14.04.2018;06:00;07:00;-;-;-
14.04.2018;07:00;08:00;-;-;-
14.04.2018;08:00;09:00;-;-;-
14.04.2018;09:00;10:00;-;-;-
14.04.2018;10:00;11:00;-;-;-
14.04.2018;11:00;12:00;-;-;-
14.04.2018;12:00;13:00;-;-;-
14.04.2018;13:00;14:00;-;-;-
14.04.2018;14:00;15:00;-;-;-
14.04.2018;15:00;16:00;-;-;-
14.04.2018;16:00;17:00;-;-;-
14.04.2018;17:00;18:00;-;-;-
14.04.2018;18:00;19:00;-;-;-
14.04.2018;19:00;20:00;-;-;-
14.04.2018;20:00;21:00;-;-;-
14.04.2018;21:00;22:00;-;-;-
14.04.2018;22:00;23:00;-;-;-
14.04.2018;23:00;00:00;-;-;-
15.04.2018;00:00;01:00;-;-;-
15.04.2018;01:00;02:00;-;-;-
15.04.2018;02:00;03:00;-;-;-
15.04.2018;03:00;04:00;-;-;-
15.04.2018;04:00;05:00;-;-;-
15.04.2018;05:00;06:00;-;-;-
15.04.2018;06:00;07:00;-;-;-
15.04.2018;07:00;08:00;-;-;-
15.04.2018;08:00;09:00;-;-;-
15.04.2018;09:00;10:00;-;-;-
15.04.2018;10:00;11:00;-;-;-
15.04.2018;11:00;12:00;-;-;-
15.04.2018;12:00;13:00;-;-;-
15.04.2018;13:00;14:00;-;-;-
15.04.2018;14:00;15:00;-;-;-
15.04.2018;15:00;16:00;-;-;-
15.04.2018;16:00;17:00;-;-;-
15.04.2018;17:00;18:00;-;-;-
15.04.2018;18:00;19:00;-;-;-
15.04.2018;19:00;20:00;-;-;-
15.04.2018;20:00;21:00;-;-;-
15.04.2018;21:00;22:00;-;-;-
15.04.2018;22:00;23:00;-;-;-
15.04.2018;23:00;00:00;-;-;-
