Datum;Anfang;Ende;Generation_DE Block A [MW] Originalauflösungen;Generation_DE Block B [MW] Originalauflösungen
01.01.2017;00:00;01:00;0;0
01.01.2017;01:00;02:00;0;0
01.01.2017;02:00;03:00;0;0
01.01.2017;03:00;04:00;0;0
01.01.2017;04:00;05:00;0;0
01.01.2017;05:00;06:00;0;0
01.01.2017;06:00;07:00;0;0
01.01.2017;07:00;08:00;0;0
01.01.2017;08:00;09:00;0;0
01.01.2017;09:00;10:00;0;0
01.01.2017;10:00;11:00;0;0
01.01.2017;11:00;12:00;0;0
01.01.2017;12:00;13:00;0;0
01.01.2017;13:00;14:00;0;0
01.01.2017;14:00;15:00;0;0
01.01.2017;15:00;16:00;0;0
01.01.2017;16:00;17:00;0;0
01.01.2017;17:00;18:00;0;0
01.01.2017;18:00;19:00;0;0
01.01.2017;19:00;20:00;0;0
01.01.2017;20:00;21:00;0;0
01.01.2017;21:00;22:00;0;0
01.01.2017;22:00;23:00;0;0
01.01.2017;23:00;00:00;0;0
02.01.2017;00:00;01:00;0;0
02.01.2017;01:00;02:00;0;0
02.01.2017;02:00;03:00;0;0
02.01.2017;03:00;04:00;30;0
02.01.2017;04:00;05:00;211;44
02.01.2017;05:00;06:00;277;266
02.01.2017;06:00;07:00;262;303
02.01.2017;07:00;08:00;320;413
02.01.2017;08:00;09:00;628;642
02.01.2017;09:00;10:00;662;715
02.01.2017;10:00;11:00;664;716
02.01.2017;11:00;12:00;664;716
02.01.2017;12:00;13:00;664;715
02.01.2017;13:00;14:00;664;716
02.01.2017;14:00;15:00;663;720
02.01.2017;15:00;16:00;659;720
02.01.2017;16:00;17:00;660;720
02.01.2017;17:00;18:00;660;720
02.01.2017;18:00;19:00;660;720
02.01.2017;19:00;20:00;660;720
02.01.2017;20:00;21:00;660;720
02.01.2017;21:00;22:00;660;623
02.01.2017;22:00;23:00;545;444
02.01.2017;23:00;00:00;224;235
03.01.2017;00:00;01:00;133;170
03.01.2017;01:00;02:00;124;167
03.01.2017;02:00;03:00;119;165
03.01.2017;03:00;04:00;118;169
03.01.2017;04:00;05:00;118;170
03.01.2017;05:00;06:00;119;170
03.01.2017;06:00;07:00;132;191
03.01.2017;07:00;08:00;363;387
03.01.2017;08:00;09:00;651;533
03.01.2017;09:00;10:00;659;673
03.01.2017;10:00;11:00;627;680
03.01.2017;11:00;12:00;618;522
03.01.2017;12:00;13:00;625;144
03.01.2017;13:00;14:00;332;0
03.01.2017;14:00;15:00;158;0
03.01.2017;15:00;16:00;146;0
03.01.2017;16:00;17:00;183;0
03.01.2017;17:00;18:00;390;0
03.01.2017;18:00;19:00;324;0
03.01.2017;19:00;20:00;46;0
03.01.2017;20:00;21:00;0;0
03.01.2017;21:00;22:00;0;0
03.01.2017;22:00;23:00;0;0
03.01.2017;23:00;00:00;0;0
04.01.2017;00:00;01:00;0;0
04.01.2017;01:00;02:00;0;0
04.01.2017;02:00;03:00;0;0
04.01.2017;03:00;04:00;0;0
04.01.2017;04:00;05:00;0;0
04.01.2017;05:00;06:00;0;0
04.01.2017;06:00;07:00;0;0
04.01.2017;07:00;08:00;0;0
04.01.2017;08:00;09:00;0;0
04.01.2017;09:00;10:00;0;0
04.01.2017;10:00;11:00;0;0
04.01.2017;11:00;12:00;0;0
04.01.2017;12:00;13:00;0;0
04.01.2017;13:00;14:00;203;0
04.01.2017;14:00;15:00;429;204
04.01.2017;15:00;16:00;657;314
04.01.2017;16:00;17:00;659;426
04.01.2017;17:00;18:00;663;700
04.01.2017;18:00;19:00;663;718
04.01.2017;19:00;20:00;602;663
04.01.2017;20:00;21:00;464;583
04.01.2017;21:00;22:00;197;566
04.01.2017;22:00;23:00;256;363
04.01.2017;23:00;00:00;295;293
05.01.2017;00:00;01:00;572;583
05.01.2017;01:00;02:00;513;576
05.01.2017;02:00;03:00;515;574
05.01.2017;03:00;04:00;505;547
05.01.2017;04:00;05:00;471;513
05.01.2017;05:00;06:00;421;492
05.01.2017;06:00;07:00;574;683
05.01.2017;07:00;08:00;665;707
05.01.2017;08:00;09:00;659;706
05.01.2017;09:00;10:00;660;705
05.01.2017;10:00;11:00;661;711
05.01.2017;11:00;12:00;659;709
05.01.2017;12:00;13:00;660;714
05.01.2017;13:00;14:00;658;714
05.01.2017;14:00;15:00;662;713
05.01.2017;15:00;16:00;661;713
05.01.2017;16:00;17:00;659;712
05.01.2017;17:00;18:00;660;713
05.01.2017;18:00;19:00;660;713
05.01.2017;19:00;20:00;660;714
05.01.2017;20:00;21:00;660;716
05.01.2017;21:00;22:00;660;717
05.01.2017;22:00;23:00;660;717
05.01.2017;23:00;00:00;533;567
06.01.2017;00:00;01:00;549;552
06.01.2017;01:00;02:00;514;562
06.01.2017;02:00;03:00;454;500
06.01.2017;03:00;04:00;500;499
06.01.2017;04:00;05:00;503;524
06.01.2017;05:00;06:00;640;703
06.01.2017;06:00;07:00;666;711
06.01.2017;07:00;08:00;666;711
06.01.2017;08:00;09:00;664;710
06.01.2017;09:00;10:00;664;711
06.01.2017;10:00;11:00;665;710
06.01.2017;11:00;12:00;666;712
06.01.2017;12:00;13:00;668;713
06.01.2017;13:00;14:00;663;719
06.01.2017;14:00;15:00;663;719
06.01.2017;15:00;16:00;663;719
06.01.2017;16:00;17:00;660;718
06.01.2017;17:00;18:00;662;719
06.01.2017;18:00;19:00;666;720
06.01.2017;19:00;20:00;664;721
06.01.2017;20:00;21:00;663;686
06.01.2017;21:00;22:00;663;706
06.01.2017;22:00;23:00;643;709
06.01.2017;23:00;00:00;361;464
07.01.2017;00:00;01:00;477;449
07.01.2017;01:00;02:00;474;501
07.01.2017;02:00;03:00;405;490
07.01.2017;03:00;04:00;402;499
07.01.2017;04:00;05:00;336;484
07.01.2017;05:00;06:00;273;411
07.01.2017;06:00;07:00;129;247
07.01.2017;07:00;08:00;118;172
07.01.2017;08:00;09:00;119;193
07.01.2017;09:00;10:00;272;334
07.01.2017;10:00;11:00;553;610
07.01.2017;11:00;12:00;658;720
07.01.2017;12:00;13:00;659;720
07.01.2017;13:00;14:00;660;719
07.01.2017;14:00;15:00;659;719
07.01.2017;15:00;16:00;659;719
07.01.2017;16:00;17:00;659;719
07.01.2017;17:00;18:00;662;719
07.01.2017;18:00;19:00;660;721
07.01.2017;19:00;20:00;660;722
07.01.2017;20:00;21:00;661;720
07.01.2017;21:00;22:00;541;563
07.01.2017;22:00;23:00;550;595
07.01.2017;23:00;00:00;577;605
08.01.2017;00:00;01:00;616;660
08.01.2017;01:00;02:00;461;526
08.01.2017;02:00;03:00;466;525
08.01.2017;03:00;04:00;452;514
08.01.2017;04:00;05:00;428;498
08.01.2017;05:00;06:00;421;479
08.01.2017;06:00;07:00;421;479
08.01.2017;07:00;08:00;523;526
08.01.2017;08:00;09:00;662;685
08.01.2017;09:00;10:00;656;720
08.01.2017;10:00;11:00;657;720
08.01.2017;11:00;12:00;657;720
08.01.2017;12:00;13:00;655;719
08.01.2017;13:00;14:00;655;720
08.01.2017;14:00;15:00;660;719
08.01.2017;15:00;16:00;660;719
08.01.2017;16:00;17:00;659;723
08.01.2017;17:00;18:00;661;721
08.01.2017;18:00;19:00;657;719
08.01.2017;19:00;20:00;661;721
08.01.2017;20:00;21:00;664;721
08.01.2017;21:00;22:00;664;720
08.01.2017;22:00;23:00;665;721
08.01.2017;23:00;00:00;663;720
09.01.2017;00:00;01:00;592;662
09.01.2017;01:00;02:00;442;509
09.01.2017;02:00;03:00;444;504
09.01.2017;03:00;04:00;444;504
09.01.2017;04:00;05:00;443;500
09.01.2017;05:00;06:00;494;503
09.01.2017;06:00;07:00;582;619
09.01.2017;07:00;08:00;650;705
09.01.2017;08:00;09:00;645;707
09.01.2017;09:00;10:00;644;706
09.01.2017;10:00;11:00;644;705
09.01.2017;11:00;12:00;645;705
09.01.2017;12:00;13:00;645;706
09.01.2017;13:00;14:00;645;706
09.01.2017;14:00;15:00;645;705
09.01.2017;15:00;16:00;645;705
09.01.2017;16:00;17:00;645;705
09.01.2017;17:00;18:00;645;705
09.01.2017;18:00;19:00;645;706
09.01.2017;19:00;20:00;644;706
09.01.2017;20:00;21:00;642;671
09.01.2017;21:00;22:00;361;400
09.01.2017;22:00;23:00;307;370
09.01.2017;23:00;00:00;307;370
10.01.2017;00:00;01:00;202;271
10.01.2017;01:00;02:00;120;177
10.01.2017;02:00;03:00;116;170
10.01.2017;03:00;04:00;117;168
10.01.2017;04:00;05:00;117;170
10.01.2017;05:00;06:00;187;231
10.01.2017;06:00;07:00;463;524
10.01.2017;07:00;08:00;642;689
10.01.2017;08:00;09:00;642;699
10.01.2017;09:00;10:00;643;698
10.01.2017;10:00;11:00;644;703
10.01.2017;11:00;12:00;644;704
10.01.2017;12:00;13:00;643;705
10.01.2017;13:00;14:00;643;705
10.01.2017;14:00;15:00;644;704
10.01.2017;15:00;16:00;645;704
10.01.2017;16:00;17:00;648;703
10.01.2017;17:00;18:00;648;704
10.01.2017;18:00;19:00;648;704
10.01.2017;19:00;20:00;648;705
10.01.2017;20:00;21:00;648;703
10.01.2017;21:00;22:00;647;702
10.01.2017;22:00;23:00;648;703
10.01.2017;23:00;00:00;646;702
11.01.2017;00:00;01:00;563;616
11.01.2017;01:00;02:00;490;528
11.01.2017;02:00;03:00;419;478
11.01.2017;03:00;04:00;449;468
11.01.2017;04:00;05:00;497;535
11.01.2017;05:00;06:00;527;595
11.01.2017;06:00;07:00;647;660
11.01.2017;07:00;08:00;648;707
11.01.2017;08:00;09:00;649;704
11.01.2017;09:00;10:00;648;703
11.01.2017;10:00;11:00;649;702
11.01.2017;11:00;12:00;649;703
11.01.2017;12:00;13:00;648;703
11.01.2017;13:00;14:00;648;693
11.01.2017;14:00;15:00;648;701
11.01.2017;15:00;16:00;649;705
11.01.2017;16:00;17:00;648;671
11.01.2017;17:00;18:00;648;704
11.01.2017;18:00;19:00;647;705
11.01.2017;19:00;20:00;469;539
11.01.2017;20:00;21:00;261;321
11.01.2017;21:00;22:00;0;205
11.01.2017;22:00;23:00;0;0
11.01.2017;23:00;00:00;0;0
12.01.2017;00:00;01:00;0;0
12.01.2017;01:00;02:00;0;0
12.01.2017;02:00;03:00;0;0
12.01.2017;03:00;04:00;0;0
12.01.2017;04:00;05:00;0;0
12.01.2017;05:00;06:00;0;0
12.01.2017;06:00;07:00;0;0
12.01.2017;07:00;08:00;116;0
12.01.2017;08:00;09:00;323;0
12.01.2017;09:00;10:00;423;0
12.01.2017;10:00;11:00;591;0
12.01.2017;11:00;12:00;563;0
12.01.2017;12:00;13:00;423;0
12.01.2017;13:00;14:00;424;0
12.01.2017;14:00;15:00;474;267
12.01.2017;15:00;16:00;653;344
12.01.2017;16:00;17:00;648;496
12.01.2017;17:00;18:00;648;675
12.01.2017;18:00;19:00;649;700
12.01.2017;19:00;20:00;646;702
12.01.2017;20:00;21:00;646;704
12.01.2017;21:00;22:00;645;705
12.01.2017;22:00;23:00;644;683
12.01.2017;23:00;00:00;352;340
13.01.2017;00:00;01:00;170;176
13.01.2017;01:00;02:00;133;166
13.01.2017;02:00;03:00;129;168
13.01.2017;03:00;04:00;126;170
13.01.2017;04:00;05:00;126;171
13.01.2017;05:00;06:00;130;170
13.01.2017;06:00;07:00;175;243
13.01.2017;07:00;08:00;376;465
13.01.2017;08:00;09:00;635;689
13.01.2017;09:00;10:00;643;700
13.01.2017;10:00;11:00;638;696
13.01.2017;11:00;12:00;494;557
13.01.2017;12:00;13:00;346;480
13.01.2017;13:00;14:00;348;481
13.01.2017;14:00;15:00;348;481
13.01.2017;15:00;16:00;348;481
13.01.2017;16:00;17:00;347;481
13.01.2017;17:00;18:00;345;475
13.01.2017;18:00;19:00;326;245
13.01.2017;19:00;20:00;328;0
13.01.2017;20:00;21:00;250;0
13.01.2017;21:00;22:00;80;0
13.01.2017;22:00;23:00;0;0
13.01.2017;23:00;00:00;0;0
14.01.2017;00:00;01:00;0;0
14.01.2017;01:00;02:00;0;0
14.01.2017;02:00;03:00;0;0
14.01.2017;03:00;04:00;0;0
14.01.2017;04:00;05:00;0;0
14.01.2017;05:00;06:00;0;0
14.01.2017;06:00;07:00;0;0
14.01.2017;07:00;08:00;0;0
14.01.2017;08:00;09:00;0;0
14.01.2017;09:00;10:00;0;0
14.01.2017;10:00;11:00;0;0
14.01.2017;11:00;12:00;0;0
14.01.2017;12:00;13:00;0;0
14.01.2017;13:00;14:00;0;0
14.01.2017;14:00;15:00;0;0
14.01.2017;15:00;16:00;0;0
14.01.2017;16:00;17:00;0;0
14.01.2017;17:00;18:00;0;0
14.01.2017;18:00;19:00;0;0
14.01.2017;19:00;20:00;0;0
14.01.2017;20:00;21:00;0;0
14.01.2017;21:00;22:00;0;0
14.01.2017;22:00;23:00;0;0
14.01.2017;23:00;00:00;0;0
15.01.2017;00:00;01:00;0;0
15.01.2017;01:00;02:00;0;0
15.01.2017;02:00;03:00;0;0
15.01.2017;03:00;04:00;0;0
15.01.2017;04:00;05:00;0;0
15.01.2017;05:00;06:00;0;0
15.01.2017;06:00;07:00;0;0
15.01.2017;07:00;08:00;0;0
15.01.2017;08:00;09:00;0;0
15.01.2017;09:00;10:00;0;0
15.01.2017;10:00;11:00;0;0
15.01.2017;11:00;12:00;0;0
15.01.2017;12:00;13:00;0;0
15.01.2017;13:00;14:00;0;0
15.01.2017;14:00;15:00;15;0
15.01.2017;15:00;16:00;258;164
15.01.2017;16:00;17:00;428;323
15.01.2017;17:00;18:00;623;610
15.01.2017;18:00;19:00;641;706
15.01.2017;19:00;20:00;641;702
15.01.2017;20:00;21:00;626;655
15.01.2017;21:00;22:00;430;388
15.01.2017;22:00;23:00;369;401
15.01.2017;23:00;00:00;339;395
16.01.2017;00:00;01:00;562;618
16.01.2017;01:00;02:00;545;605
16.01.2017;02:00;03:00;545;550
16.01.2017;03:00;04:00;545;602
16.01.2017;04:00;05:00;548;606
16.01.2017;05:00;06:00;636;694
16.01.2017;06:00;07:00;645;703
16.01.2017;07:00;08:00;645;706
16.01.2017;08:00;09:00;645;704
16.01.2017;09:00;10:00;645;706
16.01.2017;10:00;11:00;645;706
16.01.2017;11:00;12:00;646;706
16.01.2017;12:00;13:00;647;706
16.01.2017;13:00;14:00;645;705
16.01.2017;14:00;15:00;645;705
16.01.2017;15:00;16:00;645;706
16.01.2017;16:00;17:00;645;705
16.01.2017;17:00;18:00;642;705
16.01.2017;18:00;19:00;642;706
16.01.2017;19:00;20:00;640;707
16.01.2017;20:00;21:00;640;704
16.01.2017;21:00;22:00;643;703
16.01.2017;22:00;23:00;646;705
16.01.2017;23:00;00:00;635;702
17.01.2017;00:00;01:00;414;571
17.01.2017;01:00;02:00;298;379
17.01.2017;02:00;03:00;171;209
17.01.2017;03:00;04:00;143;170
17.01.2017;04:00;05:00;183;217
17.01.2017;05:00;06:00;366;364
17.01.2017;06:00;07:00;451;506
17.01.2017;07:00;08:00;452;509
17.01.2017;08:00;09:00;450;504
17.01.2017;09:00;10:00;450;503
17.01.2017;10:00;11:00;451;503
17.01.2017;11:00;12:00;451;502
17.01.2017;12:00;13:00;450;496
17.01.2017;13:00;14:00;450;497
17.01.2017;14:00;15:00;450;497
17.01.2017;15:00;16:00;450;498
17.01.2017;16:00;17:00;450;556
17.01.2017;17:00;18:00;450;369
17.01.2017;18:00;19:00;450;341
17.01.2017;19:00;20:00;450;341
17.01.2017;20:00;21:00;449;342
17.01.2017;21:00;22:00;448;342
17.01.2017;22:00;23:00;444;343
17.01.2017;23:00;00:00;311;342
18.01.2017;00:00;01:00;306;342
18.01.2017;01:00;02:00;306;337
18.01.2017;02:00;03:00;181;213
18.01.2017;03:00;04:00;123;170
18.01.2017;04:00;05:00;121;168
18.01.2017;05:00;06:00;162;221
18.01.2017;06:00;07:00;405;375
18.01.2017;07:00;08:00;449;402
18.01.2017;08:00;09:00;451;402
18.01.2017;09:00;10:00;450;401
18.01.2017;10:00;11:00;450;401
18.01.2017;11:00;12:00;450;401
18.01.2017;12:00;13:00;450;401
18.01.2017;13:00;14:00;450;401
18.01.2017;14:00;15:00;450;401
18.01.2017;15:00;16:00;450;401
18.01.2017;16:00;17:00;450;401
18.01.2017;17:00;18:00;449;400
18.01.2017;18:00;19:00;450;401
18.01.2017;19:00;20:00;450;401
18.01.2017;20:00;21:00;451;402
18.01.2017;21:00;22:00;449;427
18.01.2017;22:00;23:00;450;401
18.01.2017;23:00;00:00;450;400
19.01.2017;00:00;01:00;428;379
19.01.2017;01:00;02:00;436;464
19.01.2017;02:00;03:00;460;396
19.01.2017;03:00;04:00;431;414
19.01.2017;04:00;05:00;500;547
19.01.2017;05:00;06:00;464;508
19.01.2017;06:00;07:00;625;691
19.01.2017;07:00;08:00;645;704
19.01.2017;08:00;09:00;645;704
19.01.2017;09:00;10:00;645;705
19.01.2017;10:00;11:00;646;704
19.01.2017;11:00;12:00;646;706
19.01.2017;12:00;13:00;646;705
19.01.2017;13:00;14:00;647;705
19.01.2017;14:00;15:00;646;702
19.01.2017;15:00;16:00;646;706
19.01.2017;16:00;17:00;646;709
19.01.2017;17:00;18:00;646;709
19.01.2017;18:00;19:00;646;707
19.01.2017;19:00;20:00;647;706
19.01.2017;20:00;21:00;647;706
19.01.2017;21:00;22:00;647;705
19.01.2017;22:00;23:00;646;704
19.01.2017;23:00;00:00;640;703
20.01.2017;00:00;01:00;535;569
20.01.2017;01:00;02:00;418;478
20.01.2017;02:00;03:00;419;478
20.01.2017;03:00;04:00;419;478
20.01.2017;04:00;05:00;420;479
20.01.2017;05:00;06:00;491;478
20.01.2017;06:00;07:00;608;585
20.01.2017;07:00;08:00;645;704
20.01.2017;08:00;09:00;646;707
20.01.2017;09:00;10:00;646;705
20.01.2017;10:00;11:00;645;705
20.01.2017;11:00;12:00;646;705
20.01.2017;12:00;13:00;646;705
20.01.2017;13:00;14:00;646;705
20.01.2017;14:00;15:00;646;705
20.01.2017;15:00;16:00;647;707
20.01.2017;16:00;17:00;646;708
20.01.2017;17:00;18:00;644;705
20.01.2017;18:00;19:00;645;704
20.01.2017;19:00;20:00;646;703
20.01.2017;20:00;21:00;614;675
20.01.2017;21:00;22:00;419;473
20.01.2017;22:00;23:00;421;481
20.01.2017;23:00;00:00;342;400
21.01.2017;00:00;01:00;311;370
21.01.2017;01:00;02:00;311;371
21.01.2017;02:00;03:00;310;370
21.01.2017;03:00;04:00;311;370
21.01.2017;04:00;05:00;317;376
21.01.2017;05:00;06:00;560;624
21.01.2017;06:00;07:00;629;703
21.01.2017;07:00;08:00;574;635
21.01.2017;08:00;09:00;644;705
21.01.2017;09:00;10:00;643;706
21.01.2017;10:00;11:00;643;705
21.01.2017;11:00;12:00;646;705
21.01.2017;12:00;13:00;646;689
21.01.2017;13:00;14:00;645;638
21.01.2017;14:00;15:00;645;699
21.01.2017;15:00;16:00;646;704
21.01.2017;16:00;17:00;645;703
21.01.2017;17:00;18:00;645;704
21.01.2017;18:00;19:00;646;704
21.01.2017;19:00;20:00;645;704
21.01.2017;20:00;21:00;646;705
21.01.2017;21:00;22:00;646;703
21.01.2017;22:00;23:00;645;703
21.01.2017;23:00;00:00;646;706
22.01.2017;00:00;01:00;392;440
22.01.2017;01:00;02:00;155;194
22.01.2017;02:00;03:00;121;168
22.01.2017;03:00;04:00;121;167
22.01.2017;04:00;05:00;120;167
22.01.2017;05:00;06:00;121;168
22.01.2017;06:00;07:00;121;169
22.01.2017;07:00;08:00;121;169
22.01.2017;08:00;09:00;202;250
22.01.2017;09:00;10:00;457;622
22.01.2017;10:00;11:00;544;557
22.01.2017;11:00;12:00;616;626
22.01.2017;12:00;13:00;303;302
22.01.2017;13:00;14:00;125;178
22.01.2017;14:00;15:00;137;294
22.01.2017;15:00;16:00;328;400
22.01.2017;16:00;17:00;640;697
22.01.2017;17:00;18:00;642;705
22.01.2017;18:00;19:00;645;704
22.01.2017;19:00;20:00;646;703
22.01.2017;20:00;21:00;646;706
22.01.2017;21:00;22:00;646;706
22.01.2017;22:00;23:00;645;705
22.01.2017;23:00;00:00;645;704
23.01.2017;00:00;01:00;616;675
23.01.2017;01:00;02:00;483;544
23.01.2017;02:00;03:00;486;544
23.01.2017;03:00;04:00;486;545
23.01.2017;04:00;05:00;479;545
23.01.2017;05:00;06:00;596;644
23.01.2017;06:00;07:00;648;705
23.01.2017;07:00;08:00;648;707
23.01.2017;08:00;09:00;646;707
23.01.2017;09:00;10:00;646;706
23.01.2017;10:00;11:00;646;705
23.01.2017;11:00;12:00;647;706
23.01.2017;12:00;13:00;647;706
23.01.2017;13:00;14:00;646;706
23.01.2017;14:00;15:00;646;707
23.01.2017;15:00;16:00;647;706
23.01.2017;16:00;17:00;647;706
23.01.2017;17:00;18:00;647;706
23.01.2017;18:00;19:00;647;706
23.01.2017;19:00;20:00;647;706
23.01.2017;20:00;21:00;647;706
23.01.2017;21:00;22:00;646;706
23.01.2017;22:00;23:00;646;706
23.01.2017;23:00;00:00;646;706
24.01.2017;00:00;01:00;535;632
24.01.2017;01:00;02:00;471;542
24.01.2017;02:00;03:00;420;480
24.01.2017;03:00;04:00;420;480
24.01.2017;04:00;05:00;447;490
24.01.2017;05:00;06:00;603;656
24.01.2017;06:00;07:00;648;706
24.01.2017;07:00;08:00;645;707
24.01.2017;08:00;09:00;645;706
24.01.2017;09:00;10:00;645;705
24.01.2017;10:00;11:00;645;705
24.01.2017;11:00;12:00;645;705
24.01.2017;12:00;13:00;645;705
24.01.2017;13:00;14:00;645;705
24.01.2017;14:00;15:00;644;704
24.01.2017;15:00;16:00;645;704
24.01.2017;16:00;17:00;645;705
24.01.2017;17:00;18:00;645;704
24.01.2017;18:00;19:00;645;705
24.01.2017;19:00;20:00;646;706
24.01.2017;20:00;21:00;646;705
24.01.2017;21:00;22:00;645;706
24.01.2017;22:00;23:00;646;707
24.01.2017;23:00;00:00;447;523
25.01.2017;00:00;01:00;189;270
25.01.2017;01:00;02:00;124;177
25.01.2017;02:00;03:00;121;170
25.01.2017;03:00;04:00;122;169
25.01.2017;04:00;05:00;121;170
25.01.2017;05:00;06:00;146;208
25.01.2017;06:00;07:00;370;514
25.01.2017;07:00;08:00;644;708
25.01.2017;08:00;09:00;648;707
25.01.2017;09:00;10:00;646;706
25.01.2017;10:00;11:00;646;706
25.01.2017;11:00;12:00;646;706
25.01.2017;12:00;13:00;645;705
25.01.2017;13:00;14:00;646;706
25.01.2017;14:00;15:00;646;706
25.01.2017;15:00;16:00;646;706
25.01.2017;16:00;17:00;645;706
25.01.2017;17:00;18:00;645;704
25.01.2017;18:00;19:00;644;703
25.01.2017;19:00;20:00;644;703
25.01.2017;20:00;21:00;645;705
25.01.2017;21:00;22:00;645;706
25.01.2017;22:00;23:00;646;705
25.01.2017;23:00;00:00;596;664
26.01.2017;00:00;01:00;291;425
26.01.2017;01:00;02:00;128;230
26.01.2017;02:00;03:00;120;177
26.01.2017;03:00;04:00;121;175
26.01.2017;04:00;05:00;121;175
26.01.2017;05:00;06:00;244;272
26.01.2017;06:00;07:00;557;612
26.01.2017;07:00;08:00;649;707
26.01.2017;08:00;09:00;647;707
26.01.2017;09:00;10:00;646;706
26.01.2017;10:00;11:00;646;706
26.01.2017;11:00;12:00;649;705
26.01.2017;12:00;13:00;646;655
26.01.2017;13:00;14:00;474;498
26.01.2017;14:00;15:00;422;480
26.01.2017;15:00;16:00;454;519
26.01.2017;16:00;17:00;646;691
26.01.2017;17:00;18:00;646;705
26.01.2017;18:00;19:00;646;705
26.01.2017;19:00;20:00;645;704
26.01.2017;20:00;21:00;624;704
26.01.2017;21:00;22:00;439;698
26.01.2017;22:00;23:00;350;515
26.01.2017;23:00;00:00;333;385
27.01.2017;00:00;01:00;180;210
27.01.2017;01:00;02:00;125;174
27.01.2017;02:00;03:00;122;173
27.01.2017;03:00;04:00;122;175
27.01.2017;04:00;05:00;122;177
27.01.2017;05:00;06:00;149;190
27.01.2017;06:00;07:00;362;406
27.01.2017;07:00;08:00;648;692
27.01.2017;08:00;09:00;650;708
27.01.2017;09:00;10:00;647;706
27.01.2017;10:00;11:00;637;693
27.01.2017;11:00;12:00;551;593
27.01.2017;12:00;13:00;458;508
27.01.2017;13:00;14:00;451;500
27.01.2017;14:00;15:00;455;502
27.01.2017;15:00;16:00;612;660
27.01.2017;16:00;17:00;648;700
27.01.2017;17:00;18:00;645;707
27.01.2017;18:00;19:00;645;704
27.01.2017;19:00;20:00;646;704
27.01.2017;20:00;21:00;648;704
27.01.2017;21:00;22:00;647;706
27.01.2017;22:00;23:00;631;454
27.01.2017;23:00;00:00;360;90
28.01.2017;00:00;01:00;208;0
28.01.2017;01:00;02:00;252;0
28.01.2017;02:00;03:00;300;0
28.01.2017;03:00;04:00;300;0
28.01.2017;04:00;05:00;210;0
28.01.2017;05:00;06:00;129;0
28.01.2017;06:00;07:00;232;0
28.01.2017;07:00;08:00;535;0
28.01.2017;08:00;09:00;647;0
28.01.2017;09:00;10:00;644;0
28.01.2017;10:00;11:00;647;0
28.01.2017;11:00;12:00;646;0
28.01.2017;12:00;13:00;647;0
28.01.2017;13:00;14:00;646;0
28.01.2017;14:00;15:00;646;0
28.01.2017;15:00;16:00;646;0
28.01.2017;16:00;17:00;645;0
28.01.2017;17:00;18:00;646;0
28.01.2017;18:00;19:00;645;0
28.01.2017;19:00;20:00;613;0
28.01.2017;20:00;21:00;289;0
28.01.2017;21:00;22:00;29;0
28.01.2017;22:00;23:00;0;0
28.01.2017;23:00;00:00;0;0
29.01.2017;00:00;01:00;0;0
29.01.2017;01:00;02:00;0;0
29.01.2017;02:00;03:00;0;0
29.01.2017;03:00;04:00;0;0
29.01.2017;04:00;05:00;0;0
29.01.2017;05:00;06:00;0;0
29.01.2017;06:00;07:00;0;0
29.01.2017;07:00;08:00;0;0
29.01.2017;08:00;09:00;0;0
29.01.2017;09:00;10:00;0;0
29.01.2017;10:00;11:00;0;0
29.01.2017;11:00;12:00;0;0
29.01.2017;12:00;13:00;0;0
29.01.2017;13:00;14:00;0;0
29.01.2017;14:00;15:00;0;0
29.01.2017;15:00;16:00;0;0
29.01.2017;16:00;17:00;0;0
29.01.2017;17:00;18:00;0;0
29.01.2017;18:00;19:00;0;0
29.01.2017;19:00;20:00;0;0
29.01.2017;20:00;21:00;0;0
29.01.2017;21:00;22:00;0;0
29.01.2017;22:00;23:00;0;0
29.01.2017;23:00;00:00;0;0
30.01.2017;00:00;01:00;0;0
30.01.2017;01:00;02:00;0;0
30.01.2017;02:00;03:00;0;0
30.01.2017;03:00;04:00;0;0
30.01.2017;04:00;05:00;3;42
30.01.2017;05:00;06:00;256;303
30.01.2017;06:00;07:00;345;326
30.01.2017;07:00;08:00;598;521
30.01.2017;08:00;09:00;644;667
30.01.2017;09:00;10:00;642;685
30.01.2017;10:00;11:00;644;686
30.01.2017;11:00;12:00;646;685
30.01.2017;12:00;13:00;647;685
30.01.2017;13:00;14:00;646;685
30.01.2017;14:00;15:00;646;685
30.01.2017;15:00;16:00;647;686
30.01.2017;16:00;17:00;645;685
30.01.2017;17:00;18:00;646;685
30.01.2017;18:00;19:00;645;685
30.01.2017;19:00;20:00;646;685
30.01.2017;20:00;21:00;589;676
30.01.2017;21:00;22:00;294;668
30.01.2017;22:00;23:00;160;565
30.01.2017;23:00;00:00;121;425
31.01.2017;00:00;01:00;120;392
31.01.2017;01:00;02:00;123;388
31.01.2017;02:00;03:00;125;406
31.01.2017;03:00;04:00;120;351
31.01.2017;04:00;05:00;120;340
31.01.2017;05:00;06:00;237;442
31.01.2017;06:00;07:00;581;611
31.01.2017;07:00;08:00;645;659
31.01.2017;08:00;09:00;644;685
31.01.2017;09:00;10:00;643;686
31.01.2017;10:00;11:00;644;685
31.01.2017;11:00;12:00;643;685
31.01.2017;12:00;13:00;644;685
31.01.2017;13:00;14:00;644;685
31.01.2017;14:00;15:00;647;685
31.01.2017;15:00;16:00;647;686
31.01.2017;16:00;17:00;647;686
31.01.2017;17:00;18:00;646;686
31.01.2017;18:00;19:00;647;685
31.01.2017;19:00;20:00;648;685
31.01.2017;20:00;21:00;646;684
31.01.2017;21:00;22:00;647;685
31.01.2017;22:00;23:00;618;683
31.01.2017;23:00;00:00;306;486
01.02.2017;00:00;01:00;144;350
01.02.2017;01:00;02:00;125;352
01.02.2017;02:00;03:00;121;351
01.02.2017;03:00;04:00;121;351
01.02.2017;04:00;05:00;119;351
01.02.2017;05:00;06:00;170;351
01.02.2017;06:00;07:00;412;453
01.02.2017;07:00;08:00;607;622
01.02.2017;08:00;09:00;642;688
01.02.2017;09:00;10:00;642;689
01.02.2017;10:00;11:00;640;683
01.02.2017;11:00;12:00;497;520
01.02.2017;12:00;13:00;589;665
01.02.2017;13:00;14:00;428;500
01.02.2017;14:00;15:00;421;483
01.02.2017;15:00;16:00;416;482
01.02.2017;16:00;17:00;318;501
01.02.2017;17:00;18:00;377;653
01.02.2017;18:00;19:00;387;656
01.02.2017;19:00;20:00;339;558
01.02.2017;20:00;21:00;302;402
01.02.2017;21:00;22:00;204;391
01.02.2017;22:00;23:00;131;394
01.02.2017;23:00;00:00;121;386
02.02.2017;00:00;01:00;0;140
02.02.2017;01:00;02:00;0;0
02.02.2017;02:00;03:00;0;0
02.02.2017;03:00;04:00;0;0
02.02.2017;04:00;05:00;0;0
02.02.2017;05:00;06:00;0;0
02.02.2017;06:00;07:00;0;0
02.02.2017;07:00;08:00;0;0
02.02.2017;08:00;09:00;0;0
02.02.2017;09:00;10:00;0;0
02.02.2017;10:00;11:00;0;0
02.02.2017;11:00;12:00;0;0
02.02.2017;12:00;13:00;0;0
02.02.2017;13:00;14:00;0;0
02.02.2017;14:00;15:00;0;0
02.02.2017;15:00;16:00;0;0
02.02.2017;16:00;17:00;0;0
02.02.2017;17:00;18:00;0;0
02.02.2017;18:00;19:00;0;0
02.02.2017;19:00;20:00;0;0
02.02.2017;20:00;21:00;0;0
02.02.2017;21:00;22:00;0;0
02.02.2017;22:00;23:00;0;0
02.02.2017;23:00;00:00;0;0
03.02.2017;00:00;01:00;0;0
03.02.2017;01:00;02:00;0;0
03.02.2017;02:00;03:00;0;0
03.02.2017;03:00;04:00;0;0
03.02.2017;04:00;05:00;0;0
03.02.2017;05:00;06:00;0;0
03.02.2017;06:00;07:00;0;0
03.02.2017;07:00;08:00;127;0
03.02.2017;08:00;09:00;372;0
03.02.2017;09:00;10:00;599;0
03.02.2017;10:00;11:00;650;0
03.02.2017;11:00;12:00;673;0
03.02.2017;12:00;13:00;670;0
03.02.2017;13:00;14:00;670;0
03.02.2017;14:00;15:00;626;0
03.02.2017;15:00;16:00;671;0
03.02.2017;16:00;17:00;668;0
03.02.2017;17:00;18:00;608;0
03.02.2017;18:00;19:00;667;0
03.02.2017;19:00;20:00;627;0
03.02.2017;20:00;21:00;324;0
03.02.2017;21:00;22:00;0;0
03.02.2017;22:00;23:00;0;0
03.02.2017;23:00;00:00;0;0
04.02.2017;00:00;01:00;0;0
04.02.2017;01:00;02:00;0;0
04.02.2017;02:00;03:00;0;0
04.02.2017;03:00;04:00;0;0
04.02.2017;04:00;05:00;0;0
04.02.2017;05:00;06:00;0;0
04.02.2017;06:00;07:00;0;0
04.02.2017;07:00;08:00;0;0
04.02.2017;08:00;09:00;0;0
04.02.2017;09:00;10:00;0;0
04.02.2017;10:00;11:00;0;0
04.02.2017;11:00;12:00;0;0
04.02.2017;12:00;13:00;0;0
04.02.2017;13:00;14:00;0;0
04.02.2017;14:00;15:00;0;0
04.02.2017;15:00;16:00;0;0
04.02.2017;16:00;17:00;0;0
04.02.2017;17:00;18:00;0;0
04.02.2017;18:00;19:00;0;0
04.02.2017;19:00;20:00;0;0
04.02.2017;20:00;21:00;0;0
04.02.2017;21:00;22:00;0;0
04.02.2017;22:00;23:00;0;0
04.02.2017;23:00;00:00;0;0
05.02.2017;00:00;01:00;0;0
05.02.2017;01:00;02:00;0;0
05.02.2017;02:00;03:00;0;0
05.02.2017;03:00;04:00;0;0
05.02.2017;04:00;05:00;0;0
05.02.2017;05:00;06:00;0;0
05.02.2017;06:00;07:00;0;0
05.02.2017;07:00;08:00;0;0
05.02.2017;08:00;09:00;0;0
05.02.2017;09:00;10:00;0;0
05.02.2017;10:00;11:00;0;0
05.02.2017;11:00;12:00;0;0
05.02.2017;12:00;13:00;0;0
05.02.2017;13:00;14:00;0;0
05.02.2017;14:00;15:00;33;245
05.02.2017;15:00;16:00;262;313
05.02.2017;16:00;17:00;388;360
05.02.2017;17:00;18:00;631;550
05.02.2017;18:00;19:00;639;704
05.02.2017;19:00;20:00;646;703
05.02.2017;20:00;21:00;641;705
05.02.2017;21:00;22:00;641;705
05.02.2017;22:00;23:00;641;704
05.02.2017;23:00;00:00;361;490
06.02.2017;00:00;01:00;197;416
06.02.2017;01:00;02:00;133;380
06.02.2017;02:00;03:00;134;385
06.02.2017;03:00;04:00;121;380
06.02.2017;04:00;05:00;122;381
06.02.2017;05:00;06:00;193;381
06.02.2017;06:00;07:00;477;555
06.02.2017;07:00;08:00;649;693
06.02.2017;08:00;09:00;647;700
06.02.2017;09:00;10:00;646;700
06.02.2017;10:00;11:00;646;701
06.02.2017;11:00;12:00;646;699
06.02.2017;12:00;13:00;646;699
06.02.2017;13:00;14:00;647;701
06.02.2017;14:00;15:00;646;700
06.02.2017;15:00;16:00;646;700
06.02.2017;16:00;17:00;646;700
06.02.2017;17:00;18:00;646;699
06.02.2017;18:00;19:00;646;700
06.02.2017;19:00;20:00;646;700
06.02.2017;20:00;21:00;645;698
06.02.2017;21:00;22:00;646;699
06.02.2017;22:00;23:00;645;698
06.02.2017;23:00;00:00;515;465
07.02.2017;00:00;01:00;233;383
07.02.2017;01:00;02:00;130;384
07.02.2017;02:00;03:00;121;384
07.02.2017;03:00;04:00;122;385
07.02.2017;04:00;05:00;122;384
07.02.2017;05:00;06:00;189;405
07.02.2017;06:00;07:00;558;623
07.02.2017;07:00;08:00;653;702
07.02.2017;08:00;09:00;647;701
07.02.2017;09:00;10:00;647;702
07.02.2017;10:00;11:00;647;701
07.02.2017;11:00;12:00;647;557
07.02.2017;12:00;13:00;647;157
07.02.2017;13:00;14:00;651;0
07.02.2017;14:00;15:00;667;0
07.02.2017;15:00;16:00;667;0
07.02.2017;16:00;17:00;667;0
07.02.2017;17:00;18:00;667;0
07.02.2017;18:00;19:00;666;0
07.02.2017;19:00;20:00;667;0
07.02.2017;20:00;21:00;645;0
07.02.2017;21:00;22:00;463;0
07.02.2017;22:00;23:00;375;0
07.02.2017;23:00;00:00;403;0
08.02.2017;00:00;01:00;313;0
08.02.2017;01:00;02:00;312;0
08.02.2017;02:00;03:00;313;0
08.02.2017;03:00;04:00;313;0
08.02.2017;04:00;05:00;312;0
08.02.2017;05:00;06:00;313;0
08.02.2017;06:00;07:00;341;0
08.02.2017;07:00;08:00;409;0
08.02.2017;08:00;09:00;649;280
08.02.2017;09:00;10:00;645;385
08.02.2017;10:00;11:00;647;553
08.02.2017;11:00;12:00;650;702
08.02.2017;12:00;13:00;649;703
08.02.2017;13:00;14:00;649;701
08.02.2017;14:00;15:00;647;702
08.02.2017;15:00;16:00;647;701
08.02.2017;16:00;17:00;646;699
08.02.2017;17:00;18:00;646;701
08.02.2017;18:00;19:00;646;700
08.02.2017;19:00;20:00;646;701
08.02.2017;20:00;21:00;646;700
08.02.2017;21:00;22:00;611;653
08.02.2017;22:00;23:00;328;402
08.02.2017;23:00;00:00;318;379
09.02.2017;00:00;01:00;568;472
09.02.2017;01:00;02:00;552;482
09.02.2017;02:00;03:00;555;595
09.02.2017;03:00;04:00;554;483
09.02.2017;04:00;05:00;379;411
09.02.2017;05:00;06:00;440;521
09.02.2017;06:00;07:00;643;699
09.02.2017;07:00;08:00;646;701
09.02.2017;08:00;09:00;646;701
09.02.2017;09:00;10:00;647;701
09.02.2017;10:00;11:00;646;700
09.02.2017;11:00;12:00;647;699
09.02.2017;12:00;13:00;647;694
09.02.2017;13:00;14:00;623;698
09.02.2017;14:00;15:00;448;697
09.02.2017;15:00;16:00;446;697
09.02.2017;16:00;17:00;446;696
09.02.2017;17:00;18:00;446;696
09.02.2017;18:00;19:00;446;695
09.02.2017;19:00;20:00;446;694
09.02.2017;20:00;21:00;446;695
09.02.2017;21:00;22:00;446;696
09.02.2017;22:00;23:00;369;578
09.02.2017;23:00;00:00;315;383
10.02.2017;00:00;01:00;233;380
10.02.2017;01:00;02:00;130;380
10.02.2017;02:00;03:00;120;380
10.02.2017;03:00;04:00;121;380
10.02.2017;04:00;05:00;120;380
10.02.2017;05:00;06:00;214;381
10.02.2017;06:00;07:00;522;494
10.02.2017;07:00;08:00;645;527
10.02.2017;08:00;09:00;640;526
10.02.2017;09:00;10:00;641;523
10.02.2017;10:00;11:00;641;525
10.02.2017;11:00;12:00;642;527
10.02.2017;12:00;13:00;641;537
10.02.2017;13:00;14:00;646;687
10.02.2017;14:00;15:00;646;700
10.02.2017;15:00;16:00;646;701
10.02.2017;16:00;17:00;646;701
10.02.2017;17:00;18:00;646;706
10.02.2017;18:00;19:00;646;706
10.02.2017;19:00;20:00;646;669
10.02.2017;20:00;21:00;646;494
10.02.2017;21:00;22:00;585;437
10.02.2017;22:00;23:00;481;436
10.02.2017;23:00;00:00;534;460
11.02.2017;00:00;01:00;166;185
11.02.2017;01:00;02:00;0;0
11.02.2017;02:00;03:00;0;0
11.02.2017;03:00;04:00;0;0
11.02.2017;04:00;05:00;0;0
11.02.2017;05:00;06:00;0;0
11.02.2017;06:00;07:00;0;0
11.02.2017;07:00;08:00;0;0
11.02.2017;08:00;09:00;0;0
11.02.2017;09:00;10:00;0;0
11.02.2017;10:00;11:00;0;0
11.02.2017;11:00;12:00;0;0
11.02.2017;12:00;13:00;0;0
11.02.2017;13:00;14:00;0;0
11.02.2017;14:00;15:00;0;0
11.02.2017;15:00;16:00;0;0
11.02.2017;16:00;17:00;-;-
11.02.2017;17:00;18:00;0;0
11.02.2017;18:00;19:00;0;0
11.02.2017;19:00;20:00;0;0
11.02.2017;20:00;21:00;0;0
11.02.2017;21:00;22:00;0;0
11.02.2017;22:00;23:00;0;0
11.02.2017;23:00;00:00;0;0
12.02.2017;00:00;01:00;0;0
12.02.2017;01:00;02:00;0;0
12.02.2017;02:00;03:00;0;0
12.02.2017;03:00;04:00;0;0
12.02.2017;04:00;05:00;0;0
12.02.2017;05:00;06:00;0;0
12.02.2017;06:00;07:00;0;0
12.02.2017;07:00;08:00;0;0
12.02.2017;08:00;09:00;0;0
12.02.2017;09:00;10:00;0;0
12.02.2017;10:00;11:00;0;0
12.02.2017;11:00;12:00;0;0
12.02.2017;12:00;13:00;0;0
12.02.2017;13:00;14:00;0;0
12.02.2017;14:00;15:00;0;0
12.02.2017;15:00;16:00;0;0
12.02.2017;16:00;17:00;-;-
12.02.2017;17:00;18:00;0;0
12.02.2017;18:00;19:00;0;0
12.02.2017;19:00;20:00;0;0
12.02.2017;20:00;21:00;-;-
12.02.2017;21:00;22:00;0;0
12.02.2017;22:00;23:00;0;0
12.02.2017;23:00;00:00;0;0
13.02.2017;00:00;01:00;0;0
13.02.2017;01:00;02:00;0;0
13.02.2017;02:00;03:00;0;0
13.02.2017;03:00;04:00;0;0
13.02.2017;04:00;05:00;237;0
13.02.2017;05:00;06:00;268;279
13.02.2017;06:00;07:00;328;347
13.02.2017;07:00;08:00;608;554
13.02.2017;08:00;09:00;647;702
13.02.2017;09:00;10:00;645;697
13.02.2017;10:00;11:00;646;697
13.02.2017;11:00;12:00;646;698
13.02.2017;12:00;13:00;598;630
13.02.2017;13:00;14:00;420;483
13.02.2017;14:00;15:00;433;480
13.02.2017;15:00;16:00;629;647
13.02.2017;16:00;17:00;-;-
13.02.2017;17:00;18:00;646;703
13.02.2017;18:00;19:00;646;701
13.02.2017;19:00;20:00;647;480
13.02.2017;20:00;21:00;525;395
13.02.2017;21:00;22:00;202;385
13.02.2017;22:00;23:00;119;380
13.02.2017;23:00;00:00;116;380
14.02.2017;00:00;01:00;117;380
14.02.2017;01:00;02:00;118;379
14.02.2017;02:00;03:00;117;379
14.02.2017;03:00;04:00;118;380
14.02.2017;04:00;05:00;118;398
14.02.2017;05:00;06:00;197;476
14.02.2017;06:00;07:00;488;558
14.02.2017;07:00;08:00;644;694
14.02.2017;08:00;09:00;644;700
14.02.2017;09:00;10:00;647;697
14.02.2017;10:00;11:00;606;612
14.02.2017;11:00;12:00;496;486
14.02.2017;12:00;13:00;425;480
14.02.2017;13:00;14:00;434;481
14.02.2017;14:00;15:00;421;481
14.02.2017;15:00;16:00;421;481
14.02.2017;16:00;17:00;-;-
14.02.2017;17:00;18:00;570;652
14.02.2017;18:00;19:00;573;706
14.02.2017;19:00;20:00;560;705
14.02.2017;20:00;21:00;444;533
14.02.2017;21:00;22:00;519;480
14.02.2017;22:00;23:00;437;431
14.02.2017;23:00;00:00;296;385
15.02.2017;00:00;01:00;134;384
15.02.2017;01:00;02:00;119;387
15.02.2017;02:00;03:00;115;384
15.02.2017;03:00;04:00;116;385
15.02.2017;04:00;05:00;116;385
15.02.2017;05:00;06:00;203;388
15.02.2017;06:00;07:00;559;594
15.02.2017;07:00;08:00;650;705
15.02.2017;08:00;09:00;648;707
15.02.2017;09:00;10:00;639;696
15.02.2017;10:00;11:00;382;429
15.02.2017;11:00;12:00;314;384
15.02.2017;12:00;13:00;330;383
15.02.2017;13:00;14:00;395;395
15.02.2017;14:00;15:00;637;637
15.02.2017;15:00;16:00;647;701
15.02.2017;16:00;17:00;-;-
15.02.2017;17:00;18:00;646;701
15.02.2017;18:00;19:00;645;701
15.02.2017;19:00;20:00;646;700
15.02.2017;20:00;21:00;646;701
15.02.2017;21:00;22:00;646;701
15.02.2017;22:00;23:00;485;632
15.02.2017;23:00;00:00;185;406
16.02.2017;00:00;01:00;124;389
16.02.2017;01:00;02:00;121;390
16.02.2017;02:00;03:00;119;390
16.02.2017;03:00;04:00;121;390
16.02.2017;04:00;05:00;125;390
16.02.2017;05:00;06:00;195;401
16.02.2017;06:00;07:00;504;493
16.02.2017;07:00;08:00;636;603
16.02.2017;08:00;09:00;648;619
16.02.2017;09:00;10:00;572;545
16.02.2017;10:00;11:00;299;384
16.02.2017;11:00;12:00;0;384
16.02.2017;12:00;13:00;0;381
16.02.2017;13:00;14:00;0;381
16.02.2017;14:00;15:00;0;385
16.02.2017;15:00;16:00;0;545
16.02.2017;16:00;17:00;0;678
16.02.2017;17:00;18:00;0;699
16.02.2017;18:00;19:00;0;695
16.02.2017;19:00;20:00;0;695
16.02.2017;20:00;21:00;0;631
16.02.2017;21:00;22:00;0;394
16.02.2017;22:00;23:00;0;382
16.02.2017;23:00;00:00;0;380
17.02.2017;00:00;01:00;0;379
17.02.2017;01:00;02:00;0;384
17.02.2017;02:00;03:00;0;382
17.02.2017;03:00;04:00;0;383
17.02.2017;04:00;05:00;0;382
17.02.2017;05:00;06:00;0;385
17.02.2017;06:00;07:00;0;606
17.02.2017;07:00;08:00;0;705
17.02.2017;08:00;09:00;0;707
17.02.2017;09:00;10:00;0;706
17.02.2017;10:00;11:00;0;706
17.02.2017;11:00;12:00;0;706
17.02.2017;12:00;13:00;0;706
17.02.2017;13:00;14:00;0;707
17.02.2017;14:00;15:00;0;706
17.02.2017;15:00;16:00;0;706
17.02.2017;16:00;17:00;0;705
17.02.2017;17:00;18:00;0;704
17.02.2017;18:00;19:00;0;703
17.02.2017;19:00;20:00;0;586
17.02.2017;20:00;21:00;0;650
17.02.2017;21:00;22:00;0;405
17.02.2017;22:00;23:00;0;18
17.02.2017;23:00;00:00;0;0
18.02.2017;00:00;01:00;0;0
18.02.2017;01:00;02:00;0;0
18.02.2017;02:00;03:00;0;0
18.02.2017;03:00;04:00;0;0
18.02.2017;04:00;05:00;0;0
18.02.2017;05:00;06:00;0;0
18.02.2017;06:00;07:00;0;0
18.02.2017;07:00;08:00;0;0
18.02.2017;08:00;09:00;0;0
18.02.2017;09:00;10:00;0;0
18.02.2017;10:00;11:00;0;0
18.02.2017;11:00;12:00;0;0
18.02.2017;12:00;13:00;0;0
18.02.2017;13:00;14:00;0;0
18.02.2017;14:00;15:00;0;0
18.02.2017;15:00;16:00;0;0
18.02.2017;16:00;17:00;0;0
18.02.2017;17:00;18:00;0;0
18.02.2017;18:00;19:00;0;0
18.02.2017;19:00;20:00;0;0
18.02.2017;20:00;21:00;0;0
18.02.2017;21:00;22:00;0;0
18.02.2017;22:00;23:00;0;0
18.02.2017;23:00;00:00;0;0
19.02.2017;00:00;01:00;0;0
19.02.2017;01:00;02:00;0;0
19.02.2017;02:00;03:00;0;0
19.02.2017;03:00;04:00;0;0
19.02.2017;04:00;05:00;0;0
19.02.2017;05:00;06:00;0;0
19.02.2017;06:00;07:00;0;0
19.02.2017;07:00;08:00;0;0
19.02.2017;08:00;09:00;0;0
19.02.2017;09:00;10:00;0;0
19.02.2017;10:00;11:00;0;0
19.02.2017;11:00;12:00;0;0
19.02.2017;12:00;13:00;0;0
19.02.2017;13:00;14:00;0;0
19.02.2017;14:00;15:00;0;0
19.02.2017;15:00;16:00;0;0
19.02.2017;16:00;17:00;0;0
19.02.2017;17:00;18:00;0;0
19.02.2017;18:00;19:00;0;0
19.02.2017;19:00;20:00;0;0
19.02.2017;20:00;21:00;0;0
19.02.2017;21:00;22:00;0;0
19.02.2017;22:00;23:00;0;0
19.02.2017;23:00;00:00;0;0
20.02.2017;00:00;01:00;0;0
20.02.2017;01:00;02:00;0;0
20.02.2017;02:00;03:00;0;0
20.02.2017;03:00;04:00;0;0
20.02.2017;04:00;05:00;0;0
20.02.2017;05:00;06:00;0;0
20.02.2017;06:00;07:00;0;0
20.02.2017;07:00;08:00;0;0
20.02.2017;08:00;09:00;0;0
20.02.2017;09:00;10:00;0;0
20.02.2017;10:00;11:00;0;0
20.02.2017;11:00;12:00;0;0
20.02.2017;12:00;13:00;0;0
20.02.2017;13:00;14:00;0;0
20.02.2017;14:00;15:00;0;0
20.02.2017;15:00;16:00;0;0
20.02.2017;16:00;17:00;0;0
20.02.2017;17:00;18:00;0;0
20.02.2017;18:00;19:00;0;0
20.02.2017;19:00;20:00;0;0
20.02.2017;20:00;21:00;0;0
20.02.2017;21:00;22:00;0;0
20.02.2017;22:00;23:00;0;0
20.02.2017;23:00;00:00;0;0
21.02.2017;00:00;01:00;0;0
21.02.2017;01:00;02:00;0;0
21.02.2017;02:00;03:00;0;0
21.02.2017;03:00;04:00;0;0
21.02.2017;04:00;05:00;0;0
21.02.2017;05:00;06:00;0;0
21.02.2017;06:00;07:00;0;0
21.02.2017;07:00;08:00;0;0
21.02.2017;08:00;09:00;0;0
21.02.2017;09:00;10:00;0;0
21.02.2017;10:00;11:00;0;0
21.02.2017;11:00;12:00;0;0
21.02.2017;12:00;13:00;0;0
21.02.2017;13:00;14:00;0;0
21.02.2017;14:00;15:00;0;0
21.02.2017;15:00;16:00;0;0
21.02.2017;16:00;17:00;0;0
21.02.2017;17:00;18:00;0;0
21.02.2017;18:00;19:00;0;0
21.02.2017;19:00;20:00;0;0
21.02.2017;20:00;21:00;0;0
21.02.2017;21:00;22:00;0;0
21.02.2017;22:00;23:00;0;0
21.02.2017;23:00;00:00;0;0
22.02.2017;00:00;01:00;0;0
22.02.2017;01:00;02:00;0;0
22.02.2017;02:00;03:00;0;0
22.02.2017;03:00;04:00;0;0
22.02.2017;04:00;05:00;0;0
22.02.2017;05:00;06:00;0;0
22.02.2017;06:00;07:00;0;0
22.02.2017;07:00;08:00;0;0
22.02.2017;08:00;09:00;0;0
22.02.2017;09:00;10:00;0;0
22.02.2017;10:00;11:00;0;0
22.02.2017;11:00;12:00;0;0
22.02.2017;12:00;13:00;0;0
22.02.2017;13:00;14:00;0;0
22.02.2017;14:00;15:00;0;0
22.02.2017;15:00;16:00;0;0
22.02.2017;16:00;17:00;0;0
22.02.2017;17:00;18:00;0;0
22.02.2017;18:00;19:00;0;0
22.02.2017;19:00;20:00;0;0
22.02.2017;20:00;21:00;0;0
22.02.2017;21:00;22:00;0;0
22.02.2017;22:00;23:00;0;0
22.02.2017;23:00;00:00;0;0
23.02.2017;00:00;01:00;0;0
23.02.2017;01:00;02:00;0;0
23.02.2017;02:00;03:00;0;0
23.02.2017;03:00;04:00;0;0
23.02.2017;04:00;05:00;0;0
23.02.2017;05:00;06:00;0;0
23.02.2017;06:00;07:00;0;0
23.02.2017;07:00;08:00;0;0
23.02.2017;08:00;09:00;0;0
23.02.2017;09:00;10:00;0;0
23.02.2017;10:00;11:00;0;0
23.02.2017;11:00;12:00;0;0
23.02.2017;12:00;13:00;0;0
23.02.2017;13:00;14:00;0;0
23.02.2017;14:00;15:00;0;0
23.02.2017;15:00;16:00;0;0
23.02.2017;16:00;17:00;0;0
23.02.2017;17:00;18:00;0;0
23.02.2017;18:00;19:00;0;0
23.02.2017;19:00;20:00;0;0
23.02.2017;20:00;21:00;0;0
23.02.2017;21:00;22:00;0;0
23.02.2017;22:00;23:00;0;0
23.02.2017;23:00;00:00;0;0
24.02.2017;00:00;01:00;0;0
24.02.2017;01:00;02:00;0;0
24.02.2017;02:00;03:00;0;0
24.02.2017;03:00;04:00;0;0
24.02.2017;04:00;05:00;0;0
24.02.2017;05:00;06:00;0;0
24.02.2017;06:00;07:00;0;0
24.02.2017;07:00;08:00;0;0
24.02.2017;08:00;09:00;0;0
24.02.2017;09:00;10:00;0;0
24.02.2017;10:00;11:00;0;0
24.02.2017;11:00;12:00;0;0
24.02.2017;12:00;13:00;0;0
24.02.2017;13:00;14:00;0;0
24.02.2017;14:00;15:00;0;0
24.02.2017;15:00;16:00;0;0
24.02.2017;16:00;17:00;0;0
24.02.2017;17:00;18:00;0;0
24.02.2017;18:00;19:00;0;0
24.02.2017;19:00;20:00;0;0
24.02.2017;20:00;21:00;0;0
24.02.2017;21:00;22:00;0;0
24.02.2017;22:00;23:00;0;0
24.02.2017;23:00;00:00;0;0
25.02.2017;00:00;01:00;0;0
25.02.2017;01:00;02:00;0;0
25.02.2017;02:00;03:00;0;0
25.02.2017;03:00;04:00;0;0
25.02.2017;04:00;05:00;0;0
25.02.2017;05:00;06:00;0;0
25.02.2017;06:00;07:00;0;0
25.02.2017;07:00;08:00;0;0
25.02.2017;08:00;09:00;0;0
25.02.2017;09:00;10:00;0;0
25.02.2017;10:00;11:00;0;0
25.02.2017;11:00;12:00;0;0
25.02.2017;12:00;13:00;0;0
25.02.2017;13:00;14:00;0;0
25.02.2017;14:00;15:00;0;0
25.02.2017;15:00;16:00;0;0
25.02.2017;16:00;17:00;0;0
25.02.2017;17:00;18:00;0;0
25.02.2017;18:00;19:00;0;0
25.02.2017;19:00;20:00;0;0
25.02.2017;20:00;21:00;0;0
25.02.2017;21:00;22:00;0;0
25.02.2017;22:00;23:00;0;0
25.02.2017;23:00;00:00;0;0
26.02.2017;00:00;01:00;0;0
26.02.2017;01:00;02:00;0;0
26.02.2017;02:00;03:00;0;0
26.02.2017;03:00;04:00;0;0
26.02.2017;04:00;05:00;0;0
26.02.2017;05:00;06:00;0;0
26.02.2017;06:00;07:00;0;0
26.02.2017;07:00;08:00;0;0
26.02.2017;08:00;09:00;0;0
26.02.2017;09:00;10:00;0;0
26.02.2017;10:00;11:00;0;0
26.02.2017;11:00;12:00;0;0
26.02.2017;12:00;13:00;0;0
26.02.2017;13:00;14:00;0;0
26.02.2017;14:00;15:00;0;0
26.02.2017;15:00;16:00;0;0
26.02.2017;16:00;17:00;0;0
26.02.2017;17:00;18:00;0;0
26.02.2017;18:00;19:00;0;0
26.02.2017;19:00;20:00;0;0
26.02.2017;20:00;21:00;0;0
26.02.2017;21:00;22:00;0;0
26.02.2017;22:00;23:00;0;0
26.02.2017;23:00;00:00;0;0
27.02.2017;00:00;01:00;0;0
27.02.2017;01:00;02:00;0;0
27.02.2017;02:00;03:00;0;0
27.02.2017;03:00;04:00;0;0
27.02.2017;04:00;05:00;0;0
27.02.2017;05:00;06:00;0;0
27.02.2017;06:00;07:00;0;0
27.02.2017;07:00;08:00;0;0
27.02.2017;08:00;09:00;0;0
27.02.2017;09:00;10:00;0;0
27.02.2017;10:00;11:00;0;0
27.02.2017;11:00;12:00;0;0
27.02.2017;12:00;13:00;0;0
27.02.2017;13:00;14:00;0;0
27.02.2017;14:00;15:00;0;0
27.02.2017;15:00;16:00;0;0
27.02.2017;16:00;17:00;0;0
27.02.2017;17:00;18:00;0;0
27.02.2017;18:00;19:00;0;0
27.02.2017;19:00;20:00;0;0
27.02.2017;20:00;21:00;0;0
27.02.2017;21:00;22:00;0;0
27.02.2017;22:00;23:00;0;0
27.02.2017;23:00;00:00;0;0
28.02.2017;00:00;01:00;0;0
28.02.2017;01:00;02:00;0;0
28.02.2017;02:00;03:00;0;0
28.02.2017;03:00;04:00;0;0
28.02.2017;04:00;05:00;0;0
28.02.2017;05:00;06:00;0;0
28.02.2017;06:00;07:00;0;0
28.02.2017;07:00;08:00;0;0
28.02.2017;08:00;09:00;0;0
28.02.2017;09:00;10:00;0;0
28.02.2017;10:00;11:00;0;0
28.02.2017;11:00;12:00;0;0
28.02.2017;12:00;13:00;0;0
28.02.2017;13:00;14:00;0;0
28.02.2017;14:00;15:00;0;0
28.02.2017;15:00;16:00;0;0
28.02.2017;16:00;17:00;0;0
28.02.2017;17:00;18:00;0;0
28.02.2017;18:00;19:00;0;0
28.02.2017;19:00;20:00;0;0
28.02.2017;20:00;21:00;0;0
28.02.2017;21:00;22:00;0;0
28.02.2017;22:00;23:00;0;0
28.02.2017;23:00;00:00;0;0
01.03.2017;00:00;01:00;0;0
01.03.2017;01:00;02:00;0;0
01.03.2017;02:00;03:00;0;0
01.03.2017;03:00;04:00;0;0
01.03.2017;04:00;05:00;0;0
01.03.2017;05:00;06:00;0;0
01.03.2017;06:00;07:00;0;0
01.03.2017;07:00;08:00;0;0
01.03.2017;08:00;09:00;0;0
01.03.2017;09:00;10:00;0;0
01.03.2017;10:00;11:00;0;0
01.03.2017;11:00;12:00;0;0
01.03.2017;12:00;13:00;0;0
01.03.2017;13:00;14:00;0;0
01.03.2017;14:00;15:00;0;0
01.03.2017;15:00;16:00;0;0
01.03.2017;16:00;17:00;0;0
01.03.2017;17:00;18:00;0;0
01.03.2017;18:00;19:00;0;0
01.03.2017;19:00;20:00;0;0
01.03.2017;20:00;21:00;0;0
01.03.2017;21:00;22:00;0;0
01.03.2017;22:00;23:00;0;0
01.03.2017;23:00;00:00;0;0
02.03.2017;00:00;01:00;0;0
02.03.2017;01:00;02:00;0;0
02.03.2017;02:00;03:00;0;0
02.03.2017;03:00;04:00;0;0
02.03.2017;04:00;05:00;0;0
02.03.2017;05:00;06:00;0;0
02.03.2017;06:00;07:00;0;0
02.03.2017;07:00;08:00;0;0
02.03.2017;08:00;09:00;0;0
02.03.2017;09:00;10:00;0;0
02.03.2017;10:00;11:00;0;0
02.03.2017;11:00;12:00;0;0
02.03.2017;12:00;13:00;0;0
02.03.2017;13:00;14:00;0;0
02.03.2017;14:00;15:00;0;0
02.03.2017;15:00;16:00;0;0
02.03.2017;16:00;17:00;0;0
02.03.2017;17:00;18:00;0;0
02.03.2017;18:00;19:00;0;0
02.03.2017;19:00;20:00;0;0
02.03.2017;20:00;21:00;0;0
02.03.2017;21:00;22:00;0;0
02.03.2017;22:00;23:00;0;0
02.03.2017;23:00;00:00;0;0
03.03.2017;00:00;01:00;0;0
03.03.2017;01:00;02:00;0;0
03.03.2017;02:00;03:00;0;0
03.03.2017;03:00;04:00;0;0
03.03.2017;04:00;05:00;0;0
03.03.2017;05:00;06:00;0;0
03.03.2017;06:00;07:00;0;0
03.03.2017;07:00;08:00;0;0
03.03.2017;08:00;09:00;0;0
03.03.2017;09:00;10:00;0;0
03.03.2017;10:00;11:00;0;0
03.03.2017;11:00;12:00;0;0
03.03.2017;12:00;13:00;0;0
03.03.2017;13:00;14:00;0;0
03.03.2017;14:00;15:00;0;0
03.03.2017;15:00;16:00;0;0
03.03.2017;16:00;17:00;0;0
03.03.2017;17:00;18:00;0;0
03.03.2017;18:00;19:00;0;0
03.03.2017;19:00;20:00;0;0
03.03.2017;20:00;21:00;0;0
03.03.2017;21:00;22:00;0;0
03.03.2017;22:00;23:00;0;0
03.03.2017;23:00;00:00;0;0
04.03.2017;00:00;01:00;0;0
04.03.2017;01:00;02:00;0;0
04.03.2017;02:00;03:00;0;0
04.03.2017;03:00;04:00;0;0
04.03.2017;04:00;05:00;0;0
04.03.2017;05:00;06:00;0;0
04.03.2017;06:00;07:00;0;0
04.03.2017;07:00;08:00;0;0
04.03.2017;08:00;09:00;0;0
04.03.2017;09:00;10:00;0;0
04.03.2017;10:00;11:00;0;0
04.03.2017;11:00;12:00;0;0
04.03.2017;12:00;13:00;0;0
04.03.2017;13:00;14:00;0;0
04.03.2017;14:00;15:00;0;0
04.03.2017;15:00;16:00;0;0
04.03.2017;16:00;17:00;0;0
04.03.2017;17:00;18:00;0;0
04.03.2017;18:00;19:00;0;0
04.03.2017;19:00;20:00;0;0
04.03.2017;20:00;21:00;0;0
04.03.2017;21:00;22:00;0;0
04.03.2017;22:00;23:00;0;0
04.03.2017;23:00;00:00;0;0
05.03.2017;00:00;01:00;0;0
05.03.2017;01:00;02:00;0;0
05.03.2017;02:00;03:00;0;0
05.03.2017;03:00;04:00;0;0
05.03.2017;04:00;05:00;0;0
05.03.2017;05:00;06:00;0;0
05.03.2017;06:00;07:00;0;0
05.03.2017;07:00;08:00;0;0
05.03.2017;08:00;09:00;0;0
05.03.2017;09:00;10:00;0;0
05.03.2017;10:00;11:00;0;0
05.03.2017;11:00;12:00;0;0
05.03.2017;12:00;13:00;0;0
05.03.2017;13:00;14:00;0;0
05.03.2017;14:00;15:00;0;0
05.03.2017;15:00;16:00;0;0
05.03.2017;16:00;17:00;0;0
05.03.2017;17:00;18:00;0;0
05.03.2017;18:00;19:00;0;0
05.03.2017;19:00;20:00;0;0
05.03.2017;20:00;21:00;0;0
05.03.2017;21:00;22:00;0;0
05.03.2017;22:00;23:00;0;0
05.03.2017;23:00;00:00;0;0
06.03.2017;00:00;01:00;0;0
06.03.2017;01:00;02:00;0;0
06.03.2017;02:00;03:00;0;0
06.03.2017;03:00;04:00;0;0
06.03.2017;04:00;05:00;0;0
06.03.2017;05:00;06:00;16;21
06.03.2017;06:00;07:00;137;102
06.03.2017;07:00;08:00;257;300
06.03.2017;08:00;09:00;351;307
06.03.2017;09:00;10:00;569;462
06.03.2017;10:00;11:00;633;650
06.03.2017;11:00;12:00;650;627
06.03.2017;12:00;13:00;594;665
06.03.2017;13:00;14:00;485;682
06.03.2017;14:00;15:00;486;691
06.03.2017;15:00;16:00;610;627
06.03.2017;16:00;17:00;505;544
06.03.2017;17:00;18:00;475;516
06.03.2017;18:00;19:00;660;633
06.03.2017;19:00;20:00;619;687
06.03.2017;20:00;21:00;334;426
06.03.2017;21:00;22:00;151;357
06.03.2017;22:00;23:00;126;358
06.03.2017;23:00;00:00;124;359
07.03.2017;00:00;01:00;124;359
07.03.2017;01:00;02:00;123;359
07.03.2017;02:00;03:00;124;359
07.03.2017;03:00;04:00;124;360
07.03.2017;04:00;05:00;125;361
07.03.2017;05:00;06:00;160;396
07.03.2017;06:00;07:00;490;645
07.03.2017;07:00;08:00;663;717
07.03.2017;08:00;09:00;662;711
07.03.2017;09:00;10:00;662;711
07.03.2017;10:00;11:00;662;712
07.03.2017;11:00;12:00;663;712
07.03.2017;12:00;13:00;663;711
07.03.2017;13:00;14:00;663;711
07.03.2017;14:00;15:00;661;711
07.03.2017;15:00;16:00;663;712
07.03.2017;16:00;17:00;662;712
07.03.2017;17:00;18:00;661;711
07.03.2017;18:00;19:00;662;711
07.03.2017;19:00;20:00;662;711
07.03.2017;20:00;21:00;661;711
07.03.2017;21:00;22:00;660;710
07.03.2017;22:00;23:00;604;634
07.03.2017;23:00;00:00;299;308
08.03.2017;00:00;01:00;1;0
08.03.2017;01:00;02:00;0;0
08.03.2017;02:00;03:00;0;0
08.03.2017;03:00;04:00;0;0
08.03.2017;04:00;05:00;0;0
08.03.2017;05:00;06:00;0;0
08.03.2017;06:00;07:00;0;0
08.03.2017;07:00;08:00;0;0
08.03.2017;08:00;09:00;0;0
08.03.2017;09:00;10:00;0;0
08.03.2017;10:00;11:00;0;0
08.03.2017;11:00;12:00;0;0
08.03.2017;12:00;13:00;0;0
08.03.2017;13:00;14:00;0;0
08.03.2017;14:00;15:00;0;0
08.03.2017;15:00;16:00;0;0
08.03.2017;16:00;17:00;0;0
08.03.2017;17:00;18:00;0;0
08.03.2017;18:00;19:00;0;0
08.03.2017;19:00;20:00;0;0
08.03.2017;20:00;21:00;0;0
08.03.2017;21:00;22:00;0;0
08.03.2017;22:00;23:00;0;0
08.03.2017;23:00;00:00;0;0
09.03.2017;00:00;01:00;0;0
09.03.2017;01:00;02:00;0;0
09.03.2017;02:00;03:00;0;0
09.03.2017;03:00;04:00;0;0
09.03.2017;04:00;05:00;195;0
09.03.2017;05:00;06:00;289;0
09.03.2017;06:00;07:00;314;0
09.03.2017;07:00;08:00;597;0
09.03.2017;08:00;09:00;663;0
09.03.2017;09:00;10:00;666;0
09.03.2017;10:00;11:00;669;0
09.03.2017;11:00;12:00;667;0
09.03.2017;12:00;13:00;668;0
09.03.2017;13:00;14:00;669;0
09.03.2017;14:00;15:00;450;0
09.03.2017;15:00;16:00;183;0
09.03.2017;16:00;17:00;0;0
09.03.2017;17:00;18:00;0;0
09.03.2017;18:00;19:00;0;0
09.03.2017;19:00;20:00;0;0
09.03.2017;20:00;21:00;0;0
09.03.2017;21:00;22:00;0;0
09.03.2017;22:00;23:00;0;0
09.03.2017;23:00;00:00;0;0
10.03.2017;00:00;01:00;0;0
10.03.2017;01:00;02:00;0;0
10.03.2017;02:00;03:00;0;0
10.03.2017;03:00;04:00;0;0
10.03.2017;04:00;05:00;0;0
10.03.2017;05:00;06:00;0;0
10.03.2017;06:00;07:00;0;0
10.03.2017;07:00;08:00;0;0
10.03.2017;08:00;09:00;0;0
10.03.2017;09:00;10:00;0;0
10.03.2017;10:00;11:00;0;0
10.03.2017;11:00;12:00;0;0
10.03.2017;12:00;13:00;0;0
10.03.2017;13:00;14:00;0;0
10.03.2017;14:00;15:00;0;0
10.03.2017;15:00;16:00;0;0
10.03.2017;16:00;17:00;102;0
10.03.2017;17:00;18:00;287;0
10.03.2017;18:00;19:00;395;0
10.03.2017;19:00;20:00;663;0
10.03.2017;20:00;21:00;653;0
10.03.2017;21:00;22:00;554;0
10.03.2017;22:00;23:00;338;0
10.03.2017;23:00;00:00;291;0
11.03.2017;00:00;01:00;66;0
11.03.2017;01:00;02:00;0;0
11.03.2017;02:00;03:00;0;0
11.03.2017;03:00;04:00;0;0
11.03.2017;04:00;05:00;0;0
11.03.2017;05:00;06:00;0;0
11.03.2017;06:00;07:00;0;0
11.03.2017;07:00;08:00;0;0
11.03.2017;08:00;09:00;0;0
11.03.2017;09:00;10:00;0;0
11.03.2017;10:00;11:00;0;0
11.03.2017;11:00;12:00;0;0
11.03.2017;12:00;13:00;0;0
11.03.2017;13:00;14:00;0;0
11.03.2017;14:00;15:00;0;0
11.03.2017;15:00;16:00;0;0
11.03.2017;16:00;17:00;0;0
11.03.2017;17:00;18:00;0;0
11.03.2017;18:00;19:00;0;0
11.03.2017;19:00;20:00;0;0
11.03.2017;20:00;21:00;0;0
11.03.2017;21:00;22:00;0;0
11.03.2017;22:00;23:00;0;0
11.03.2017;23:00;00:00;0;0
12.03.2017;00:00;01:00;0;0
12.03.2017;01:00;02:00;0;0
12.03.2017;02:00;03:00;0;0
12.03.2017;03:00;04:00;0;0
12.03.2017;04:00;05:00;0;0
12.03.2017;05:00;06:00;0;0
12.03.2017;06:00;07:00;0;0
12.03.2017;07:00;08:00;0;0
12.03.2017;08:00;09:00;0;0
12.03.2017;09:00;10:00;0;0
12.03.2017;10:00;11:00;0;0
12.03.2017;11:00;12:00;0;0
12.03.2017;12:00;13:00;0;0
12.03.2017;13:00;14:00;0;0
12.03.2017;14:00;15:00;0;0
12.03.2017;15:00;16:00;0;0
12.03.2017;16:00;17:00;0;0
12.03.2017;17:00;18:00;0;0
12.03.2017;18:00;19:00;0;0
12.03.2017;19:00;20:00;0;0
12.03.2017;20:00;21:00;0;0
12.03.2017;21:00;22:00;0;0
12.03.2017;22:00;23:00;0;0
12.03.2017;23:00;00:00;0;0
13.03.2017;00:00;01:00;0;0
13.03.2017;01:00;02:00;0;0
13.03.2017;02:00;03:00;0;0
13.03.2017;03:00;04:00;96;0
13.03.2017;04:00;05:00;274;167
13.03.2017;05:00;06:00;306;316
13.03.2017;06:00;07:00;584;319
13.03.2017;07:00;08:00;638;530
13.03.2017;08:00;09:00;644;701
13.03.2017;09:00;10:00;646;701
13.03.2017;10:00;11:00;641;690
13.03.2017;11:00;12:00;506;512
13.03.2017;12:00;13:00;420;480
13.03.2017;13:00;14:00;429;481
13.03.2017;14:00;15:00;618;539
13.03.2017;15:00;16:00;646;652
13.03.2017;16:00;17:00;644;690
13.03.2017;17:00;18:00;644;700
13.03.2017;18:00;19:00;645;700
13.03.2017;19:00;20:00;646;700
13.03.2017;20:00;21:00;646;700
13.03.2017;21:00;22:00;644;704
13.03.2017;22:00;23:00;583;532
13.03.2017;23:00;00:00;309;383
14.03.2017;00:00;01:00;181;379
14.03.2017;01:00;02:00;122;380
14.03.2017;02:00;03:00;121;384
14.03.2017;03:00;04:00;121;381
14.03.2017;04:00;05:00;131;385
14.03.2017;05:00;06:00;373;479
14.03.2017;06:00;07:00;642;654
14.03.2017;07:00;08:00;646;706
14.03.2017;08:00;09:00;646;706
14.03.2017;09:00;10:00;646;705
14.03.2017;10:00;11:00;646;706
14.03.2017;11:00;12:00;639;696
14.03.2017;12:00;13:00;435;501
14.03.2017;13:00;14:00;427;467
14.03.2017;14:00;15:00;437;482
14.03.2017;15:00;16:00;421;481
14.03.2017;16:00;17:00;523;534
14.03.2017;17:00;18:00;647;696
14.03.2017;18:00;19:00;647;702
14.03.2017;19:00;20:00;616;658
14.03.2017;20:00;21:00;339;420
14.03.2017;21:00;22:00;314;380
14.03.2017;22:00;23:00;206;381
14.03.2017;23:00;00:00;150;382
15.03.2017;00:00;01:00;156;383
15.03.2017;01:00;02:00;155;384
15.03.2017;02:00;03:00;155;382
15.03.2017;03:00;04:00;158;383
15.03.2017;04:00;05:00;157;381
15.03.2017;05:00;06:00;218;382
15.03.2017;06:00;07:00;536;513
15.03.2017;07:00;08:00;648;657
15.03.2017;08:00;09:00;647;701
15.03.2017;09:00;10:00;640;667
15.03.2017;10:00;11:00;490;494
15.03.2017;11:00;12:00;458;481
15.03.2017;12:00;13:00;383;481
15.03.2017;13:00;14:00;318;481
15.03.2017;14:00;15:00;319;350
15.03.2017;15:00;16:00;334;391
15.03.2017;16:00;17:00;591;559
15.03.2017;17:00;18:00;647;704
15.03.2017;18:00;19:00;602;705
15.03.2017;19:00;20:00;312;702
15.03.2017;20:00;21:00;0;705
15.03.2017;21:00;22:00;0;704
15.03.2017;22:00;23:00;0;697
15.03.2017;23:00;00:00;0;481
16.03.2017;00:00;01:00;0;385
16.03.2017;01:00;02:00;0;382
16.03.2017;02:00;03:00;0;382
16.03.2017;03:00;04:00;0;382
16.03.2017;04:00;05:00;0;381
16.03.2017;05:00;06:00;0;395
16.03.2017;06:00;07:00;0;582
16.03.2017;07:00;08:00;0;607
16.03.2017;08:00;09:00;0;607
16.03.2017;09:00;10:00;0;607
16.03.2017;10:00;11:00;0;535
16.03.2017;11:00;12:00;0;480
16.03.2017;12:00;13:00;0;481
16.03.2017;13:00;14:00;0;480
16.03.2017;14:00;15:00;0;481
16.03.2017;15:00;16:00;0;481
16.03.2017;16:00;17:00;0;511
16.03.2017;17:00;18:00;0;693
16.03.2017;18:00;19:00;0;706
16.03.2017;19:00;20:00;0;706
16.03.2017;20:00;21:00;0;705
16.03.2017;21:00;22:00;0;708
16.03.2017;22:00;23:00;0;576
16.03.2017;23:00;00:00;0;334
17.03.2017;00:00;01:00;0;58
17.03.2017;01:00;02:00;0;0
17.03.2017;02:00;03:00;0;0
17.03.2017;03:00;04:00;0;0
17.03.2017;04:00;05:00;0;0
17.03.2017;05:00;06:00;0;0
17.03.2017;06:00;07:00;0;0
17.03.2017;07:00;08:00;0;0
17.03.2017;08:00;09:00;0;0
17.03.2017;09:00;10:00;0;0
17.03.2017;10:00;11:00;0;0
17.03.2017;11:00;12:00;0;0
17.03.2017;12:00;13:00;0;0
17.03.2017;13:00;14:00;0;0
17.03.2017;14:00;15:00;0;0
17.03.2017;15:00;16:00;0;0
17.03.2017;16:00;17:00;0;0
17.03.2017;17:00;18:00;0;0
17.03.2017;18:00;19:00;0;0
17.03.2017;19:00;20:00;0;0
17.03.2017;20:00;21:00;0;0
17.03.2017;21:00;22:00;0;0
17.03.2017;22:00;23:00;0;0
17.03.2017;23:00;00:00;0;0
18.03.2017;00:00;01:00;0;0
18.03.2017;01:00;02:00;0;0
18.03.2017;02:00;03:00;0;0
18.03.2017;03:00;04:00;0;0
18.03.2017;04:00;05:00;0;0
18.03.2017;05:00;06:00;0;0
18.03.2017;06:00;07:00;0;0
18.03.2017;07:00;08:00;0;0
18.03.2017;08:00;09:00;0;0
18.03.2017;09:00;10:00;0;0
18.03.2017;10:00;11:00;0;0
18.03.2017;11:00;12:00;0;0
18.03.2017;12:00;13:00;0;0
18.03.2017;13:00;14:00;0;0
18.03.2017;14:00;15:00;0;0
18.03.2017;15:00;16:00;0;0
18.03.2017;16:00;17:00;0;0
18.03.2017;17:00;18:00;0;0
18.03.2017;18:00;19:00;0;0
18.03.2017;19:00;20:00;0;0
18.03.2017;20:00;21:00;0;0
18.03.2017;21:00;22:00;0;0
18.03.2017;22:00;23:00;0;0
18.03.2017;23:00;00:00;0;0
19.03.2017;00:00;01:00;0;0
19.03.2017;01:00;02:00;0;0
19.03.2017;02:00;03:00;0;0
19.03.2017;03:00;04:00;0;0
19.03.2017;04:00;05:00;0;0
19.03.2017;05:00;06:00;0;0
19.03.2017;06:00;07:00;0;0
19.03.2017;07:00;08:00;0;0
19.03.2017;08:00;09:00;0;0
19.03.2017;09:00;10:00;0;0
19.03.2017;10:00;11:00;0;0
19.03.2017;11:00;12:00;0;0
19.03.2017;12:00;13:00;0;0
19.03.2017;13:00;14:00;0;0
19.03.2017;14:00;15:00;0;0
19.03.2017;15:00;16:00;0;0
19.03.2017;16:00;17:00;0;0
19.03.2017;17:00;18:00;0;0
19.03.2017;18:00;19:00;0;0
19.03.2017;19:00;20:00;0;0
19.03.2017;20:00;21:00;0;0
19.03.2017;21:00;22:00;0;0
19.03.2017;22:00;23:00;0;0
19.03.2017;23:00;00:00;0;0
20.03.2017;00:00;01:00;0;0
20.03.2017;01:00;02:00;0;0
20.03.2017;02:00;03:00;0;0
20.03.2017;03:00;04:00;0;0
20.03.2017;04:00;05:00;0;0
20.03.2017;05:00;06:00;0;0
20.03.2017;06:00;07:00;168;0
20.03.2017;07:00;08:00;284;0
20.03.2017;08:00;09:00;384;0
20.03.2017;09:00;10:00;653;0
20.03.2017;10:00;11:00;637;0
20.03.2017;11:00;12:00;599;0
20.03.2017;12:00;13:00;348;0
20.03.2017;13:00;14:00;312;0
20.03.2017;14:00;15:00;314;0
20.03.2017;15:00;16:00;332;0
20.03.2017;16:00;17:00;386;0
20.03.2017;17:00;18:00;331;0
20.03.2017;18:00;19:00;312;0
20.03.2017;19:00;20:00;313;0
20.03.2017;20:00;21:00;309;0
20.03.2017;21:00;22:00;198;0
20.03.2017;22:00;23:00;196;0
20.03.2017;23:00;00:00;287;0
21.03.2017;00:00;01:00;288;0
21.03.2017;01:00;02:00;288;0
21.03.2017;02:00;03:00;287;0
21.03.2017;03:00;04:00;287;0
21.03.2017;04:00;05:00;287;0
21.03.2017;05:00;06:00;344;264
21.03.2017;06:00;07:00;479;296
21.03.2017;07:00;08:00;621;406
21.03.2017;08:00;09:00;646;645
21.03.2017;09:00;10:00;640;666
21.03.2017;10:00;11:00;373;443
21.03.2017;11:00;12:00;438;481
21.03.2017;12:00;13:00;648;679
21.03.2017;13:00;14:00;648;699
21.03.2017;14:00;15:00;647;696
21.03.2017;15:00;16:00;647;695
21.03.2017;16:00;17:00;647;699
21.03.2017;17:00;18:00;647;700
21.03.2017;18:00;19:00;647;701
21.03.2017;19:00;20:00;646;700
21.03.2017;20:00;21:00;646;699
21.03.2017;21:00;22:00;647;701
21.03.2017;22:00;23:00;647;699
21.03.2017;23:00;00:00;645;687
22.03.2017;00:00;01:00;599;593
22.03.2017;01:00;02:00;540;596
22.03.2017;02:00;03:00;443;482
22.03.2017;03:00;04:00;421;480
22.03.2017;04:00;05:00;437;491
22.03.2017;05:00;06:00;633;679
22.03.2017;06:00;07:00;647;701
22.03.2017;07:00;08:00;646;701
22.03.2017;08:00;09:00;646;703
22.03.2017;09:00;10:00;645;706
22.03.2017;10:00;11:00;647;705
22.03.2017;11:00;12:00;647;705
22.03.2017;12:00;13:00;647;706
22.03.2017;13:00;14:00;647;705
22.03.2017;14:00;15:00;647;706
22.03.2017;15:00;16:00;647;706
22.03.2017;16:00;17:00;646;705
22.03.2017;17:00;18:00;646;706
22.03.2017;18:00;19:00;648;707
22.03.2017;19:00;20:00;647;706
22.03.2017;20:00;21:00;647;706
22.03.2017;21:00;22:00;647;706
22.03.2017;22:00;23:00;646;703
22.03.2017;23:00;00:00;624;507
23.03.2017;00:00;01:00;527;480
23.03.2017;01:00;02:00;421;480
23.03.2017;02:00;03:00;421;480
23.03.2017;03:00;04:00;421;480
23.03.2017;04:00;05:00;499;572
23.03.2017;05:00;06:00;638;664
23.03.2017;06:00;07:00;643;702
23.03.2017;07:00;08:00;641;706
23.03.2017;08:00;09:00;642;707
23.03.2017;09:00;10:00;642;706
23.03.2017;10:00;11:00;643;707
23.03.2017;11:00;12:00;642;707
23.03.2017;12:00;13:00;642;708
23.03.2017;13:00;14:00;645;708
23.03.2017;14:00;15:00;647;707
23.03.2017;15:00;16:00;647;706
23.03.2017;16:00;17:00;647;706
23.03.2017;17:00;18:00;647;706
23.03.2017;18:00;19:00;646;705
23.03.2017;19:00;20:00;646;705
23.03.2017;20:00;21:00;647;706
23.03.2017;21:00;22:00;646;706
23.03.2017;22:00;23:00;646;706
23.03.2017;23:00;00:00;643;705
24.03.2017;00:00;01:00;451;532
24.03.2017;01:00;02:00;420;479
24.03.2017;02:00;03:00;420;479
24.03.2017;03:00;04:00;420;479
24.03.2017;04:00;05:00;420;479
24.03.2017;05:00;06:00;456;492
24.03.2017;06:00;07:00;637;674
24.03.2017;07:00;08:00;646;700
24.03.2017;08:00;09:00;645;705
24.03.2017;09:00;10:00;646;706
24.03.2017;10:00;11:00;646;706
24.03.2017;11:00;12:00;646;706
24.03.2017;12:00;13:00;646;706
24.03.2017;13:00;14:00;645;705
24.03.2017;14:00;15:00;647;705
24.03.2017;15:00;16:00;646;685
24.03.2017;16:00;17:00;646;551
24.03.2017;17:00;18:00;646;528
24.03.2017;18:00;19:00;612;527
24.03.2017;19:00;20:00;477;500
24.03.2017;20:00;21:00;431;478
24.03.2017;21:00;22:00;325;73
24.03.2017;22:00;23:00;161;0
24.03.2017;23:00;00:00;0;0
25.03.2017;00:00;01:00;0;0
25.03.2017;01:00;02:00;0;0
25.03.2017;02:00;03:00;0;0
25.03.2017;03:00;04:00;0;0
25.03.2017;04:00;05:00;0;0
25.03.2017;05:00;06:00;0;0
25.03.2017;06:00;07:00;0;0
25.03.2017;07:00;08:00;0;0
25.03.2017;08:00;09:00;0;0
25.03.2017;09:00;10:00;0;0
25.03.2017;10:00;11:00;0;0
25.03.2017;11:00;12:00;0;0
25.03.2017;12:00;13:00;0;0
25.03.2017;13:00;14:00;0;0
25.03.2017;14:00;15:00;0;0
25.03.2017;15:00;16:00;0;0
25.03.2017;16:00;17:00;0;0
25.03.2017;17:00;18:00;0;0
25.03.2017;18:00;19:00;0;0
25.03.2017;19:00;20:00;0;0
25.03.2017;20:00;21:00;0;0
25.03.2017;21:00;22:00;0;0
25.03.2017;22:00;23:00;0;0
25.03.2017;23:00;00:00;0;0
26.03.2017;00:00;01:00;0;0
26.03.2017;01:00;02:00;0;0
26.03.2017;03:00;04:00;0;0
26.03.2017;04:00;05:00;0;0
26.03.2017;05:00;06:00;0;0
26.03.2017;06:00;07:00;0;0
26.03.2017;07:00;08:00;0;0
26.03.2017;08:00;09:00;0;0
26.03.2017;09:00;10:00;0;0
26.03.2017;10:00;11:00;0;0
26.03.2017;11:00;12:00;0;0
26.03.2017;12:00;13:00;0;0
26.03.2017;13:00;14:00;0;0
26.03.2017;14:00;15:00;0;0
26.03.2017;15:00;16:00;0;0
26.03.2017;16:00;17:00;0;0
26.03.2017;17:00;18:00;0;0
26.03.2017;18:00;19:00;0;0
26.03.2017;19:00;20:00;0;0
26.03.2017;20:00;21:00;0;0
26.03.2017;21:00;22:00;0;0
26.03.2017;22:00;23:00;0;0
26.03.2017;23:00;00:00;0;0
27.03.2017;00:00;01:00;0;0
27.03.2017;01:00;02:00;0;0
27.03.2017;02:00;03:00;0;0
27.03.2017;03:00;04:00;0;0
27.03.2017;04:00;05:00;0;0
27.03.2017;05:00;06:00;0;0
27.03.2017;06:00;07:00;0;0
27.03.2017;07:00;08:00;0;0
27.03.2017;08:00;09:00;0;0
27.03.2017;09:00;10:00;0;0
27.03.2017;10:00;11:00;0;0
27.03.2017;11:00;12:00;0;0
27.03.2017;12:00;13:00;0;0
27.03.2017;13:00;14:00;0;0
27.03.2017;14:00;15:00;0;0
27.03.2017;15:00;16:00;0;0
27.03.2017;16:00;17:00;0;0
27.03.2017;17:00;18:00;0;0
27.03.2017;18:00;19:00;0;0
27.03.2017;19:00;20:00;0;0
27.03.2017;20:00;21:00;0;0
27.03.2017;21:00;22:00;0;0
27.03.2017;22:00;23:00;0;0
27.03.2017;23:00;00:00;0;0
28.03.2017;00:00;01:00;0;0
28.03.2017;01:00;02:00;0;0
28.03.2017;02:00;03:00;0;0
28.03.2017;03:00;04:00;0;0
28.03.2017;04:00;05:00;0;0
28.03.2017;05:00;06:00;0;0
28.03.2017;06:00;07:00;0;0
28.03.2017;07:00;08:00;0;0
28.03.2017;08:00;09:00;0;0
28.03.2017;09:00;10:00;0;0
28.03.2017;10:00;11:00;0;0
28.03.2017;11:00;12:00;0;0
28.03.2017;12:00;13:00;0;0
28.03.2017;13:00;14:00;0;0
28.03.2017;14:00;15:00;0;0
28.03.2017;15:00;16:00;0;0
28.03.2017;16:00;17:00;0;0
28.03.2017;17:00;18:00;0;0
28.03.2017;18:00;19:00;0;0
28.03.2017;19:00;20:00;0;0
28.03.2017;20:00;21:00;0;0
28.03.2017;21:00;22:00;0;0
28.03.2017;22:00;23:00;0;0
28.03.2017;23:00;00:00;0;0
29.03.2017;00:00;01:00;0;0
29.03.2017;01:00;02:00;0;0
29.03.2017;02:00;03:00;0;0
29.03.2017;03:00;04:00;0;0
29.03.2017;04:00;05:00;0;0
29.03.2017;05:00;06:00;0;0
29.03.2017;06:00;07:00;0;0
29.03.2017;07:00;08:00;0;0
29.03.2017;08:00;09:00;0;0
29.03.2017;09:00;10:00;0;0
29.03.2017;10:00;11:00;0;0
29.03.2017;11:00;12:00;0;0
29.03.2017;12:00;13:00;0;0
29.03.2017;13:00;14:00;0;0
29.03.2017;14:00;15:00;0;0
29.03.2017;15:00;16:00;0;0
29.03.2017;16:00;17:00;0;0
29.03.2017;17:00;18:00;0;0
29.03.2017;18:00;19:00;0;0
29.03.2017;19:00;20:00;0;0
29.03.2017;20:00;21:00;0;0
29.03.2017;21:00;22:00;0;0
29.03.2017;22:00;23:00;0;0
29.03.2017;23:00;00:00;0;0
30.03.2017;00:00;01:00;0;0
30.03.2017;01:00;02:00;0;0
30.03.2017;02:00;03:00;0;0
30.03.2017;03:00;04:00;0;0
30.03.2017;04:00;05:00;0;0
30.03.2017;05:00;06:00;0;0
30.03.2017;06:00;07:00;0;0
30.03.2017;07:00;08:00;0;0
30.03.2017;08:00;09:00;0;0
30.03.2017;09:00;10:00;0;0
30.03.2017;10:00;11:00;0;0
30.03.2017;11:00;12:00;0;0
30.03.2017;12:00;13:00;0;0
30.03.2017;13:00;14:00;0;0
30.03.2017;14:00;15:00;0;0
30.03.2017;15:00;16:00;0;0
30.03.2017;16:00;17:00;0;0
30.03.2017;17:00;18:00;0;0
30.03.2017;18:00;19:00;0;0
30.03.2017;19:00;20:00;0;0
30.03.2017;20:00;21:00;0;0
30.03.2017;21:00;22:00;0;0
30.03.2017;22:00;23:00;0;0
30.03.2017;23:00;00:00;0;0
31.03.2017;00:00;01:00;0;0
31.03.2017;01:00;02:00;0;0
31.03.2017;02:00;03:00;0;0
31.03.2017;03:00;04:00;0;0
31.03.2017;04:00;05:00;0;0
31.03.2017;05:00;06:00;0;0
31.03.2017;06:00;07:00;0;0
31.03.2017;07:00;08:00;0;0
31.03.2017;08:00;09:00;0;0
31.03.2017;09:00;10:00;0;0
31.03.2017;10:00;11:00;0;0
31.03.2017;11:00;12:00;0;0
31.03.2017;12:00;13:00;0;0
31.03.2017;13:00;14:00;0;0
31.03.2017;14:00;15:00;0;0
31.03.2017;15:00;16:00;0;0
31.03.2017;16:00;17:00;0;0
31.03.2017;17:00;18:00;0;0
31.03.2017;18:00;19:00;0;0
31.03.2017;19:00;20:00;0;0
31.03.2017;20:00;21:00;0;0
31.03.2017;21:00;22:00;0;0
31.03.2017;22:00;23:00;0;0
31.03.2017;23:00;00:00;0;0
01.04.2017;00:00;01:00;-;-
01.04.2017;01:00;02:00;-;-
01.04.2017;02:00;03:00;-;-
01.04.2017;03:00;04:00;-;-
01.04.2017;04:00;05:00;-;-
01.04.2017;05:00;06:00;-;-
01.04.2017;06:00;07:00;-;-
01.04.2017;07:00;08:00;-;-
01.04.2017;08:00;09:00;-;-
01.04.2017;09:00;10:00;-;-
01.04.2017;10:00;11:00;-;-
01.04.2017;11:00;12:00;-;-
01.04.2017;12:00;13:00;-;-
01.04.2017;13:00;14:00;-;-
01.04.2017;14:00;15:00;-;-
01.04.2017;15:00;16:00;-;-
01.04.2017;16:00;17:00;-;-
01.04.2017;17:00;18:00;-;-
01.04.2017;18:00;19:00;-;-
01.04.2017;19:00;20:00;-;-
01.04.2017;20:00;21:00;-;-
01.04.2017;21:00;22:00;-;-
01.04.2017;22:00;23:00;-;-
01.04.2017;23:00;00:00;-;-
02.04.2017;00:00;01:00;-;-
02.04.2017;01:00;02:00;-;-
02.04.2017;02:00;03:00;-;-
02.04.2017;03:00;04:00;-;-
02.04.2017;04:00;05:00;-;-
02.04.2017;05:00;06:00;-;-
02.04.2017;06:00;07:00;-;-
02.04.2017;07:00;08:00;-;-
02.04.2017;08:00;09:00;-;-
02.04.2017;09:00;10:00;-;-
02.04.2017;10:00;11:00;-;-
02.04.2017;11:00;12:00;-;-
02.04.2017;12:00;13:00;-;-
02.04.2017;13:00;14:00;-;-
02.04.2017;14:00;15:00;-;-
02.04.2017;15:00;16:00;-;-
02.04.2017;16:00;17:00;-;-
02.04.2017;17:00;18:00;-;-
02.04.2017;18:00;19:00;-;-
02.04.2017;19:00;20:00;-;-
02.04.2017;20:00;21:00;-;-
02.04.2017;21:00;22:00;-;-
02.04.2017;22:00;23:00;-;-
02.04.2017;23:00;00:00;-;-
03.04.2017;00:00;01:00;-;-
03.04.2017;01:00;02:00;-;-
03.04.2017;02:00;03:00;-;-
03.04.2017;03:00;04:00;-;-
03.04.2017;04:00;05:00;-;-
03.04.2017;05:00;06:00;-;-
03.04.2017;06:00;07:00;-;-
03.04.2017;07:00;08:00;-;-
03.04.2017;08:00;09:00;-;-
03.04.2017;09:00;10:00;-;-
03.04.2017;10:00;11:00;-;-
03.04.2017;11:00;12:00;-;-
03.04.2017;12:00;13:00;-;-
03.04.2017;13:00;14:00;-;-
03.04.2017;14:00;15:00;-;-
03.04.2017;15:00;16:00;-;-
03.04.2017;16:00;17:00;-;-
03.04.2017;17:00;18:00;-;-
03.04.2017;18:00;19:00;-;-
03.04.2017;19:00;20:00;-;-
03.04.2017;20:00;21:00;-;-
03.04.2017;21:00;22:00;-;-
03.04.2017;22:00;23:00;-;-
03.04.2017;23:00;00:00;-;-
04.04.2017;00:00;01:00;-;-
04.04.2017;01:00;02:00;-;-
04.04.2017;02:00;03:00;-;-
04.04.2017;03:00;04:00;-;-
04.04.2017;04:00;05:00;-;-
04.04.2017;05:00;06:00;-;-
04.04.2017;06:00;07:00;-;-
04.04.2017;07:00;08:00;-;-
04.04.2017;08:00;09:00;-;-
04.04.2017;09:00;10:00;-;-
04.04.2017;10:00;11:00;-;-
04.04.2017;11:00;12:00;-;-
04.04.2017;12:00;13:00;-;-
04.04.2017;13:00;14:00;-;-
04.04.2017;14:00;15:00;-;-
04.04.2017;15:00;16:00;-;-
04.04.2017;16:00;17:00;-;-
04.04.2017;17:00;18:00;-;-
04.04.2017;18:00;19:00;-;-
04.04.2017;19:00;20:00;-;-
04.04.2017;20:00;21:00;-;-
04.04.2017;21:00;22:00;-;-
04.04.2017;22:00;23:00;-;-
04.04.2017;23:00;00:00;-;-
05.04.2017;00:00;01:00;-;-
05.04.2017;01:00;02:00;-;-
05.04.2017;02:00;03:00;-;-
05.04.2017;03:00;04:00;-;-
05.04.2017;04:00;05:00;-;-
05.04.2017;05:00;06:00;-;-
05.04.2017;06:00;07:00;-;-
05.04.2017;07:00;08:00;-;-
05.04.2017;08:00;09:00;-;-
05.04.2017;09:00;10:00;-;-
05.04.2017;10:00;11:00;-;-
05.04.2017;11:00;12:00;-;-
05.04.2017;12:00;13:00;-;-
05.04.2017;13:00;14:00;-;-
05.04.2017;14:00;15:00;-;-
05.04.2017;15:00;16:00;-;-
05.04.2017;16:00;17:00;-;-
05.04.2017;17:00;18:00;-;-
05.04.2017;18:00;19:00;-;-
05.04.2017;19:00;20:00;-;-
05.04.2017;20:00;21:00;-;-
05.04.2017;21:00;22:00;-;-
05.04.2017;22:00;23:00;-;-
05.04.2017;23:00;00:00;-;-
06.04.2017;00:00;01:00;-;-
06.04.2017;01:00;02:00;-;-
06.04.2017;02:00;03:00;-;-
06.04.2017;03:00;04:00;-;-
06.04.2017;04:00;05:00;-;-
06.04.2017;05:00;06:00;-;-
06.04.2017;06:00;07:00;-;-
06.04.2017;07:00;08:00;-;-
06.04.2017;08:00;09:00;-;-
06.04.2017;09:00;10:00;-;-
06.04.2017;10:00;11:00;-;-
06.04.2017;11:00;12:00;-;-
06.04.2017;12:00;13:00;-;-
06.04.2017;13:00;14:00;-;-
06.04.2017;14:00;15:00;-;-
06.04.2017;15:00;16:00;-;-
06.04.2017;16:00;17:00;-;-
06.04.2017;17:00;18:00;-;-
06.04.2017;18:00;19:00;-;-
06.04.2017;19:00;20:00;-;-
06.04.2017;20:00;21:00;-;-
06.04.2017;21:00;22:00;-;-
06.04.2017;22:00;23:00;-;-
06.04.2017;23:00;00:00;-;-
07.04.2017;00:00;01:00;-;-
07.04.2017;01:00;02:00;-;-
07.04.2017;02:00;03:00;-;-
07.04.2017;03:00;04:00;-;-
07.04.2017;04:00;05:00;-;-
07.04.2017;05:00;06:00;-;-
07.04.2017;06:00;07:00;-;-
07.04.2017;07:00;08:00;-;-
07.04.2017;08:00;09:00;-;-
07.04.2017;09:00;10:00;-;-
07.04.2017;10:00;11:00;-;-
07.04.2017;11:00;12:00;-;-
07.04.2017;12:00;13:00;-;-
07.04.2017;13:00;14:00;-;-
07.04.2017;14:00;15:00;-;-
07.04.2017;15:00;16:00;-;-
07.04.2017;16:00;17:00;-;-
07.04.2017;17:00;18:00;-;-
07.04.2017;18:00;19:00;-;-
07.04.2017;19:00;20:00;-;-
07.04.2017;20:00;21:00;-;-
07.04.2017;21:00;22:00;-;-
07.04.2017;22:00;23:00;-;-
07.04.2017;23:00;00:00;-;-
08.04.2017;00:00;01:00;-;-
08.04.2017;01:00;02:00;-;-
08.04.2017;02:00;03:00;-;-
08.04.2017;03:00;04:00;-;-
08.04.2017;04:00;05:00;-;-
08.04.2017;05:00;06:00;-;-
08.04.2017;06:00;07:00;-;-
08.04.2017;07:00;08:00;-;-
08.04.2017;08:00;09:00;-;-
08.04.2017;09:00;10:00;-;-
08.04.2017;10:00;11:00;-;-
08.04.2017;11:00;12:00;-;-
08.04.2017;12:00;13:00;-;-
08.04.2017;13:00;14:00;-;-
08.04.2017;14:00;15:00;-;-
08.04.2017;15:00;16:00;-;-
08.04.2017;16:00;17:00;-;-
08.04.2017;17:00;18:00;-;-
08.04.2017;18:00;19:00;-;-
08.04.2017;19:00;20:00;-;-
08.04.2017;20:00;21:00;-;-
08.04.2017;21:00;22:00;-;-
08.04.2017;22:00;23:00;-;-
08.04.2017;23:00;00:00;-;-
09.04.2017;00:00;01:00;-;-
09.04.2017;01:00;02:00;-;-
09.04.2017;02:00;03:00;-;-
09.04.2017;03:00;04:00;-;-
09.04.2017;04:00;05:00;-;-
09.04.2017;05:00;06:00;-;-
09.04.2017;06:00;07:00;-;-
09.04.2017;07:00;08:00;-;-
09.04.2017;08:00;09:00;-;-
09.04.2017;09:00;10:00;-;-
09.04.2017;10:00;11:00;-;-
09.04.2017;11:00;12:00;-;-
09.04.2017;12:00;13:00;-;-
09.04.2017;13:00;14:00;-;-
09.04.2017;14:00;15:00;-;-
09.04.2017;15:00;16:00;-;-
09.04.2017;16:00;17:00;-;-
09.04.2017;17:00;18:00;-;-
09.04.2017;18:00;19:00;-;-
09.04.2017;19:00;20:00;-;-
09.04.2017;20:00;21:00;-;-
09.04.2017;21:00;22:00;-;-
09.04.2017;22:00;23:00;-;-
09.04.2017;23:00;00:00;-;-
