Datum;Anfang;Ende;Generation_DE West 2 [MW] Originalauflösungen;Generation_DE West 1 [MW] Originalauflösungen
01.01.2017;00:00;01:00;0;0
01.01.2017;01:00;02:00;0;0
01.01.2017;02:00;03:00;0;0
01.01.2017;03:00;04:00;0;0
01.01.2017;04:00;05:00;0;0
01.01.2017;05:00;06:00;0;0
01.01.2017;06:00;07:00;0;0
01.01.2017;07:00;08:00;0;0
01.01.2017;08:00;09:00;0;0
01.01.2017;09:00;10:00;0;0
01.01.2017;10:00;11:00;0;0
01.01.2017;11:00;12:00;0;0
01.01.2017;12:00;13:00;0;0
01.01.2017;13:00;14:00;0;0
01.01.2017;14:00;15:00;0;0
01.01.2017;15:00;16:00;0;0
01.01.2017;16:00;17:00;0;0
01.01.2017;17:00;18:00;10;0
01.01.2017;18:00;19:00;109;0
01.01.2017;19:00;20:00;247;0
01.01.2017;20:00;21:00;305;0
01.01.2017;21:00;22:00;308;0
01.01.2017;22:00;23:00;294;0
01.01.2017;23:00;00:00;203;0
02.01.2017;00:00;01:00;139;0
02.01.2017;01:00;02:00;142;0
02.01.2017;02:00;03:00;142;0
02.01.2017;03:00;04:00;146;0
02.01.2017;04:00;05:00;147;0
02.01.2017;05:00;06:00;152;19
02.01.2017;06:00;07:00;229;64
02.01.2017;07:00;08:00;307;173
02.01.2017;08:00;09:00;315;256
02.01.2017;09:00;10:00;314;252
02.01.2017;10:00;11:00;314;254
02.01.2017;11:00;12:00;315;277
02.01.2017;12:00;13:00;314;301
02.01.2017;13:00;14:00;315;308
02.01.2017;14:00;15:00;318;309
02.01.2017;15:00;16:00;318;311
02.01.2017;16:00;17:00;312;307
02.01.2017;17:00;18:00;314;309
02.01.2017;18:00;19:00;316;309
02.01.2017;19:00;20:00;314;311
02.01.2017;20:00;21:00;252;253
02.01.2017;21:00;22:00;109;172
02.01.2017;22:00;23:00;0;137
02.01.2017;23:00;00:00;0;71
03.01.2017;00:00;01:00;0;0
03.01.2017;01:00;02:00;0;0
03.01.2017;02:00;03:00;0;0
03.01.2017;03:00;04:00;0;0
03.01.2017;04:00;05:00;0;0
03.01.2017;05:00;06:00;0;0
03.01.2017;06:00;07:00;0;0
03.01.2017;07:00;08:00;0;0
03.01.2017;08:00;09:00;0;0
03.01.2017;09:00;10:00;0;0
03.01.2017;10:00;11:00;0;0
03.01.2017;11:00;12:00;0;0
03.01.2017;12:00;13:00;0;0
03.01.2017;13:00;14:00;0;0
03.01.2017;14:00;15:00;0;0
03.01.2017;15:00;16:00;0;0
03.01.2017;16:00;17:00;0;0
03.01.2017;17:00;18:00;0;0
03.01.2017;18:00;19:00;0;0
03.01.2017;19:00;20:00;0;0
03.01.2017;20:00;21:00;0;0
03.01.2017;21:00;22:00;0;0
03.01.2017;22:00;23:00;0;0
03.01.2017;23:00;00:00;0;0
04.01.2017;00:00;01:00;0;0
04.01.2017;01:00;02:00;0;0
04.01.2017;02:00;03:00;0;0
04.01.2017;03:00;04:00;0;0
04.01.2017;04:00;05:00;0;0
04.01.2017;05:00;06:00;0;0
04.01.2017;06:00;07:00;0;0
04.01.2017;07:00;08:00;0;0
04.01.2017;08:00;09:00;0;0
04.01.2017;09:00;10:00;0;0
04.01.2017;10:00;11:00;0;0
04.01.2017;11:00;12:00;0;0
04.01.2017;12:00;13:00;0;0
04.01.2017;13:00;14:00;88;0
04.01.2017;14:00;15:00;213;0
04.01.2017;15:00;16:00;280;0
04.01.2017;16:00;17:00;301;0
04.01.2017;17:00;18:00;308;0
04.01.2017;18:00;19:00;311;0
04.01.2017;19:00;20:00;252;0
04.01.2017;20:00;21:00;214;0
04.01.2017;21:00;22:00;143;0
04.01.2017;22:00;23:00;74;0
04.01.2017;23:00;00:00;72;0
05.01.2017;00:00;01:00;74;0
05.01.2017;01:00;02:00;73;0
05.01.2017;02:00;03:00;72;0
05.01.2017;03:00;04:00;80;22
05.01.2017;04:00;05:00;148;128
05.01.2017;05:00;06:00;192;266
05.01.2017;06:00;07:00;276;287
05.01.2017;07:00;08:00;317;313
05.01.2017;08:00;09:00;316;312
05.01.2017;09:00;10:00;317;313
05.01.2017;10:00;11:00;317;306
05.01.2017;11:00;12:00;312;311
05.01.2017;12:00;13:00;297;311
05.01.2017;13:00;14:00;242;317
05.01.2017;14:00;15:00;161;317
05.01.2017;15:00;16:00;245;317
05.01.2017;16:00;17:00;309;319
05.01.2017;17:00;18:00;315;319
05.01.2017;18:00;19:00;313;318
05.01.2017;19:00;20:00;313;318
05.01.2017;20:00;21:00;303;318
05.01.2017;21:00;22:00;205;293
05.01.2017;22:00;23:00;21;269
05.01.2017;23:00;00:00;0;157
06.01.2017;00:00;01:00;0;138
06.01.2017;01:00;02:00;0;140
06.01.2017;02:00;03:00;0;142
06.01.2017;03:00;04:00;0;141
06.01.2017;04:00;05:00;0;141
06.01.2017;05:00;06:00;0;163
06.01.2017;06:00;07:00;0;265
06.01.2017;07:00;08:00;0;308
06.01.2017;08:00;09:00;0;309
06.01.2017;09:00;10:00;0;311
06.01.2017;10:00;11:00;0;312
06.01.2017;11:00;12:00;0;312
06.01.2017;12:00;13:00;0;311
06.01.2017;13:00;14:00;0;293
06.01.2017;14:00;15:00;0;284
06.01.2017;15:00;16:00;0;315
06.01.2017;16:00;17:00;0;315
06.01.2017;17:00;18:00;0;313
06.01.2017;18:00;19:00;0;309
06.01.2017;19:00;20:00;0;295
06.01.2017;20:00;21:00;0;173
06.01.2017;21:00;22:00;0;0
06.01.2017;22:00;23:00;0;0
06.01.2017;23:00;00:00;0;0
07.01.2017;00:00;01:00;0;0
07.01.2017;01:00;02:00;0;0
07.01.2017;02:00;03:00;0;0
07.01.2017;03:00;04:00;0;0
07.01.2017;04:00;05:00;0;0
07.01.2017;05:00;06:00;0;0
07.01.2017;06:00;07:00;0;0
07.01.2017;07:00;08:00;0;0
07.01.2017;08:00;09:00;0;0
07.01.2017;09:00;10:00;0;0
07.01.2017;10:00;11:00;0;0
07.01.2017;11:00;12:00;0;0
07.01.2017;12:00;13:00;0;0
07.01.2017;13:00;14:00;0;0
07.01.2017;14:00;15:00;0;0
07.01.2017;15:00;16:00;0;0
07.01.2017;16:00;17:00;0;0
07.01.2017;17:00;18:00;0;0
07.01.2017;18:00;19:00;0;0
07.01.2017;19:00;20:00;0;0
07.01.2017;20:00;21:00;0;0
07.01.2017;21:00;22:00;0;0
07.01.2017;22:00;23:00;0;0
07.01.2017;23:00;00:00;0;0
08.01.2017;00:00;01:00;0;0
08.01.2017;01:00;02:00;0;0
08.01.2017;02:00;03:00;0;0
08.01.2017;03:00;04:00;0;0
08.01.2017;04:00;05:00;0;0
08.01.2017;05:00;06:00;0;0
08.01.2017;06:00;07:00;0;0
08.01.2017;07:00;08:00;0;0
08.01.2017;08:00;09:00;0;0
08.01.2017;09:00;10:00;0;27
08.01.2017;10:00;11:00;0;161
08.01.2017;11:00;12:00;0;268
08.01.2017;12:00;13:00;0;263
08.01.2017;13:00;14:00;0;258
08.01.2017;14:00;15:00;0;259
08.01.2017;15:00;16:00;0;257
08.01.2017;16:00;17:00;0;257
08.01.2017;17:00;18:00;0;263
08.01.2017;18:00;19:00;0;262
08.01.2017;19:00;20:00;0;262
08.01.2017;20:00;21:00;0;263
08.01.2017;21:00;22:00;0;263
08.01.2017;22:00;23:00;0;262
08.01.2017;23:00;00:00;0;176
09.01.2017;00:00;01:00;0;163
09.01.2017;01:00;02:00;0;165
09.01.2017;02:00;03:00;0;164
09.01.2017;03:00;04:00;0;164
09.01.2017;04:00;05:00;0;163
09.01.2017;05:00;06:00;0;205
09.01.2017;06:00;07:00;0;260
09.01.2017;07:00;08:00;0;258
09.01.2017;08:00;09:00;0;258
09.01.2017;09:00;10:00;0;257
09.01.2017;10:00;11:00;0;257
09.01.2017;11:00;12:00;0;282
09.01.2017;12:00;13:00;0;310
09.01.2017;13:00;14:00;0;312
09.01.2017;14:00;15:00;0;314
09.01.2017;15:00;16:00;0;314
09.01.2017;16:00;17:00;0;315
09.01.2017;17:00;18:00;0;314
09.01.2017;18:00;19:00;0;313
09.01.2017;19:00;20:00;0;313
09.01.2017;20:00;21:00;0;256
09.01.2017;21:00;22:00;0;139
09.01.2017;22:00;23:00;0;82
09.01.2017;23:00;00:00;0;73
10.01.2017;00:00;01:00;0;72
10.01.2017;01:00;02:00;0;73
10.01.2017;02:00;03:00;0;73
10.01.2017;03:00;04:00;0;73
10.01.2017;04:00;05:00;0;73
10.01.2017;05:00;06:00;0;119
10.01.2017;06:00;07:00;0;179
10.01.2017;07:00;08:00;0;290
10.01.2017;08:00;09:00;0;313
10.01.2017;09:00;10:00;0;314
10.01.2017;10:00;11:00;0;314
10.01.2017;11:00;12:00;0;314
10.01.2017;12:00;13:00;0;314
10.01.2017;13:00;14:00;0;314
10.01.2017;14:00;15:00;0;314
10.01.2017;15:00;16:00;0;314
10.01.2017;16:00;17:00;0;314
10.01.2017;17:00;18:00;0;314
10.01.2017;18:00;19:00;0;314
10.01.2017;19:00;20:00;0;314
10.01.2017;20:00;21:00;0;292
10.01.2017;21:00;22:00;0;246
10.01.2017;22:00;23:00;0;120
10.01.2017;23:00;00:00;0;0
11.01.2017;00:00;01:00;0;0
11.01.2017;01:00;02:00;0;0
11.01.2017;02:00;03:00;0;0
11.01.2017;03:00;04:00;0;0
11.01.2017;04:00;05:00;0;0
11.01.2017;05:00;06:00;0;0
11.01.2017;06:00;07:00;0;0
11.01.2017;07:00;08:00;0;0
11.01.2017;08:00;09:00;0;0
11.01.2017;09:00;10:00;0;0
11.01.2017;10:00;11:00;0;0
11.01.2017;11:00;12:00;0;0
11.01.2017;12:00;13:00;0;0
11.01.2017;13:00;14:00;0;0
11.01.2017;14:00;15:00;0;0
11.01.2017;15:00;16:00;0;0
11.01.2017;16:00;17:00;0;0
11.01.2017;17:00;18:00;0;0
11.01.2017;18:00;19:00;0;0
11.01.2017;19:00;20:00;0;0
11.01.2017;20:00;21:00;0;0
11.01.2017;21:00;22:00;0;0
11.01.2017;22:00;23:00;0;0
11.01.2017;23:00;00:00;0;0
12.01.2017;00:00;01:00;0;0
12.01.2017;01:00;02:00;0;0
12.01.2017;02:00;03:00;0;0
12.01.2017;03:00;04:00;0;0
12.01.2017;04:00;05:00;0;0
12.01.2017;05:00;06:00;0;0
12.01.2017;06:00;07:00;0;0
12.01.2017;07:00;08:00;0;0
12.01.2017;08:00;09:00;0;0
12.01.2017;09:00;10:00;0;0
12.01.2017;10:00;11:00;0;0
12.01.2017;11:00;12:00;0;0
12.01.2017;12:00;13:00;0;0
12.01.2017;13:00;14:00;0;0
12.01.2017;14:00;15:00;0;0
12.01.2017;15:00;16:00;0;0
12.01.2017;16:00;17:00;0;0
12.01.2017;17:00;18:00;0;0
12.01.2017;18:00;19:00;0;0
12.01.2017;19:00;20:00;0;0
12.01.2017;20:00;21:00;0;0
12.01.2017;21:00;22:00;0;0
12.01.2017;22:00;23:00;0;0
12.01.2017;23:00;00:00;0;0
13.01.2017;00:00;01:00;0;0
13.01.2017;01:00;02:00;0;0
13.01.2017;02:00;03:00;0;0
13.01.2017;03:00;04:00;0;0
13.01.2017;04:00;05:00;0;0
13.01.2017;05:00;06:00;0;0
13.01.2017;06:00;07:00;0;0
13.01.2017;07:00;08:00;0;0
13.01.2017;08:00;09:00;0;0
13.01.2017;09:00;10:00;0;0
13.01.2017;10:00;11:00;0;0
13.01.2017;11:00;12:00;0;0
13.01.2017;12:00;13:00;0;0
13.01.2017;13:00;14:00;0;0
13.01.2017;14:00;15:00;0;0
13.01.2017;15:00;16:00;0;0
13.01.2017;16:00;17:00;0;0
13.01.2017;17:00;18:00;0;0
13.01.2017;18:00;19:00;0;0
13.01.2017;19:00;20:00;0;0
13.01.2017;20:00;21:00;0;0
13.01.2017;21:00;22:00;0;0
13.01.2017;22:00;23:00;0;0
13.01.2017;23:00;00:00;0;0
14.01.2017;00:00;01:00;0;0
14.01.2017;01:00;02:00;0;0
14.01.2017;02:00;03:00;0;0
14.01.2017;03:00;04:00;0;0
14.01.2017;04:00;05:00;0;0
14.01.2017;05:00;06:00;0;0
14.01.2017;06:00;07:00;0;0
14.01.2017;07:00;08:00;0;0
14.01.2017;08:00;09:00;0;0
14.01.2017;09:00;10:00;0;0
14.01.2017;10:00;11:00;0;0
14.01.2017;11:00;12:00;0;0
14.01.2017;12:00;13:00;0;0
14.01.2017;13:00;14:00;0;0
14.01.2017;14:00;15:00;0;0
14.01.2017;15:00;16:00;0;0
14.01.2017;16:00;17:00;0;0
14.01.2017;17:00;18:00;0;0
14.01.2017;18:00;19:00;0;0
14.01.2017;19:00;20:00;0;0
14.01.2017;20:00;21:00;0;0
14.01.2017;21:00;22:00;0;0
14.01.2017;22:00;23:00;0;0
14.01.2017;23:00;00:00;0;0
15.01.2017;00:00;01:00;0;0
15.01.2017;01:00;02:00;0;0
15.01.2017;02:00;03:00;0;0
15.01.2017;03:00;04:00;0;0
15.01.2017;04:00;05:00;0;0
15.01.2017;05:00;06:00;0;0
15.01.2017;06:00;07:00;0;0
15.01.2017;07:00;08:00;0;0
15.01.2017;08:00;09:00;0;0
15.01.2017;09:00;10:00;0;0
15.01.2017;10:00;11:00;0;0
15.01.2017;11:00;12:00;0;0
15.01.2017;12:00;13:00;0;0
15.01.2017;13:00;14:00;0;0
15.01.2017;14:00;15:00;0;0
15.01.2017;15:00;16:00;0;0
15.01.2017;16:00;17:00;0;0
15.01.2017;17:00;18:00;0;0
15.01.2017;18:00;19:00;0;0
15.01.2017;19:00;20:00;0;0
15.01.2017;20:00;21:00;0;0
15.01.2017;21:00;22:00;0;0
15.01.2017;22:00;23:00;2;0
15.01.2017;23:00;00:00;61;0
16.01.2017;00:00;01:00;72;0
16.01.2017;01:00;02:00;100;2
16.01.2017;02:00;03:00;144;53
16.01.2017;03:00;04:00;141;66
16.01.2017;04:00;05:00;144;88
16.01.2017;05:00;06:00;224;226
16.01.2017;06:00;07:00;311;308
16.01.2017;07:00;08:00;308;308
16.01.2017;08:00;09:00;308;306
16.01.2017;09:00;10:00;311;308
16.01.2017;10:00;11:00;312;307
16.01.2017;11:00;12:00;312;307
16.01.2017;12:00;13:00;313;308
16.01.2017;13:00;14:00;313;310
16.01.2017;14:00;15:00;313;315
16.01.2017;15:00;16:00;313;316
16.01.2017;16:00;17:00;304;318
16.01.2017;17:00;18:00;311;316
16.01.2017;18:00;19:00;309;313
16.01.2017;19:00;20:00;314;316
16.01.2017;20:00;21:00;314;319
16.01.2017;21:00;22:00;313;318
16.01.2017;22:00;23:00;310;313
16.01.2017;23:00;00:00;234;230
17.01.2017;00:00;01:00;215;210
17.01.2017;01:00;02:00;149;145
17.01.2017;02:00;03:00;144;145
17.01.2017;03:00;04:00;143;146
17.01.2017;04:00;05:00;157;157
17.01.2017;05:00;06:00;253;257
17.01.2017;06:00;07:00;309;308
17.01.2017;07:00;08:00;309;311
17.01.2017;08:00;09:00;308;311
17.01.2017;09:00;10:00;309;310
17.01.2017;10:00;11:00;309;305
17.01.2017;11:00;12:00;306;302
17.01.2017;12:00;13:00;308;301
17.01.2017;13:00;14:00;312;309
17.01.2017;14:00;15:00;316;317
17.01.2017;15:00;16:00;301;298
17.01.2017;16:00;17:00;324;316
17.01.2017;17:00;18:00;325;322
17.01.2017;18:00;19:00;326;322
17.01.2017;19:00;20:00;315;315
17.01.2017;20:00;21:00;313;315
17.01.2017;21:00;22:00;275;273
17.01.2017;22:00;23:00;257;259
17.01.2017;23:00;00:00;189;199
18.01.2017;00:00;01:00;142;150
18.01.2017;01:00;02:00;142;151
18.01.2017;02:00;03:00;142;149
18.01.2017;03:00;04:00;144;149
18.01.2017;04:00;05:00;190;141
18.01.2017;05:00;06:00;220;210
18.01.2017;06:00;07:00;287;296
18.01.2017;07:00;08:00;313;314
18.01.2017;08:00;09:00;312;313
18.01.2017;09:00;10:00;311;238
18.01.2017;10:00;11:00;311;136
18.01.2017;11:00;12:00;312;267
18.01.2017;12:00;13:00;312;315
18.01.2017;13:00;14:00;313;314
18.01.2017;14:00;15:00;312;313
18.01.2017;15:00;16:00;312;314
18.01.2017;16:00;17:00;313;314
18.01.2017;17:00;18:00;313;314
18.01.2017;18:00;19:00;311;312
18.01.2017;19:00;20:00;311;311
18.01.2017;20:00;21:00;312;314
18.01.2017;21:00;22:00;313;314
18.01.2017;22:00;23:00;268;252
18.01.2017;23:00;00:00;196;150
19.01.2017;00:00;01:00;75;76
19.01.2017;01:00;02:00;70;71
19.01.2017;02:00;03:00;70;72
19.01.2017;03:00;04:00;74;72
19.01.2017;04:00;05:00;77;79
19.01.2017;05:00;06:00;213;208
19.01.2017;06:00;07:00;296;297
19.01.2017;07:00;08:00;313;310
19.01.2017;08:00;09:00;315;313
19.01.2017;09:00;10:00;315;311
19.01.2017;10:00;11:00;317;310
19.01.2017;11:00;12:00;316;312
19.01.2017;12:00;13:00;308;307
19.01.2017;13:00;14:00;317;311
19.01.2017;14:00;15:00;315;312
19.01.2017;15:00;16:00;315;310
19.01.2017;16:00;17:00;315;311
19.01.2017;17:00;18:00;316;311
19.01.2017;18:00;19:00;316;311
19.01.2017;19:00;20:00;316;312
19.01.2017;20:00;21:00;312;307
19.01.2017;21:00;22:00;316;306
19.01.2017;22:00;23:00;307;288
19.01.2017;23:00;00:00;170;177
20.01.2017;00:00;01:00;140;140
20.01.2017;01:00;02:00;71;79
20.01.2017;02:00;03:00;71;72
20.01.2017;03:00;04:00;71;70
20.01.2017;04:00;05:00;71;104
20.01.2017;05:00;06:00;156;227
20.01.2017;06:00;07:00;279;280
20.01.2017;07:00;08:00;296;305
20.01.2017;08:00;09:00;296;127
20.01.2017;09:00;10:00;296;0
20.01.2017;10:00;11:00;294;0
20.01.2017;11:00;12:00;294;0
20.01.2017;12:00;13:00;294;0
20.01.2017;13:00;14:00;295;0
20.01.2017;14:00;15:00;277;0
20.01.2017;15:00;16:00;293;0
20.01.2017;16:00;17:00;293;0
20.01.2017;17:00;18:00;293;0
20.01.2017;18:00;19:00;293;0
20.01.2017;19:00;20:00;293;0
20.01.2017;20:00;21:00;311;0
20.01.2017;21:00;22:00;315;0
20.01.2017;22:00;23:00;279;0
20.01.2017;23:00;00:00;227;0
21.01.2017;00:00;01:00;148;0
21.01.2017;01:00;02:00;147;0
21.01.2017;02:00;03:00;147;0
21.01.2017;03:00;04:00;161;0
21.01.2017;04:00;05:00;160;0
21.01.2017;05:00;06:00;143;0
21.01.2017;06:00;07:00;144;0
21.01.2017;07:00;08:00;217;0
21.01.2017;08:00;09:00;255;0
21.01.2017;09:00;10:00;290;0
21.01.2017;10:00;11:00;276;0
21.01.2017;11:00;12:00;216;0
21.01.2017;12:00;13:00;162;0
21.01.2017;13:00;14:00;160;0
21.01.2017;14:00;15:00;161;0
21.01.2017;15:00;16:00;186;0
21.01.2017;16:00;17:00;298;0
21.01.2017;17:00;18:00;309;0
21.01.2017;18:00;19:00;276;0
21.01.2017;19:00;20:00;222;0
21.01.2017;20:00;21:00;136;0
21.01.2017;21:00;22:00;0;0
21.01.2017;22:00;23:00;0;0
21.01.2017;23:00;00:00;0;0
22.01.2017;00:00;01:00;0;0
22.01.2017;01:00;02:00;0;0
22.01.2017;02:00;03:00;0;0
22.01.2017;03:00;04:00;0;0
22.01.2017;04:00;05:00;0;0
22.01.2017;05:00;06:00;0;0
22.01.2017;06:00;07:00;0;0
22.01.2017;07:00;08:00;0;0
22.01.2017;08:00;09:00;0;0
22.01.2017;09:00;10:00;0;0
22.01.2017;10:00;11:00;0;0
22.01.2017;11:00;12:00;0;0
22.01.2017;12:00;13:00;0;0
22.01.2017;13:00;14:00;0;0
22.01.2017;14:00;15:00;0;0
22.01.2017;15:00;16:00;0;0
22.01.2017;16:00;17:00;0;0
22.01.2017;17:00;18:00;0;0
22.01.2017;18:00;19:00;0;0
22.01.2017;19:00;20:00;0;0
22.01.2017;20:00;21:00;0;0
22.01.2017;21:00;22:00;0;0
22.01.2017;22:00;23:00;0;0
22.01.2017;23:00;00:00;0;0
23.01.2017;00:00;01:00;1;4
23.01.2017;01:00;02:00;68;53
23.01.2017;02:00;03:00;143;143
23.01.2017;03:00;04:00;151;149
23.01.2017;04:00;05:00;235;227
23.01.2017;05:00;06:00;312;243
23.01.2017;06:00;07:00;322;267
23.01.2017;07:00;08:00;322;311
23.01.2017;08:00;09:00;322;321
23.01.2017;09:00;10:00;322;321
23.01.2017;10:00;11:00;319;322
23.01.2017;11:00;12:00;320;324
23.01.2017;12:00;13:00;320;322
23.01.2017;13:00;14:00;322;323
23.01.2017;14:00;15:00;322;323
23.01.2017;15:00;16:00;324;323
23.01.2017;16:00;17:00;323;323
23.01.2017;17:00;18:00;321;322
23.01.2017;18:00;19:00;321;321
23.01.2017;19:00;20:00;321;321
23.01.2017;20:00;21:00;320;320
23.01.2017;21:00;22:00;314;304
23.01.2017;22:00;23:00;272;274
23.01.2017;23:00;00:00;264;284
24.01.2017;00:00;01:00;235;244
24.01.2017;01:00;02:00;214;230
24.01.2017;02:00;03:00;214;213
24.01.2017;03:00;04:00;216;213
24.01.2017;04:00;05:00;218;213
24.01.2017;05:00;06:00;263;256
24.01.2017;06:00;07:00;317;311
24.01.2017;07:00;08:00;324;320
24.01.2017;08:00;09:00;324;321
24.01.2017;09:00;10:00;323;322
24.01.2017;10:00;11:00;320;322
24.01.2017;11:00;12:00;320;321
24.01.2017;12:00;13:00;320;321
24.01.2017;13:00;14:00;321;321
24.01.2017;14:00;15:00;320;320
24.01.2017;15:00;16:00;320;321
24.01.2017;16:00;17:00;320;322
24.01.2017;17:00;18:00;323;321
24.01.2017;18:00;19:00;323;321
24.01.2017;19:00;20:00;321;321
24.01.2017;20:00;21:00;319;319
24.01.2017;21:00;22:00;309;310
24.01.2017;22:00;23:00;216;215
24.01.2017;23:00;00:00;106;106
25.01.2017;00:00;01:00;143;144
25.01.2017;01:00;02:00;143;143
25.01.2017;02:00;03:00;142;144
25.01.2017;03:00;04:00;142;144
25.01.2017;04:00;05:00;143;144
25.01.2017;05:00;06:00;245;241
25.01.2017;06:00;07:00;315;310
25.01.2017;07:00;08:00;321;321
25.01.2017;08:00;09:00;324;324
25.01.2017;09:00;10:00;324;323
25.01.2017;10:00;11:00;323;323
25.01.2017;11:00;12:00;323;324
25.01.2017;12:00;13:00;324;323
25.01.2017;13:00;14:00;324;323
25.01.2017;14:00;15:00;324;323
25.01.2017;15:00;16:00;325;322
25.01.2017;16:00;17:00;324;323
25.01.2017;17:00;18:00;323;323
25.01.2017;18:00;19:00;323;323
25.01.2017;19:00;20:00;325;321
25.01.2017;20:00;21:00;325;321
25.01.2017;21:00;22:00;310;310
25.01.2017;22:00;23:00;206;206
25.01.2017;23:00;00:00;72;72
26.01.2017;00:00;01:00;73;72
26.01.2017;01:00;02:00;74;72
26.01.2017;02:00;03:00;75;72
26.01.2017;03:00;04:00;74;72
26.01.2017;04:00;05:00;97;93
26.01.2017;05:00;06:00;245;242
26.01.2017;06:00;07:00;311;310
26.01.2017;07:00;08:00;315;312
26.01.2017;08:00;09:00;317;311
26.01.2017;09:00;10:00;315;311
26.01.2017;10:00;11:00;307;302
26.01.2017;11:00;12:00;283;277
26.01.2017;12:00;13:00;218;212
26.01.2017;13:00;14:00;214;212
26.01.2017;14:00;15:00;254;253
26.01.2017;15:00;16:00;223;250
26.01.2017;16:00;17:00;285;297
26.01.2017;17:00;18:00;307;311
26.01.2017;18:00;19:00;306;310
26.01.2017;19:00;20:00;317;315
26.01.2017;20:00;21:00;266;283
26.01.2017;21:00;22:00;127;163
26.01.2017;22:00;23:00;0;72
26.01.2017;23:00;00:00;0;73
27.01.2017;00:00;01:00;0;72
27.01.2017;01:00;02:00;0;72
27.01.2017;02:00;03:00;0;72
27.01.2017;03:00;04:00;0;72
27.01.2017;04:00;05:00;0;72
27.01.2017;05:00;06:00;0;90
27.01.2017;06:00;07:00;0;238
27.01.2017;07:00;08:00;0;307
27.01.2017;08:00;09:00;0;313
27.01.2017;09:00;10:00;0;254
27.01.2017;10:00;11:00;0;138
27.01.2017;11:00;12:00;0;74
27.01.2017;12:00;13:00;0;76
27.01.2017;13:00;14:00;0;75
27.01.2017;14:00;15:00;0;88
27.01.2017;15:00;16:00;0;194
27.01.2017;16:00;17:00;0;280
27.01.2017;17:00;18:00;0;312
27.01.2017;18:00;19:00;0;312
27.01.2017;19:00;20:00;0;311
27.01.2017;20:00;21:00;0;247
27.01.2017;21:00;22:00;0;130
27.01.2017;22:00;23:00;0;0
27.01.2017;23:00;00:00;0;0
28.01.2017;00:00;01:00;0;0
28.01.2017;01:00;02:00;0;0
28.01.2017;02:00;03:00;0;0
28.01.2017;03:00;04:00;0;0
28.01.2017;04:00;05:00;0;0
28.01.2017;05:00;06:00;0;0
28.01.2017;06:00;07:00;0;0
28.01.2017;07:00;08:00;0;0
28.01.2017;08:00;09:00;0;0
28.01.2017;09:00;10:00;0;0
28.01.2017;10:00;11:00;0;0
28.01.2017;11:00;12:00;0;0
28.01.2017;12:00;13:00;0;0
28.01.2017;13:00;14:00;0;0
28.01.2017;14:00;15:00;0;0
28.01.2017;15:00;16:00;0;0
28.01.2017;16:00;17:00;0;0
28.01.2017;17:00;18:00;0;0
28.01.2017;18:00;19:00;0;0
28.01.2017;19:00;20:00;0;0
28.01.2017;20:00;21:00;0;0
28.01.2017;21:00;22:00;0;0
28.01.2017;22:00;23:00;0;0
28.01.2017;23:00;00:00;0;0
29.01.2017;00:00;01:00;0;0
29.01.2017;01:00;02:00;0;0
29.01.2017;02:00;03:00;0;0
29.01.2017;03:00;04:00;0;0
29.01.2017;04:00;05:00;0;0
29.01.2017;05:00;06:00;0;0
29.01.2017;06:00;07:00;0;0
29.01.2017;07:00;08:00;0;0
29.01.2017;08:00;09:00;0;0
29.01.2017;09:00;10:00;0;0
29.01.2017;10:00;11:00;0;0
29.01.2017;11:00;12:00;0;0
29.01.2017;12:00;13:00;0;0
29.01.2017;13:00;14:00;0;0
29.01.2017;14:00;15:00;0;0
29.01.2017;15:00;16:00;15;0
29.01.2017;16:00;17:00;74;0
29.01.2017;17:00;18:00;183;0
29.01.2017;18:00;19:00;281;0
29.01.2017;19:00;20:00;308;0
29.01.2017;20:00;21:00;276;0
29.01.2017;21:00;22:00;219;0
29.01.2017;22:00;23:00;163;0
29.01.2017;23:00;00:00;152;0
30.01.2017;00:00;01:00;154;0
30.01.2017;01:00;02:00;153;0
30.01.2017;02:00;03:00;153;0
30.01.2017;03:00;04:00;155;0
30.01.2017;04:00;05:00;154;17
30.01.2017;05:00;06:00;164;116
30.01.2017;06:00;07:00;243;239
30.01.2017;07:00;08:00;306;279
30.01.2017;08:00;09:00;314;277
30.01.2017;09:00;10:00;313;283
30.01.2017;10:00;11:00;313;281
30.01.2017;11:00;12:00;315;294
30.01.2017;12:00;13:00;314;309
30.01.2017;13:00;14:00;316;312
30.01.2017;14:00;15:00;312;308
30.01.2017;15:00;16:00;316;312
30.01.2017;16:00;17:00;316;315
30.01.2017;17:00;18:00;323;321
30.01.2017;18:00;19:00;310;306
30.01.2017;19:00;20:00;226;214
30.01.2017;20:00;21:00;152;143
30.01.2017;21:00;22:00;76;77
30.01.2017;22:00;23:00;74;73
30.01.2017;23:00;00:00;74;73
31.01.2017;00:00;01:00;71;73
31.01.2017;01:00;02:00;71;72
31.01.2017;02:00;03:00;72;72
31.01.2017;03:00;04:00;71;72
31.01.2017;04:00;05:00;71;72
31.01.2017;05:00;06:00;93;70
31.01.2017;06:00;07:00;225;207
31.01.2017;07:00;08:00;318;315
31.01.2017;08:00;09:00;321;313
31.01.2017;09:00;10:00;319;314
31.01.2017;10:00;11:00;319;315
31.01.2017;11:00;12:00;319;316
31.01.2017;12:00;13:00;321;315
31.01.2017;13:00;14:00;320;316
31.01.2017;14:00;15:00;320;315
31.01.2017;15:00;16:00;321;315
31.01.2017;16:00;17:00;321;316
31.01.2017;17:00;18:00;320;316
31.01.2017;18:00;19:00;320;316
31.01.2017;19:00;20:00;321;316
31.01.2017;20:00;21:00;323;315
31.01.2017;21:00;22:00;310;304
31.01.2017;22:00;23:00;282;274
31.01.2017;23:00;00:00;158;161
01.02.2017;00:00;01:00;75;74
01.02.2017;01:00;02:00;71;71
01.02.2017;02:00;03:00;72;71
01.02.2017;03:00;04:00;71;72
01.02.2017;04:00;05:00;75;74
01.02.2017;05:00;06:00;146;138
01.02.2017;06:00;07:00;209;200
01.02.2017;07:00;08:00;320;319
01.02.2017;08:00;09:00;324;320
01.02.2017;09:00;10:00;322;321
01.02.2017;10:00;11:00;322;321
01.02.2017;11:00;12:00;315;313
01.02.2017;12:00;13:00;314;311
01.02.2017;13:00;14:00;313;311
01.02.2017;14:00;15:00;310;309
01.02.2017;15:00;16:00;288;287
01.02.2017;16:00;17:00;285;283
01.02.2017;17:00;18:00;314;313
01.02.2017;18:00;19:00;313;311
01.02.2017;19:00;20:00;224;220
01.02.2017;20:00;21:00;140;146
01.02.2017;21:00;22:00;73;72
01.02.2017;22:00;23:00;72;74
01.02.2017;23:00;00:00;71;72
02.02.2017;00:00;01:00;71;72
02.02.2017;01:00;02:00;73;77
02.02.2017;02:00;03:00;69;76
02.02.2017;03:00;04:00;73;77
02.02.2017;04:00;05:00;75;76
02.02.2017;05:00;06:00;77;82
02.02.2017;06:00;07:00;207;205
02.02.2017;07:00;08:00;307;306
02.02.2017;08:00;09:00;315;311
02.02.2017;09:00;10:00;315;313
02.02.2017;10:00;11:00;277;283
02.02.2017;11:00;12:00;272;273
02.02.2017;12:00;13:00;278;276
02.02.2017;13:00;14:00;314;316
02.02.2017;14:00;15:00;311;317
02.02.2017;15:00;16:00;311;316
02.02.2017;16:00;17:00;308;311
02.02.2017;17:00;18:00;310;313
02.02.2017;18:00;19:00;313;315
02.02.2017;19:00;20:00;311;315
02.02.2017;20:00;21:00;212;219
02.02.2017;21:00;22:00;84;86
02.02.2017;22:00;23:00;73;72
02.02.2017;23:00;00:00;72;74
03.02.2017;00:00;01:00;73;74
03.02.2017;01:00;02:00;72;74
03.02.2017;02:00;03:00;109;74
03.02.2017;03:00;04:00;142;74
03.02.2017;04:00;05:00;142;74
03.02.2017;05:00;06:00;142;74
03.02.2017;06:00;07:00;158;92
03.02.2017;07:00;08:00;284;238
03.02.2017;08:00;09:00;313;304
03.02.2017;09:00;10:00;314;312
03.02.2017;10:00;11:00;315;314
03.02.2017;11:00;12:00;313;313
03.02.2017;12:00;13:00;314;314
03.02.2017;13:00;14:00;316;316
03.02.2017;14:00;15:00;306;315
03.02.2017;15:00;16:00;303;309
03.02.2017;16:00;17:00;312;312
03.02.2017;17:00;18:00;314;314
03.02.2017;18:00;19:00;314;314
03.02.2017;19:00;20:00;313;255
03.02.2017;20:00;21:00;297;148
03.02.2017;21:00;22:00;220;81
03.02.2017;22:00;23:00;83;0
03.02.2017;23:00;00:00;0;0
04.02.2017;00:00;01:00;0;0
04.02.2017;01:00;02:00;0;0
04.02.2017;02:00;03:00;0;0
04.02.2017;03:00;04:00;0;0
04.02.2017;04:00;05:00;0;0
04.02.2017;05:00;06:00;0;0
04.02.2017;06:00;07:00;0;0
04.02.2017;07:00;08:00;0;0
04.02.2017;08:00;09:00;0;0
04.02.2017;09:00;10:00;0;0
04.02.2017;10:00;11:00;0;0
04.02.2017;11:00;12:00;0;0
04.02.2017;12:00;13:00;0;0
04.02.2017;13:00;14:00;0;0
04.02.2017;14:00;15:00;0;0
04.02.2017;15:00;16:00;0;0
04.02.2017;16:00;17:00;0;0
04.02.2017;17:00;18:00;0;0
04.02.2017;18:00;19:00;0;0
04.02.2017;19:00;20:00;0;0
04.02.2017;20:00;21:00;0;0
04.02.2017;21:00;22:00;0;0
04.02.2017;22:00;23:00;0;0
04.02.2017;23:00;00:00;0;0
05.02.2017;00:00;01:00;0;0
05.02.2017;01:00;02:00;0;0
05.02.2017;02:00;03:00;0;0
05.02.2017;03:00;04:00;0;0
05.02.2017;04:00;05:00;0;0
05.02.2017;05:00;06:00;0;0
05.02.2017;06:00;07:00;0;0
05.02.2017;07:00;08:00;0;0
05.02.2017;08:00;09:00;0;0
05.02.2017;09:00;10:00;0;0
05.02.2017;10:00;11:00;0;0
05.02.2017;11:00;12:00;0;0
05.02.2017;12:00;13:00;0;0
05.02.2017;13:00;14:00;0;0
05.02.2017;14:00;15:00;0;0
05.02.2017;15:00;16:00;0;0
05.02.2017;16:00;17:00;0;0
05.02.2017;17:00;18:00;0;0
05.02.2017;18:00;19:00;0;0
05.02.2017;19:00;20:00;0;0
05.02.2017;20:00;21:00;0;0
05.02.2017;21:00;22:00;0;0
05.02.2017;22:00;23:00;0;0
05.02.2017;23:00;00:00;0;0
06.02.2017;00:00;01:00;0;0
06.02.2017;01:00;02:00;0;0
06.02.2017;02:00;03:00;14;0
06.02.2017;03:00;04:00;68;0
06.02.2017;04:00;05:00;77;0
06.02.2017;05:00;06:00;153;0
06.02.2017;06:00;07:00;218;0
06.02.2017;07:00;08:00;278;0
06.02.2017;08:00;09:00;313;0
06.02.2017;09:00;10:00;304;0
06.02.2017;10:00;11:00;304;0
06.02.2017;11:00;12:00;299;0
06.02.2017;12:00;13:00;300;0
06.02.2017;13:00;14:00;294;0
06.02.2017;14:00;15:00;303;0
06.02.2017;15:00;16:00;313;0
06.02.2017;16:00;17:00;302;0
06.02.2017;17:00;18:00;312;0
06.02.2017;18:00;19:00;311;0
06.02.2017;19:00;20:00;314;0
06.02.2017;20:00;21:00;315;0
06.02.2017;21:00;22:00;315;0
06.02.2017;22:00;23:00;314;0
06.02.2017;23:00;00:00;280;0
07.02.2017;00:00;01:00;96;0
07.02.2017;01:00;02:00;72;0
07.02.2017;02:00;03:00;74;0
07.02.2017;03:00;04:00;72;0
07.02.2017;04:00;05:00;71;0
07.02.2017;05:00;06:00;67;0
07.02.2017;06:00;07:00;170;0
07.02.2017;07:00;08:00;313;0
07.02.2017;08:00;09:00;315;0
07.02.2017;09:00;10:00;310;0
07.02.2017;10:00;11:00;314;0
07.02.2017;11:00;12:00;306;0
07.02.2017;12:00;13:00;291;0
07.02.2017;13:00;14:00;286;0
07.02.2017;14:00;15:00;312;0
07.02.2017;15:00;16:00;314;0
07.02.2017;16:00;17:00;313;0
07.02.2017;17:00;18:00;313;0
07.02.2017;18:00;19:00;313;0
07.02.2017;19:00;20:00;313;0
07.02.2017;20:00;21:00;304;0
07.02.2017;21:00;22:00;226;0
07.02.2017;22:00;23:00;160;0
07.02.2017;23:00;00:00;72;0
08.02.2017;00:00;01:00;70;0
08.02.2017;01:00;02:00;72;0
08.02.2017;02:00;03:00;71;0
08.02.2017;03:00;04:00;70;0
08.02.2017;04:00;05:00;71;0
08.02.2017;05:00;06:00;102;0
08.02.2017;06:00;07:00;275;0
08.02.2017;07:00;08:00;313;0
08.02.2017;08:00;09:00;310;0
08.02.2017;09:00;10:00;307;0
08.02.2017;10:00;11:00;314;0
08.02.2017;11:00;12:00;314;0
08.02.2017;12:00;13:00;313;0
08.02.2017;13:00;14:00;315;0
08.02.2017;14:00;15:00;316;0
08.02.2017;15:00;16:00;317;0
08.02.2017;16:00;17:00;316;0
08.02.2017;17:00;18:00;315;0
08.02.2017;18:00;19:00;316;0
08.02.2017;19:00;20:00;317;0
08.02.2017;20:00;21:00;317;0
08.02.2017;21:00;22:00;315;0
08.02.2017;22:00;23:00;213;0
08.02.2017;23:00;00:00;78;0
09.02.2017;00:00;01:00;72;0
09.02.2017;01:00;02:00;71;0
09.02.2017;02:00;03:00;71;0
09.02.2017;03:00;04:00;71;0
09.02.2017;04:00;05:00;95;0
09.02.2017;05:00;06:00;222;0
09.02.2017;06:00;07:00;309;0
09.02.2017;07:00;08:00;312;0
09.02.2017;08:00;09:00;311;0
09.02.2017;09:00;10:00;312;0
09.02.2017;10:00;11:00;311;0
09.02.2017;11:00;12:00;313;0
09.02.2017;12:00;13:00;315;0
09.02.2017;13:00;14:00;314;0
09.02.2017;14:00;15:00;314;0
09.02.2017;15:00;16:00;315;0
09.02.2017;16:00;17:00;314;0
09.02.2017;17:00;18:00;314;0
09.02.2017;18:00;19:00;315;0
09.02.2017;19:00;20:00;315;0
09.02.2017;20:00;21:00;315;0
09.02.2017;21:00;22:00;308;0
09.02.2017;22:00;23:00;189;0
09.02.2017;23:00;00:00;76;0
10.02.2017;00:00;01:00;71;0
10.02.2017;01:00;02:00;70;0
10.02.2017;02:00;03:00;70;0
10.02.2017;03:00;04:00;72;0
10.02.2017;04:00;05:00;72;0
10.02.2017;05:00;06:00;96;0
10.02.2017;06:00;07:00;252;0
10.02.2017;07:00;08:00;317;0
10.02.2017;08:00;09:00;314;0
10.02.2017;09:00;10:00;314;0
10.02.2017;10:00;11:00;314;0
10.02.2017;11:00;12:00;313;0
10.02.2017;12:00;13:00;314;0
10.02.2017;13:00;14:00;315;0
10.02.2017;14:00;15:00;315;0
10.02.2017;15:00;16:00;314;0
10.02.2017;16:00;17:00;313;0
10.02.2017;17:00;18:00;312;0
10.02.2017;18:00;19:00;230;0
10.02.2017;19:00;20:00;124;0
10.02.2017;20:00;21:00;0;0
10.02.2017;21:00;22:00;0;0
10.02.2017;22:00;23:00;0;0
10.02.2017;23:00;00:00;0;0
11.02.2017;00:00;01:00;0;0
11.02.2017;01:00;02:00;0;0
11.02.2017;02:00;03:00;0;0
11.02.2017;03:00;04:00;0;0
11.02.2017;04:00;05:00;0;0
11.02.2017;05:00;06:00;0;0
11.02.2017;06:00;07:00;0;0
11.02.2017;07:00;08:00;0;0
11.02.2017;08:00;09:00;0;0
11.02.2017;09:00;10:00;0;0
11.02.2017;10:00;11:00;0;0
11.02.2017;11:00;12:00;0;0
11.02.2017;12:00;13:00;0;0
11.02.2017;13:00;14:00;0;0
11.02.2017;14:00;15:00;0;0
11.02.2017;15:00;16:00;0;0
11.02.2017;16:00;17:00;0;0
11.02.2017;17:00;18:00;0;0
11.02.2017;18:00;19:00;0;0
11.02.2017;19:00;20:00;0;0
11.02.2017;20:00;21:00;0;0
11.02.2017;21:00;22:00;0;0
11.02.2017;22:00;23:00;0;0
11.02.2017;23:00;00:00;0;0
12.02.2017;00:00;01:00;0;0
12.02.2017;01:00;02:00;0;0
12.02.2017;02:00;03:00;0;0
12.02.2017;03:00;04:00;0;0
12.02.2017;04:00;05:00;0;0
12.02.2017;05:00;06:00;0;0
12.02.2017;06:00;07:00;0;0
12.02.2017;07:00;08:00;0;0
12.02.2017;08:00;09:00;0;0
12.02.2017;09:00;10:00;0;0
12.02.2017;10:00;11:00;0;0
12.02.2017;11:00;12:00;0;0
12.02.2017;12:00;13:00;0;0
12.02.2017;13:00;14:00;0;0
12.02.2017;14:00;15:00;0;0
12.02.2017;15:00;16:00;0;0
12.02.2017;16:00;17:00;0;0
12.02.2017;17:00;18:00;0;0
12.02.2017;18:00;19:00;0;0
12.02.2017;19:00;20:00;0;0
12.02.2017;20:00;21:00;-;-
12.02.2017;21:00;22:00;0;0
12.02.2017;22:00;23:00;0;0
12.02.2017;23:00;00:00;77;0
13.02.2017;00:00;01:00;142;0
13.02.2017;01:00;02:00;146;0
13.02.2017;02:00;03:00;145;0
13.02.2017;03:00;04:00;145;0
13.02.2017;04:00;05:00;144;0
13.02.2017;05:00;06:00;144;0
13.02.2017;06:00;07:00;143;0
13.02.2017;07:00;08:00;165;0
13.02.2017;08:00;09:00;256;0
13.02.2017;09:00;10:00;254;0
13.02.2017;10:00;11:00;212;0
13.02.2017;11:00;12:00;213;0
13.02.2017;12:00;13:00;191;0
13.02.2017;13:00;14:00;74;0
13.02.2017;14:00;15:00;69;0
13.02.2017;15:00;16:00;129;0
13.02.2017;16:00;17:00;205;0
13.02.2017;17:00;18:00;245;0
13.02.2017;18:00;19:00;243;0
13.02.2017;19:00;20:00;146;0
13.02.2017;20:00;21:00;33;0
13.02.2017;21:00;22:00;77;0
13.02.2017;22:00;23:00;73;0
13.02.2017;23:00;00:00;72;0
14.02.2017;00:00;01:00;77;0
14.02.2017;01:00;02:00;74;0
14.02.2017;02:00;03:00;77;0
14.02.2017;03:00;04:00;76;0
14.02.2017;04:00;05:00;74;0
14.02.2017;05:00;06:00;90;0
14.02.2017;06:00;07:00;218;0
14.02.2017;07:00;08:00;314;0
14.02.2017;08:00;09:00;314;0
14.02.2017;09:00;10:00;285;0
14.02.2017;10:00;11:00;313;0
14.02.2017;11:00;12:00;310;0
14.02.2017;12:00;13:00;276;0
14.02.2017;13:00;14:00;104;0
14.02.2017;14:00;15:00;0;0
14.02.2017;15:00;16:00;0;0
14.02.2017;16:00;17:00;0;0
14.02.2017;17:00;18:00;0;0
14.02.2017;18:00;19:00;0;0
14.02.2017;19:00;20:00;0;0
14.02.2017;20:00;21:00;0;0
14.02.2017;21:00;22:00;0;0
14.02.2017;22:00;23:00;0;0
14.02.2017;23:00;00:00;0;0
15.02.2017;00:00;01:00;0;0
15.02.2017;01:00;02:00;0;0
15.02.2017;02:00;03:00;0;0
15.02.2017;03:00;04:00;0;0
15.02.2017;04:00;05:00;0;0
15.02.2017;05:00;06:00;0;0
15.02.2017;06:00;07:00;0;0
15.02.2017;07:00;08:00;0;0
15.02.2017;08:00;09:00;0;0
15.02.2017;09:00;10:00;0;0
15.02.2017;10:00;11:00;0;0
15.02.2017;11:00;12:00;0;0
15.02.2017;12:00;13:00;0;0
15.02.2017;13:00;14:00;0;0
15.02.2017;14:00;15:00;0;0
15.02.2017;15:00;16:00;44;0
15.02.2017;16:00;17:00;183;0
15.02.2017;17:00;18:00;299;0
15.02.2017;18:00;19:00;311;0
15.02.2017;19:00;20:00;311;0
15.02.2017;20:00;21:00;304;0
15.02.2017;21:00;22:00;258;0
15.02.2017;22:00;23:00;228;0
15.02.2017;23:00;00:00;143;0
16.02.2017;00:00;01:00;141;0
16.02.2017;01:00;02:00;142;0
16.02.2017;02:00;03:00;142;0
16.02.2017;03:00;04:00;142;0
16.02.2017;04:00;05:00;162;0
16.02.2017;05:00;06:00;168;0
16.02.2017;06:00;07:00;241;0
16.02.2017;07:00;08:00;251;0
16.02.2017;08:00;09:00;223;0
16.02.2017;09:00;10:00;224;0
16.02.2017;10:00;11:00;269;0
16.02.2017;11:00;12:00;315;0
16.02.2017;12:00;13:00;313;0
16.02.2017;13:00;14:00;312;0
16.02.2017;14:00;15:00;313;0
16.02.2017;15:00;16:00;312;0
16.02.2017;16:00;17:00;313;0
16.02.2017;17:00;18:00;317;0
16.02.2017;18:00;19:00;315;0
16.02.2017;19:00;20:00;314;0
16.02.2017;20:00;21:00;316;0
16.02.2017;21:00;22:00;264;0
16.02.2017;22:00;23:00;186;0
16.02.2017;23:00;00:00;141;0
17.02.2017;00:00;01:00;141;0
17.02.2017;01:00;02:00;142;0
17.02.2017;02:00;03:00;141;0
17.02.2017;03:00;04:00;141;0
17.02.2017;04:00;05:00;141;0
17.02.2017;05:00;06:00;174;0
17.02.2017;06:00;07:00;268;0
17.02.2017;07:00;08:00;310;0
17.02.2017;08:00;09:00;310;0
17.02.2017;09:00;10:00;311;0
17.02.2017;10:00;11:00;310;0
17.02.2017;11:00;12:00;310;0
17.02.2017;12:00;13:00;311;0
17.02.2017;13:00;14:00;310;0
17.02.2017;14:00;15:00;309;0
17.02.2017;15:00;16:00;309;0
17.02.2017;16:00;17:00;307;0
17.02.2017;17:00;18:00;309;0
17.02.2017;18:00;19:00;313;0
17.02.2017;19:00;20:00;307;0
17.02.2017;20:00;21:00;257;0
17.02.2017;21:00;22:00;254;0
17.02.2017;22:00;23:00;218;0
17.02.2017;23:00;00:00;144;0
18.02.2017;00:00;01:00;143;0
18.02.2017;01:00;02:00;142;0
18.02.2017;02:00;03:00;137;0
18.02.2017;03:00;04:00;143;0
18.02.2017;04:00;05:00;142;0
18.02.2017;05:00;06:00;142;0
18.02.2017;06:00;07:00;140;0
18.02.2017;07:00;08:00;142;0
18.02.2017;08:00;09:00;139;0
18.02.2017;09:00;10:00;137;0
18.02.2017;10:00;11:00;131;0
18.02.2017;11:00;12:00;78;0
18.02.2017;12:00;13:00;0;0
18.02.2017;13:00;14:00;0;0
18.02.2017;14:00;15:00;0;0
18.02.2017;15:00;16:00;0;0
18.02.2017;16:00;17:00;0;0
18.02.2017;17:00;18:00;0;0
18.02.2017;18:00;19:00;0;0
18.02.2017;19:00;20:00;0;0
18.02.2017;20:00;21:00;0;0
18.02.2017;21:00;22:00;0;0
18.02.2017;22:00;23:00;0;0
18.02.2017;23:00;00:00;0;0
19.02.2017;00:00;01:00;0;0
19.02.2017;01:00;02:00;0;0
19.02.2017;02:00;03:00;0;0
19.02.2017;03:00;04:00;0;0
19.02.2017;04:00;05:00;0;0
19.02.2017;05:00;06:00;0;0
19.02.2017;06:00;07:00;0;0
19.02.2017;07:00;08:00;0;0
19.02.2017;08:00;09:00;0;0
19.02.2017;09:00;10:00;0;0
19.02.2017;10:00;11:00;0;0
19.02.2017;11:00;12:00;0;0
19.02.2017;12:00;13:00;0;0
19.02.2017;13:00;14:00;0;0
19.02.2017;14:00;15:00;0;0
19.02.2017;15:00;16:00;0;0
19.02.2017;16:00;17:00;0;0
19.02.2017;17:00;18:00;0;0
19.02.2017;18:00;19:00;0;0
19.02.2017;19:00;20:00;0;0
19.02.2017;20:00;21:00;0;0
19.02.2017;21:00;22:00;0;0
19.02.2017;22:00;23:00;0;0
19.02.2017;23:00;00:00;0;0
20.02.2017;00:00;01:00;0;0
20.02.2017;01:00;02:00;0;0
20.02.2017;02:00;03:00;0;0
20.02.2017;03:00;04:00;0;0
20.02.2017;04:00;05:00;0;0
20.02.2017;05:00;06:00;0;0
20.02.2017;06:00;07:00;0;0
20.02.2017;07:00;08:00;0;0
20.02.2017;08:00;09:00;0;0
20.02.2017;09:00;10:00;0;0
20.02.2017;10:00;11:00;0;0
20.02.2017;11:00;12:00;0;0
20.02.2017;12:00;13:00;0;0
20.02.2017;13:00;14:00;0;0
20.02.2017;14:00;15:00;0;0
20.02.2017;15:00;16:00;0;0
20.02.2017;16:00;17:00;0;0
20.02.2017;17:00;18:00;0;0
20.02.2017;18:00;19:00;0;0
20.02.2017;19:00;20:00;0;0
20.02.2017;20:00;21:00;0;0
20.02.2017;21:00;22:00;0;0
20.02.2017;22:00;23:00;0;0
20.02.2017;23:00;00:00;0;0
21.02.2017;00:00;01:00;0;0
21.02.2017;01:00;02:00;0;0
21.02.2017;02:00;03:00;0;0
21.02.2017;03:00;04:00;0;0
21.02.2017;04:00;05:00;0;0
21.02.2017;05:00;06:00;0;0
21.02.2017;06:00;07:00;0;0
21.02.2017;07:00;08:00;0;0
21.02.2017;08:00;09:00;0;0
21.02.2017;09:00;10:00;0;0
21.02.2017;10:00;11:00;0;0
21.02.2017;11:00;12:00;0;0
21.02.2017;12:00;13:00;0;0
21.02.2017;13:00;14:00;0;0
21.02.2017;14:00;15:00;0;0
21.02.2017;15:00;16:00;0;0
21.02.2017;16:00;17:00;0;0
21.02.2017;17:00;18:00;0;0
21.02.2017;18:00;19:00;0;0
21.02.2017;19:00;20:00;0;0
21.02.2017;20:00;21:00;0;0
21.02.2017;21:00;22:00;0;0
21.02.2017;22:00;23:00;0;0
21.02.2017;23:00;00:00;0;0
22.02.2017;00:00;01:00;0;0
22.02.2017;01:00;02:00;0;0
22.02.2017;02:00;03:00;0;0
22.02.2017;03:00;04:00;0;0
22.02.2017;04:00;05:00;0;0
22.02.2017;05:00;06:00;0;0
22.02.2017;06:00;07:00;0;0
22.02.2017;07:00;08:00;0;0
22.02.2017;08:00;09:00;0;0
22.02.2017;09:00;10:00;0;0
22.02.2017;10:00;11:00;0;0
22.02.2017;11:00;12:00;0;0
22.02.2017;12:00;13:00;0;0
22.02.2017;13:00;14:00;0;0
22.02.2017;14:00;15:00;0;0
22.02.2017;15:00;16:00;0;0
22.02.2017;16:00;17:00;0;0
22.02.2017;17:00;18:00;0;0
22.02.2017;18:00;19:00;0;0
22.02.2017;19:00;20:00;0;0
22.02.2017;20:00;21:00;0;0
22.02.2017;21:00;22:00;0;0
22.02.2017;22:00;23:00;0;0
22.02.2017;23:00;00:00;0;0
23.02.2017;00:00;01:00;0;0
23.02.2017;01:00;02:00;0;0
23.02.2017;02:00;03:00;0;0
23.02.2017;03:00;04:00;0;0
23.02.2017;04:00;05:00;0;0
23.02.2017;05:00;06:00;0;0
23.02.2017;06:00;07:00;0;0
23.02.2017;07:00;08:00;0;0
23.02.2017;08:00;09:00;0;0
23.02.2017;09:00;10:00;0;0
23.02.2017;10:00;11:00;0;0
23.02.2017;11:00;12:00;0;0
23.02.2017;12:00;13:00;0;0
23.02.2017;13:00;14:00;0;0
23.02.2017;14:00;15:00;0;0
23.02.2017;15:00;16:00;0;0
23.02.2017;16:00;17:00;0;0
23.02.2017;17:00;18:00;0;0
23.02.2017;18:00;19:00;0;0
23.02.2017;19:00;20:00;0;0
23.02.2017;20:00;21:00;0;0
23.02.2017;21:00;22:00;0;0
23.02.2017;22:00;23:00;0;0
23.02.2017;23:00;00:00;0;0
24.02.2017;00:00;01:00;0;0
24.02.2017;01:00;02:00;0;0
24.02.2017;02:00;03:00;0;0
24.02.2017;03:00;04:00;0;0
24.02.2017;04:00;05:00;0;0
24.02.2017;05:00;06:00;0;0
24.02.2017;06:00;07:00;0;0
24.02.2017;07:00;08:00;0;0
24.02.2017;08:00;09:00;0;0
24.02.2017;09:00;10:00;0;0
24.02.2017;10:00;11:00;0;0
24.02.2017;11:00;12:00;0;0
24.02.2017;12:00;13:00;0;0
24.02.2017;13:00;14:00;0;0
24.02.2017;14:00;15:00;0;0
24.02.2017;15:00;16:00;0;0
24.02.2017;16:00;17:00;0;0
24.02.2017;17:00;18:00;0;0
24.02.2017;18:00;19:00;0;0
24.02.2017;19:00;20:00;0;0
24.02.2017;20:00;21:00;0;0
24.02.2017;21:00;22:00;0;0
24.02.2017;22:00;23:00;0;0
24.02.2017;23:00;00:00;0;0
25.02.2017;00:00;01:00;0;0
25.02.2017;01:00;02:00;0;0
25.02.2017;02:00;03:00;0;0
25.02.2017;03:00;04:00;0;0
25.02.2017;04:00;05:00;0;0
25.02.2017;05:00;06:00;0;0
25.02.2017;06:00;07:00;0;0
25.02.2017;07:00;08:00;0;0
25.02.2017;08:00;09:00;0;0
25.02.2017;09:00;10:00;0;0
25.02.2017;10:00;11:00;0;0
25.02.2017;11:00;12:00;0;0
25.02.2017;12:00;13:00;0;0
25.02.2017;13:00;14:00;0;0
25.02.2017;14:00;15:00;0;0
25.02.2017;15:00;16:00;0;0
25.02.2017;16:00;17:00;0;0
25.02.2017;17:00;18:00;0;0
25.02.2017;18:00;19:00;0;0
25.02.2017;19:00;20:00;0;0
25.02.2017;20:00;21:00;0;0
25.02.2017;21:00;22:00;0;0
25.02.2017;22:00;23:00;0;0
25.02.2017;23:00;00:00;0;0
26.02.2017;00:00;01:00;0;0
26.02.2017;01:00;02:00;0;0
26.02.2017;02:00;03:00;0;0
26.02.2017;03:00;04:00;0;0
26.02.2017;04:00;05:00;0;0
26.02.2017;05:00;06:00;0;0
26.02.2017;06:00;07:00;0;0
26.02.2017;07:00;08:00;0;0
26.02.2017;08:00;09:00;0;0
26.02.2017;09:00;10:00;0;0
26.02.2017;10:00;11:00;0;0
26.02.2017;11:00;12:00;0;0
26.02.2017;12:00;13:00;0;0
26.02.2017;13:00;14:00;0;0
26.02.2017;14:00;15:00;0;0
26.02.2017;15:00;16:00;0;0
26.02.2017;16:00;17:00;0;0
26.02.2017;17:00;18:00;0;0
26.02.2017;18:00;19:00;0;0
26.02.2017;19:00;20:00;0;0
26.02.2017;20:00;21:00;0;0
26.02.2017;21:00;22:00;0;0
26.02.2017;22:00;23:00;0;0
26.02.2017;23:00;00:00;0;0
27.02.2017;00:00;01:00;0;0
27.02.2017;01:00;02:00;0;0
27.02.2017;02:00;03:00;0;0
27.02.2017;03:00;04:00;0;0
27.02.2017;04:00;05:00;0;0
27.02.2017;05:00;06:00;0;0
27.02.2017;06:00;07:00;0;0
27.02.2017;07:00;08:00;0;0
27.02.2017;08:00;09:00;0;0
27.02.2017;09:00;10:00;0;0
27.02.2017;10:00;11:00;0;0
27.02.2017;11:00;12:00;0;0
27.02.2017;12:00;13:00;0;0
27.02.2017;13:00;14:00;0;0
27.02.2017;14:00;15:00;0;0
27.02.2017;15:00;16:00;0;0
27.02.2017;16:00;17:00;0;0
27.02.2017;17:00;18:00;0;0
27.02.2017;18:00;19:00;0;0
27.02.2017;19:00;20:00;0;0
27.02.2017;20:00;21:00;0;0
27.02.2017;21:00;22:00;0;0
27.02.2017;22:00;23:00;0;0
27.02.2017;23:00;00:00;0;0
28.02.2017;00:00;01:00;0;0
28.02.2017;01:00;02:00;0;0
28.02.2017;02:00;03:00;0;0
28.02.2017;03:00;04:00;0;0
28.02.2017;04:00;05:00;0;0
28.02.2017;05:00;06:00;0;0
28.02.2017;06:00;07:00;0;0
28.02.2017;07:00;08:00;0;0
28.02.2017;08:00;09:00;0;0
28.02.2017;09:00;10:00;0;0
28.02.2017;10:00;11:00;0;0
28.02.2017;11:00;12:00;0;0
28.02.2017;12:00;13:00;0;0
28.02.2017;13:00;14:00;0;0
28.02.2017;14:00;15:00;0;0
28.02.2017;15:00;16:00;0;0
28.02.2017;16:00;17:00;0;0
28.02.2017;17:00;18:00;0;0
28.02.2017;18:00;19:00;0;0
28.02.2017;19:00;20:00;0;0
28.02.2017;20:00;21:00;0;0
28.02.2017;21:00;22:00;0;0
28.02.2017;22:00;23:00;0;0
28.02.2017;23:00;00:00;0;0
01.03.2017;00:00;01:00;0;0
01.03.2017;01:00;02:00;0;0
01.03.2017;02:00;03:00;0;0
01.03.2017;03:00;04:00;0;0
01.03.2017;04:00;05:00;0;0
01.03.2017;05:00;06:00;0;0
01.03.2017;06:00;07:00;0;0
01.03.2017;07:00;08:00;0;0
01.03.2017;08:00;09:00;0;0
01.03.2017;09:00;10:00;0;0
01.03.2017;10:00;11:00;0;0
01.03.2017;11:00;12:00;0;0
01.03.2017;12:00;13:00;0;0
01.03.2017;13:00;14:00;0;0
01.03.2017;14:00;15:00;0;0
01.03.2017;15:00;16:00;0;0
01.03.2017;16:00;17:00;0;0
01.03.2017;17:00;18:00;0;0
01.03.2017;18:00;19:00;0;0
01.03.2017;19:00;20:00;0;0
01.03.2017;20:00;21:00;0;0
01.03.2017;21:00;22:00;0;0
01.03.2017;22:00;23:00;0;0
01.03.2017;23:00;00:00;0;0
02.03.2017;00:00;01:00;0;0
02.03.2017;01:00;02:00;0;0
02.03.2017;02:00;03:00;0;0
02.03.2017;03:00;04:00;0;0
02.03.2017;04:00;05:00;0;0
02.03.2017;05:00;06:00;0;0
02.03.2017;06:00;07:00;0;0
02.03.2017;07:00;08:00;0;0
02.03.2017;08:00;09:00;0;0
02.03.2017;09:00;10:00;0;0
02.03.2017;10:00;11:00;0;0
02.03.2017;11:00;12:00;0;0
02.03.2017;12:00;13:00;0;0
02.03.2017;13:00;14:00;0;0
02.03.2017;14:00;15:00;0;0
02.03.2017;15:00;16:00;0;0
02.03.2017;16:00;17:00;0;0
02.03.2017;17:00;18:00;0;0
02.03.2017;18:00;19:00;0;0
02.03.2017;19:00;20:00;0;0
02.03.2017;20:00;21:00;0;0
02.03.2017;21:00;22:00;0;0
02.03.2017;22:00;23:00;0;0
02.03.2017;23:00;00:00;0;0
03.03.2017;00:00;01:00;0;0
03.03.2017;01:00;02:00;0;0
03.03.2017;02:00;03:00;0;0
03.03.2017;03:00;04:00;0;0
03.03.2017;04:00;05:00;0;0
03.03.2017;05:00;06:00;0;0
03.03.2017;06:00;07:00;0;0
03.03.2017;07:00;08:00;0;0
03.03.2017;08:00;09:00;0;0
03.03.2017;09:00;10:00;0;0
03.03.2017;10:00;11:00;0;0
03.03.2017;11:00;12:00;0;0
03.03.2017;12:00;13:00;0;0
03.03.2017;13:00;14:00;0;0
03.03.2017;14:00;15:00;0;0
03.03.2017;15:00;16:00;0;0
03.03.2017;16:00;17:00;0;0
03.03.2017;17:00;18:00;0;0
03.03.2017;18:00;19:00;0;0
03.03.2017;19:00;20:00;0;0
03.03.2017;20:00;21:00;0;0
03.03.2017;21:00;22:00;0;0
03.03.2017;22:00;23:00;0;0
03.03.2017;23:00;00:00;0;0
04.03.2017;00:00;01:00;0;0
04.03.2017;01:00;02:00;0;0
04.03.2017;02:00;03:00;0;0
04.03.2017;03:00;04:00;0;0
04.03.2017;04:00;05:00;0;0
04.03.2017;05:00;06:00;0;0
04.03.2017;06:00;07:00;0;0
04.03.2017;07:00;08:00;0;0
04.03.2017;08:00;09:00;0;0
04.03.2017;09:00;10:00;0;0
04.03.2017;10:00;11:00;0;0
04.03.2017;11:00;12:00;0;0
04.03.2017;12:00;13:00;0;0
04.03.2017;13:00;14:00;0;0
04.03.2017;14:00;15:00;0;0
04.03.2017;15:00;16:00;0;0
04.03.2017;16:00;17:00;0;0
04.03.2017;17:00;18:00;0;0
04.03.2017;18:00;19:00;0;0
04.03.2017;19:00;20:00;0;0
04.03.2017;20:00;21:00;0;0
04.03.2017;21:00;22:00;0;0
04.03.2017;22:00;23:00;0;0
04.03.2017;23:00;00:00;0;0
05.03.2017;00:00;01:00;0;0
05.03.2017;01:00;02:00;0;0
05.03.2017;02:00;03:00;0;0
05.03.2017;03:00;04:00;0;0
05.03.2017;04:00;05:00;0;0
05.03.2017;05:00;06:00;0;0
05.03.2017;06:00;07:00;0;0
05.03.2017;07:00;08:00;0;0
05.03.2017;08:00;09:00;0;0
05.03.2017;09:00;10:00;0;0
05.03.2017;10:00;11:00;0;0
05.03.2017;11:00;12:00;0;0
05.03.2017;12:00;13:00;0;0
05.03.2017;13:00;14:00;0;0
05.03.2017;14:00;15:00;0;0
05.03.2017;15:00;16:00;0;0
05.03.2017;16:00;17:00;0;0
05.03.2017;17:00;18:00;0;0
05.03.2017;18:00;19:00;0;0
05.03.2017;19:00;20:00;0;0
05.03.2017;20:00;21:00;0;0
05.03.2017;21:00;22:00;0;0
05.03.2017;22:00;23:00;0;0
05.03.2017;23:00;00:00;0;0
06.03.2017;00:00;01:00;0;0
06.03.2017;01:00;02:00;0;0
06.03.2017;02:00;03:00;0;0
06.03.2017;03:00;04:00;0;0
06.03.2017;04:00;05:00;0;0
06.03.2017;05:00;06:00;0;0
06.03.2017;06:00;07:00;0;0
06.03.2017;07:00;08:00;0;0
06.03.2017;08:00;09:00;0;0
06.03.2017;09:00;10:00;0;0
06.03.2017;10:00;11:00;0;0
06.03.2017;11:00;12:00;0;0
06.03.2017;12:00;13:00;0;0
06.03.2017;13:00;14:00;0;0
06.03.2017;14:00;15:00;0;0
06.03.2017;15:00;16:00;0;0
06.03.2017;16:00;17:00;0;0
06.03.2017;17:00;18:00;0;0
06.03.2017;18:00;19:00;0;0
06.03.2017;19:00;20:00;0;0
06.03.2017;20:00;21:00;0;0
06.03.2017;21:00;22:00;0;0
06.03.2017;22:00;23:00;0;0
06.03.2017;23:00;00:00;0;0
07.03.2017;00:00;01:00;0;0
07.03.2017;01:00;02:00;0;0
07.03.2017;02:00;03:00;0;0
07.03.2017;03:00;04:00;0;0
07.03.2017;04:00;05:00;0;0
07.03.2017;05:00;06:00;0;0
07.03.2017;06:00;07:00;0;0
07.03.2017;07:00;08:00;0;0
07.03.2017;08:00;09:00;0;0
07.03.2017;09:00;10:00;0;0
07.03.2017;10:00;11:00;0;0
07.03.2017;11:00;12:00;0;0
07.03.2017;12:00;13:00;0;0
07.03.2017;13:00;14:00;0;0
07.03.2017;14:00;15:00;0;0
07.03.2017;15:00;16:00;0;0
07.03.2017;16:00;17:00;0;0
07.03.2017;17:00;18:00;0;0
07.03.2017;18:00;19:00;0;0
07.03.2017;19:00;20:00;0;0
07.03.2017;20:00;21:00;0;0
07.03.2017;21:00;22:00;0;0
07.03.2017;22:00;23:00;0;0
07.03.2017;23:00;00:00;0;0
08.03.2017;00:00;01:00;0;0
08.03.2017;01:00;02:00;0;0
08.03.2017;02:00;03:00;0;0
08.03.2017;03:00;04:00;0;0
08.03.2017;04:00;05:00;0;0
08.03.2017;05:00;06:00;0;0
08.03.2017;06:00;07:00;0;0
08.03.2017;07:00;08:00;0;0
08.03.2017;08:00;09:00;0;0
08.03.2017;09:00;10:00;0;0
08.03.2017;10:00;11:00;0;0
08.03.2017;11:00;12:00;0;0
08.03.2017;12:00;13:00;0;0
08.03.2017;13:00;14:00;0;0
08.03.2017;14:00;15:00;0;0
08.03.2017;15:00;16:00;0;0
08.03.2017;16:00;17:00;0;0
08.03.2017;17:00;18:00;0;0
08.03.2017;18:00;19:00;0;0
08.03.2017;19:00;20:00;0;0
08.03.2017;20:00;21:00;0;0
08.03.2017;21:00;22:00;0;0
08.03.2017;22:00;23:00;0;0
08.03.2017;23:00;00:00;0;0
09.03.2017;00:00;01:00;0;0
09.03.2017;01:00;02:00;0;0
09.03.2017;02:00;03:00;0;0
09.03.2017;03:00;04:00;0;0
09.03.2017;04:00;05:00;0;0
09.03.2017;05:00;06:00;0;0
09.03.2017;06:00;07:00;0;0
09.03.2017;07:00;08:00;0;0
09.03.2017;08:00;09:00;0;0
09.03.2017;09:00;10:00;0;0
09.03.2017;10:00;11:00;0;0
09.03.2017;11:00;12:00;0;0
09.03.2017;12:00;13:00;0;0
09.03.2017;13:00;14:00;0;0
09.03.2017;14:00;15:00;0;0
09.03.2017;15:00;16:00;0;0
09.03.2017;16:00;17:00;0;0
09.03.2017;17:00;18:00;0;0
09.03.2017;18:00;19:00;0;0
09.03.2017;19:00;20:00;0;0
09.03.2017;20:00;21:00;0;0
09.03.2017;21:00;22:00;0;0
09.03.2017;22:00;23:00;0;0
09.03.2017;23:00;00:00;0;0
10.03.2017;00:00;01:00;0;0
10.03.2017;01:00;02:00;0;0
10.03.2017;02:00;03:00;0;0
10.03.2017;03:00;04:00;0;0
10.03.2017;04:00;05:00;0;0
10.03.2017;05:00;06:00;0;0
10.03.2017;06:00;07:00;0;0
10.03.2017;07:00;08:00;0;0
10.03.2017;08:00;09:00;0;0
10.03.2017;09:00;10:00;0;0
10.03.2017;10:00;11:00;0;0
10.03.2017;11:00;12:00;0;0
10.03.2017;12:00;13:00;0;0
10.03.2017;13:00;14:00;0;0
10.03.2017;14:00;15:00;0;0
10.03.2017;15:00;16:00;0;0
10.03.2017;16:00;17:00;0;0
10.03.2017;17:00;18:00;0;0
10.03.2017;18:00;19:00;0;0
10.03.2017;19:00;20:00;0;0
10.03.2017;20:00;21:00;0;0
10.03.2017;21:00;22:00;0;0
10.03.2017;22:00;23:00;0;0
10.03.2017;23:00;00:00;0;0
11.03.2017;00:00;01:00;0;0
11.03.2017;01:00;02:00;0;0
11.03.2017;02:00;03:00;0;0
11.03.2017;03:00;04:00;0;0
11.03.2017;04:00;05:00;0;0
11.03.2017;05:00;06:00;0;0
11.03.2017;06:00;07:00;0;0
11.03.2017;07:00;08:00;0;0
11.03.2017;08:00;09:00;0;0
11.03.2017;09:00;10:00;0;0
11.03.2017;10:00;11:00;0;0
11.03.2017;11:00;12:00;0;0
11.03.2017;12:00;13:00;0;0
11.03.2017;13:00;14:00;0;0
11.03.2017;14:00;15:00;0;0
11.03.2017;15:00;16:00;0;0
11.03.2017;16:00;17:00;0;0
11.03.2017;17:00;18:00;0;0
11.03.2017;18:00;19:00;0;0
11.03.2017;19:00;20:00;0;0
11.03.2017;20:00;21:00;0;0
11.03.2017;21:00;22:00;0;0
11.03.2017;22:00;23:00;0;0
11.03.2017;23:00;00:00;0;0
12.03.2017;00:00;01:00;0;0
12.03.2017;01:00;02:00;0;0
12.03.2017;02:00;03:00;0;0
12.03.2017;03:00;04:00;0;0
12.03.2017;04:00;05:00;0;0
12.03.2017;05:00;06:00;0;0
12.03.2017;06:00;07:00;0;0
12.03.2017;07:00;08:00;0;0
12.03.2017;08:00;09:00;0;0
12.03.2017;09:00;10:00;0;0
12.03.2017;10:00;11:00;0;0
12.03.2017;11:00;12:00;0;0
12.03.2017;12:00;13:00;0;0
12.03.2017;13:00;14:00;0;0
12.03.2017;14:00;15:00;0;0
12.03.2017;15:00;16:00;0;0
12.03.2017;16:00;17:00;0;0
12.03.2017;17:00;18:00;0;0
12.03.2017;18:00;19:00;0;0
12.03.2017;19:00;20:00;0;0
12.03.2017;20:00;21:00;0;0
12.03.2017;21:00;22:00;0;0
12.03.2017;22:00;23:00;0;0
12.03.2017;23:00;00:00;0;0
13.03.2017;00:00;01:00;0;0
13.03.2017;01:00;02:00;0;0
13.03.2017;02:00;03:00;0;0
13.03.2017;03:00;04:00;0;0
13.03.2017;04:00;05:00;0;0
13.03.2017;05:00;06:00;0;0
13.03.2017;06:00;07:00;0;0
13.03.2017;07:00;08:00;0;0
13.03.2017;08:00;09:00;0;0
13.03.2017;09:00;10:00;0;0
13.03.2017;10:00;11:00;0;0
13.03.2017;11:00;12:00;0;0
13.03.2017;12:00;13:00;0;0
13.03.2017;13:00;14:00;0;0
13.03.2017;14:00;15:00;0;0
13.03.2017;15:00;16:00;0;0
13.03.2017;16:00;17:00;0;0
13.03.2017;17:00;18:00;0;0
13.03.2017;18:00;19:00;0;0
13.03.2017;19:00;20:00;0;0
13.03.2017;20:00;21:00;0;0
13.03.2017;21:00;22:00;0;0
13.03.2017;22:00;23:00;0;0
13.03.2017;23:00;00:00;0;0
14.03.2017;00:00;01:00;0;0
14.03.2017;01:00;02:00;0;0
14.03.2017;02:00;03:00;0;0
14.03.2017;03:00;04:00;0;0
14.03.2017;04:00;05:00;0;0
14.03.2017;05:00;06:00;0;0
14.03.2017;06:00;07:00;0;0
14.03.2017;07:00;08:00;0;0
14.03.2017;08:00;09:00;0;0
14.03.2017;09:00;10:00;0;0
14.03.2017;10:00;11:00;0;0
14.03.2017;11:00;12:00;0;0
14.03.2017;12:00;13:00;0;0
14.03.2017;13:00;14:00;0;0
14.03.2017;14:00;15:00;0;0
14.03.2017;15:00;16:00;0;0
14.03.2017;16:00;17:00;0;0
14.03.2017;17:00;18:00;0;0
14.03.2017;18:00;19:00;0;0
14.03.2017;19:00;20:00;0;0
14.03.2017;20:00;21:00;0;0
14.03.2017;21:00;22:00;0;0
14.03.2017;22:00;23:00;0;0
14.03.2017;23:00;00:00;0;0
15.03.2017;00:00;01:00;0;0
15.03.2017;01:00;02:00;0;0
15.03.2017;02:00;03:00;0;0
15.03.2017;03:00;04:00;0;0
15.03.2017;04:00;05:00;0;0
15.03.2017;05:00;06:00;0;0
15.03.2017;06:00;07:00;0;0
15.03.2017;07:00;08:00;0;0
15.03.2017;08:00;09:00;0;0
15.03.2017;09:00;10:00;0;0
15.03.2017;10:00;11:00;0;0
15.03.2017;11:00;12:00;0;0
15.03.2017;12:00;13:00;0;0
15.03.2017;13:00;14:00;0;0
15.03.2017;14:00;15:00;0;0
15.03.2017;15:00;16:00;0;0
15.03.2017;16:00;17:00;0;0
15.03.2017;17:00;18:00;0;0
15.03.2017;18:00;19:00;0;0
15.03.2017;19:00;20:00;0;0
15.03.2017;20:00;21:00;0;0
15.03.2017;21:00;22:00;0;0
15.03.2017;22:00;23:00;0;0
15.03.2017;23:00;00:00;0;0
16.03.2017;00:00;01:00;0;0
16.03.2017;01:00;02:00;0;0
16.03.2017;02:00;03:00;0;0
16.03.2017;03:00;04:00;0;0
16.03.2017;04:00;05:00;0;0
16.03.2017;05:00;06:00;0;0
16.03.2017;06:00;07:00;0;0
16.03.2017;07:00;08:00;0;0
16.03.2017;08:00;09:00;0;0
16.03.2017;09:00;10:00;0;0
16.03.2017;10:00;11:00;0;0
16.03.2017;11:00;12:00;0;0
16.03.2017;12:00;13:00;0;0
16.03.2017;13:00;14:00;0;0
16.03.2017;14:00;15:00;0;0
16.03.2017;15:00;16:00;0;0
16.03.2017;16:00;17:00;0;0
16.03.2017;17:00;18:00;0;0
16.03.2017;18:00;19:00;0;0
16.03.2017;19:00;20:00;0;0
16.03.2017;20:00;21:00;0;0
16.03.2017;21:00;22:00;0;0
16.03.2017;22:00;23:00;0;0
16.03.2017;23:00;00:00;0;0
17.03.2017;00:00;01:00;0;0
17.03.2017;01:00;02:00;0;0
17.03.2017;02:00;03:00;0;0
17.03.2017;03:00;04:00;0;0
17.03.2017;04:00;05:00;0;0
17.03.2017;05:00;06:00;0;0
17.03.2017;06:00;07:00;0;0
17.03.2017;07:00;08:00;0;0
17.03.2017;08:00;09:00;0;0
17.03.2017;09:00;10:00;0;0
17.03.2017;10:00;11:00;0;0
17.03.2017;11:00;12:00;0;0
17.03.2017;12:00;13:00;0;0
17.03.2017;13:00;14:00;0;0
17.03.2017;14:00;15:00;0;0
17.03.2017;15:00;16:00;0;0
17.03.2017;16:00;17:00;0;0
17.03.2017;17:00;18:00;0;0
17.03.2017;18:00;19:00;0;0
17.03.2017;19:00;20:00;0;0
17.03.2017;20:00;21:00;0;0
17.03.2017;21:00;22:00;0;0
17.03.2017;22:00;23:00;0;0
17.03.2017;23:00;00:00;0;0
18.03.2017;00:00;01:00;0;0
18.03.2017;01:00;02:00;0;0
18.03.2017;02:00;03:00;0;0
18.03.2017;03:00;04:00;0;0
18.03.2017;04:00;05:00;0;0
18.03.2017;05:00;06:00;0;0
18.03.2017;06:00;07:00;0;0
18.03.2017;07:00;08:00;0;0
18.03.2017;08:00;09:00;0;0
18.03.2017;09:00;10:00;0;0
18.03.2017;10:00;11:00;0;0
18.03.2017;11:00;12:00;0;0
18.03.2017;12:00;13:00;0;0
18.03.2017;13:00;14:00;0;0
18.03.2017;14:00;15:00;0;0
18.03.2017;15:00;16:00;0;0
18.03.2017;16:00;17:00;0;0
18.03.2017;17:00;18:00;0;0
18.03.2017;18:00;19:00;0;0
18.03.2017;19:00;20:00;0;0
18.03.2017;20:00;21:00;0;0
18.03.2017;21:00;22:00;0;0
18.03.2017;22:00;23:00;0;0
18.03.2017;23:00;00:00;0;0
19.03.2017;00:00;01:00;0;0
19.03.2017;01:00;02:00;0;0
19.03.2017;02:00;03:00;0;0
19.03.2017;03:00;04:00;0;0
19.03.2017;04:00;05:00;0;0
19.03.2017;05:00;06:00;0;0
19.03.2017;06:00;07:00;0;0
19.03.2017;07:00;08:00;0;0
19.03.2017;08:00;09:00;0;0
19.03.2017;09:00;10:00;0;0
19.03.2017;10:00;11:00;0;0
19.03.2017;11:00;12:00;0;0
19.03.2017;12:00;13:00;0;0
19.03.2017;13:00;14:00;0;0
19.03.2017;14:00;15:00;0;0
19.03.2017;15:00;16:00;0;0
19.03.2017;16:00;17:00;0;0
19.03.2017;17:00;18:00;0;0
19.03.2017;18:00;19:00;0;0
19.03.2017;19:00;20:00;0;0
19.03.2017;20:00;21:00;0;0
19.03.2017;21:00;22:00;0;0
19.03.2017;22:00;23:00;0;0
19.03.2017;23:00;00:00;0;0
20.03.2017;00:00;01:00;0;0
20.03.2017;01:00;02:00;0;0
20.03.2017;02:00;03:00;0;0
20.03.2017;03:00;04:00;0;0
20.03.2017;04:00;05:00;0;0
20.03.2017;05:00;06:00;0;0
20.03.2017;06:00;07:00;0;0
20.03.2017;07:00;08:00;0;0
20.03.2017;08:00;09:00;0;0
20.03.2017;09:00;10:00;0;0
20.03.2017;10:00;11:00;0;0
20.03.2017;11:00;12:00;0;0
20.03.2017;12:00;13:00;0;0
20.03.2017;13:00;14:00;0;0
20.03.2017;14:00;15:00;0;0
20.03.2017;15:00;16:00;0;0
20.03.2017;16:00;17:00;0;0
20.03.2017;17:00;18:00;0;0
20.03.2017;18:00;19:00;0;0
20.03.2017;19:00;20:00;0;0
20.03.2017;20:00;21:00;0;0
20.03.2017;21:00;22:00;0;0
20.03.2017;22:00;23:00;0;0
20.03.2017;23:00;00:00;0;0
21.03.2017;00:00;01:00;0;0
21.03.2017;01:00;02:00;0;0
21.03.2017;02:00;03:00;0;0
21.03.2017;03:00;04:00;0;0
21.03.2017;04:00;05:00;0;0
21.03.2017;05:00;06:00;0;0
21.03.2017;06:00;07:00;0;0
21.03.2017;07:00;08:00;0;0
21.03.2017;08:00;09:00;0;0
21.03.2017;09:00;10:00;0;0
21.03.2017;10:00;11:00;0;0
21.03.2017;11:00;12:00;0;0
21.03.2017;12:00;13:00;0;0
21.03.2017;13:00;14:00;0;0
21.03.2017;14:00;15:00;0;0
21.03.2017;15:00;16:00;0;0
21.03.2017;16:00;17:00;0;0
21.03.2017;17:00;18:00;0;0
21.03.2017;18:00;19:00;0;0
21.03.2017;19:00;20:00;0;0
21.03.2017;20:00;21:00;0;0
21.03.2017;21:00;22:00;0;0
21.03.2017;22:00;23:00;0;0
21.03.2017;23:00;00:00;0;0
22.03.2017;00:00;01:00;0;0
22.03.2017;01:00;02:00;0;0
22.03.2017;02:00;03:00;0;0
22.03.2017;03:00;04:00;0;0
22.03.2017;04:00;05:00;0;0
22.03.2017;05:00;06:00;0;0
22.03.2017;06:00;07:00;0;0
22.03.2017;07:00;08:00;0;0
22.03.2017;08:00;09:00;0;0
22.03.2017;09:00;10:00;0;0
22.03.2017;10:00;11:00;0;0
22.03.2017;11:00;12:00;0;0
22.03.2017;12:00;13:00;0;0
22.03.2017;13:00;14:00;0;0
22.03.2017;14:00;15:00;0;0
22.03.2017;15:00;16:00;0;0
22.03.2017;16:00;17:00;0;0
22.03.2017;17:00;18:00;0;0
22.03.2017;18:00;19:00;0;0
22.03.2017;19:00;20:00;0;0
22.03.2017;20:00;21:00;0;0
22.03.2017;21:00;22:00;0;0
22.03.2017;22:00;23:00;0;0
22.03.2017;23:00;00:00;0;0
23.03.2017;00:00;01:00;0;0
23.03.2017;01:00;02:00;0;0
23.03.2017;02:00;03:00;0;0
23.03.2017;03:00;04:00;0;0
23.03.2017;04:00;05:00;0;0
23.03.2017;05:00;06:00;0;0
23.03.2017;06:00;07:00;0;0
23.03.2017;07:00;08:00;0;0
23.03.2017;08:00;09:00;0;0
23.03.2017;09:00;10:00;0;0
23.03.2017;10:00;11:00;0;0
23.03.2017;11:00;12:00;0;0
23.03.2017;12:00;13:00;0;0
23.03.2017;13:00;14:00;0;0
23.03.2017;14:00;15:00;0;0
23.03.2017;15:00;16:00;0;0
23.03.2017;16:00;17:00;0;0
23.03.2017;17:00;18:00;0;0
23.03.2017;18:00;19:00;0;0
23.03.2017;19:00;20:00;0;0
23.03.2017;20:00;21:00;0;0
23.03.2017;21:00;22:00;0;0
23.03.2017;22:00;23:00;0;0
23.03.2017;23:00;00:00;0;0
24.03.2017;00:00;01:00;0;0
24.03.2017;01:00;02:00;0;0
24.03.2017;02:00;03:00;0;0
24.03.2017;03:00;04:00;0;0
24.03.2017;04:00;05:00;0;0
24.03.2017;05:00;06:00;0;0
24.03.2017;06:00;07:00;0;0
24.03.2017;07:00;08:00;0;0
24.03.2017;08:00;09:00;0;0
24.03.2017;09:00;10:00;0;0
24.03.2017;10:00;11:00;0;0
24.03.2017;11:00;12:00;0;0
24.03.2017;12:00;13:00;0;0
24.03.2017;13:00;14:00;0;0
24.03.2017;14:00;15:00;0;0
24.03.2017;15:00;16:00;0;0
24.03.2017;16:00;17:00;0;0
24.03.2017;17:00;18:00;0;0
24.03.2017;18:00;19:00;0;0
24.03.2017;19:00;20:00;0;0
24.03.2017;20:00;21:00;0;0
24.03.2017;21:00;22:00;0;0
24.03.2017;22:00;23:00;0;0
24.03.2017;23:00;00:00;0;0
25.03.2017;00:00;01:00;0;0
25.03.2017;01:00;02:00;0;0
25.03.2017;02:00;03:00;0;0
25.03.2017;03:00;04:00;0;0
25.03.2017;04:00;05:00;0;0
25.03.2017;05:00;06:00;0;0
25.03.2017;06:00;07:00;0;0
25.03.2017;07:00;08:00;0;0
25.03.2017;08:00;09:00;0;0
25.03.2017;09:00;10:00;0;0
25.03.2017;10:00;11:00;0;0
25.03.2017;11:00;12:00;0;0
25.03.2017;12:00;13:00;0;0
25.03.2017;13:00;14:00;0;0
25.03.2017;14:00;15:00;0;0
25.03.2017;15:00;16:00;0;0
25.03.2017;16:00;17:00;0;0
25.03.2017;17:00;18:00;0;0
25.03.2017;18:00;19:00;0;0
25.03.2017;19:00;20:00;0;0
25.03.2017;20:00;21:00;0;0
25.03.2017;21:00;22:00;0;0
25.03.2017;22:00;23:00;0;0
25.03.2017;23:00;00:00;0;0
26.03.2017;00:00;01:00;0;0
26.03.2017;01:00;02:00;0;0
26.03.2017;03:00;04:00;0;0
26.03.2017;04:00;05:00;0;0
26.03.2017;05:00;06:00;0;0
26.03.2017;06:00;07:00;0;0
26.03.2017;07:00;08:00;0;0
26.03.2017;08:00;09:00;0;0
26.03.2017;09:00;10:00;0;0
26.03.2017;10:00;11:00;0;0
26.03.2017;11:00;12:00;0;0
26.03.2017;12:00;13:00;0;0
26.03.2017;13:00;14:00;0;0
26.03.2017;14:00;15:00;0;0
26.03.2017;15:00;16:00;0;0
26.03.2017;16:00;17:00;0;0
26.03.2017;17:00;18:00;0;0
26.03.2017;18:00;19:00;0;0
26.03.2017;19:00;20:00;0;0
26.03.2017;20:00;21:00;0;0
26.03.2017;21:00;22:00;0;0
26.03.2017;22:00;23:00;0;0
26.03.2017;23:00;00:00;0;0
27.03.2017;00:00;01:00;0;0
27.03.2017;01:00;02:00;0;0
27.03.2017;02:00;03:00;0;0
27.03.2017;03:00;04:00;0;0
27.03.2017;04:00;05:00;0;0
27.03.2017;05:00;06:00;0;0
27.03.2017;06:00;07:00;0;0
27.03.2017;07:00;08:00;0;0
27.03.2017;08:00;09:00;0;0
27.03.2017;09:00;10:00;0;0
27.03.2017;10:00;11:00;0;0
27.03.2017;11:00;12:00;0;0
27.03.2017;12:00;13:00;0;0
27.03.2017;13:00;14:00;0;0
27.03.2017;14:00;15:00;0;0
27.03.2017;15:00;16:00;0;0
27.03.2017;16:00;17:00;0;0
27.03.2017;17:00;18:00;0;0
27.03.2017;18:00;19:00;0;0
27.03.2017;19:00;20:00;0;0
27.03.2017;20:00;21:00;0;0
27.03.2017;21:00;22:00;0;0
27.03.2017;22:00;23:00;0;0
27.03.2017;23:00;00:00;0;0
28.03.2017;00:00;01:00;0;0
28.03.2017;01:00;02:00;0;0
28.03.2017;02:00;03:00;0;0
28.03.2017;03:00;04:00;0;0
28.03.2017;04:00;05:00;0;0
28.03.2017;05:00;06:00;0;0
28.03.2017;06:00;07:00;0;0
28.03.2017;07:00;08:00;0;0
28.03.2017;08:00;09:00;0;0
28.03.2017;09:00;10:00;0;0
28.03.2017;10:00;11:00;0;0
28.03.2017;11:00;12:00;0;0
28.03.2017;12:00;13:00;0;0
28.03.2017;13:00;14:00;0;0
28.03.2017;14:00;15:00;0;0
28.03.2017;15:00;16:00;0;0
28.03.2017;16:00;17:00;0;0
28.03.2017;17:00;18:00;0;0
28.03.2017;18:00;19:00;0;0
28.03.2017;19:00;20:00;0;0
28.03.2017;20:00;21:00;0;0
28.03.2017;21:00;22:00;0;0
28.03.2017;22:00;23:00;0;0
28.03.2017;23:00;00:00;0;0
29.03.2017;00:00;01:00;0;0
29.03.2017;01:00;02:00;0;0
29.03.2017;02:00;03:00;0;0
29.03.2017;03:00;04:00;0;0
29.03.2017;04:00;05:00;0;0
29.03.2017;05:00;06:00;0;0
29.03.2017;06:00;07:00;0;0
29.03.2017;07:00;08:00;0;0
29.03.2017;08:00;09:00;0;0
29.03.2017;09:00;10:00;0;0
29.03.2017;10:00;11:00;0;0
29.03.2017;11:00;12:00;0;0
29.03.2017;12:00;13:00;0;0
29.03.2017;13:00;14:00;0;0
29.03.2017;14:00;15:00;0;0
29.03.2017;15:00;16:00;0;0
29.03.2017;16:00;17:00;0;0
29.03.2017;17:00;18:00;0;0
29.03.2017;18:00;19:00;0;0
29.03.2017;19:00;20:00;0;0
29.03.2017;20:00;21:00;0;0
29.03.2017;21:00;22:00;0;0
29.03.2017;22:00;23:00;0;0
29.03.2017;23:00;00:00;0;0
30.03.2017;00:00;01:00;0;0
30.03.2017;01:00;02:00;0;0
30.03.2017;02:00;03:00;0;0
30.03.2017;03:00;04:00;0;0
30.03.2017;04:00;05:00;0;0
30.03.2017;05:00;06:00;0;0
30.03.2017;06:00;07:00;0;0
30.03.2017;07:00;08:00;0;0
30.03.2017;08:00;09:00;0;0
30.03.2017;09:00;10:00;0;0
30.03.2017;10:00;11:00;0;0
30.03.2017;11:00;12:00;0;0
30.03.2017;12:00;13:00;0;0
30.03.2017;13:00;14:00;0;0
30.03.2017;14:00;15:00;0;0
30.03.2017;15:00;16:00;0;0
30.03.2017;16:00;17:00;0;0
30.03.2017;17:00;18:00;0;0
30.03.2017;18:00;19:00;0;0
30.03.2017;19:00;20:00;0;0
30.03.2017;20:00;21:00;0;0
30.03.2017;21:00;22:00;0;0
30.03.2017;22:00;23:00;0;0
30.03.2017;23:00;00:00;0;0
31.03.2017;00:00;01:00;0;0
31.03.2017;01:00;02:00;0;0
31.03.2017;02:00;03:00;0;0
31.03.2017;03:00;04:00;0;0
31.03.2017;04:00;05:00;0;0
31.03.2017;05:00;06:00;0;0
31.03.2017;06:00;07:00;0;0
31.03.2017;07:00;08:00;0;0
31.03.2017;08:00;09:00;0;0
31.03.2017;09:00;10:00;0;0
31.03.2017;10:00;11:00;0;0
31.03.2017;11:00;12:00;0;0
31.03.2017;12:00;13:00;0;0
31.03.2017;13:00;14:00;0;0
31.03.2017;14:00;15:00;0;0
31.03.2017;15:00;16:00;0;0
31.03.2017;16:00;17:00;0;0
31.03.2017;17:00;18:00;0;0
31.03.2017;18:00;19:00;0;0
31.03.2017;19:00;20:00;0;0
31.03.2017;20:00;21:00;0;0
31.03.2017;21:00;22:00;0;0
31.03.2017;22:00;23:00;0;0
31.03.2017;23:00;00:00;0;0
01.04.2017;00:00;01:00;0;0
01.04.2017;01:00;02:00;0;0
01.04.2017;02:00;03:00;0;0
01.04.2017;03:00;04:00;0;0
01.04.2017;04:00;05:00;0;0
01.04.2017;05:00;06:00;0;0
01.04.2017;06:00;07:00;0;0
01.04.2017;07:00;08:00;0;0
01.04.2017;08:00;09:00;0;0
01.04.2017;09:00;10:00;0;0
01.04.2017;10:00;11:00;0;0
01.04.2017;11:00;12:00;0;0
01.04.2017;12:00;13:00;0;0
01.04.2017;13:00;14:00;0;0
01.04.2017;14:00;15:00;0;0
01.04.2017;15:00;16:00;0;0
01.04.2017;16:00;17:00;0;0
01.04.2017;17:00;18:00;0;0
01.04.2017;18:00;19:00;0;0
01.04.2017;19:00;20:00;0;0
01.04.2017;20:00;21:00;0;0
01.04.2017;21:00;22:00;0;0
01.04.2017;22:00;23:00;0;0
01.04.2017;23:00;00:00;0;0
02.04.2017;00:00;01:00;0;0
02.04.2017;01:00;02:00;0;0
02.04.2017;02:00;03:00;0;0
02.04.2017;03:00;04:00;0;0
02.04.2017;04:00;05:00;0;0
02.04.2017;05:00;06:00;0;0
02.04.2017;06:00;07:00;0;0
02.04.2017;07:00;08:00;0;0
02.04.2017;08:00;09:00;0;0
02.04.2017;09:00;10:00;0;0
02.04.2017;10:00;11:00;0;0
02.04.2017;11:00;12:00;0;0
02.04.2017;12:00;13:00;0;0
02.04.2017;13:00;14:00;0;0
02.04.2017;14:00;15:00;0;0
02.04.2017;15:00;16:00;0;0
02.04.2017;16:00;17:00;0;0
02.04.2017;17:00;18:00;0;0
02.04.2017;18:00;19:00;0;0
02.04.2017;19:00;20:00;0;0
02.04.2017;20:00;21:00;0;0
02.04.2017;21:00;22:00;0;0
02.04.2017;22:00;23:00;0;0
02.04.2017;23:00;00:00;0;0
03.04.2017;00:00;01:00;0;0
03.04.2017;01:00;02:00;0;0
03.04.2017;02:00;03:00;0;0
03.04.2017;03:00;04:00;0;0
03.04.2017;04:00;05:00;0;0
03.04.2017;05:00;06:00;0;0
03.04.2017;06:00;07:00;0;0
03.04.2017;07:00;08:00;0;0
03.04.2017;08:00;09:00;0;0
03.04.2017;09:00;10:00;0;0
03.04.2017;10:00;11:00;0;0
03.04.2017;11:00;12:00;0;0
03.04.2017;12:00;13:00;0;0
03.04.2017;13:00;14:00;0;0
03.04.2017;14:00;15:00;0;0
03.04.2017;15:00;16:00;0;0
03.04.2017;16:00;17:00;0;0
03.04.2017;17:00;18:00;0;0
03.04.2017;18:00;19:00;0;0
03.04.2017;19:00;20:00;0;0
03.04.2017;20:00;21:00;0;0
03.04.2017;21:00;22:00;0;0
03.04.2017;22:00;23:00;0;0
03.04.2017;23:00;00:00;0;0
04.04.2017;00:00;01:00;0;0
04.04.2017;01:00;02:00;0;0
04.04.2017;02:00;03:00;0;0
04.04.2017;03:00;04:00;0;0
04.04.2017;04:00;05:00;0;0
04.04.2017;05:00;06:00;0;0
04.04.2017;06:00;07:00;0;0
04.04.2017;07:00;08:00;0;0
04.04.2017;08:00;09:00;0;0
04.04.2017;09:00;10:00;0;0
04.04.2017;10:00;11:00;0;0
04.04.2017;11:00;12:00;0;0
04.04.2017;12:00;13:00;0;0
04.04.2017;13:00;14:00;0;0
04.04.2017;14:00;15:00;0;0
04.04.2017;15:00;16:00;0;0
04.04.2017;16:00;17:00;0;0
04.04.2017;17:00;18:00;0;0
04.04.2017;18:00;19:00;0;0
04.04.2017;19:00;20:00;0;0
04.04.2017;20:00;21:00;0;0
04.04.2017;21:00;22:00;0;0
04.04.2017;22:00;23:00;0;0
04.04.2017;23:00;00:00;0;0
05.04.2017;00:00;01:00;0;0
05.04.2017;01:00;02:00;0;0
05.04.2017;02:00;03:00;0;0
05.04.2017;03:00;04:00;0;0
05.04.2017;04:00;05:00;0;0
05.04.2017;05:00;06:00;0;0
05.04.2017;06:00;07:00;0;0
05.04.2017;07:00;08:00;0;0
05.04.2017;08:00;09:00;0;0
05.04.2017;09:00;10:00;0;0
05.04.2017;10:00;11:00;0;0
05.04.2017;11:00;12:00;0;0
05.04.2017;12:00;13:00;0;0
05.04.2017;13:00;14:00;0;0
05.04.2017;14:00;15:00;0;0
05.04.2017;15:00;16:00;0;0
05.04.2017;16:00;17:00;0;0
05.04.2017;17:00;18:00;0;0
05.04.2017;18:00;19:00;0;0
05.04.2017;19:00;20:00;0;0
05.04.2017;20:00;21:00;0;0
05.04.2017;21:00;22:00;0;0
05.04.2017;22:00;23:00;0;0
05.04.2017;23:00;00:00;0;0
06.04.2017;00:00;01:00;0;0
06.04.2017;01:00;02:00;0;0
06.04.2017;02:00;03:00;0;0
06.04.2017;03:00;04:00;0;0
06.04.2017;04:00;05:00;0;0
06.04.2017;05:00;06:00;0;0
06.04.2017;06:00;07:00;0;0
06.04.2017;07:00;08:00;0;0
06.04.2017;08:00;09:00;0;0
06.04.2017;09:00;10:00;0;0
06.04.2017;10:00;11:00;0;0
06.04.2017;11:00;12:00;0;0
06.04.2017;12:00;13:00;0;0
06.04.2017;13:00;14:00;0;0
06.04.2017;14:00;15:00;0;0
06.04.2017;15:00;16:00;0;0
06.04.2017;16:00;17:00;0;0
06.04.2017;17:00;18:00;0;0
06.04.2017;18:00;19:00;0;0
06.04.2017;19:00;20:00;0;0
06.04.2017;20:00;21:00;0;0
06.04.2017;21:00;22:00;0;0
06.04.2017;22:00;23:00;0;0
06.04.2017;23:00;00:00;0;0
07.04.2017;00:00;01:00;0;0
07.04.2017;01:00;02:00;0;0
07.04.2017;02:00;03:00;0;0
07.04.2017;03:00;04:00;0;0
07.04.2017;04:00;05:00;0;0
07.04.2017;05:00;06:00;0;0
07.04.2017;06:00;07:00;0;0
07.04.2017;07:00;08:00;0;0
07.04.2017;08:00;09:00;0;0
07.04.2017;09:00;10:00;0;0
07.04.2017;10:00;11:00;0;0
07.04.2017;11:00;12:00;0;0
07.04.2017;12:00;13:00;0;0
07.04.2017;13:00;14:00;0;0
07.04.2017;14:00;15:00;0;0
07.04.2017;15:00;16:00;0;0
07.04.2017;16:00;17:00;0;0
07.04.2017;17:00;18:00;0;0
07.04.2017;18:00;19:00;0;0
07.04.2017;19:00;20:00;0;0
07.04.2017;20:00;21:00;0;0
07.04.2017;21:00;22:00;0;0
07.04.2017;22:00;23:00;0;0
07.04.2017;23:00;00:00;0;0
08.04.2017;00:00;01:00;0;0
08.04.2017;01:00;02:00;0;0
08.04.2017;02:00;03:00;0;0
08.04.2017;03:00;04:00;0;0
08.04.2017;04:00;05:00;0;0
08.04.2017;05:00;06:00;0;0
08.04.2017;06:00;07:00;0;0
08.04.2017;07:00;08:00;0;0
08.04.2017;08:00;09:00;0;0
08.04.2017;09:00;10:00;0;0
08.04.2017;10:00;11:00;0;0
08.04.2017;11:00;12:00;0;0
08.04.2017;12:00;13:00;0;0
08.04.2017;13:00;14:00;0;0
08.04.2017;14:00;15:00;0;0
08.04.2017;15:00;16:00;0;0
08.04.2017;16:00;17:00;0;0
08.04.2017;17:00;18:00;0;0
08.04.2017;18:00;19:00;0;0
08.04.2017;19:00;20:00;0;0
08.04.2017;20:00;21:00;0;0
08.04.2017;21:00;22:00;0;0
08.04.2017;22:00;23:00;0;0
08.04.2017;23:00;00:00;0;0
09.04.2017;00:00;01:00;0;0
09.04.2017;01:00;02:00;0;0
09.04.2017;02:00;03:00;0;0
09.04.2017;03:00;04:00;0;0
09.04.2017;04:00;05:00;0;0
09.04.2017;05:00;06:00;0;0
09.04.2017;06:00;07:00;0;0
09.04.2017;07:00;08:00;0;0
09.04.2017;08:00;09:00;0;0
09.04.2017;09:00;10:00;0;0
09.04.2017;10:00;11:00;0;0
09.04.2017;11:00;12:00;0;0
09.04.2017;12:00;13:00;0;0
09.04.2017;13:00;14:00;0;0
09.04.2017;14:00;15:00;0;0
09.04.2017;15:00;16:00;0;0
09.04.2017;16:00;17:00;0;0
09.04.2017;17:00;18:00;0;0
09.04.2017;18:00;19:00;0;0
09.04.2017;19:00;20:00;0;0
09.04.2017;20:00;21:00;0;0
09.04.2017;21:00;22:00;0;0
09.04.2017;22:00;23:00;0;0
09.04.2017;23:00;00:00;0;0
10.04.2017;00:00;01:00;0;0
10.04.2017;01:00;02:00;0;0
10.04.2017;02:00;03:00;0;0
10.04.2017;03:00;04:00;0;0
10.04.2017;04:00;05:00;0;0
10.04.2017;05:00;06:00;0;0
10.04.2017;06:00;07:00;0;0
10.04.2017;07:00;08:00;0;0
10.04.2017;08:00;09:00;0;0
10.04.2017;09:00;10:00;0;0
10.04.2017;10:00;11:00;0;0
10.04.2017;11:00;12:00;0;0
10.04.2017;12:00;13:00;0;0
10.04.2017;13:00;14:00;0;0
10.04.2017;14:00;15:00;0;0
10.04.2017;15:00;16:00;0;0
10.04.2017;16:00;17:00;0;0
10.04.2017;17:00;18:00;0;0
10.04.2017;18:00;19:00;0;0
10.04.2017;19:00;20:00;0;0
10.04.2017;20:00;21:00;0;0
10.04.2017;21:00;22:00;0;0
10.04.2017;22:00;23:00;0;0
10.04.2017;23:00;00:00;0;0
11.04.2017;00:00;01:00;0;0
11.04.2017;01:00;02:00;0;0
11.04.2017;02:00;03:00;0;0
11.04.2017;03:00;04:00;0;0
11.04.2017;04:00;05:00;0;0
11.04.2017;05:00;06:00;0;0
11.04.2017;06:00;07:00;0;0
11.04.2017;07:00;08:00;0;0
11.04.2017;08:00;09:00;0;0
11.04.2017;09:00;10:00;0;0
11.04.2017;10:00;11:00;0;0
11.04.2017;11:00;12:00;0;0
11.04.2017;12:00;13:00;0;0
11.04.2017;13:00;14:00;0;0
11.04.2017;14:00;15:00;0;0
11.04.2017;15:00;16:00;0;0
11.04.2017;16:00;17:00;0;0
11.04.2017;17:00;18:00;0;0
11.04.2017;18:00;19:00;0;0
11.04.2017;19:00;20:00;0;0
11.04.2017;20:00;21:00;0;0
11.04.2017;21:00;22:00;0;0
11.04.2017;22:00;23:00;0;0
11.04.2017;23:00;00:00;0;0
12.04.2017;00:00;01:00;0;0
12.04.2017;01:00;02:00;0;0
12.04.2017;02:00;03:00;0;0
12.04.2017;03:00;04:00;0;0
12.04.2017;04:00;05:00;0;0
12.04.2017;05:00;06:00;0;0
12.04.2017;06:00;07:00;0;0
12.04.2017;07:00;08:00;0;0
12.04.2017;08:00;09:00;0;0
12.04.2017;09:00;10:00;0;0
12.04.2017;10:00;11:00;0;0
12.04.2017;11:00;12:00;0;0
12.04.2017;12:00;13:00;0;0
12.04.2017;13:00;14:00;0;0
12.04.2017;14:00;15:00;0;0
12.04.2017;15:00;16:00;0;0
12.04.2017;16:00;17:00;0;0
12.04.2017;17:00;18:00;0;0
12.04.2017;18:00;19:00;0;0
12.04.2017;19:00;20:00;0;0
12.04.2017;20:00;21:00;0;0
12.04.2017;21:00;22:00;0;0
12.04.2017;22:00;23:00;0;0
12.04.2017;23:00;00:00;0;0
13.04.2017;00:00;01:00;0;0
13.04.2017;01:00;02:00;0;0
13.04.2017;02:00;03:00;0;0
13.04.2017;03:00;04:00;0;0
13.04.2017;04:00;05:00;0;0
13.04.2017;05:00;06:00;0;0
13.04.2017;06:00;07:00;0;0
13.04.2017;07:00;08:00;0;0
13.04.2017;08:00;09:00;0;0
13.04.2017;09:00;10:00;0;0
13.04.2017;10:00;11:00;0;0
13.04.2017;11:00;12:00;0;0
13.04.2017;12:00;13:00;0;0
13.04.2017;13:00;14:00;0;0
13.04.2017;14:00;15:00;0;0
13.04.2017;15:00;16:00;0;0
13.04.2017;16:00;17:00;0;0
13.04.2017;17:00;18:00;0;0
13.04.2017;18:00;19:00;0;0
13.04.2017;19:00;20:00;0;0
13.04.2017;20:00;21:00;0;0
13.04.2017;21:00;22:00;0;0
13.04.2017;22:00;23:00;0;0
13.04.2017;23:00;00:00;0;0
14.04.2017;00:00;01:00;0;0
14.04.2017;01:00;02:00;0;0
14.04.2017;02:00;03:00;0;0
14.04.2017;03:00;04:00;0;0
14.04.2017;04:00;05:00;0;0
14.04.2017;05:00;06:00;0;0
14.04.2017;06:00;07:00;0;0
14.04.2017;07:00;08:00;0;0
14.04.2017;08:00;09:00;0;0
14.04.2017;09:00;10:00;0;0
14.04.2017;10:00;11:00;0;0
14.04.2017;11:00;12:00;0;0
14.04.2017;12:00;13:00;0;0
14.04.2017;13:00;14:00;0;0
14.04.2017;14:00;15:00;0;0
14.04.2017;15:00;16:00;0;0
14.04.2017;16:00;17:00;0;0
14.04.2017;17:00;18:00;0;0
14.04.2017;18:00;19:00;0;0
14.04.2017;19:00;20:00;0;0
14.04.2017;20:00;21:00;0;0
14.04.2017;21:00;22:00;0;0
14.04.2017;22:00;23:00;0;0
14.04.2017;23:00;00:00;0;0
15.04.2017;00:00;01:00;0;0
15.04.2017;01:00;02:00;0;0
15.04.2017;02:00;03:00;0;0
15.04.2017;03:00;04:00;0;0
15.04.2017;04:00;05:00;0;0
15.04.2017;05:00;06:00;0;0
15.04.2017;06:00;07:00;0;0
15.04.2017;07:00;08:00;0;0
15.04.2017;08:00;09:00;0;0
15.04.2017;09:00;10:00;0;0
15.04.2017;10:00;11:00;0;0
15.04.2017;11:00;12:00;0;0
15.04.2017;12:00;13:00;0;0
15.04.2017;13:00;14:00;0;0
15.04.2017;14:00;15:00;0;0
15.04.2017;15:00;16:00;0;0
15.04.2017;16:00;17:00;0;0
15.04.2017;17:00;18:00;0;0
15.04.2017;18:00;19:00;0;0
15.04.2017;19:00;20:00;0;0
15.04.2017;20:00;21:00;0;0
15.04.2017;21:00;22:00;0;0
15.04.2017;22:00;23:00;0;0
15.04.2017;23:00;00:00;0;0
16.04.2017;00:00;01:00;0;0
16.04.2017;01:00;02:00;0;0
16.04.2017;02:00;03:00;0;0
16.04.2017;03:00;04:00;0;0
16.04.2017;04:00;05:00;0;0
16.04.2017;05:00;06:00;0;0
16.04.2017;06:00;07:00;0;0
16.04.2017;07:00;08:00;0;0
16.04.2017;08:00;09:00;0;0
16.04.2017;09:00;10:00;0;0
16.04.2017;10:00;11:00;0;0
16.04.2017;11:00;12:00;0;0
16.04.2017;12:00;13:00;0;0
16.04.2017;13:00;14:00;0;0
16.04.2017;14:00;15:00;0;0
16.04.2017;15:00;16:00;0;0
16.04.2017;16:00;17:00;0;0
16.04.2017;17:00;18:00;0;0
16.04.2017;18:00;19:00;0;0
16.04.2017;19:00;20:00;0;0
16.04.2017;20:00;21:00;0;0
16.04.2017;21:00;22:00;0;0
16.04.2017;22:00;23:00;0;0
16.04.2017;23:00;00:00;0;0
17.04.2017;00:00;01:00;0;0
17.04.2017;01:00;02:00;0;0
17.04.2017;02:00;03:00;0;0
17.04.2017;03:00;04:00;0;0
17.04.2017;04:00;05:00;0;0
17.04.2017;05:00;06:00;0;0
17.04.2017;06:00;07:00;0;0
17.04.2017;07:00;08:00;0;0
17.04.2017;08:00;09:00;0;0
17.04.2017;09:00;10:00;0;0
17.04.2017;10:00;11:00;0;0
17.04.2017;11:00;12:00;0;0
17.04.2017;12:00;13:00;0;0
17.04.2017;13:00;14:00;0;0
17.04.2017;14:00;15:00;0;0
17.04.2017;15:00;16:00;0;0
17.04.2017;16:00;17:00;0;0
17.04.2017;17:00;18:00;0;0
17.04.2017;18:00;19:00;0;0
17.04.2017;19:00;20:00;0;0
17.04.2017;20:00;21:00;0;0
17.04.2017;21:00;22:00;0;0
17.04.2017;22:00;23:00;0;0
17.04.2017;23:00;00:00;0;0
18.04.2017;00:00;01:00;0;0
18.04.2017;01:00;02:00;0;0
18.04.2017;02:00;03:00;0;0
18.04.2017;03:00;04:00;0;0
18.04.2017;04:00;05:00;0;0
18.04.2017;05:00;06:00;0;0
18.04.2017;06:00;07:00;0;0
18.04.2017;07:00;08:00;0;0
18.04.2017;08:00;09:00;0;0
18.04.2017;09:00;10:00;0;0
18.04.2017;10:00;11:00;0;0
18.04.2017;11:00;12:00;0;0
18.04.2017;12:00;13:00;0;0
18.04.2017;13:00;14:00;0;0
18.04.2017;14:00;15:00;0;0
18.04.2017;15:00;16:00;0;0
18.04.2017;16:00;17:00;0;0
18.04.2017;17:00;18:00;0;0
18.04.2017;18:00;19:00;0;0
18.04.2017;19:00;20:00;0;0
18.04.2017;20:00;21:00;0;0
18.04.2017;21:00;22:00;0;0
18.04.2017;22:00;23:00;0;0
18.04.2017;23:00;00:00;0;0
19.04.2017;00:00;01:00;0;0
19.04.2017;01:00;02:00;0;0
19.04.2017;02:00;03:00;0;0
19.04.2017;03:00;04:00;0;0
19.04.2017;04:00;05:00;0;0
19.04.2017;05:00;06:00;0;0
19.04.2017;06:00;07:00;0;0
19.04.2017;07:00;08:00;0;0
19.04.2017;08:00;09:00;0;0
19.04.2017;09:00;10:00;0;0
19.04.2017;10:00;11:00;0;0
19.04.2017;11:00;12:00;0;0
19.04.2017;12:00;13:00;0;0
19.04.2017;13:00;14:00;0;0
19.04.2017;14:00;15:00;0;0
19.04.2017;15:00;16:00;0;0
19.04.2017;16:00;17:00;0;0
19.04.2017;17:00;18:00;0;0
19.04.2017;18:00;19:00;0;0
19.04.2017;19:00;20:00;0;0
19.04.2017;20:00;21:00;0;0
19.04.2017;21:00;22:00;0;0
19.04.2017;22:00;23:00;0;0
19.04.2017;23:00;00:00;0;0
20.04.2017;00:00;01:00;0;0
20.04.2017;01:00;02:00;0;0
20.04.2017;02:00;03:00;0;0
20.04.2017;03:00;04:00;0;0
20.04.2017;04:00;05:00;0;0
20.04.2017;05:00;06:00;0;0
20.04.2017;06:00;07:00;0;0
20.04.2017;07:00;08:00;0;0
20.04.2017;08:00;09:00;0;0
20.04.2017;09:00;10:00;0;0
20.04.2017;10:00;11:00;0;0
20.04.2017;11:00;12:00;0;0
20.04.2017;12:00;13:00;0;0
20.04.2017;13:00;14:00;0;0
20.04.2017;14:00;15:00;0;0
20.04.2017;15:00;16:00;0;0
20.04.2017;16:00;17:00;0;0
20.04.2017;17:00;18:00;0;0
20.04.2017;18:00;19:00;0;0
20.04.2017;19:00;20:00;0;0
20.04.2017;20:00;21:00;0;0
20.04.2017;21:00;22:00;0;0
20.04.2017;22:00;23:00;0;0
20.04.2017;23:00;00:00;0;0
21.04.2017;00:00;01:00;0;0
21.04.2017;01:00;02:00;0;0
21.04.2017;02:00;03:00;0;0
21.04.2017;03:00;04:00;0;0
21.04.2017;04:00;05:00;0;0
21.04.2017;05:00;06:00;0;0
21.04.2017;06:00;07:00;0;0
21.04.2017;07:00;08:00;0;0
21.04.2017;08:00;09:00;0;0
21.04.2017;09:00;10:00;0;0
21.04.2017;10:00;11:00;0;0
21.04.2017;11:00;12:00;0;0
21.04.2017;12:00;13:00;0;0
21.04.2017;13:00;14:00;0;0
21.04.2017;14:00;15:00;0;0
21.04.2017;15:00;16:00;0;0
21.04.2017;16:00;17:00;0;0
21.04.2017;17:00;18:00;0;0
21.04.2017;18:00;19:00;0;0
21.04.2017;19:00;20:00;0;0
21.04.2017;20:00;21:00;0;0
21.04.2017;21:00;22:00;0;0
21.04.2017;22:00;23:00;0;0
21.04.2017;23:00;00:00;0;0
22.04.2017;00:00;01:00;0;0
22.04.2017;01:00;02:00;0;0
22.04.2017;02:00;03:00;0;0
22.04.2017;03:00;04:00;0;0
22.04.2017;04:00;05:00;0;0
22.04.2017;05:00;06:00;0;0
22.04.2017;06:00;07:00;0;0
22.04.2017;07:00;08:00;0;0
22.04.2017;08:00;09:00;0;0
22.04.2017;09:00;10:00;0;0
22.04.2017;10:00;11:00;0;0
22.04.2017;11:00;12:00;0;0
22.04.2017;12:00;13:00;0;0
22.04.2017;13:00;14:00;0;0
22.04.2017;14:00;15:00;0;0
22.04.2017;15:00;16:00;0;0
22.04.2017;16:00;17:00;0;0
22.04.2017;17:00;18:00;0;0
22.04.2017;18:00;19:00;0;0
22.04.2017;19:00;20:00;0;0
22.04.2017;20:00;21:00;0;0
22.04.2017;21:00;22:00;0;0
22.04.2017;22:00;23:00;0;0
22.04.2017;23:00;00:00;0;0
23.04.2017;00:00;01:00;0;0
23.04.2017;01:00;02:00;0;0
23.04.2017;02:00;03:00;0;0
23.04.2017;03:00;04:00;0;0
23.04.2017;04:00;05:00;0;0
23.04.2017;05:00;06:00;0;0
23.04.2017;06:00;07:00;0;0
23.04.2017;07:00;08:00;0;0
23.04.2017;08:00;09:00;0;0
23.04.2017;09:00;10:00;0;0
23.04.2017;10:00;11:00;0;0
23.04.2017;11:00;12:00;0;0
23.04.2017;12:00;13:00;0;0
23.04.2017;13:00;14:00;0;0
23.04.2017;14:00;15:00;0;0
23.04.2017;15:00;16:00;0;0
23.04.2017;16:00;17:00;0;0
23.04.2017;17:00;18:00;0;0
23.04.2017;18:00;19:00;0;0
23.04.2017;19:00;20:00;0;0
23.04.2017;20:00;21:00;0;0
23.04.2017;21:00;22:00;0;0
23.04.2017;22:00;23:00;0;0
23.04.2017;23:00;00:00;0;0
24.04.2017;00:00;01:00;0;0
24.04.2017;01:00;02:00;0;0
24.04.2017;02:00;03:00;0;0
24.04.2017;03:00;04:00;0;0
24.04.2017;04:00;05:00;0;0
24.04.2017;05:00;06:00;0;0
24.04.2017;06:00;07:00;0;0
24.04.2017;07:00;08:00;0;0
24.04.2017;08:00;09:00;0;0
24.04.2017;09:00;10:00;0;0
24.04.2017;10:00;11:00;0;0
24.04.2017;11:00;12:00;0;0
24.04.2017;12:00;13:00;0;0
24.04.2017;13:00;14:00;0;0
24.04.2017;14:00;15:00;0;0
24.04.2017;15:00;16:00;0;0
24.04.2017;16:00;17:00;0;0
24.04.2017;17:00;18:00;0;0
24.04.2017;18:00;19:00;0;0
24.04.2017;19:00;20:00;0;0
24.04.2017;20:00;21:00;0;0
24.04.2017;21:00;22:00;0;0
24.04.2017;22:00;23:00;0;0
24.04.2017;23:00;00:00;0;0
25.04.2017;00:00;01:00;0;0
25.04.2017;01:00;02:00;0;0
25.04.2017;02:00;03:00;0;0
25.04.2017;03:00;04:00;0;0
25.04.2017;04:00;05:00;0;0
25.04.2017;05:00;06:00;0;0
25.04.2017;06:00;07:00;0;0
25.04.2017;07:00;08:00;0;0
25.04.2017;08:00;09:00;0;0
25.04.2017;09:00;10:00;0;0
25.04.2017;10:00;11:00;0;0
25.04.2017;11:00;12:00;0;0
25.04.2017;12:00;13:00;0;0
25.04.2017;13:00;14:00;0;0
25.04.2017;14:00;15:00;0;0
25.04.2017;15:00;16:00;0;0
25.04.2017;16:00;17:00;0;0
25.04.2017;17:00;18:00;0;0
25.04.2017;18:00;19:00;0;0
25.04.2017;19:00;20:00;0;0
25.04.2017;20:00;21:00;0;0
25.04.2017;21:00;22:00;0;0
25.04.2017;22:00;23:00;0;0
25.04.2017;23:00;00:00;0;0
26.04.2017;00:00;01:00;0;0
26.04.2017;01:00;02:00;0;0
26.04.2017;02:00;03:00;0;0
26.04.2017;03:00;04:00;0;0
26.04.2017;04:00;05:00;0;0
26.04.2017;05:00;06:00;0;0
26.04.2017;06:00;07:00;0;0
26.04.2017;07:00;08:00;0;0
26.04.2017;08:00;09:00;0;0
26.04.2017;09:00;10:00;0;0
26.04.2017;10:00;11:00;0;0
26.04.2017;11:00;12:00;0;0
26.04.2017;12:00;13:00;0;0
26.04.2017;13:00;14:00;0;0
26.04.2017;14:00;15:00;0;0
26.04.2017;15:00;16:00;0;0
26.04.2017;16:00;17:00;0;0
26.04.2017;17:00;18:00;0;0
26.04.2017;18:00;19:00;0;0
26.04.2017;19:00;20:00;0;0
26.04.2017;20:00;21:00;0;0
26.04.2017;21:00;22:00;0;0
26.04.2017;22:00;23:00;0;0
26.04.2017;23:00;00:00;0;0
27.04.2017;00:00;01:00;0;0
27.04.2017;01:00;02:00;0;0
27.04.2017;02:00;03:00;0;0
27.04.2017;03:00;04:00;0;0
27.04.2017;04:00;05:00;0;0
27.04.2017;05:00;06:00;0;0
27.04.2017;06:00;07:00;0;0
27.04.2017;07:00;08:00;0;0
27.04.2017;08:00;09:00;0;0
27.04.2017;09:00;10:00;0;0
27.04.2017;10:00;11:00;0;0
27.04.2017;11:00;12:00;0;0
27.04.2017;12:00;13:00;0;0
27.04.2017;13:00;14:00;0;0
27.04.2017;14:00;15:00;0;0
27.04.2017;15:00;16:00;0;0
27.04.2017;16:00;17:00;0;0
27.04.2017;17:00;18:00;0;0
27.04.2017;18:00;19:00;0;0
27.04.2017;19:00;20:00;0;0
27.04.2017;20:00;21:00;0;0
27.04.2017;21:00;22:00;0;0
27.04.2017;22:00;23:00;0;0
27.04.2017;23:00;00:00;0;0
28.04.2017;00:00;01:00;0;0
28.04.2017;01:00;02:00;0;0
28.04.2017;02:00;03:00;0;0
28.04.2017;03:00;04:00;0;0
28.04.2017;04:00;05:00;0;0
28.04.2017;05:00;06:00;0;0
28.04.2017;06:00;07:00;0;0
28.04.2017;07:00;08:00;0;0
28.04.2017;08:00;09:00;0;0
28.04.2017;09:00;10:00;0;0
28.04.2017;10:00;11:00;0;0
28.04.2017;11:00;12:00;0;0
28.04.2017;12:00;13:00;0;0
28.04.2017;13:00;14:00;0;0
28.04.2017;14:00;15:00;0;0
28.04.2017;15:00;16:00;0;0
28.04.2017;16:00;17:00;0;0
28.04.2017;17:00;18:00;0;0
28.04.2017;18:00;19:00;0;0
28.04.2017;19:00;20:00;0;0
28.04.2017;20:00;21:00;0;0
28.04.2017;21:00;22:00;0;0
28.04.2017;22:00;23:00;0;0
28.04.2017;23:00;00:00;0;0
29.04.2017;00:00;01:00;0;0
29.04.2017;01:00;02:00;0;0
29.04.2017;02:00;03:00;0;0
29.04.2017;03:00;04:00;0;0
29.04.2017;04:00;05:00;0;0
29.04.2017;05:00;06:00;0;0
29.04.2017;06:00;07:00;0;0
29.04.2017;07:00;08:00;0;0
29.04.2017;08:00;09:00;0;0
29.04.2017;09:00;10:00;0;0
29.04.2017;10:00;11:00;0;0
29.04.2017;11:00;12:00;0;0
29.04.2017;12:00;13:00;0;0
29.04.2017;13:00;14:00;0;0
29.04.2017;14:00;15:00;0;0
29.04.2017;15:00;16:00;0;0
29.04.2017;16:00;17:00;0;0
29.04.2017;17:00;18:00;0;0
29.04.2017;18:00;19:00;0;0
29.04.2017;19:00;20:00;0;0
29.04.2017;20:00;21:00;0;0
29.04.2017;21:00;22:00;0;0
29.04.2017;22:00;23:00;0;0
29.04.2017;23:00;00:00;0;0
30.04.2017;00:00;01:00;0;0
30.04.2017;01:00;02:00;0;0
30.04.2017;02:00;03:00;0;0
30.04.2017;03:00;04:00;0;0
30.04.2017;04:00;05:00;0;0
30.04.2017;05:00;06:00;0;0
30.04.2017;06:00;07:00;0;0
30.04.2017;07:00;08:00;0;0
30.04.2017;08:00;09:00;0;0
30.04.2017;09:00;10:00;0;0
30.04.2017;10:00;11:00;0;0
30.04.2017;11:00;12:00;0;0
30.04.2017;12:00;13:00;0;0
30.04.2017;13:00;14:00;0;0
30.04.2017;14:00;15:00;0;0
30.04.2017;15:00;16:00;0;0
30.04.2017;16:00;17:00;0;0
30.04.2017;17:00;18:00;0;0
30.04.2017;18:00;19:00;0;0
30.04.2017;19:00;20:00;0;0
30.04.2017;20:00;21:00;0;0
30.04.2017;21:00;22:00;0;0
30.04.2017;22:00;23:00;0;0
30.04.2017;23:00;00:00;0;0
01.05.2017;00:00;01:00;0;0
01.05.2017;01:00;02:00;0;0
01.05.2017;02:00;03:00;0;0
01.05.2017;03:00;04:00;0;0
01.05.2017;04:00;05:00;0;0
01.05.2017;05:00;06:00;0;0
01.05.2017;06:00;07:00;0;0
01.05.2017;07:00;08:00;0;0
01.05.2017;08:00;09:00;0;0
01.05.2017;09:00;10:00;0;0
01.05.2017;10:00;11:00;0;0
01.05.2017;11:00;12:00;0;0
01.05.2017;12:00;13:00;0;0
01.05.2017;13:00;14:00;0;0
01.05.2017;14:00;15:00;0;0
01.05.2017;15:00;16:00;0;0
01.05.2017;16:00;17:00;0;0
01.05.2017;17:00;18:00;0;0
01.05.2017;18:00;19:00;0;0
01.05.2017;19:00;20:00;0;0
01.05.2017;20:00;21:00;0;0
01.05.2017;21:00;22:00;0;0
01.05.2017;22:00;23:00;0;0
01.05.2017;23:00;00:00;0;0
02.05.2017;00:00;01:00;0;0
02.05.2017;01:00;02:00;0;0
02.05.2017;02:00;03:00;0;0
02.05.2017;03:00;04:00;0;0
02.05.2017;04:00;05:00;0;0
02.05.2017;05:00;06:00;0;0
02.05.2017;06:00;07:00;0;0
02.05.2017;07:00;08:00;0;0
02.05.2017;08:00;09:00;0;0
02.05.2017;09:00;10:00;0;0
02.05.2017;10:00;11:00;0;0
02.05.2017;11:00;12:00;0;0
02.05.2017;12:00;13:00;0;0
02.05.2017;13:00;14:00;0;0
02.05.2017;14:00;15:00;0;0
02.05.2017;15:00;16:00;0;0
02.05.2017;16:00;17:00;0;0
02.05.2017;17:00;18:00;0;0
02.05.2017;18:00;19:00;0;0
02.05.2017;19:00;20:00;0;0
02.05.2017;20:00;21:00;0;0
02.05.2017;21:00;22:00;0;0
02.05.2017;22:00;23:00;0;0
02.05.2017;23:00;00:00;0;0
03.05.2017;00:00;01:00;0;0
03.05.2017;01:00;02:00;0;0
03.05.2017;02:00;03:00;0;0
03.05.2017;03:00;04:00;0;0
03.05.2017;04:00;05:00;0;0
03.05.2017;05:00;06:00;0;0
03.05.2017;06:00;07:00;0;0
03.05.2017;07:00;08:00;0;0
03.05.2017;08:00;09:00;0;0
03.05.2017;09:00;10:00;0;0
03.05.2017;10:00;11:00;0;0
03.05.2017;11:00;12:00;0;0
03.05.2017;12:00;13:00;0;0
03.05.2017;13:00;14:00;0;0
03.05.2017;14:00;15:00;0;0
03.05.2017;15:00;16:00;0;0
03.05.2017;16:00;17:00;0;0
03.05.2017;17:00;18:00;0;0
03.05.2017;18:00;19:00;0;0
03.05.2017;19:00;20:00;0;0
03.05.2017;20:00;21:00;0;0
03.05.2017;21:00;22:00;0;0
03.05.2017;22:00;23:00;0;0
03.05.2017;23:00;00:00;0;0
04.05.2017;00:00;01:00;0;0
04.05.2017;01:00;02:00;0;0
04.05.2017;02:00;03:00;0;0
04.05.2017;03:00;04:00;0;0
04.05.2017;04:00;05:00;0;0
04.05.2017;05:00;06:00;0;0
04.05.2017;06:00;07:00;0;0
04.05.2017;07:00;08:00;0;0
04.05.2017;08:00;09:00;0;0
04.05.2017;09:00;10:00;0;0
04.05.2017;10:00;11:00;0;0
04.05.2017;11:00;12:00;0;0
04.05.2017;12:00;13:00;0;0
04.05.2017;13:00;14:00;0;0
04.05.2017;14:00;15:00;0;0
04.05.2017;15:00;16:00;0;0
04.05.2017;16:00;17:00;0;0
04.05.2017;17:00;18:00;0;0
04.05.2017;18:00;19:00;0;0
04.05.2017;19:00;20:00;0;0
04.05.2017;20:00;21:00;0;0
04.05.2017;21:00;22:00;0;0
04.05.2017;22:00;23:00;0;0
04.05.2017;23:00;00:00;0;0
05.05.2017;00:00;01:00;0;0
05.05.2017;01:00;02:00;0;0
05.05.2017;02:00;03:00;0;0
05.05.2017;03:00;04:00;0;0
05.05.2017;04:00;05:00;0;0
05.05.2017;05:00;06:00;0;0
05.05.2017;06:00;07:00;0;0
05.05.2017;07:00;08:00;0;0
05.05.2017;08:00;09:00;0;0
05.05.2017;09:00;10:00;0;0
05.05.2017;10:00;11:00;0;0
05.05.2017;11:00;12:00;0;0
05.05.2017;12:00;13:00;0;0
05.05.2017;13:00;14:00;0;0
05.05.2017;14:00;15:00;0;0
05.05.2017;15:00;16:00;0;0
05.05.2017;16:00;17:00;0;0
05.05.2017;17:00;18:00;0;0
05.05.2017;18:00;19:00;0;0
05.05.2017;19:00;20:00;0;0
05.05.2017;20:00;21:00;0;0
05.05.2017;21:00;22:00;0;0
05.05.2017;22:00;23:00;0;0
05.05.2017;23:00;00:00;0;0
06.05.2017;00:00;01:00;0;0
06.05.2017;01:00;02:00;0;0
06.05.2017;02:00;03:00;0;0
06.05.2017;03:00;04:00;0;0
06.05.2017;04:00;05:00;0;0
06.05.2017;05:00;06:00;0;0
06.05.2017;06:00;07:00;0;0
06.05.2017;07:00;08:00;0;0
06.05.2017;08:00;09:00;0;0
06.05.2017;09:00;10:00;0;0
06.05.2017;10:00;11:00;0;0
06.05.2017;11:00;12:00;0;0
06.05.2017;12:00;13:00;0;0
06.05.2017;13:00;14:00;0;0
06.05.2017;14:00;15:00;0;0
06.05.2017;15:00;16:00;0;0
06.05.2017;16:00;17:00;0;0
06.05.2017;17:00;18:00;0;0
06.05.2017;18:00;19:00;0;0
06.05.2017;19:00;20:00;0;0
06.05.2017;20:00;21:00;0;0
06.05.2017;21:00;22:00;0;0
06.05.2017;22:00;23:00;0;0
06.05.2017;23:00;00:00;0;0
07.05.2017;00:00;01:00;0;0
07.05.2017;01:00;02:00;0;0
07.05.2017;02:00;03:00;0;0
07.05.2017;03:00;04:00;0;0
07.05.2017;04:00;05:00;0;0
07.05.2017;05:00;06:00;0;0
07.05.2017;06:00;07:00;0;0
07.05.2017;07:00;08:00;0;0
07.05.2017;08:00;09:00;0;0
07.05.2017;09:00;10:00;0;0
07.05.2017;10:00;11:00;0;0
07.05.2017;11:00;12:00;0;0
07.05.2017;12:00;13:00;0;0
07.05.2017;13:00;14:00;0;0
07.05.2017;14:00;15:00;0;0
07.05.2017;15:00;16:00;0;0
07.05.2017;16:00;17:00;0;0
07.05.2017;17:00;18:00;0;0
07.05.2017;18:00;19:00;0;0
07.05.2017;19:00;20:00;0;0
07.05.2017;20:00;21:00;0;0
07.05.2017;21:00;22:00;0;0
07.05.2017;22:00;23:00;0;0
07.05.2017;23:00;00:00;0;0
08.05.2017;00:00;01:00;0;0
08.05.2017;01:00;02:00;0;0
08.05.2017;02:00;03:00;0;0
08.05.2017;03:00;04:00;0;0
08.05.2017;04:00;05:00;0;0
08.05.2017;05:00;06:00;0;0
08.05.2017;06:00;07:00;0;0
08.05.2017;07:00;08:00;0;0
08.05.2017;08:00;09:00;0;0
08.05.2017;09:00;10:00;0;0
08.05.2017;10:00;11:00;0;0
08.05.2017;11:00;12:00;0;0
08.05.2017;12:00;13:00;0;0
08.05.2017;13:00;14:00;0;0
08.05.2017;14:00;15:00;0;0
08.05.2017;15:00;16:00;0;0
08.05.2017;16:00;17:00;0;0
08.05.2017;17:00;18:00;0;0
08.05.2017;18:00;19:00;0;0
08.05.2017;19:00;20:00;0;0
08.05.2017;20:00;21:00;0;0
08.05.2017;21:00;22:00;0;0
08.05.2017;22:00;23:00;0;0
08.05.2017;23:00;00:00;0;0
09.05.2017;00:00;01:00;0;0
09.05.2017;01:00;02:00;0;0
09.05.2017;02:00;03:00;0;0
09.05.2017;03:00;04:00;0;0
09.05.2017;04:00;05:00;0;0
09.05.2017;05:00;06:00;0;0
09.05.2017;06:00;07:00;0;0
09.05.2017;07:00;08:00;0;0
09.05.2017;08:00;09:00;0;0
09.05.2017;09:00;10:00;0;0
09.05.2017;10:00;11:00;0;0
09.05.2017;11:00;12:00;0;0
09.05.2017;12:00;13:00;0;0
09.05.2017;13:00;14:00;0;0
09.05.2017;14:00;15:00;0;0
09.05.2017;15:00;16:00;0;0
09.05.2017;16:00;17:00;0;0
09.05.2017;17:00;18:00;0;0
09.05.2017;18:00;19:00;0;0
09.05.2017;19:00;20:00;0;0
09.05.2017;20:00;21:00;0;0
09.05.2017;21:00;22:00;0;0
09.05.2017;22:00;23:00;0;0
09.05.2017;23:00;00:00;0;0
10.05.2017;00:00;01:00;0;0
10.05.2017;01:00;02:00;0;0
10.05.2017;02:00;03:00;0;0
10.05.2017;03:00;04:00;0;0
10.05.2017;04:00;05:00;0;0
10.05.2017;05:00;06:00;0;0
10.05.2017;06:00;07:00;0;0
10.05.2017;07:00;08:00;0;0
10.05.2017;08:00;09:00;0;0
10.05.2017;09:00;10:00;0;0
10.05.2017;10:00;11:00;0;0
10.05.2017;11:00;12:00;0;0
10.05.2017;12:00;13:00;0;0
10.05.2017;13:00;14:00;0;0
10.05.2017;14:00;15:00;0;0
10.05.2017;15:00;16:00;0;0
10.05.2017;16:00;17:00;0;0
10.05.2017;17:00;18:00;0;0
10.05.2017;18:00;19:00;0;0
10.05.2017;19:00;20:00;0;0
10.05.2017;20:00;21:00;0;0
10.05.2017;21:00;22:00;0;0
10.05.2017;22:00;23:00;0;0
10.05.2017;23:00;00:00;0;0
11.05.2017;00:00;01:00;-;-
11.05.2017;01:00;02:00;-;-
11.05.2017;02:00;03:00;-;-
11.05.2017;03:00;04:00;-;-
11.05.2017;04:00;05:00;-;-
11.05.2017;05:00;06:00;-;-
11.05.2017;06:00;07:00;-;-
11.05.2017;07:00;08:00;-;-
11.05.2017;08:00;09:00;-;-
11.05.2017;09:00;10:00;-;-
11.05.2017;10:00;11:00;-;-
11.05.2017;11:00;12:00;-;-
11.05.2017;12:00;13:00;-;-
11.05.2017;13:00;14:00;-;-
11.05.2017;14:00;15:00;-;-
11.05.2017;15:00;16:00;-;-
11.05.2017;16:00;17:00;-;-
11.05.2017;17:00;18:00;-;-
11.05.2017;18:00;19:00;-;-
11.05.2017;19:00;20:00;-;-
11.05.2017;20:00;21:00;-;-
11.05.2017;21:00;22:00;-;-
11.05.2017;22:00;23:00;-;-
11.05.2017;23:00;00:00;-;-
12.05.2017;00:00;01:00;-;-
12.05.2017;01:00;02:00;-;-
12.05.2017;02:00;03:00;-;-
12.05.2017;03:00;04:00;-;-
12.05.2017;04:00;05:00;-;-
12.05.2017;05:00;06:00;-;-
12.05.2017;06:00;07:00;-;-
12.05.2017;07:00;08:00;-;-
12.05.2017;08:00;09:00;-;-
12.05.2017;09:00;10:00;-;-
12.05.2017;10:00;11:00;-;-
12.05.2017;11:00;12:00;-;-
12.05.2017;12:00;13:00;-;-
12.05.2017;13:00;14:00;-;-
12.05.2017;14:00;15:00;-;-
12.05.2017;15:00;16:00;-;-
12.05.2017;16:00;17:00;-;-
12.05.2017;17:00;18:00;-;-
12.05.2017;18:00;19:00;-;-
12.05.2017;19:00;20:00;-;-
12.05.2017;20:00;21:00;-;-
12.05.2017;21:00;22:00;-;-
12.05.2017;22:00;23:00;-;-
12.05.2017;23:00;00:00;-;-
13.05.2017;00:00;01:00;-;-
13.05.2017;01:00;02:00;-;-
13.05.2017;02:00;03:00;-;-
13.05.2017;03:00;04:00;-;-
13.05.2017;04:00;05:00;-;-
13.05.2017;05:00;06:00;-;-
13.05.2017;06:00;07:00;-;-
13.05.2017;07:00;08:00;-;-
13.05.2017;08:00;09:00;-;-
13.05.2017;09:00;10:00;-;-
13.05.2017;10:00;11:00;-;-
13.05.2017;11:00;12:00;-;-
13.05.2017;12:00;13:00;-;-
13.05.2017;13:00;14:00;-;-
13.05.2017;14:00;15:00;-;-
13.05.2017;15:00;16:00;-;-
13.05.2017;16:00;17:00;-;-
13.05.2017;17:00;18:00;-;-
13.05.2017;18:00;19:00;-;-
13.05.2017;19:00;20:00;-;-
13.05.2017;20:00;21:00;-;-
13.05.2017;21:00;22:00;-;-
13.05.2017;22:00;23:00;-;-
13.05.2017;23:00;00:00;-;-
14.05.2017;00:00;01:00;-;-
14.05.2017;01:00;02:00;-;-
14.05.2017;02:00;03:00;-;-
14.05.2017;03:00;04:00;-;-
14.05.2017;04:00;05:00;-;-
14.05.2017;05:00;06:00;-;-
14.05.2017;06:00;07:00;-;-
14.05.2017;07:00;08:00;-;-
14.05.2017;08:00;09:00;-;-
14.05.2017;09:00;10:00;-;-
14.05.2017;10:00;11:00;-;-
14.05.2017;11:00;12:00;-;-
14.05.2017;12:00;13:00;-;-
14.05.2017;13:00;14:00;-;-
14.05.2017;14:00;15:00;-;-
14.05.2017;15:00;16:00;-;-
14.05.2017;16:00;17:00;-;-
14.05.2017;17:00;18:00;-;-
14.05.2017;18:00;19:00;-;-
14.05.2017;19:00;20:00;-;-
14.05.2017;20:00;21:00;-;-
14.05.2017;21:00;22:00;-;-
14.05.2017;22:00;23:00;-;-
14.05.2017;23:00;00:00;-;-
