Datum;Anfang;Ende;Generation_DE  [MW] Originalauflösungen
06.07.2020;00:00;01:00;-
06.07.2020;01:00;02:00;-
06.07.2020;02:00;03:00;-
06.07.2020;03:00;04:00;-
06.07.2020;04:00;05:00;-
06.07.2020;05:00;06:00;-
06.07.2020;06:00;07:00;-
06.07.2020;07:00;08:00;-
06.07.2020;08:00;09:00;-
06.07.2020;09:00;10:00;-
06.07.2020;10:00;11:00;-
06.07.2020;11:00;12:00;-
06.07.2020;12:00;13:00;-
06.07.2020;13:00;14:00;-
06.07.2020;14:00;15:00;-
06.07.2020;15:00;16:00;-
06.07.2020;16:00;17:00;-
06.07.2020;17:00;18:00;-
06.07.2020;18:00;19:00;-
06.07.2020;19:00;20:00;-
06.07.2020;20:00;21:00;-
06.07.2020;21:00;22:00;-
06.07.2020;22:00;23:00;-
06.07.2020;23:00;00:00;-
07.07.2020;00:00;01:00;-
07.07.2020;01:00;02:00;-
07.07.2020;02:00;03:00;-
07.07.2020;03:00;04:00;-
07.07.2020;04:00;05:00;-
07.07.2020;05:00;06:00;-
07.07.2020;06:00;07:00;-
07.07.2020;07:00;08:00;-
07.07.2020;08:00;09:00;-
07.07.2020;09:00;10:00;-
07.07.2020;10:00;11:00;-
07.07.2020;11:00;12:00;-
07.07.2020;12:00;13:00;-
07.07.2020;13:00;14:00;-
07.07.2020;14:00;15:00;-
07.07.2020;15:00;16:00;-
07.07.2020;16:00;17:00;-
07.07.2020;17:00;18:00;-
07.07.2020;18:00;19:00;-
07.07.2020;19:00;20:00;-
07.07.2020;20:00;21:00;-
07.07.2020;21:00;22:00;-
07.07.2020;22:00;23:00;-
07.07.2020;23:00;00:00;-
08.07.2020;00:00;01:00;-
08.07.2020;01:00;02:00;-
08.07.2020;02:00;03:00;-
08.07.2020;03:00;04:00;-
08.07.2020;04:00;05:00;-
08.07.2020;05:00;06:00;-
08.07.2020;06:00;07:00;-
08.07.2020;07:00;08:00;-
08.07.2020;08:00;09:00;-
08.07.2020;09:00;10:00;-
08.07.2020;10:00;11:00;-
08.07.2020;11:00;12:00;-
08.07.2020;12:00;13:00;-
08.07.2020;13:00;14:00;-
08.07.2020;14:00;15:00;-
08.07.2020;15:00;16:00;-
08.07.2020;16:00;17:00;-
08.07.2020;17:00;18:00;-
08.07.2020;18:00;19:00;-
08.07.2020;19:00;20:00;-
08.07.2020;20:00;21:00;-
08.07.2020;21:00;22:00;-
08.07.2020;22:00;23:00;-
08.07.2020;23:00;00:00;-
09.07.2020;00:00;01:00;299
09.07.2020;01:00;02:00;37
09.07.2020;02:00;03:00;31
09.07.2020;03:00;04:00;0
09.07.2020;04:00;05:00;0
09.07.2020;05:00;06:00;22
09.07.2020;06:00;07:00;271
09.07.2020;07:00;08:00;348
09.07.2020;08:00;09:00;184
09.07.2020;09:00;10:00;151
09.07.2020;10:00;11:00;49
09.07.2020;11:00;12:00;50
09.07.2020;12:00;13:00;41
09.07.2020;13:00;14:00;108
09.07.2020;14:00;15:00;59
09.07.2020;15:00;16:00;59
09.07.2020;16:00;17:00;181
09.07.2020;17:00;18:00;133
09.07.2020;18:00;19:00;221
09.07.2020;19:00;20:00;237
09.07.2020;20:00;21:00;234
09.07.2020;21:00;22:00;221
09.07.2020;22:00;23:00;228
09.07.2020;23:00;00:00;262
10.07.2020;00:00;01:00;269
10.07.2020;01:00;02:00;193
10.07.2020;02:00;03:00;115
10.07.2020;03:00;04:00;86
10.07.2020;04:00;05:00;70
10.07.2020;05:00;06:00;63
10.07.2020;06:00;07:00;221
10.07.2020;07:00;08:00;245
10.07.2020;08:00;09:00;241
10.07.2020;09:00;10:00;235
10.07.2020;10:00;11:00;265
10.07.2020;11:00;12:00;260
10.07.2020;12:00;13:00;227
10.07.2020;13:00;14:00;177
10.07.2020;14:00;15:00;189
10.07.2020;15:00;16:00;161
10.07.2020;16:00;17:00;135
10.07.2020;17:00;18:00;92
10.07.2020;18:00;19:00;210
10.07.2020;19:00;20:00;180
10.07.2020;20:00;21:00;141
10.07.2020;21:00;22:00;182
10.07.2020;22:00;23:00;188
10.07.2020;23:00;00:00;153
11.07.2020;00:00;01:00;46
11.07.2020;01:00;02:00;187
11.07.2020;02:00;03:00;31
11.07.2020;03:00;04:00;48
11.07.2020;04:00;05:00;76
11.07.2020;05:00;06:00;13
11.07.2020;06:00;07:00;13
11.07.2020;07:00;08:00;2
11.07.2020;08:00;09:00;25
11.07.2020;09:00;10:00;2
11.07.2020;10:00;11:00;3
11.07.2020;11:00;12:00;10
11.07.2020;12:00;13:00;8
11.07.2020;13:00;14:00;10
11.07.2020;14:00;15:00;21
11.07.2020;15:00;16:00;38
11.07.2020;16:00;17:00;132
11.07.2020;17:00;18:00;86
11.07.2020;18:00;19:00;138
11.07.2020;19:00;20:00;202
11.07.2020;20:00;21:00;254
11.07.2020;21:00;22:00;163
11.07.2020;22:00;23:00;191
11.07.2020;23:00;00:00;33
12.07.2020;00:00;01:00;0
12.07.2020;01:00;02:00;0
12.07.2020;02:00;03:00;0
12.07.2020;03:00;04:00;0
12.07.2020;04:00;05:00;0
12.07.2020;05:00;06:00;0
12.07.2020;06:00;07:00;0
12.07.2020;07:00;08:00;0
12.07.2020;08:00;09:00;0
12.07.2020;09:00;10:00;0
12.07.2020;10:00;11:00;0
12.07.2020;11:00;12:00;0
12.07.2020;12:00;13:00;0
12.07.2020;13:00;14:00;0
12.07.2020;14:00;15:00;0
12.07.2020;15:00;16:00;0
12.07.2020;16:00;17:00;0
12.07.2020;17:00;18:00;0
12.07.2020;18:00;19:00;5
12.07.2020;19:00;20:00;153
12.07.2020;20:00;21:00;163
12.07.2020;21:00;22:00;171
12.07.2020;22:00;23:00;203
12.07.2020;23:00;00:00;225
05.10.2020;00:00;01:00;-
05.10.2020;01:00;02:00;-
05.10.2020;02:00;03:00;-
05.10.2020;03:00;04:00;-
05.10.2020;04:00;05:00;-
05.10.2020;05:00;06:00;-
05.10.2020;06:00;07:00;-
05.10.2020;07:00;08:00;-
05.10.2020;08:00;09:00;-
05.10.2020;09:00;10:00;-
05.10.2020;10:00;11:00;-
05.10.2020;11:00;12:00;-
05.10.2020;12:00;13:00;-
05.10.2020;13:00;14:00;-
05.10.2020;14:00;15:00;-
05.10.2020;15:00;16:00;-
05.10.2020;16:00;17:00;-
05.10.2020;17:00;18:00;-
05.10.2020;18:00;19:00;-
05.10.2020;19:00;20:00;-
05.10.2020;20:00;21:00;-
05.10.2020;21:00;22:00;-
05.10.2020;22:00;23:00;-
05.10.2020;23:00;00:00;-
06.10.2020;00:00;01:00;-
06.10.2020;01:00;02:00;-
06.10.2020;02:00;03:00;-
06.10.2020;03:00;04:00;-
06.10.2020;04:00;05:00;-
06.10.2020;05:00;06:00;-
06.10.2020;06:00;07:00;-
06.10.2020;07:00;08:00;-
06.10.2020;08:00;09:00;-
06.10.2020;09:00;10:00;-
06.10.2020;10:00;11:00;-
06.10.2020;11:00;12:00;-
06.10.2020;12:00;13:00;-
06.10.2020;13:00;14:00;-
06.10.2020;14:00;15:00;-
06.10.2020;15:00;16:00;-
06.10.2020;16:00;17:00;-
06.10.2020;17:00;18:00;-
06.10.2020;18:00;19:00;-
06.10.2020;19:00;20:00;-
06.10.2020;20:00;21:00;-
06.10.2020;21:00;22:00;-
06.10.2020;22:00;23:00;-
06.10.2020;23:00;00:00;-
07.10.2020;00:00;01:00;-
07.10.2020;01:00;02:00;-
07.10.2020;02:00;03:00;-
07.10.2020;03:00;04:00;-
07.10.2020;04:00;05:00;-
07.10.2020;05:00;06:00;-
07.10.2020;06:00;07:00;-
07.10.2020;07:00;08:00;-
07.10.2020;08:00;09:00;-
07.10.2020;09:00;10:00;-
07.10.2020;10:00;11:00;-
07.10.2020;11:00;12:00;-
07.10.2020;12:00;13:00;-
07.10.2020;13:00;14:00;-
07.10.2020;14:00;15:00;-
07.10.2020;15:00;16:00;-
07.10.2020;16:00;17:00;-
07.10.2020;17:00;18:00;-
07.10.2020;18:00;19:00;-
07.10.2020;19:00;20:00;-
07.10.2020;20:00;21:00;-
07.10.2020;21:00;22:00;-
07.10.2020;22:00;23:00;-
07.10.2020;23:00;00:00;-
08.10.2020;00:00;01:00;-
08.10.2020;01:00;02:00;-
08.10.2020;02:00;03:00;-
08.10.2020;03:00;04:00;-
08.10.2020;04:00;05:00;-
08.10.2020;05:00;06:00;-
08.10.2020;06:00;07:00;-
08.10.2020;07:00;08:00;-
08.10.2020;08:00;09:00;-
08.10.2020;09:00;10:00;-
08.10.2020;10:00;11:00;-
08.10.2020;11:00;12:00;-
08.10.2020;12:00;13:00;-
08.10.2020;13:00;14:00;-
08.10.2020;14:00;15:00;-
08.10.2020;15:00;16:00;-
08.10.2020;16:00;17:00;-
08.10.2020;17:00;18:00;-
08.10.2020;18:00;19:00;-
08.10.2020;19:00;20:00;-
08.10.2020;20:00;21:00;-
08.10.2020;21:00;22:00;-
08.10.2020;22:00;23:00;-
08.10.2020;23:00;00:00;-
09.10.2020;00:00;01:00;-
09.10.2020;01:00;02:00;-
09.10.2020;02:00;03:00;-
09.10.2020;03:00;04:00;-
09.10.2020;04:00;05:00;-
09.10.2020;05:00;06:00;-
09.10.2020;06:00;07:00;-
09.10.2020;07:00;08:00;-
09.10.2020;08:00;09:00;-
09.10.2020;09:00;10:00;-
09.10.2020;10:00;11:00;-
09.10.2020;11:00;12:00;-
09.10.2020;12:00;13:00;-
09.10.2020;13:00;14:00;-
09.10.2020;14:00;15:00;-
09.10.2020;15:00;16:00;-
09.10.2020;16:00;17:00;-
09.10.2020;17:00;18:00;-
09.10.2020;18:00;19:00;-
09.10.2020;19:00;20:00;-
09.10.2020;20:00;21:00;-
09.10.2020;21:00;22:00;-
09.10.2020;22:00;23:00;-
09.10.2020;23:00;00:00;-
10.10.2020;00:00;01:00;-
10.10.2020;01:00;02:00;-
10.10.2020;02:00;03:00;-
10.10.2020;03:00;04:00;-
10.10.2020;04:00;05:00;-
10.10.2020;05:00;06:00;-
10.10.2020;06:00;07:00;-
10.10.2020;07:00;08:00;-
10.10.2020;08:00;09:00;-
10.10.2020;09:00;10:00;-
10.10.2020;10:00;11:00;-
10.10.2020;11:00;12:00;-
10.10.2020;12:00;13:00;-
10.10.2020;13:00;14:00;-
10.10.2020;14:00;15:00;-
10.10.2020;15:00;16:00;-
10.10.2020;16:00;17:00;-
10.10.2020;17:00;18:00;-
10.10.2020;18:00;19:00;-
10.10.2020;19:00;20:00;-
10.10.2020;20:00;21:00;-
10.10.2020;21:00;22:00;-
10.10.2020;22:00;23:00;-
10.10.2020;23:00;00:00;-
11.10.2020;00:00;01:00;0
11.10.2020;01:00;02:00;0
11.10.2020;02:00;03:00;0
11.10.2020;03:00;04:00;0
11.10.2020;04:00;05:00;0
11.10.2020;05:00;06:00;0
11.10.2020;06:00;07:00;0
11.10.2020;07:00;08:00;0
11.10.2020;08:00;09:00;10
11.10.2020;09:00;10:00;129
11.10.2020;10:00;11:00;77
11.10.2020;11:00;12:00;115
11.10.2020;12:00;13:00;35
11.10.2020;13:00;14:00;21
11.10.2020;14:00;15:00;34
11.10.2020;15:00;16:00;36
11.10.2020;16:00;17:00;84
11.10.2020;17:00;18:00;144
11.10.2020;18:00;19:00;209
11.10.2020;19:00;20:00;128
11.10.2020;20:00;21:00;73
11.10.2020;21:00;22:00;55
11.10.2020;22:00;23:00;46
11.10.2020;23:00;00:00;31
12.10.2020;00:00;01:00;30
12.10.2020;01:00;02:00;27
12.10.2020;02:00;03:00;19
12.10.2020;03:00;04:00;20
12.10.2020;04:00;05:00;17
12.10.2020;05:00;06:00;17
12.10.2020;06:00;07:00;16
12.10.2020;07:00;08:00;2
12.10.2020;08:00;09:00;13
12.10.2020;09:00;10:00;0
12.10.2020;10:00;11:00;0
12.10.2020;11:00;12:00;0
12.10.2020;12:00;13:00;0
12.10.2020;13:00;14:00;0
12.10.2020;14:00;15:00;0
12.10.2020;15:00;16:00;0
12.10.2020;16:00;17:00;0
12.10.2020;17:00;18:00;0
12.10.2020;18:00;19:00;0
12.10.2020;19:00;20:00;0
12.10.2020;20:00;21:00;0
12.10.2020;21:00;22:00;0
12.10.2020;22:00;23:00;0
12.10.2020;23:00;00:00;0
13.10.2020;00:00;01:00;0
13.10.2020;01:00;02:00;0
13.10.2020;02:00;03:00;0
13.10.2020;03:00;04:00;0
13.10.2020;04:00;05:00;0
13.10.2020;05:00;06:00;0
13.10.2020;06:00;07:00;0
13.10.2020;07:00;08:00;0
13.10.2020;08:00;09:00;0
13.10.2020;09:00;10:00;0
13.10.2020;10:00;11:00;0
13.10.2020;11:00;12:00;0
13.10.2020;12:00;13:00;0
13.10.2020;13:00;14:00;0
13.10.2020;14:00;15:00;0
13.10.2020;15:00;16:00;0
13.10.2020;16:00;17:00;0
13.10.2020;17:00;18:00;0
13.10.2020;18:00;19:00;0
13.10.2020;19:00;20:00;0
13.10.2020;20:00;21:00;0
13.10.2020;21:00;22:00;0
13.10.2020;22:00;23:00;0
13.10.2020;23:00;00:00;0
14.10.2020;00:00;01:00;0
14.10.2020;01:00;02:00;0
14.10.2020;02:00;03:00;0
14.10.2020;03:00;04:00;0
14.10.2020;04:00;05:00;0
14.10.2020;05:00;06:00;0
14.10.2020;06:00;07:00;0
14.10.2020;07:00;08:00;0
14.10.2020;08:00;09:00;0
14.10.2020;09:00;10:00;0
14.10.2020;10:00;11:00;0
14.10.2020;11:00;12:00;0
14.10.2020;12:00;13:00;0
14.10.2020;13:00;14:00;0
14.10.2020;14:00;15:00;0
14.10.2020;15:00;16:00;0
14.10.2020;16:00;17:00;0
14.10.2020;17:00;18:00;0
14.10.2020;18:00;19:00;0
14.10.2020;19:00;20:00;0
14.10.2020;20:00;21:00;0
14.10.2020;21:00;22:00;0
14.10.2020;22:00;23:00;0
14.10.2020;23:00;00:00;0
15.10.2020;00:00;01:00;0
15.10.2020;01:00;02:00;0
15.10.2020;02:00;03:00;0
15.10.2020;03:00;04:00;0
15.10.2020;04:00;05:00;0
15.10.2020;05:00;06:00;0
15.10.2020;06:00;07:00;0
15.10.2020;07:00;08:00;0
15.10.2020;08:00;09:00;0
15.10.2020;09:00;10:00;0
15.10.2020;10:00;11:00;0
15.10.2020;11:00;12:00;0
15.10.2020;12:00;13:00;0
15.10.2020;13:00;14:00;0
15.10.2020;14:00;15:00;0
15.10.2020;15:00;16:00;0
15.10.2020;16:00;17:00;0
15.10.2020;17:00;18:00;0
15.10.2020;18:00;19:00;0
15.10.2020;19:00;20:00;0
15.10.2020;20:00;21:00;0
15.10.2020;21:00;22:00;0
15.10.2020;22:00;23:00;0
15.10.2020;23:00;00:00;0
16.10.2020;00:00;01:00;0
16.10.2020;01:00;02:00;0
16.10.2020;02:00;03:00;0
16.10.2020;03:00;04:00;0
16.10.2020;04:00;05:00;0
16.10.2020;05:00;06:00;0
16.10.2020;06:00;07:00;0
16.10.2020;07:00;08:00;0
16.10.2020;08:00;09:00;0
16.10.2020;09:00;10:00;0
16.10.2020;10:00;11:00;0
16.10.2020;11:00;12:00;0
16.10.2020;12:00;13:00;0
16.10.2020;13:00;14:00;0
16.10.2020;14:00;15:00;0
16.10.2020;15:00;16:00;0
16.10.2020;16:00;17:00;0
16.10.2020;17:00;18:00;0
16.10.2020;18:00;19:00;0
16.10.2020;19:00;20:00;0
16.10.2020;20:00;21:00;0
16.10.2020;21:00;22:00;0
16.10.2020;22:00;23:00;0
16.10.2020;23:00;00:00;0
17.10.2020;00:00;01:00;0
17.10.2020;01:00;02:00;0
17.10.2020;02:00;03:00;0
17.10.2020;03:00;04:00;0
17.10.2020;04:00;05:00;0
17.10.2020;05:00;06:00;0
17.10.2020;06:00;07:00;0
17.10.2020;07:00;08:00;0
17.10.2020;08:00;09:00;0
17.10.2020;09:00;10:00;0
17.10.2020;10:00;11:00;0
17.10.2020;11:00;12:00;0
17.10.2020;12:00;13:00;0
17.10.2020;13:00;14:00;0
17.10.2020;14:00;15:00;0
17.10.2020;15:00;16:00;0
17.10.2020;16:00;17:00;0
17.10.2020;17:00;18:00;0
17.10.2020;18:00;19:00;0
17.10.2020;19:00;20:00;0
17.10.2020;20:00;21:00;0
17.10.2020;21:00;22:00;0
17.10.2020;22:00;23:00;0
17.10.2020;23:00;00:00;0
18.10.2020;00:00;01:00;0
18.10.2020;01:00;02:00;0
18.10.2020;02:00;03:00;0
18.10.2020;03:00;04:00;0
18.10.2020;04:00;05:00;0
18.10.2020;05:00;06:00;0
18.10.2020;06:00;07:00;0
18.10.2020;07:00;08:00;0
18.10.2020;08:00;09:00;0
18.10.2020;09:00;10:00;0
18.10.2020;10:00;11:00;0
18.10.2020;11:00;12:00;0
18.10.2020;12:00;13:00;0
18.10.2020;13:00;14:00;0
18.10.2020;14:00;15:00;0
18.10.2020;15:00;16:00;0
18.10.2020;16:00;17:00;0
18.10.2020;17:00;18:00;0
18.10.2020;18:00;19:00;0
18.10.2020;19:00;20:00;0
18.10.2020;20:00;21:00;0
18.10.2020;21:00;22:00;0
18.10.2020;22:00;23:00;0
18.10.2020;23:00;00:00;0
19.10.2020;00:00;01:00;0
19.10.2020;01:00;02:00;0
19.10.2020;02:00;03:00;0
19.10.2020;03:00;04:00;0
19.10.2020;04:00;05:00;0
19.10.2020;05:00;06:00;0
19.10.2020;06:00;07:00;0
19.10.2020;07:00;08:00;0
19.10.2020;08:00;09:00;0
19.10.2020;09:00;10:00;0
19.10.2020;10:00;11:00;0
19.10.2020;11:00;12:00;0
19.10.2020;12:00;13:00;0
19.10.2020;13:00;14:00;0
19.10.2020;14:00;15:00;0
19.10.2020;15:00;16:00;0
19.10.2020;16:00;17:00;0
19.10.2020;17:00;18:00;0
19.10.2020;18:00;19:00;0
19.10.2020;19:00;20:00;0
19.10.2020;20:00;21:00;0
19.10.2020;21:00;22:00;0
19.10.2020;22:00;23:00;0
19.10.2020;23:00;00:00;0
20.10.2020;00:00;01:00;0
20.10.2020;01:00;02:00;0
20.10.2020;02:00;03:00;0
20.10.2020;03:00;04:00;0
20.10.2020;04:00;05:00;0
20.10.2020;05:00;06:00;0
20.10.2020;06:00;07:00;0
20.10.2020;07:00;08:00;0
20.10.2020;08:00;09:00;0
20.10.2020;09:00;10:00;0
20.10.2020;10:00;11:00;0
20.10.2020;11:00;12:00;0
20.10.2020;12:00;13:00;0
20.10.2020;13:00;14:00;0
20.10.2020;14:00;15:00;0
20.10.2020;15:00;16:00;0
20.10.2020;16:00;17:00;0
20.10.2020;17:00;18:00;0
20.10.2020;18:00;19:00;0
20.10.2020;19:00;20:00;0
20.10.2020;20:00;21:00;0
20.10.2020;21:00;22:00;0
20.10.2020;22:00;23:00;0
20.10.2020;23:00;00:00;0
21.10.2020;00:00;01:00;0
21.10.2020;01:00;02:00;0
21.10.2020;02:00;03:00;0
21.10.2020;03:00;04:00;0
21.10.2020;04:00;05:00;0
21.10.2020;05:00;06:00;0
21.10.2020;06:00;07:00;0
21.10.2020;07:00;08:00;0
21.10.2020;08:00;09:00;0
21.10.2020;09:00;10:00;0
21.10.2020;10:00;11:00;0
21.10.2020;11:00;12:00;0
21.10.2020;12:00;13:00;0
21.10.2020;13:00;14:00;0
21.10.2020;14:00;15:00;0
21.10.2020;15:00;16:00;0
21.10.2020;16:00;17:00;0
21.10.2020;17:00;18:00;0
21.10.2020;18:00;19:00;0
21.10.2020;19:00;20:00;0
21.10.2020;20:00;21:00;0
21.10.2020;21:00;22:00;0
21.10.2020;22:00;23:00;0
21.10.2020;23:00;00:00;0
22.10.2020;00:00;01:00;0
22.10.2020;01:00;02:00;0
22.10.2020;02:00;03:00;0
22.10.2020;03:00;04:00;0
22.10.2020;04:00;05:00;0
22.10.2020;05:00;06:00;0
22.10.2020;06:00;07:00;0
22.10.2020;07:00;08:00;0
22.10.2020;08:00;09:00;0
22.10.2020;09:00;10:00;0
22.10.2020;10:00;11:00;0
22.10.2020;11:00;12:00;0
22.10.2020;12:00;13:00;0
22.10.2020;13:00;14:00;0
22.10.2020;14:00;15:00;0
22.10.2020;15:00;16:00;0
22.10.2020;16:00;17:00;0
22.10.2020;17:00;18:00;0
22.10.2020;18:00;19:00;0
22.10.2020;19:00;20:00;0
22.10.2020;20:00;21:00;0
22.10.2020;21:00;22:00;0
22.10.2020;22:00;23:00;0
22.10.2020;23:00;00:00;0
23.10.2020;00:00;01:00;0
23.10.2020;01:00;02:00;0
23.10.2020;02:00;03:00;0
23.10.2020;03:00;04:00;0
23.10.2020;04:00;05:00;0
23.10.2020;05:00;06:00;0
23.10.2020;06:00;07:00;0
23.10.2020;07:00;08:00;0
23.10.2020;08:00;09:00;0
23.10.2020;09:00;10:00;0
23.10.2020;10:00;11:00;0
23.10.2020;11:00;12:00;0
23.10.2020;12:00;13:00;0
23.10.2020;13:00;14:00;0
23.10.2020;14:00;15:00;0
23.10.2020;15:00;16:00;0
23.10.2020;16:00;17:00;0
23.10.2020;17:00;18:00;0
23.10.2020;18:00;19:00;0
23.10.2020;19:00;20:00;0
23.10.2020;20:00;21:00;0
23.10.2020;21:00;22:00;0
23.10.2020;22:00;23:00;0
23.10.2020;23:00;00:00;0
24.10.2020;00:00;01:00;0
24.10.2020;01:00;02:00;0
24.10.2020;02:00;03:00;0
24.10.2020;03:00;04:00;0
24.10.2020;04:00;05:00;0
24.10.2020;05:00;06:00;0
24.10.2020;06:00;07:00;0
24.10.2020;07:00;08:00;0
24.10.2020;08:00;09:00;0
24.10.2020;09:00;10:00;0
24.10.2020;10:00;11:00;0
24.10.2020;11:00;12:00;0
24.10.2020;12:00;13:00;0
24.10.2020;13:00;14:00;0
24.10.2020;14:00;15:00;0
24.10.2020;15:00;16:00;0
24.10.2020;16:00;17:00;0
24.10.2020;17:00;18:00;0
24.10.2020;18:00;19:00;0
24.10.2020;19:00;20:00;0
24.10.2020;20:00;21:00;0
24.10.2020;21:00;22:00;0
24.10.2020;22:00;23:00;0
24.10.2020;23:00;00:00;0
25.10.2020;00:00;01:00;0
25.10.2020;01:00;02:00;0
25.10.2020;02:00;03:00;0
25.10.2020;02:00;03:00;0
25.10.2020;03:00;04:00;0
25.10.2020;04:00;05:00;0
25.10.2020;05:00;06:00;0
25.10.2020;06:00;07:00;0
25.10.2020;07:00;08:00;0
25.10.2020;08:00;09:00;0
25.10.2020;09:00;10:00;0
25.10.2020;10:00;11:00;0
25.10.2020;11:00;12:00;0
25.10.2020;12:00;13:00;0
25.10.2020;13:00;14:00;0
25.10.2020;14:00;15:00;0
25.10.2020;15:00;16:00;0
25.10.2020;16:00;17:00;0
25.10.2020;17:00;18:00;0
25.10.2020;18:00;19:00;0
25.10.2020;19:00;20:00;0
25.10.2020;20:00;21:00;0
25.10.2020;21:00;22:00;0
25.10.2020;22:00;23:00;0
25.10.2020;23:00;00:00;0
26.10.2020;00:00;01:00;0
26.10.2020;01:00;02:00;0
26.10.2020;02:00;03:00;0
26.10.2020;03:00;04:00;0
26.10.2020;04:00;05:00;0
26.10.2020;05:00;06:00;0
26.10.2020;06:00;07:00;0
26.10.2020;07:00;08:00;0
26.10.2020;08:00;09:00;0
26.10.2020;09:00;10:00;0
26.10.2020;10:00;11:00;0
26.10.2020;11:00;12:00;0
26.10.2020;12:00;13:00;0
26.10.2020;13:00;14:00;0
26.10.2020;14:00;15:00;0
26.10.2020;15:00;16:00;0
26.10.2020;16:00;17:00;0
26.10.2020;17:00;18:00;0
26.10.2020;18:00;19:00;0
26.10.2020;19:00;20:00;0
26.10.2020;20:00;21:00;0
26.10.2020;21:00;22:00;0
26.10.2020;22:00;23:00;0
26.10.2020;23:00;00:00;0
27.10.2020;00:00;01:00;0
27.10.2020;01:00;02:00;0
27.10.2020;02:00;03:00;0
27.10.2020;03:00;04:00;0
27.10.2020;04:00;05:00;0
27.10.2020;05:00;06:00;0
27.10.2020;06:00;07:00;0
27.10.2020;07:00;08:00;0
27.10.2020;08:00;09:00;0
27.10.2020;09:00;10:00;0
27.10.2020;10:00;11:00;0
27.10.2020;11:00;12:00;0
27.10.2020;12:00;13:00;0
27.10.2020;13:00;14:00;0
27.10.2020;14:00;15:00;0
27.10.2020;15:00;16:00;0
27.10.2020;16:00;17:00;0
27.10.2020;17:00;18:00;0
27.10.2020;18:00;19:00;0
27.10.2020;19:00;20:00;0
27.10.2020;20:00;21:00;0
27.10.2020;21:00;22:00;0
27.10.2020;22:00;23:00;0
27.10.2020;23:00;00:00;0
28.10.2020;00:00;01:00;0
28.10.2020;01:00;02:00;0
28.10.2020;02:00;03:00;0
28.10.2020;03:00;04:00;0
28.10.2020;04:00;05:00;0
28.10.2020;05:00;06:00;0
28.10.2020;06:00;07:00;0
28.10.2020;07:00;08:00;0
28.10.2020;08:00;09:00;0
28.10.2020;09:00;10:00;0
28.10.2020;10:00;11:00;0
28.10.2020;11:00;12:00;0
28.10.2020;12:00;13:00;0
28.10.2020;13:00;14:00;0
28.10.2020;14:00;15:00;0
28.10.2020;15:00;16:00;0
28.10.2020;16:00;17:00;0
28.10.2020;17:00;18:00;0
28.10.2020;18:00;19:00;0
28.10.2020;19:00;20:00;0
28.10.2020;20:00;21:00;0
28.10.2020;21:00;22:00;0
28.10.2020;22:00;23:00;0
28.10.2020;23:00;00:00;0
29.10.2020;00:00;01:00;0
29.10.2020;01:00;02:00;0
29.10.2020;02:00;03:00;0
29.10.2020;03:00;04:00;0
29.10.2020;04:00;05:00;0
29.10.2020;05:00;06:00;0
29.10.2020;06:00;07:00;0
29.10.2020;07:00;08:00;0
29.10.2020;08:00;09:00;0
29.10.2020;09:00;10:00;0
29.10.2020;10:00;11:00;0
29.10.2020;11:00;12:00;0
29.10.2020;12:00;13:00;0
29.10.2020;13:00;14:00;0
29.10.2020;14:00;15:00;0
29.10.2020;15:00;16:00;0
29.10.2020;16:00;17:00;0
29.10.2020;17:00;18:00;0
29.10.2020;18:00;19:00;0
29.10.2020;19:00;20:00;0
29.10.2020;20:00;21:00;0
29.10.2020;21:00;22:00;0
29.10.2020;22:00;23:00;0
29.10.2020;23:00;00:00;0
30.10.2020;00:00;01:00;0
30.10.2020;01:00;02:00;0
30.10.2020;02:00;03:00;0
30.10.2020;03:00;04:00;0
30.10.2020;04:00;05:00;0
30.10.2020;05:00;06:00;0
30.10.2020;06:00;07:00;0
30.10.2020;07:00;08:00;0
30.10.2020;08:00;09:00;0
30.10.2020;09:00;10:00;0
30.10.2020;10:00;11:00;0
30.10.2020;11:00;12:00;0
30.10.2020;12:00;13:00;0
30.10.2020;13:00;14:00;0
30.10.2020;14:00;15:00;0
30.10.2020;15:00;16:00;0
30.10.2020;16:00;17:00;0
30.10.2020;17:00;18:00;0
30.10.2020;18:00;19:00;0
30.10.2020;19:00;20:00;0
30.10.2020;20:00;21:00;0
30.10.2020;21:00;22:00;0
30.10.2020;22:00;23:00;0
30.10.2020;23:00;00:00;0
31.10.2020;00:00;01:00;0
31.10.2020;01:00;02:00;0
31.10.2020;02:00;03:00;0
31.10.2020;03:00;04:00;0
31.10.2020;04:00;05:00;0
31.10.2020;05:00;06:00;0
31.10.2020;06:00;07:00;0
31.10.2020;07:00;08:00;0
31.10.2020;08:00;09:00;0
31.10.2020;09:00;10:00;0
31.10.2020;10:00;11:00;0
31.10.2020;11:00;12:00;0
31.10.2020;12:00;13:00;0
31.10.2020;13:00;14:00;0
31.10.2020;14:00;15:00;0
31.10.2020;15:00;16:00;0
31.10.2020;16:00;17:00;0
31.10.2020;17:00;18:00;0
31.10.2020;18:00;19:00;0
31.10.2020;19:00;20:00;0
31.10.2020;20:00;21:00;0
31.10.2020;21:00;22:00;0
31.10.2020;22:00;23:00;0
31.10.2020;23:00;00:00;0
01.11.2020;00:00;01:00;0
01.11.2020;01:00;02:00;0
01.11.2020;02:00;03:00;0
01.11.2020;03:00;04:00;0
01.11.2020;04:00;05:00;0
01.11.2020;05:00;06:00;0
01.11.2020;06:00;07:00;0
01.11.2020;07:00;08:00;0
01.11.2020;08:00;09:00;0
01.11.2020;09:00;10:00;0
01.11.2020;10:00;11:00;0
01.11.2020;11:00;12:00;0
01.11.2020;12:00;13:00;0
01.11.2020;13:00;14:00;0
01.11.2020;14:00;15:00;0
01.11.2020;15:00;16:00;0
01.11.2020;16:00;17:00;0
01.11.2020;17:00;18:00;0
01.11.2020;18:00;19:00;0
01.11.2020;19:00;20:00;0
01.11.2020;20:00;21:00;0
01.11.2020;21:00;22:00;0
01.11.2020;22:00;23:00;0
01.11.2020;23:00;00:00;0
02.11.2020;00:00;01:00;0
02.11.2020;01:00;02:00;0
02.11.2020;02:00;03:00;0
02.11.2020;03:00;04:00;0
02.11.2020;04:00;05:00;0
02.11.2020;05:00;06:00;0
02.11.2020;06:00;07:00;0
02.11.2020;07:00;08:00;0
02.11.2020;08:00;09:00;0
02.11.2020;09:00;10:00;0
02.11.2020;10:00;11:00;0
02.11.2020;11:00;12:00;0
02.11.2020;12:00;13:00;0
02.11.2020;13:00;14:00;0
02.11.2020;14:00;15:00;0
02.11.2020;15:00;16:00;0
02.11.2020;16:00;17:00;0
02.11.2020;17:00;18:00;0
02.11.2020;18:00;19:00;0
02.11.2020;19:00;20:00;0
02.11.2020;20:00;21:00;0
02.11.2020;21:00;22:00;0
02.11.2020;22:00;23:00;0
02.11.2020;23:00;00:00;0
03.11.2020;00:00;01:00;0
03.11.2020;01:00;02:00;0
03.11.2020;02:00;03:00;0
03.11.2020;03:00;04:00;0
03.11.2020;04:00;05:00;0
03.11.2020;05:00;06:00;0
03.11.2020;06:00;07:00;0
03.11.2020;07:00;08:00;0
03.11.2020;08:00;09:00;0
03.11.2020;09:00;10:00;0
03.11.2020;10:00;11:00;0
03.11.2020;11:00;12:00;0
03.11.2020;12:00;13:00;0
03.11.2020;13:00;14:00;0
03.11.2020;14:00;15:00;0
03.11.2020;15:00;16:00;0
03.11.2020;16:00;17:00;0
03.11.2020;17:00;18:00;0
03.11.2020;18:00;19:00;0
03.11.2020;19:00;20:00;0
03.11.2020;20:00;21:00;0
03.11.2020;21:00;22:00;0
03.11.2020;22:00;23:00;0
03.11.2020;23:00;00:00;0
04.11.2020;00:00;01:00;0
04.11.2020;01:00;02:00;0
04.11.2020;02:00;03:00;0
04.11.2020;03:00;04:00;0
04.11.2020;04:00;05:00;0
04.11.2020;05:00;06:00;0
04.11.2020;06:00;07:00;0
04.11.2020;07:00;08:00;0
04.11.2020;08:00;09:00;0
04.11.2020;09:00;10:00;0
04.11.2020;10:00;11:00;0
04.11.2020;11:00;12:00;0
04.11.2020;12:00;13:00;0
04.11.2020;13:00;14:00;0
04.11.2020;14:00;15:00;0
04.11.2020;15:00;16:00;0
04.11.2020;16:00;17:00;0
04.11.2020;17:00;18:00;0
04.11.2020;18:00;19:00;0
04.11.2020;19:00;20:00;0
04.11.2020;20:00;21:00;0
04.11.2020;21:00;22:00;0
04.11.2020;22:00;23:00;0
04.11.2020;23:00;00:00;0
05.11.2020;00:00;01:00;0
05.11.2020;01:00;02:00;0
05.11.2020;02:00;03:00;0
05.11.2020;03:00;04:00;0
05.11.2020;04:00;05:00;0
05.11.2020;05:00;06:00;0
05.11.2020;06:00;07:00;0
05.11.2020;07:00;08:00;0
05.11.2020;08:00;09:00;0
05.11.2020;09:00;10:00;0
05.11.2020;10:00;11:00;0
05.11.2020;11:00;12:00;0
05.11.2020;12:00;13:00;1
05.11.2020;13:00;14:00;0
05.11.2020;14:00;15:00;0
05.11.2020;15:00;16:00;8
05.11.2020;16:00;17:00;218
05.11.2020;17:00;18:00;233
05.11.2020;18:00;19:00;233
05.11.2020;19:00;20:00;200
05.11.2020;20:00;21:00;99
05.11.2020;21:00;22:00;1
05.11.2020;22:00;23:00;0
05.11.2020;23:00;00:00;0
06.11.2020;00:00;01:00;0
06.11.2020;01:00;02:00;0
06.11.2020;02:00;03:00;0
06.11.2020;03:00;04:00;0
06.11.2020;04:00;05:00;0
06.11.2020;05:00;06:00;0
06.11.2020;06:00;07:00;0
06.11.2020;07:00;08:00;0
06.11.2020;08:00;09:00;0
06.11.2020;09:00;10:00;0
06.11.2020;10:00;11:00;0
06.11.2020;11:00;12:00;0
06.11.2020;12:00;13:00;0
06.11.2020;13:00;14:00;0
06.11.2020;14:00;15:00;0
06.11.2020;15:00;16:00;0
06.11.2020;16:00;17:00;2
06.11.2020;17:00;18:00;177
06.11.2020;18:00;19:00;166
06.11.2020;19:00;20:00;3
06.11.2020;20:00;21:00;0
06.11.2020;21:00;22:00;0
06.11.2020;22:00;23:00;0
06.11.2020;23:00;00:00;0
07.11.2020;00:00;01:00;0
07.11.2020;01:00;02:00;0
07.11.2020;02:00;03:00;0
07.11.2020;03:00;04:00;0
07.11.2020;04:00;05:00;0
07.11.2020;05:00;06:00;0
07.11.2020;06:00;07:00;0
07.11.2020;07:00;08:00;0
07.11.2020;08:00;09:00;0
07.11.2020;09:00;10:00;0
07.11.2020;10:00;11:00;0
07.11.2020;11:00;12:00;0
07.11.2020;12:00;13:00;0
07.11.2020;13:00;14:00;0
07.11.2020;14:00;15:00;0
07.11.2020;15:00;16:00;0
07.11.2020;16:00;17:00;0
07.11.2020;17:00;18:00;286
07.11.2020;18:00;19:00;181
07.11.2020;19:00;20:00;37
07.11.2020;20:00;21:00;0
07.11.2020;21:00;22:00;0
07.11.2020;22:00;23:00;50
07.11.2020;23:00;00:00;1
08.11.2020;00:00;01:00;0
08.11.2020;01:00;02:00;0
08.11.2020;02:00;03:00;0
08.11.2020;03:00;04:00;0
08.11.2020;04:00;05:00;0
08.11.2020;05:00;06:00;0
08.11.2020;06:00;07:00;0
08.11.2020;07:00;08:00;0
08.11.2020;08:00;09:00;0
08.11.2020;09:00;10:00;0
08.11.2020;10:00;11:00;0
08.11.2020;11:00;12:00;0
08.11.2020;12:00;13:00;0
08.11.2020;13:00;14:00;0
08.11.2020;14:00;15:00;0
08.11.2020;15:00;16:00;0
08.11.2020;16:00;17:00;0
08.11.2020;17:00;18:00;83
08.11.2020;18:00;19:00;112
08.11.2020;19:00;20:00;3
08.11.2020;20:00;21:00;0
08.11.2020;21:00;22:00;0
08.11.2020;22:00;23:00;0
08.11.2020;23:00;00:00;0
09.11.2020;00:00;01:00;0
09.11.2020;01:00;02:00;0
09.11.2020;02:00;03:00;0
09.11.2020;03:00;04:00;0
09.11.2020;04:00;05:00;0
09.11.2020;05:00;06:00;0
09.11.2020;06:00;07:00;0
09.11.2020;07:00;08:00;156
09.11.2020;08:00;09:00;224
09.11.2020;09:00;10:00;171
09.11.2020;10:00;11:00;62
09.11.2020;11:00;12:00;96
09.11.2020;12:00;13:00;88
09.11.2020;13:00;14:00;81
09.11.2020;14:00;15:00;124
09.11.2020;15:00;16:00;147
09.11.2020;16:00;17:00;173
09.11.2020;17:00;18:00;153
09.11.2020;18:00;19:00;205
09.11.2020;19:00;20:00;185
09.11.2020;20:00;21:00;129
09.11.2020;21:00;22:00;2
09.11.2020;22:00;23:00;0
09.11.2020;23:00;00:00;0
10.11.2020;00:00;01:00;0
10.11.2020;01:00;02:00;0
10.11.2020;02:00;03:00;0
10.11.2020;03:00;04:00;0
10.11.2020;04:00;05:00;0
10.11.2020;05:00;06:00;0
10.11.2020;06:00;07:00;107
10.11.2020;07:00;08:00;245
10.11.2020;08:00;09:00;194
10.11.2020;09:00;10:00;174
10.11.2020;10:00;11:00;167
10.11.2020;11:00;12:00;161
10.11.2020;12:00;13:00;190
10.11.2020;13:00;14:00;189
10.11.2020;14:00;15:00;170
10.11.2020;15:00;16:00;180
10.11.2020;16:00;17:00;234
10.11.2020;17:00;18:00;242
10.11.2020;18:00;19:00;240
10.11.2020;19:00;20:00;240
10.11.2020;20:00;21:00;241
10.11.2020;21:00;22:00;7
10.11.2020;22:00;23:00;0
10.11.2020;23:00;00:00;0
11.11.2020;00:00;01:00;0
11.11.2020;01:00;02:00;0
11.11.2020;02:00;03:00;0
11.11.2020;03:00;04:00;0
11.11.2020;04:00;05:00;0
11.11.2020;05:00;06:00;0
11.11.2020;06:00;07:00;0
11.11.2020;07:00;08:00;147
11.11.2020;08:00;09:00;156
11.11.2020;09:00;10:00;162
11.11.2020;10:00;11:00;163
11.11.2020;11:00;12:00;162
11.11.2020;12:00;13:00;35
11.11.2020;13:00;14:00;0
11.11.2020;14:00;15:00;0
11.11.2020;15:00;16:00;150
11.11.2020;16:00;17:00;241
11.11.2020;17:00;18:00;239
11.11.2020;18:00;19:00;248
11.11.2020;19:00;20:00;239
11.11.2020;20:00;21:00;1
11.11.2020;21:00;22:00;0
11.11.2020;22:00;23:00;0
11.11.2020;23:00;00:00;0
12.11.2020;00:00;01:00;0
12.11.2020;01:00;02:00;0
12.11.2020;02:00;03:00;0
12.11.2020;03:00;04:00;0
12.11.2020;04:00;05:00;0
12.11.2020;05:00;06:00;0
12.11.2020;06:00;07:00;5
12.11.2020;07:00;08:00;38
12.11.2020;08:00;09:00;247
12.11.2020;09:00;10:00;155
12.11.2020;10:00;11:00;62
12.11.2020;11:00;12:00;110
12.11.2020;12:00;13:00;105
12.11.2020;13:00;14:00;109
12.11.2020;14:00;15:00;89
12.11.2020;15:00;16:00;103
12.11.2020;16:00;17:00;103
12.11.2020;17:00;18:00;231
12.11.2020;18:00;19:00;233
12.11.2020;19:00;20:00;211
12.11.2020;20:00;21:00;8
12.11.2020;21:00;22:00;0
12.11.2020;22:00;23:00;0
12.11.2020;23:00;00:00;0
13.11.2020;00:00;01:00;0
13.11.2020;01:00;02:00;0
13.11.2020;02:00;03:00;0
13.11.2020;03:00;04:00;0
13.11.2020;04:00;05:00;0
13.11.2020;05:00;06:00;0
13.11.2020;06:00;07:00;124
13.11.2020;07:00;08:00;167
13.11.2020;08:00;09:00;164
13.11.2020;09:00;10:00;141
13.11.2020;10:00;11:00;79
13.11.2020;11:00;12:00;86
13.11.2020;12:00;13:00;58
13.11.2020;13:00;14:00;80
13.11.2020;14:00;15:00;84
13.11.2020;15:00;16:00;95
13.11.2020;16:00;17:00;124
13.11.2020;17:00;18:00;175
13.11.2020;18:00;19:00;188
13.11.2020;19:00;20:00;178
13.11.2020;20:00;21:00;52
13.11.2020;21:00;22:00;36
13.11.2020;22:00;23:00;36
13.11.2020;23:00;00:00;47
14.11.2020;00:00;01:00;1
14.11.2020;01:00;02:00;0
14.11.2020;02:00;03:00;0
14.11.2020;03:00;04:00;0
14.11.2020;04:00;05:00;0
14.11.2020;05:00;06:00;0
14.11.2020;06:00;07:00;0
14.11.2020;07:00;08:00;0
14.11.2020;08:00;09:00;10
14.11.2020;09:00;10:00;24
14.11.2020;10:00;11:00;0
14.11.2020;11:00;12:00;0
14.11.2020;12:00;13:00;0
14.11.2020;13:00;14:00;0
14.11.2020;14:00;15:00;2
14.11.2020;15:00;16:00;50
14.11.2020;16:00;17:00;182
14.11.2020;17:00;18:00;262
14.11.2020;18:00;19:00;226
14.11.2020;19:00;20:00;100
14.11.2020;20:00;21:00;69
14.11.2020;21:00;22:00;14
14.11.2020;22:00;23:00;12
14.11.2020;23:00;00:00;11
15.11.2020;00:00;01:00;7
15.11.2020;01:00;02:00;20
15.11.2020;02:00;03:00;13
15.11.2020;03:00;04:00;18
15.11.2020;04:00;05:00;7
15.11.2020;05:00;06:00;7
15.11.2020;06:00;07:00;6
15.11.2020;07:00;08:00;5
15.11.2020;08:00;09:00;5
15.11.2020;09:00;10:00;6
15.11.2020;10:00;11:00;121
15.11.2020;11:00;12:00;157
15.11.2020;12:00;13:00;41
15.11.2020;13:00;14:00;33
15.11.2020;14:00;15:00;27
15.11.2020;15:00;16:00;50
15.11.2020;16:00;17:00;82
15.11.2020;17:00;18:00;93
15.11.2020;18:00;19:00;111
15.11.2020;19:00;20:00;18
15.11.2020;20:00;21:00;6
15.11.2020;21:00;22:00;0
15.11.2020;22:00;23:00;0
15.11.2020;23:00;00:00;0
16.11.2020;00:00;01:00;0
16.11.2020;01:00;02:00;0
16.11.2020;02:00;03:00;0
16.11.2020;03:00;04:00;0
16.11.2020;04:00;05:00;0
16.11.2020;05:00;06:00;0
16.11.2020;06:00;07:00;149
16.11.2020;07:00;08:00;260
16.11.2020;08:00;09:00;258
16.11.2020;09:00;10:00;261
16.11.2020;10:00;11:00;258
16.11.2020;11:00;12:00;260
16.11.2020;12:00;13:00;287
16.11.2020;13:00;14:00;258
16.11.2020;14:00;15:00;275
16.11.2020;15:00;16:00;222
16.11.2020;16:00;17:00;166
16.11.2020;17:00;18:00;144
16.11.2020;18:00;19:00;136
16.11.2020;19:00;20:00;221
16.11.2020;20:00;21:00;208
16.11.2020;21:00;22:00;166
16.11.2020;22:00;23:00;190
16.11.2020;23:00;00:00;102
17.11.2020;00:00;01:00;29
17.11.2020;01:00;02:00;2
17.11.2020;02:00;03:00;1
17.11.2020;03:00;04:00;0
17.11.2020;04:00;05:00;0
17.11.2020;05:00;06:00;23
17.11.2020;06:00;07:00;64
17.11.2020;07:00;08:00;286
17.11.2020;08:00;09:00;276
17.11.2020;09:00;10:00;189
17.11.2020;10:00;11:00;198
17.11.2020;11:00;12:00;278
17.11.2020;12:00;13:00;225
17.11.2020;13:00;14:00;177
17.11.2020;14:00;15:00;42
17.11.2020;15:00;16:00;69
17.11.2020;16:00;17:00;162
17.11.2020;17:00;18:00;249
17.11.2020;18:00;19:00;250
17.11.2020;19:00;20:00;258
17.11.2020;20:00;21:00;120
17.11.2020;21:00;22:00;158
17.11.2020;22:00;23:00;108
17.11.2020;23:00;00:00;2
18.11.2020;00:00;01:00;0
18.11.2020;01:00;02:00;0
18.11.2020;02:00;03:00;0
18.11.2020;03:00;04:00;0
18.11.2020;04:00;05:00;0
18.11.2020;05:00;06:00;0
18.11.2020;06:00;07:00;111
18.11.2020;07:00;08:00;249
18.11.2020;08:00;09:00;288
18.11.2020;09:00;10:00;191
18.11.2020;10:00;11:00;67
18.11.2020;11:00;12:00;68
18.11.2020;12:00;13:00;67
18.11.2020;13:00;14:00;67
18.11.2020;14:00;15:00;87
18.11.2020;15:00;16:00;184
18.11.2020;16:00;17:00;240
18.11.2020;17:00;18:00;245
18.11.2020;18:00;19:00;178
18.11.2020;19:00;20:00;20
18.11.2020;20:00;21:00;29
18.11.2020;21:00;22:00;2
18.11.2020;22:00;23:00;33
18.11.2020;23:00;00:00;6
19.11.2020;00:00;01:00;46
19.11.2020;01:00;02:00;0
19.11.2020;02:00;03:00;0
19.11.2020;03:00;04:00;0
19.11.2020;04:00;05:00;0
19.11.2020;05:00;06:00;0
19.11.2020;06:00;07:00;20
19.11.2020;07:00;08:00;125
19.11.2020;08:00;09:00;186
19.11.2020;09:00;10:00;57
19.11.2020;10:00;11:00;83
19.11.2020;11:00;12:00;124
19.11.2020;12:00;13:00;100
19.11.2020;13:00;14:00;306
19.11.2020;14:00;15:00;353
19.11.2020;15:00;16:00;303
19.11.2020;16:00;17:00;248
19.11.2020;17:00;18:00;281
19.11.2020;18:00;19:00;299
19.11.2020;19:00;20:00;228
19.11.2020;20:00;21:00;155
19.11.2020;21:00;22:00;103
19.11.2020;22:00;23:00;73
19.11.2020;23:00;00:00;49
20.11.2020;00:00;01:00;82
20.11.2020;01:00;02:00;57
20.11.2020;02:00;03:00;0
20.11.2020;03:00;04:00;0
20.11.2020;04:00;05:00;0
20.11.2020;05:00;06:00;61
20.11.2020;06:00;07:00;139
20.11.2020;07:00;08:00;225
20.11.2020;08:00;09:00;250
20.11.2020;09:00;10:00;240
20.11.2020;10:00;11:00;184
20.11.2020;11:00;12:00;95
20.11.2020;12:00;13:00;179
20.11.2020;13:00;14:00;116
20.11.2020;14:00;15:00;124
20.11.2020;15:00;16:00;224
20.11.2020;16:00;17:00;253
20.11.2020;17:00;18:00;252
20.11.2020;18:00;19:00;242
20.11.2020;19:00;20:00;224
20.11.2020;20:00;21:00;161
20.11.2020;21:00;22:00;96
20.11.2020;22:00;23:00;98
20.11.2020;23:00;00:00;170
21.11.2020;00:00;01:00;72
21.11.2020;01:00;02:00;0
21.11.2020;02:00;03:00;0
21.11.2020;03:00;04:00;0
21.11.2020;04:00;05:00;0
21.11.2020;05:00;06:00;0
21.11.2020;06:00;07:00;0
21.11.2020;07:00;08:00;0
21.11.2020;08:00;09:00;0
21.11.2020;09:00;10:00;0
21.11.2020;10:00;11:00;0
21.11.2020;11:00;12:00;0
21.11.2020;12:00;13:00;0
21.11.2020;13:00;14:00;0
21.11.2020;14:00;15:00;0
21.11.2020;15:00;16:00;13
21.11.2020;16:00;17:00;6
21.11.2020;17:00;18:00;71
21.11.2020;18:00;19:00;81
21.11.2020;19:00;20:00;26
21.11.2020;20:00;21:00;4
21.11.2020;21:00;22:00;0
21.11.2020;22:00;23:00;0
21.11.2020;23:00;00:00;0
22.11.2020;00:00;01:00;0
22.11.2020;01:00;02:00;0
22.11.2020;02:00;03:00;0
22.11.2020;03:00;04:00;0
22.11.2020;04:00;05:00;0
22.11.2020;05:00;06:00;0
22.11.2020;06:00;07:00;0
22.11.2020;07:00;08:00;0
22.11.2020;08:00;09:00;0
22.11.2020;09:00;10:00;0
22.11.2020;10:00;11:00;0
22.11.2020;11:00;12:00;0
22.11.2020;12:00;13:00;0
22.11.2020;13:00;14:00;0
22.11.2020;14:00;15:00;0
22.11.2020;15:00;16:00;139
22.11.2020;16:00;17:00;218
22.11.2020;17:00;18:00;211
22.11.2020;18:00;19:00;249
22.11.2020;19:00;20:00;294
22.11.2020;20:00;21:00;246
22.11.2020;21:00;22:00;233
22.11.2020;22:00;23:00;143
22.11.2020;23:00;00:00;133
23.11.2020;00:00;01:00;133
23.11.2020;01:00;02:00;88
23.11.2020;02:00;03:00;66
23.11.2020;03:00;04:00;50
23.11.2020;04:00;05:00;65
23.11.2020;05:00;06:00;86
23.11.2020;06:00;07:00;259
23.11.2020;07:00;08:00;312
23.11.2020;08:00;09:00;320
23.11.2020;09:00;10:00;313
23.11.2020;10:00;11:00;319
23.11.2020;11:00;12:00;333
23.11.2020;12:00;13:00;335
23.11.2020;13:00;14:00;335
23.11.2020;14:00;15:00;319
23.11.2020;15:00;16:00;329
23.11.2020;16:00;17:00;326
23.11.2020;17:00;18:00;344
23.11.2020;18:00;19:00;316
23.11.2020;19:00;20:00;333
23.11.2020;20:00;21:00;275
23.11.2020;21:00;22:00;284
23.11.2020;22:00;23:00;280
23.11.2020;23:00;00:00;212
24.11.2020;00:00;01:00;111
24.11.2020;01:00;02:00;92
24.11.2020;02:00;03:00;21
24.11.2020;03:00;04:00;107
24.11.2020;04:00;05:00;10
24.11.2020;05:00;06:00;222
24.11.2020;06:00;07:00;208
24.11.2020;07:00;08:00;204
24.11.2020;08:00;09:00;229
24.11.2020;09:00;10:00;248
24.11.2020;10:00;11:00;160
24.11.2020;11:00;12:00;166
24.11.2020;12:00;13:00;199
24.11.2020;13:00;14:00;245
24.11.2020;14:00;15:00;181
24.11.2020;15:00;16:00;190
24.11.2020;16:00;17:00;267
24.11.2020;17:00;18:00;211
24.11.2020;18:00;19:00;303
24.11.2020;19:00;20:00;230
24.11.2020;20:00;21:00;270
24.11.2020;21:00;22:00;89
24.11.2020;22:00;23:00;250
24.11.2020;23:00;00:00;307
25.11.2020;00:00;01:00;249
25.11.2020;01:00;02:00;275
25.11.2020;02:00;03:00;256
25.11.2020;03:00;04:00;155
25.11.2020;04:00;05:00;158
25.11.2020;05:00;06:00;132
25.11.2020;06:00;07:00;239
25.11.2020;07:00;08:00;310
25.11.2020;08:00;09:00;234
25.11.2020;09:00;10:00;260
25.11.2020;10:00;11:00;260
25.11.2020;11:00;12:00;271
25.11.2020;12:00;13:00;116
25.11.2020;13:00;14:00;0
25.11.2020;14:00;15:00;0
25.11.2020;15:00;16:00;282
25.11.2020;16:00;17:00;298
25.11.2020;17:00;18:00;296
25.11.2020;18:00;19:00;293
25.11.2020;19:00;20:00;294
25.11.2020;20:00;21:00;289
25.11.2020;21:00;22:00;277
25.11.2020;22:00;23:00;215
25.11.2020;23:00;00:00;272
26.11.2020;00:00;01:00;117
26.11.2020;01:00;02:00;140
26.11.2020;02:00;03:00;140
26.11.2020;03:00;04:00;155
26.11.2020;04:00;05:00;101
26.11.2020;05:00;06:00;193
26.11.2020;06:00;07:00;208
26.11.2020;07:00;08:00;244
26.11.2020;08:00;09:00;238
26.11.2020;09:00;10:00;233
26.11.2020;10:00;11:00;250
26.11.2020;11:00;12:00;238
26.11.2020;12:00;13:00;232
26.11.2020;13:00;14:00;156
26.11.2020;14:00;15:00;212
26.11.2020;15:00;16:00;198
26.11.2020;16:00;17:00;230
26.11.2020;17:00;18:00;232
26.11.2020;18:00;19:00;221
26.11.2020;19:00;20:00;224
26.11.2020;20:00;21:00;246
26.11.2020;21:00;22:00;223
26.11.2020;22:00;23:00;65
26.11.2020;23:00;00:00;79
27.11.2020;00:00;01:00;81
27.11.2020;01:00;02:00;35
27.11.2020;02:00;03:00;31
27.11.2020;03:00;04:00;32
27.11.2020;04:00;05:00;79
27.11.2020;05:00;06:00;86
27.11.2020;06:00;07:00;144
27.11.2020;07:00;08:00;182
27.11.2020;08:00;09:00;238
27.11.2020;09:00;10:00;207
27.11.2020;10:00;11:00;45
27.11.2020;11:00;12:00;0
27.11.2020;12:00;13:00;0
27.11.2020;13:00;14:00;0
27.11.2020;14:00;15:00;0
27.11.2020;15:00;16:00;0
27.11.2020;16:00;17:00;188
27.11.2020;17:00;18:00;223
27.11.2020;18:00;19:00;194
27.11.2020;19:00;20:00;208
27.11.2020;20:00;21:00;123
27.11.2020;21:00;22:00;85
27.11.2020;22:00;23:00;85
27.11.2020;23:00;00:00;14
28.11.2020;00:00;01:00;136
28.11.2020;01:00;02:00;130
28.11.2020;02:00;03:00;152
28.11.2020;03:00;04:00;155
28.11.2020;04:00;05:00;109
28.11.2020;05:00;06:00;134
28.11.2020;06:00;07:00;176
28.11.2020;07:00;08:00;106
28.11.2020;08:00;09:00;120
28.11.2020;09:00;10:00;134
28.11.2020;10:00;11:00;139
28.11.2020;11:00;12:00;124
28.11.2020;12:00;13:00;157
28.11.2020;13:00;14:00;153
28.11.2020;14:00;15:00;135
28.11.2020;15:00;16:00;142
28.11.2020;16:00;17:00;158
28.11.2020;17:00;18:00;196
28.11.2020;18:00;19:00;249
28.11.2020;19:00;20:00;169
28.11.2020;20:00;21:00;102
28.11.2020;21:00;22:00;180
28.11.2020;22:00;23:00;68
28.11.2020;23:00;00:00;121
29.11.2020;00:00;01:00;42
29.11.2020;01:00;02:00;41
29.11.2020;02:00;03:00;17
29.11.2020;03:00;04:00;38
29.11.2020;04:00;05:00;25
29.11.2020;05:00;06:00;0
29.11.2020;06:00;07:00;0
29.11.2020;07:00;08:00;9
29.11.2020;08:00;09:00;42
29.11.2020;09:00;10:00;125
29.11.2020;10:00;11:00;107
29.11.2020;11:00;12:00;164
29.11.2020;12:00;13:00;146
29.11.2020;13:00;14:00;136
29.11.2020;14:00;15:00;201
29.11.2020;15:00;16:00;189
29.11.2020;16:00;17:00;233
29.11.2020;17:00;18:00;279
29.11.2020;18:00;19:00;272
29.11.2020;19:00;20:00;258
29.11.2020;20:00;21:00;222
29.11.2020;21:00;22:00;222
29.11.2020;22:00;23:00;133
29.11.2020;23:00;00:00;193
30.11.2020;00:00;01:00;197
30.11.2020;01:00;02:00;150
30.11.2020;02:00;03:00;21
30.11.2020;03:00;04:00;0
30.11.2020;04:00;05:00;30
30.11.2020;05:00;06:00;120
30.11.2020;06:00;07:00;187
30.11.2020;07:00;08:00;201
30.11.2020;08:00;09:00;279
30.11.2020;09:00;10:00;256
30.11.2020;10:00;11:00;189
30.11.2020;11:00;12:00;118
30.11.2020;12:00;13:00;10
30.11.2020;13:00;14:00;9
30.11.2020;14:00;15:00;2
30.11.2020;15:00;16:00;149
30.11.2020;16:00;17:00;209
30.11.2020;17:00;18:00;206
30.11.2020;18:00;19:00;175
30.11.2020;19:00;20:00;146
30.11.2020;20:00;21:00;107
30.11.2020;21:00;22:00;131
30.11.2020;22:00;23:00;57
30.11.2020;23:00;00:00;46
01.12.2020;00:00;01:00;0
01.12.2020;01:00;02:00;0
01.12.2020;02:00;03:00;0
01.12.2020;03:00;04:00;0
01.12.2020;04:00;05:00;0
01.12.2020;05:00;06:00;53
01.12.2020;06:00;07:00;155
01.12.2020;07:00;08:00;198
01.12.2020;08:00;09:00;251
01.12.2020;09:00;10:00;278
01.12.2020;10:00;11:00;264
01.12.2020;11:00;12:00;244
01.12.2020;12:00;13:00;254
01.12.2020;13:00;14:00;224
01.12.2020;14:00;15:00;212
01.12.2020;15:00;16:00;253
01.12.2020;16:00;17:00;271
01.12.2020;17:00;18:00;190
01.12.2020;18:00;19:00;237
01.12.2020;19:00;20:00;240
01.12.2020;20:00;21:00;284
01.12.2020;21:00;22:00;181
01.12.2020;22:00;23:00;110
01.12.2020;23:00;00:00;74
02.12.2020;00:00;01:00;67
02.12.2020;01:00;02:00;68
02.12.2020;02:00;03:00;46
02.12.2020;03:00;04:00;30
02.12.2020;04:00;05:00;59
02.12.2020;05:00;06:00;150
02.12.2020;06:00;07:00;297
02.12.2020;07:00;08:00;300
02.12.2020;08:00;09:00;299
02.12.2020;09:00;10:00;300
02.12.2020;10:00;11:00;299
02.12.2020;11:00;12:00;301
02.12.2020;12:00;13:00;300
02.12.2020;13:00;14:00;299
02.12.2020;14:00;15:00;300
02.12.2020;15:00;16:00;300
02.12.2020;16:00;17:00;301
02.12.2020;17:00;18:00;301
02.12.2020;18:00;19:00;300
02.12.2020;19:00;20:00;296
02.12.2020;20:00;21:00;300
02.12.2020;21:00;22:00;123
02.12.2020;22:00;23:00;35
02.12.2020;23:00;00:00;52
03.12.2020;00:00;01:00;95
03.12.2020;01:00;02:00;83
03.12.2020;02:00;03:00;4
03.12.2020;03:00;04:00;29
03.12.2020;04:00;05:00;51
03.12.2020;05:00;06:00;86
03.12.2020;06:00;07:00;299
03.12.2020;07:00;08:00;300
03.12.2020;08:00;09:00;300
03.12.2020;09:00;10:00;300
03.12.2020;10:00;11:00;301
03.12.2020;11:00;12:00;298
03.12.2020;12:00;13:00;299
03.12.2020;13:00;14:00;290
03.12.2020;14:00;15:00;290
03.12.2020;15:00;16:00;285
03.12.2020;16:00;17:00;273
03.12.2020;17:00;18:00;270
03.12.2020;18:00;19:00;271
03.12.2020;19:00;20:00;270
03.12.2020;20:00;21:00;272
03.12.2020;21:00;22:00;270
03.12.2020;22:00;23:00;175
03.12.2020;23:00;00:00;185
04.12.2020;00:00;01:00;29
04.12.2020;01:00;02:00;87
04.12.2020;02:00;03:00;64
04.12.2020;03:00;04:00;3
04.12.2020;04:00;05:00;78
04.12.2020;05:00;06:00;49
04.12.2020;06:00;07:00;49
04.12.2020;07:00;08:00;252
04.12.2020;08:00;09:00;253
04.12.2020;09:00;10:00;221
04.12.2020;10:00;11:00;201
04.12.2020;11:00;12:00;198
04.12.2020;12:00;13:00;195
04.12.2020;13:00;14:00;167
04.12.2020;14:00;15:00;99
04.12.2020;15:00;16:00;193
04.12.2020;16:00;17:00;171
04.12.2020;17:00;18:00;238
04.12.2020;18:00;19:00;119
04.12.2020;19:00;20:00;74
04.12.2020;20:00;21:00;14
04.12.2020;21:00;22:00;0
04.12.2020;22:00;23:00;0
04.12.2020;23:00;00:00;0
05.12.2020;00:00;01:00;33
05.12.2020;01:00;02:00;24
05.12.2020;02:00;03:00;25
05.12.2020;03:00;04:00;23
05.12.2020;04:00;05:00;12
05.12.2020;05:00;06:00;30
05.12.2020;06:00;07:00;25
05.12.2020;07:00;08:00;90
05.12.2020;08:00;09:00;64
05.12.2020;09:00;10:00;96
05.12.2020;10:00;11:00;46
05.12.2020;11:00;12:00;111
05.12.2020;12:00;13:00;209
05.12.2020;13:00;14:00;81
05.12.2020;14:00;15:00;39
05.12.2020;15:00;16:00;33
05.12.2020;16:00;17:00;85
05.12.2020;17:00;18:00;211
05.12.2020;18:00;19:00;265
05.12.2020;19:00;20:00;187
05.12.2020;20:00;21:00;156
05.12.2020;21:00;22:00;1
05.12.2020;22:00;23:00;0
05.12.2020;23:00;00:00;0
06.12.2020;00:00;01:00;0
06.12.2020;01:00;02:00;0
06.12.2020;02:00;03:00;0
06.12.2020;03:00;04:00;0
06.12.2020;04:00;05:00;0
06.12.2020;05:00;06:00;0
06.12.2020;06:00;07:00;7
06.12.2020;07:00;08:00;0
06.12.2020;08:00;09:00;0
06.12.2020;09:00;10:00;4
06.12.2020;10:00;11:00;44
06.12.2020;11:00;12:00;109
06.12.2020;12:00;13:00;51
06.12.2020;13:00;14:00;26
06.12.2020;14:00;15:00;45
06.12.2020;15:00;16:00;61
06.12.2020;16:00;17:00;60
06.12.2020;17:00;18:00;98
06.12.2020;18:00;19:00;82
06.12.2020;19:00;20:00;70
06.12.2020;20:00;21:00;39
06.12.2020;21:00;22:00;35
06.12.2020;22:00;23:00;19
06.12.2020;23:00;00:00;3
07.12.2020;00:00;01:00;73
07.12.2020;01:00;02:00;56
07.12.2020;02:00;03:00;11
07.12.2020;03:00;04:00;15
07.12.2020;04:00;05:00;10
07.12.2020;05:00;06:00;5
07.12.2020;06:00;07:00;68
07.12.2020;07:00;08:00;274
07.12.2020;08:00;09:00;201
07.12.2020;09:00;10:00;199
07.12.2020;10:00;11:00;206
07.12.2020;11:00;12:00;93
07.12.2020;12:00;13:00;176
07.12.2020;13:00;14:00;142
07.12.2020;14:00;15:00;215
07.12.2020;15:00;16:00;94
07.12.2020;16:00;17:00;54
07.12.2020;17:00;18:00;107
07.12.2020;18:00;19:00;116
07.12.2020;19:00;20:00;143
07.12.2020;20:00;21:00;78
07.12.2020;21:00;22:00;50
07.12.2020;22:00;23:00;54
07.12.2020;23:00;00:00;8
08.12.2020;00:00;01:00;43
08.12.2020;01:00;02:00;37
08.12.2020;02:00;03:00;34
08.12.2020;03:00;04:00;1
08.12.2020;04:00;05:00;17
08.12.2020;05:00;06:00;16
08.12.2020;06:00;07:00;29
08.12.2020;07:00;08:00;136
08.12.2020;08:00;09:00;138
08.12.2020;09:00;10:00;262
08.12.2020;10:00;11:00;256
08.12.2020;11:00;12:00;263
08.12.2020;12:00;13:00;202
08.12.2020;13:00;14:00;170
08.12.2020;14:00;15:00;103
08.12.2020;15:00;16:00;115
08.12.2020;16:00;17:00;187
08.12.2020;17:00;18:00;192
08.12.2020;18:00;19:00;176
08.12.2020;19:00;20:00;184
08.12.2020;20:00;21:00;137
08.12.2020;21:00;22:00;40
08.12.2020;22:00;23:00;57
08.12.2020;23:00;00:00;33
09.12.2020;00:00;01:00;0
09.12.2020;01:00;02:00;0
09.12.2020;02:00;03:00;0
09.12.2020;03:00;04:00;0
09.12.2020;04:00;05:00;0
09.12.2020;05:00;06:00;8
09.12.2020;06:00;07:00;124
09.12.2020;07:00;08:00;262
09.12.2020;08:00;09:00;222
09.12.2020;09:00;10:00;235
09.12.2020;10:00;11:00;257
09.12.2020;11:00;12:00;244
09.12.2020;12:00;13:00;269
09.12.2020;13:00;14:00;265
09.12.2020;14:00;15:00;264
09.12.2020;15:00;16:00;252
09.12.2020;16:00;17:00;244
09.12.2020;17:00;18:00;214
09.12.2020;18:00;19:00;214
09.12.2020;19:00;20:00;208
09.12.2020;20:00;21:00;169
09.12.2020;21:00;22:00;172
09.12.2020;22:00;23:00;116
09.12.2020;23:00;00:00;95
10.12.2020;00:00;01:00;3
10.12.2020;01:00;02:00;0
10.12.2020;02:00;03:00;0
10.12.2020;03:00;04:00;0
10.12.2020;04:00;05:00;0
10.12.2020;05:00;06:00;0
10.12.2020;06:00;07:00;26
10.12.2020;07:00;08:00;214
10.12.2020;08:00;09:00;210
10.12.2020;09:00;10:00;230
10.12.2020;10:00;11:00;212
10.12.2020;11:00;12:00;240
10.12.2020;12:00;13:00;249
10.12.2020;13:00;14:00;285
10.12.2020;14:00;15:00;265
10.12.2020;15:00;16:00;276
10.12.2020;16:00;17:00;247
10.12.2020;17:00;18:00;258
10.12.2020;18:00;19:00;246
10.12.2020;19:00;20:00;146
10.12.2020;20:00;21:00;59
10.12.2020;21:00;22:00;32
10.12.2020;22:00;23:00;0
10.12.2020;23:00;00:00;0
11.12.2020;00:00;01:00;0
11.12.2020;01:00;02:00;0
11.12.2020;02:00;03:00;0
11.12.2020;03:00;04:00;0
11.12.2020;04:00;05:00;0
11.12.2020;05:00;06:00;0
11.12.2020;06:00;07:00;113
11.12.2020;07:00;08:00;168
11.12.2020;08:00;09:00;308
11.12.2020;09:00;10:00;174
11.12.2020;10:00;11:00;268
11.12.2020;11:00;12:00;286
11.12.2020;12:00;13:00;241
11.12.2020;13:00;14:00;200
11.12.2020;14:00;15:00;177
11.12.2020;15:00;16:00;291
11.12.2020;16:00;17:00;223
11.12.2020;17:00;18:00;235
11.12.2020;18:00;19:00;127
11.12.2020;19:00;20:00;57
11.12.2020;20:00;21:00;1
11.12.2020;21:00;22:00;0
11.12.2020;22:00;23:00;0
11.12.2020;23:00;00:00;1
12.12.2020;00:00;01:00;5
12.12.2020;01:00;02:00;23
12.12.2020;02:00;03:00;10
12.12.2020;03:00;04:00;2
12.12.2020;04:00;05:00;0
12.12.2020;05:00;06:00;0
12.12.2020;06:00;07:00;0
12.12.2020;07:00;08:00;0
12.12.2020;08:00;09:00;0
12.12.2020;09:00;10:00;47
12.12.2020;10:00;11:00;119
12.12.2020;11:00;12:00;115
12.12.2020;12:00;13:00;101
12.12.2020;13:00;14:00;206
12.12.2020;14:00;15:00;253
12.12.2020;15:00;16:00;287
12.12.2020;16:00;17:00;303
12.12.2020;17:00;18:00;311
12.12.2020;18:00;19:00;305
12.12.2020;19:00;20:00;303
12.12.2020;20:00;21:00;136
12.12.2020;21:00;22:00;1
12.12.2020;22:00;23:00;0
12.12.2020;23:00;00:00;0
13.12.2020;00:00;01:00;0
13.12.2020;01:00;02:00;0
13.12.2020;02:00;03:00;0
13.12.2020;03:00;04:00;0
13.12.2020;04:00;05:00;0
13.12.2020;05:00;06:00;0
13.12.2020;06:00;07:00;0
13.12.2020;07:00;08:00;0
13.12.2020;08:00;09:00;0
13.12.2020;09:00;10:00;0
13.12.2020;10:00;11:00;0
13.12.2020;11:00;12:00;0
13.12.2020;12:00;13:00;0
13.12.2020;13:00;14:00;0
13.12.2020;14:00;15:00;0
13.12.2020;15:00;16:00;0
13.12.2020;16:00;17:00;0
13.12.2020;17:00;18:00;0
13.12.2020;18:00;19:00;0
13.12.2020;19:00;20:00;0
13.12.2020;20:00;21:00;0
13.12.2020;21:00;22:00;0
13.12.2020;22:00;23:00;0
13.12.2020;23:00;00:00;0
14.12.2020;00:00;01:00;0
14.12.2020;01:00;02:00;0
14.12.2020;02:00;03:00;0
14.12.2020;03:00;04:00;0
14.12.2020;04:00;05:00;0
14.12.2020;05:00;06:00;0
14.12.2020;06:00;07:00;1
14.12.2020;07:00;08:00;289
14.12.2020;08:00;09:00;297
14.12.2020;09:00;10:00;299
14.12.2020;10:00;11:00;250
14.12.2020;11:00;12:00;243
14.12.2020;12:00;13:00;8
14.12.2020;13:00;14:00;0
14.12.2020;14:00;15:00;169
14.12.2020;15:00;16:00;68
14.12.2020;16:00;17:00;182
14.12.2020;17:00;18:00;187
14.12.2020;18:00;19:00;89
14.12.2020;19:00;20:00;22
14.12.2020;20:00;21:00;0
14.12.2020;21:00;22:00;0
14.12.2020;22:00;23:00;0
14.12.2020;23:00;00:00;0
15.12.2020;00:00;01:00;0
15.12.2020;01:00;02:00;0
15.12.2020;02:00;03:00;0
15.12.2020;03:00;04:00;0
15.12.2020;04:00;05:00;0
15.12.2020;05:00;06:00;0
15.12.2020;06:00;07:00;0
15.12.2020;07:00;08:00;0
15.12.2020;08:00;09:00;0
15.12.2020;09:00;10:00;25
15.12.2020;10:00;11:00;103
15.12.2020;11:00;12:00;59
15.12.2020;12:00;13:00;53
15.12.2020;13:00;14:00;26
15.12.2020;14:00;15:00;8
15.12.2020;15:00;16:00;25
15.12.2020;16:00;17:00;58
15.12.2020;17:00;18:00;59
15.12.2020;18:00;19:00;121
15.12.2020;19:00;20:00;151
15.12.2020;20:00;21:00;122
15.12.2020;21:00;22:00;4
15.12.2020;22:00;23:00;27
15.12.2020;23:00;00:00;6
16.12.2020;00:00;01:00;49
16.12.2020;01:00;02:00;33
16.12.2020;02:00;03:00;0
16.12.2020;03:00;04:00;0
16.12.2020;04:00;05:00;43
16.12.2020;05:00;06:00;12
16.12.2020;06:00;07:00;68
16.12.2020;07:00;08:00;275
16.12.2020;08:00;09:00;264
16.12.2020;09:00;10:00;127
16.12.2020;10:00;11:00;178
16.12.2020;11:00;12:00;216
16.12.2020;12:00;13:00;210
16.12.2020;13:00;14:00;211
16.12.2020;14:00;15:00;169
16.12.2020;15:00;16:00;182
16.12.2020;16:00;17:00;197
16.12.2020;17:00;18:00;102
16.12.2020;18:00;19:00;210
16.12.2020;19:00;20:00;77
16.12.2020;20:00;21:00;135
16.12.2020;21:00;22:00;148
16.12.2020;22:00;23:00;19
16.12.2020;23:00;00:00;2
17.12.2020;00:00;01:00;284
17.12.2020;01:00;02:00;91
17.12.2020;02:00;03:00;5
17.12.2020;03:00;04:00;2
17.12.2020;04:00;05:00;27
17.12.2020;05:00;06:00;32
17.12.2020;06:00;07:00;179
17.12.2020;07:00;08:00;157
17.12.2020;08:00;09:00;226
17.12.2020;09:00;10:00;250
17.12.2020;10:00;11:00;188
17.12.2020;11:00;12:00;170
17.12.2020;12:00;13:00;171
17.12.2020;13:00;14:00;147
17.12.2020;14:00;15:00;158
17.12.2020;15:00;16:00;149
17.12.2020;16:00;17:00;106
17.12.2020;17:00;18:00;143
17.12.2020;18:00;19:00;97
17.12.2020;19:00;20:00;172
17.12.2020;20:00;21:00;204
17.12.2020;21:00;22:00;199
17.12.2020;22:00;23:00;156
17.12.2020;23:00;00:00;73
18.12.2020;00:00;01:00;57
18.12.2020;01:00;02:00;13
18.12.2020;02:00;03:00;29
18.12.2020;03:00;04:00;0
18.12.2020;04:00;05:00;2
18.12.2020;05:00;06:00;24
18.12.2020;06:00;07:00;14
18.12.2020;07:00;08:00;38
18.12.2020;08:00;09:00;50
18.12.2020;09:00;10:00;4
18.12.2020;10:00;11:00;0
18.12.2020;11:00;12:00;20
18.12.2020;12:00;13:00;31
18.12.2020;13:00;14:00;0
18.12.2020;14:00;15:00;17
18.12.2020;15:00;16:00;13
18.12.2020;16:00;17:00;39
18.12.2020;17:00;18:00;13
18.12.2020;18:00;19:00;0
18.12.2020;19:00;20:00;0
18.12.2020;20:00;21:00;0
18.12.2020;21:00;22:00;0
18.12.2020;22:00;23:00;0
18.12.2020;23:00;00:00;0
19.12.2020;00:00;01:00;0
19.12.2020;01:00;02:00;0
19.12.2020;02:00;03:00;0
19.12.2020;03:00;04:00;0
19.12.2020;04:00;05:00;0
19.12.2020;05:00;06:00;0
19.12.2020;06:00;07:00;0
19.12.2020;07:00;08:00;0
19.12.2020;08:00;09:00;0
19.12.2020;09:00;10:00;0
19.12.2020;10:00;11:00;0
19.12.2020;11:00;12:00;0
19.12.2020;12:00;13:00;0
19.12.2020;13:00;14:00;0
19.12.2020;14:00;15:00;0
19.12.2020;15:00;16:00;0
19.12.2020;16:00;17:00;0
19.12.2020;17:00;18:00;0
19.12.2020;18:00;19:00;0
19.12.2020;19:00;20:00;0
19.12.2020;20:00;21:00;0
19.12.2020;21:00;22:00;0
19.12.2020;22:00;23:00;0
19.12.2020;23:00;00:00;0
20.12.2020;00:00;01:00;0
20.12.2020;01:00;02:00;0
20.12.2020;02:00;03:00;0
20.12.2020;03:00;04:00;0
20.12.2020;04:00;05:00;0
20.12.2020;05:00;06:00;0
20.12.2020;06:00;07:00;0
20.12.2020;07:00;08:00;0
20.12.2020;08:00;09:00;0
20.12.2020;09:00;10:00;0
20.12.2020;10:00;11:00;0
20.12.2020;11:00;12:00;0
20.12.2020;12:00;13:00;0
20.12.2020;13:00;14:00;0
20.12.2020;14:00;15:00;0
20.12.2020;15:00;16:00;0
20.12.2020;16:00;17:00;0
20.12.2020;17:00;18:00;0
20.12.2020;18:00;19:00;0
20.12.2020;19:00;20:00;0
20.12.2020;20:00;21:00;0
20.12.2020;21:00;22:00;0
20.12.2020;22:00;23:00;0
20.12.2020;23:00;00:00;0
21.12.2020;00:00;01:00;0
21.12.2020;01:00;02:00;0
21.12.2020;02:00;03:00;5
21.12.2020;03:00;04:00;54
21.12.2020;04:00;05:00;110
21.12.2020;05:00;06:00;55
21.12.2020;06:00;07:00;103
21.12.2020;07:00;08:00;66
21.12.2020;08:00;09:00;92
21.12.2020;09:00;10:00;78
21.12.2020;10:00;11:00;82
21.12.2020;11:00;12:00;88
21.12.2020;12:00;13:00;82
21.12.2020;13:00;14:00;109
21.12.2020;14:00;15:00;115
21.12.2020;15:00;16:00;85
21.12.2020;16:00;17:00;90
21.12.2020;17:00;18:00;96
21.12.2020;18:00;19:00;100
21.12.2020;19:00;20:00;97
21.12.2020;20:00;21:00;15
21.12.2020;21:00;22:00;11
21.12.2020;22:00;23:00;0
21.12.2020;23:00;00:00;0
22.12.2020;00:00;01:00;0
22.12.2020;01:00;02:00;0
22.12.2020;02:00;03:00;0
22.12.2020;03:00;04:00;0
22.12.2020;04:00;05:00;0
22.12.2020;05:00;06:00;0
22.12.2020;06:00;07:00;0
22.12.2020;07:00;08:00;2
22.12.2020;08:00;09:00;17
22.12.2020;09:00;10:00;11
22.12.2020;10:00;11:00;15
22.12.2020;11:00;12:00;19
22.12.2020;12:00;13:00;8
22.12.2020;13:00;14:00;0
22.12.2020;14:00;15:00;0
22.12.2020;15:00;16:00;0
22.12.2020;16:00;17:00;0
22.12.2020;17:00;18:00;0
22.12.2020;18:00;19:00;0
22.12.2020;19:00;20:00;0
22.12.2020;20:00;21:00;0
22.12.2020;21:00;22:00;0
22.12.2020;22:00;23:00;0
22.12.2020;23:00;00:00;0
23.12.2020;00:00;01:00;0
23.12.2020;01:00;02:00;0
23.12.2020;02:00;03:00;0
23.12.2020;03:00;04:00;0
23.12.2020;04:00;05:00;0
23.12.2020;05:00;06:00;0
23.12.2020;06:00;07:00;0
23.12.2020;07:00;08:00;0
23.12.2020;08:00;09:00;0
23.12.2020;09:00;10:00;0
23.12.2020;10:00;11:00;0
23.12.2020;11:00;12:00;0
23.12.2020;12:00;13:00;0
23.12.2020;13:00;14:00;0
23.12.2020;14:00;15:00;0
23.12.2020;15:00;16:00;0
23.12.2020;16:00;17:00;0
23.12.2020;17:00;18:00;0
23.12.2020;18:00;19:00;0
23.12.2020;19:00;20:00;0
23.12.2020;20:00;21:00;12
23.12.2020;21:00;22:00;0
23.12.2020;22:00;23:00;0
23.12.2020;23:00;00:00;0
24.12.2020;00:00;01:00;0
24.12.2020;01:00;02:00;0
24.12.2020;02:00;03:00;0
24.12.2020;03:00;04:00;0
24.12.2020;04:00;05:00;0
24.12.2020;05:00;06:00;0
24.12.2020;06:00;07:00;0
24.12.2020;07:00;08:00;0
24.12.2020;08:00;09:00;0
24.12.2020;09:00;10:00;0
24.12.2020;10:00;11:00;0
24.12.2020;11:00;12:00;0
24.12.2020;12:00;13:00;0
24.12.2020;13:00;14:00;0
24.12.2020;14:00;15:00;0
24.12.2020;15:00;16:00;0
24.12.2020;16:00;17:00;0
24.12.2020;17:00;18:00;0
24.12.2020;18:00;19:00;0
24.12.2020;19:00;20:00;0
24.12.2020;20:00;21:00;0
24.12.2020;21:00;22:00;0
24.12.2020;22:00;23:00;0
24.12.2020;23:00;00:00;0
25.12.2020;00:00;01:00;0
25.12.2020;01:00;02:00;0
25.12.2020;02:00;03:00;0
25.12.2020;03:00;04:00;0
25.12.2020;04:00;05:00;0
25.12.2020;05:00;06:00;0
25.12.2020;06:00;07:00;0
25.12.2020;07:00;08:00;0
25.12.2020;08:00;09:00;0
25.12.2020;09:00;10:00;0
25.12.2020;10:00;11:00;21
25.12.2020;11:00;12:00;33
25.12.2020;12:00;13:00;3
25.12.2020;13:00;14:00;1
25.12.2020;14:00;15:00;0
25.12.2020;15:00;16:00;0
25.12.2020;16:00;17:00;0
25.12.2020;17:00;18:00;26
25.12.2020;18:00;19:00;8
25.12.2020;19:00;20:00;0
25.12.2020;20:00;21:00;0
25.12.2020;21:00;22:00;0
25.12.2020;22:00;23:00;0
25.12.2020;23:00;00:00;0
26.12.2020;00:00;01:00;0
26.12.2020;01:00;02:00;0
26.12.2020;02:00;03:00;0
26.12.2020;03:00;04:00;0
26.12.2020;04:00;05:00;0
26.12.2020;05:00;06:00;0
26.12.2020;06:00;07:00;0
26.12.2020;07:00;08:00;0
26.12.2020;08:00;09:00;0
26.12.2020;09:00;10:00;0
26.12.2020;10:00;11:00;0
26.12.2020;11:00;12:00;0
26.12.2020;12:00;13:00;0
26.12.2020;13:00;14:00;0
26.12.2020;14:00;15:00;0
26.12.2020;15:00;16:00;0
26.12.2020;16:00;17:00;0
26.12.2020;17:00;18:00;0
26.12.2020;18:00;19:00;0
26.12.2020;19:00;20:00;0
26.12.2020;20:00;21:00;0
26.12.2020;21:00;22:00;0
26.12.2020;22:00;23:00;0
26.12.2020;23:00;00:00;0
27.12.2020;00:00;01:00;0
27.12.2020;01:00;02:00;0
27.12.2020;02:00;03:00;0
27.12.2020;03:00;04:00;0
27.12.2020;04:00;05:00;0
27.12.2020;05:00;06:00;0
27.12.2020;06:00;07:00;0
27.12.2020;07:00;08:00;0
27.12.2020;08:00;09:00;0
27.12.2020;09:00;10:00;11
27.12.2020;10:00;11:00;2
27.12.2020;11:00;12:00;13
27.12.2020;12:00;13:00;11
27.12.2020;13:00;14:00;3
27.12.2020;14:00;15:00;40
27.12.2020;15:00;16:00;43
27.12.2020;16:00;17:00;53
27.12.2020;17:00;18:00;24
27.12.2020;18:00;19:00;23
27.12.2020;19:00;20:00;23
27.12.2020;20:00;21:00;50
27.12.2020;21:00;22:00;59
27.12.2020;22:00;23:00;35
27.12.2020;23:00;00:00;46
28.12.2020;00:00;01:00;31
28.12.2020;01:00;02:00;5
28.12.2020;02:00;03:00;2
28.12.2020;03:00;04:00;2
28.12.2020;04:00;05:00;13
28.12.2020;05:00;06:00;37
28.12.2020;06:00;07:00;113
28.12.2020;07:00;08:00;105
28.12.2020;08:00;09:00;200
28.12.2020;09:00;10:00;276
28.12.2020;10:00;11:00;256
28.12.2020;11:00;12:00;188
28.12.2020;12:00;13:00;275
28.12.2020;13:00;14:00;150
28.12.2020;14:00;15:00;231
28.12.2020;15:00;16:00;188
28.12.2020;16:00;17:00;218
28.12.2020;17:00;18:00;166
28.12.2020;18:00;19:00;225
28.12.2020;19:00;20:00;150
28.12.2020;20:00;21:00;205
28.12.2020;21:00;22:00;205
28.12.2020;22:00;23:00;153
28.12.2020;23:00;00:00;78
29.12.2020;00:00;01:00;119
29.12.2020;01:00;02:00;118
29.12.2020;02:00;03:00;62
29.12.2020;03:00;04:00;10
29.12.2020;04:00;05:00;0
29.12.2020;05:00;06:00;16
29.12.2020;06:00;07:00;28
29.12.2020;07:00;08:00;39
29.12.2020;08:00;09:00;145
29.12.2020;09:00;10:00;103
29.12.2020;10:00;11:00;62
29.12.2020;11:00;12:00;18
29.12.2020;12:00;13:00;53
29.12.2020;13:00;14:00;24
29.12.2020;14:00;15:00;54
29.12.2020;15:00;16:00;80
29.12.2020;16:00;17:00;56
29.12.2020;17:00;18:00;150
29.12.2020;18:00;19:00;190
29.12.2020;19:00;20:00;89
29.12.2020;20:00;21:00;30
29.12.2020;21:00;22:00;27
29.12.2020;22:00;23:00;6
29.12.2020;23:00;00:00;2
30.12.2020;00:00;01:00;5
30.12.2020;01:00;02:00;8
30.12.2020;02:00;03:00;6
30.12.2020;03:00;04:00;0
30.12.2020;04:00;05:00;2
30.12.2020;05:00;06:00;2
30.12.2020;06:00;07:00;7
30.12.2020;07:00;08:00;1
30.12.2020;08:00;09:00;0
30.12.2020;09:00;10:00;0
30.12.2020;10:00;11:00;0
30.12.2020;11:00;12:00;0
30.12.2020;12:00;13:00;0
30.12.2020;13:00;14:00;0
30.12.2020;14:00;15:00;0
30.12.2020;15:00;16:00;0
30.12.2020;16:00;17:00;0
30.12.2020;17:00;18:00;0
30.12.2020;18:00;19:00;0
30.12.2020;19:00;20:00;0
30.12.2020;20:00;21:00;0
30.12.2020;21:00;22:00;0
30.12.2020;22:00;23:00;0
30.12.2020;23:00;00:00;0
31.12.2020;00:00;01:00;12
31.12.2020;01:00;02:00;0
31.12.2020;02:00;03:00;19
31.12.2020;03:00;04:00;0
31.12.2020;04:00;05:00;0
31.12.2020;05:00;06:00;0
31.12.2020;06:00;07:00;0
31.12.2020;07:00;08:00;0
31.12.2020;08:00;09:00;0
31.12.2020;09:00;10:00;0
31.12.2020;10:00;11:00;0
31.12.2020;11:00;12:00;0
31.12.2020;12:00;13:00;0
31.12.2020;13:00;14:00;0
31.12.2020;14:00;15:00;0
31.12.2020;15:00;16:00;0
31.12.2020;16:00;17:00;0
31.12.2020;17:00;18:00;0
31.12.2020;18:00;19:00;0
31.12.2020;19:00;20:00;0
31.12.2020;20:00;21:00;0
31.12.2020;21:00;22:00;0
31.12.2020;22:00;23:00;0
31.12.2020;23:00;00:00;0
