Date;Start;End;Generation_DE Wehr A [MW] Original resolutions;Generation_DE Witznau B [MW] Original resolutions
01.01.2021;00:00;01:00;96;-
01.01.2021;01:00;02:00;10;-
01.01.2021;02:00;03:00;0;-
01.01.2021;03:00;04:00;0;-
01.01.2021;04:00;05:00;0;-
01.01.2021;05:00;06:00;10;-
01.01.2021;06:00;07:00;0;-
01.01.2021;07:00;08:00;205;-
01.01.2021;08:00;09:00;3;-
01.01.2021;09:00;10:00;0;-
01.01.2021;10:00;11:00;0;-
01.01.2021;11:00;12:00;0;-
01.01.2021;12:00;13:00;0;-
01.01.2021;13:00;14:00;0;-
01.01.2021;14:00;15:00;0;-
01.01.2021;15:00;16:00;0;-
01.01.2021;16:00;17:00;65;-
01.01.2021;17:00;18:00;48;-
01.01.2021;18:00;19:00;112;-
01.01.2021;19:00;20:00;113;-
01.01.2021;20:00;21:00;71;-
01.01.2021;21:00;22:00;113;-
01.01.2021;22:00;23:00;65;-
01.01.2021;23:00;00:00;14;-
02.01.2021;00:00;01:00;0;-
02.01.2021;01:00;02:00;0;-
02.01.2021;02:00;03:00;0;-
02.01.2021;03:00;04:00;0;-
02.01.2021;04:00;05:00;0;-
02.01.2021;05:00;06:00;0;-
02.01.2021;06:00;07:00;0;-
02.01.2021;07:00;08:00;3;-
02.01.2021;08:00;09:00;0;-
02.01.2021;09:00;10:00;12;-
02.01.2021;10:00;11:00;67;-
02.01.2021;11:00;12:00;5;-
02.01.2021;12:00;13:00;18;-
02.01.2021;13:00;14:00;39;-
02.01.2021;14:00;15:00;116;-
02.01.2021;15:00;16:00;45;-
02.01.2021;16:00;17:00;69;-
02.01.2021;17:00;18:00;179;-
02.01.2021;18:00;19:00;187;-
02.01.2021;19:00;20:00;198;-
02.01.2021;20:00;21:00;184;-
02.01.2021;21:00;22:00;85;-
02.01.2021;22:00;23:00;5;-
02.01.2021;23:00;00:00;1;-
03.01.2021;00:00;01:00;0;-
03.01.2021;01:00;02:00;0;-
03.01.2021;02:00;03:00;0;-
03.01.2021;03:00;04:00;0;-
03.01.2021;04:00;05:00;0;-
03.01.2021;05:00;06:00;0;-
03.01.2021;06:00;07:00;0;-
03.01.2021;07:00;08:00;0;-
03.01.2021;08:00;09:00;9;-
03.01.2021;09:00;10:00;4;-
03.01.2021;10:00;11:00;43;-
03.01.2021;11:00;12:00;64;-
03.01.2021;12:00;13:00;110;-
03.01.2021;13:00;14:00;6;-
03.01.2021;14:00;15:00;134;-
03.01.2021;15:00;16:00;0;-
03.01.2021;16:00;17:00;109;-
03.01.2021;17:00;18:00;219;-
03.01.2021;18:00;19:00;216;-
03.01.2021;19:00;20:00;193;-
03.01.2021;20:00;21:00;2;-
03.01.2021;21:00;22:00;2;-
03.01.2021;22:00;23:00;51;-
03.01.2021;23:00;00:00;0;-
04.01.2021;00:00;01:00;0;-
04.01.2021;01:00;02:00;0;-
04.01.2021;02:00;03:00;0;-
04.01.2021;03:00;04:00;0;-
04.01.2021;04:00;05:00;0;-
04.01.2021;05:00;06:00;0;-
04.01.2021;06:00;07:00;1;-
04.01.2021;07:00;08:00;0;-
04.01.2021;08:00;09:00;0;-
04.01.2021;09:00;10:00;9;-
04.01.2021;10:00;11:00;189;-
04.01.2021;11:00;12:00;47;-
04.01.2021;12:00;13:00;218;-
04.01.2021;13:00;14:00;32;-
04.01.2021;14:00;15:00;67;-
04.01.2021;15:00;16:00;10;-
04.01.2021;16:00;17:00;0;-
04.01.2021;17:00;18:00;109;-
04.01.2021;18:00;19:00;162;-
04.01.2021;19:00;20:00;166;-
04.01.2021;20:00;21:00;222;-
04.01.2021;21:00;22:00;8;-
04.01.2021;22:00;23:00;42;-
04.01.2021;23:00;00:00;0;-
05.01.2021;00:00;01:00;0;-
05.01.2021;01:00;02:00;0;-
05.01.2021;02:00;03:00;0;-
05.01.2021;03:00;04:00;0;-
05.01.2021;04:00;05:00;0;-
05.01.2021;05:00;06:00;0;-
05.01.2021;06:00;07:00;57;-
05.01.2021;07:00;08:00;3;-
05.01.2021;08:00;09:00;146;-
05.01.2021;09:00;10:00;13;-
05.01.2021;10:00;11:00;149;-
05.01.2021;11:00;12:00;161;-
05.01.2021;12:00;13:00;161;-
05.01.2021;13:00;14:00;9;-
05.01.2021;14:00;15:00;52;-
05.01.2021;15:00;16:00;217;-
05.01.2021;16:00;17:00;222;-
05.01.2021;17:00;18:00;223;-
05.01.2021;18:00;19:00;140;-
05.01.2021;19:00;20:00;113;-
05.01.2021;20:00;21:00;119;-
05.01.2021;21:00;22:00;0;-
05.01.2021;22:00;23:00;0;-
05.01.2021;23:00;00:00;0;-
06.01.2021;00:00;01:00;0;-
06.01.2021;01:00;02:00;0;-
06.01.2021;02:00;03:00;0;-
06.01.2021;03:00;04:00;0;-
06.01.2021;04:00;05:00;0;-
06.01.2021;05:00;06:00;0;-
06.01.2021;06:00;07:00;0;-
06.01.2021;07:00;08:00;0;-
06.01.2021;08:00;09:00;0;-
06.01.2021;09:00;10:00;0;-
06.01.2021;10:00;11:00;0;-
06.01.2021;11:00;12:00;0;-
06.01.2021;12:00;13:00;0;-
06.01.2021;13:00;14:00;0;-
06.01.2021;14:00;15:00;0;-
06.01.2021;15:00;16:00;45;-
06.01.2021;16:00;17:00;223;-
06.01.2021;17:00;18:00;189;-
06.01.2021;18:00;19:00;5;-
06.01.2021;19:00;20:00;0;-
06.01.2021;20:00;21:00;0;-
06.01.2021;21:00;22:00;0;-
06.01.2021;22:00;23:00;0;-
06.01.2021;23:00;00:00;0;-
07.01.2021;00:00;01:00;0;-
07.01.2021;01:00;02:00;0;-
07.01.2021;02:00;03:00;0;-
07.01.2021;03:00;04:00;0;-
07.01.2021;04:00;05:00;0;-
07.01.2021;05:00;06:00;0;-
07.01.2021;06:00;07:00;30;-
07.01.2021;07:00;08:00;42;-
07.01.2021;08:00;09:00;112;-
07.01.2021;09:00;10:00;120;-
07.01.2021;10:00;11:00;198;-
07.01.2021;11:00;12:00;202;-
07.01.2021;12:00;13:00;155;-
07.01.2021;13:00;14:00;6;-
07.01.2021;14:00;15:00;0;-
07.01.2021;15:00;16:00;0;-
07.01.2021;16:00;17:00;0;-
07.01.2021;17:00;18:00;212;-
07.01.2021;18:00;19:00;159;-
07.01.2021;19:00;20:00;161;-
07.01.2021;20:00;21:00;15;-
07.01.2021;21:00;22:00;0;-
07.01.2021;22:00;23:00;0;-
07.01.2021;23:00;00:00;0;-
08.01.2021;00:00;01:00;0;-
08.01.2021;01:00;02:00;0;-
08.01.2021;02:00;03:00;0;-
08.01.2021;03:00;04:00;0;-
08.01.2021;04:00;05:00;0;-
08.01.2021;05:00;06:00;0;-
08.01.2021;06:00;07:00;0;-
08.01.2021;07:00;08:00;0;-
08.01.2021;08:00;09:00;5;-
08.01.2021;09:00;10:00;202;-
08.01.2021;10:00;11:00;159;-
08.01.2021;11:00;12:00;34;-
08.01.2021;12:00;13:00;130;-
08.01.2021;13:00;14:00;88;-
08.01.2021;14:00;15:00;0;-
08.01.2021;15:00;16:00;0;-
08.01.2021;16:00;17:00;0;-
08.01.2021;17:00;18:00;58;-
08.01.2021;18:00;19:00;34;-
08.01.2021;19:00;20:00;11;-
08.01.2021;20:00;21:00;5;-
08.01.2021;21:00;22:00;0;-
08.01.2021;22:00;23:00;0;-
08.01.2021;23:00;00:00;2;-
09.01.2021;00:00;01:00;3;-
09.01.2021;01:00;02:00;0;-
09.01.2021;02:00;03:00;0;-
09.01.2021;03:00;04:00;0;-
09.01.2021;04:00;05:00;0;-
09.01.2021;05:00;06:00;0;-
09.01.2021;06:00;07:00;0;-
09.01.2021;07:00;08:00;0;-
09.01.2021;08:00;09:00;0;-
09.01.2021;09:00;10:00;0;-
09.01.2021;10:00;11:00;0;-
09.01.2021;11:00;12:00;0;-
09.01.2021;12:00;13:00;0;-
09.01.2021;13:00;14:00;0;-
09.01.2021;14:00;15:00;0;-
09.01.2021;15:00;16:00;0;-
09.01.2021;16:00;17:00;18;-
09.01.2021;17:00;18:00;219;-
09.01.2021;18:00;19:00;224;-
09.01.2021;19:00;20:00;223;-
09.01.2021;20:00;21:00;15;-
09.01.2021;21:00;22:00;30;-
09.01.2021;22:00;23:00;173;-
09.01.2021;23:00;00:00;6;-
10.01.2021;00:00;01:00;0;-
10.01.2021;01:00;02:00;0;-
10.01.2021;02:00;03:00;2;-
10.01.2021;03:00;04:00;0;-
10.01.2021;04:00;05:00;0;-
10.01.2021;05:00;06:00;0;-
10.01.2021;06:00;07:00;0;-
10.01.2021;07:00;08:00;0;-
10.01.2021;08:00;09:00;0;-
10.01.2021;09:00;10:00;0;-
10.01.2021;10:00;11:00;0;-
10.01.2021;11:00;12:00;0;-
10.01.2021;12:00;13:00;0;-
10.01.2021;13:00;14:00;0;-
10.01.2021;14:00;15:00;0;-
10.01.2021;15:00;16:00;0;-
10.01.2021;16:00;17:00;146;-
10.01.2021;17:00;18:00;223;-
10.01.2021;18:00;19:00;209;-
10.01.2021;19:00;20:00;91;-
10.01.2021;20:00;21:00;8;-
10.01.2021;21:00;22:00;0;-
10.01.2021;22:00;23:00;102;-
10.01.2021;23:00;00:00;0;-
11.01.2021;00:00;01:00;0;-
11.01.2021;01:00;02:00;0;-
11.01.2021;02:00;03:00;0;-
11.01.2021;03:00;04:00;0;-
11.01.2021;04:00;05:00;0;-
11.01.2021;05:00;06:00;0;-
11.01.2021;06:00;07:00;0;-
11.01.2021;07:00;08:00;0;-
11.01.2021;08:00;09:00;213;-
11.01.2021;09:00;10:00;222;-
11.01.2021;10:00;11:00;177;-
11.01.2021;11:00;12:00;0;-
11.01.2021;12:00;13:00;0;-
11.01.2021;13:00;14:00;0;-
11.01.2021;14:00;15:00;0;-
11.01.2021;15:00;16:00;0;-
11.01.2021;16:00;17:00;27;-
11.01.2021;17:00;18:00;119;-
11.01.2021;18:00;19:00;62;-
11.01.2021;19:00;20:00;15;-
11.01.2021;20:00;21:00;0;-
11.01.2021;21:00;22:00;0;-
11.01.2021;22:00;23:00;0;-
11.01.2021;23:00;00:00;0;-
12.01.2021;00:00;01:00;0;-
12.01.2021;01:00;02:00;0;-
12.01.2021;02:00;03:00;0;-
12.01.2021;03:00;04:00;0;-
12.01.2021;04:00;05:00;0;-
12.01.2021;05:00;06:00;0;-
12.01.2021;06:00;07:00;2;-
12.01.2021;07:00;08:00;48;-
12.01.2021;08:00;09:00;200;-
12.01.2021;09:00;10:00;171;-
12.01.2021;10:00;11:00;158;-
12.01.2021;11:00;12:00;168;-
12.01.2021;12:00;13:00;47;-
12.01.2021;13:00;14:00;1;-
12.01.2021;14:00;15:00;0;-
12.01.2021;15:00;16:00;0;-
12.01.2021;16:00;17:00;208;-
12.01.2021;17:00;18:00;223;-
12.01.2021;18:00;19:00;182;-
12.01.2021;19:00;20:00;82;-
12.01.2021;20:00;21:00;15;-
12.01.2021;21:00;22:00;0;-
12.01.2021;22:00;23:00;48;-
12.01.2021;23:00;00:00;0;-
13.01.2021;00:00;01:00;0;-
13.01.2021;01:00;02:00;0;-
13.01.2021;02:00;03:00;0;-
13.01.2021;03:00;04:00;0;-
13.01.2021;04:00;05:00;0;-
13.01.2021;05:00;06:00;0;-
13.01.2021;06:00;07:00;18;-
13.01.2021;07:00;08:00;0;-
13.01.2021;08:00;09:00;53;-
13.01.2021;09:00;10:00;104;-
13.01.2021;10:00;11:00;9;-
13.01.2021;11:00;12:00;0;-
13.01.2021;12:00;13:00;0;-
13.01.2021;13:00;14:00;0;-
13.01.2021;14:00;15:00;0;-
13.01.2021;15:00;16:00;0;-
13.01.2021;16:00;17:00;0;-
13.01.2021;17:00;18:00;0;-
13.01.2021;18:00;19:00;0;-
13.01.2021;19:00;20:00;0;-
13.01.2021;20:00;21:00;0;-
13.01.2021;21:00;22:00;0;-
13.01.2021;22:00;23:00;0;-
13.01.2021;23:00;00:00;0;-
14.01.2021;00:00;01:00;0;-
14.01.2021;01:00;02:00;0;-
14.01.2021;02:00;03:00;0;-
14.01.2021;03:00;04:00;0;-
14.01.2021;04:00;05:00;0;-
14.01.2021;05:00;06:00;0;-
14.01.2021;06:00;07:00;0;-
14.01.2021;07:00;08:00;0;-
14.01.2021;08:00;09:00;42;-
14.01.2021;09:00;10:00;107;-
14.01.2021;10:00;11:00;137;-
14.01.2021;11:00;12:00;222;-
14.01.2021;12:00;13:00;182;-
14.01.2021;13:00;14:00;0;-
14.01.2021;14:00;15:00;177;-
14.01.2021;15:00;16:00;223;-
14.01.2021;16:00;17:00;32;-
14.01.2021;17:00;18:00;165;-
14.01.2021;18:00;19:00;105;-
14.01.2021;19:00;20:00;7;-
14.01.2021;20:00;21:00;70;-
14.01.2021;21:00;22:00;1;-
14.01.2021;22:00;23:00;0;-
14.01.2021;23:00;00:00;0;-
15.01.2021;00:00;01:00;0;-
15.01.2021;01:00;02:00;0;-
15.01.2021;02:00;03:00;0;-
15.01.2021;03:00;04:00;0;-
15.01.2021;04:00;05:00;0;-
15.01.2021;05:00;06:00;0;-
15.01.2021;06:00;07:00;62;-
15.01.2021;07:00;08:00;223;-
15.01.2021;08:00;09:00;28;-
15.01.2021;09:00;10:00;187;-
15.01.2021;10:00;11:00;51;-
15.01.2021;11:00;12:00;223;-
15.01.2021;12:00;13:00;106;-
15.01.2021;13:00;14:00;0;-
15.01.2021;14:00;15:00;0;-
15.01.2021;15:00;16:00;0;-
15.01.2021;16:00;17:00;196;-
15.01.2021;17:00;18:00;223;-
15.01.2021;18:00;19:00;222;-
15.01.2021;19:00;20:00;206;-
15.01.2021;20:00;21:00;181;-
15.01.2021;21:00;22:00;32;-
15.01.2021;22:00;23:00;19;-
15.01.2021;23:00;00:00;19;-
16.01.2021;00:00;01:00;0;-
16.01.2021;01:00;02:00;0;-
16.01.2021;02:00;03:00;0;-
16.01.2021;03:00;04:00;0;-
16.01.2021;04:00;05:00;0;-
16.01.2021;05:00;06:00;0;-
16.01.2021;06:00;07:00;0;-
16.01.2021;07:00;08:00;0;-
16.01.2021;08:00;09:00;0;-
16.01.2021;09:00;10:00;0;-
16.01.2021;10:00;11:00;0;-
16.01.2021;11:00;12:00;0;-
16.01.2021;12:00;13:00;0;-
16.01.2021;13:00;14:00;0;-
16.01.2021;14:00;15:00;0;-
16.01.2021;15:00;16:00;0;-
16.01.2021;16:00;17:00;0;-
16.01.2021;17:00;18:00;0;-
16.01.2021;18:00;19:00;0;-
16.01.2021;19:00;20:00;42;-
16.01.2021;20:00;21:00;5;-
16.01.2021;21:00;22:00;0;-
16.01.2021;22:00;23:00;0;-
16.01.2021;23:00;00:00;0;-
17.01.2021;00:00;01:00;0;-
17.01.2021;01:00;02:00;0;-
17.01.2021;02:00;03:00;0;-
17.01.2021;03:00;04:00;0;-
17.01.2021;04:00;05:00;0;-
17.01.2021;05:00;06:00;0;-
17.01.2021;06:00;07:00;0;-
17.01.2021;07:00;08:00;0;-
17.01.2021;08:00;09:00;0;-
17.01.2021;09:00;10:00;0;-
17.01.2021;10:00;11:00;0;-
17.01.2021;11:00;12:00;0;-
17.01.2021;12:00;13:00;0;-
17.01.2021;13:00;14:00;16;-
17.01.2021;14:00;15:00;19;-
17.01.2021;15:00;16:00;29;-
17.01.2021;16:00;17:00;19;-
17.01.2021;17:00;18:00;55;-
17.01.2021;18:00;19:00;222;-
17.01.2021;19:00;20:00;193;-
17.01.2021;20:00;21:00;73;-
17.01.2021;21:00;22:00;0;-
17.01.2021;22:00;23:00;0;-
17.01.2021;23:00;00:00;0;-
18.01.2021;00:00;01:00;0;-
18.01.2021;01:00;02:00;0;-
18.01.2021;02:00;03:00;0;-
18.01.2021;03:00;04:00;0;-
18.01.2021;04:00;05:00;0;-
18.01.2021;05:00;06:00;0;-
18.01.2021;06:00;07:00;19;-
18.01.2021;07:00;08:00;63;-
18.01.2021;08:00;09:00;208;-
18.01.2021;09:00;10:00;216;-
18.01.2021;10:00;11:00;142;-
18.01.2021;11:00;12:00;67;-
18.01.2021;12:00;13:00;0;-
18.01.2021;13:00;14:00;0;-
18.01.2021;14:00;15:00;12;-
18.01.2021;15:00;16:00;7;-
18.01.2021;16:00;17:00;2;-
18.01.2021;17:00;18:00;1;-
18.01.2021;18:00;19:00;3;-
18.01.2021;19:00;20:00;0;-
18.01.2021;20:00;21:00;0;-
18.01.2021;21:00;22:00;3;-
18.01.2021;22:00;23:00;2;-
18.01.2021;23:00;00:00;0;-
19.01.2021;00:00;01:00;0;-
19.01.2021;01:00;02:00;0;-
19.01.2021;02:00;03:00;0;-
19.01.2021;03:00;04:00;0;-
19.01.2021;04:00;05:00;0;-
19.01.2021;05:00;06:00;0;-
19.01.2021;06:00;07:00;1;-
19.01.2021;07:00;08:00;43;-
19.01.2021;08:00;09:00;145;-
19.01.2021;09:00;10:00;76;-
19.01.2021;10:00;11:00;176;-
19.01.2021;11:00;12:00;196;-
19.01.2021;12:00;13:00;145;-
19.01.2021;13:00;14:00;198;-
19.01.2021;14:00;15:00;195;-
19.01.2021;15:00;16:00;224;-
19.01.2021;16:00;17:00;111;-
19.01.2021;17:00;18:00;200;-
19.01.2021;18:00;19:00;159;-
19.01.2021;19:00;20:00;64;-
19.01.2021;20:00;21:00;54;-
19.01.2021;21:00;22:00;0;-
19.01.2021;22:00;23:00;0;-
19.01.2021;23:00;00:00;0;-
20.01.2021;00:00;01:00;0;-
20.01.2021;01:00;02:00;0;-
20.01.2021;02:00;03:00;0;-
20.01.2021;03:00;04:00;0;-
20.01.2021;04:00;05:00;0;-
20.01.2021;05:00;06:00;0;-
20.01.2021;06:00;07:00;0;-
20.01.2021;07:00;08:00;2;-
20.01.2021;08:00;09:00;192;-
20.01.2021;09:00;10:00;180;-
20.01.2021;10:00;11:00;102;-
20.01.2021;11:00;12:00;14;-
20.01.2021;12:00;13:00;0;-
20.01.2021;13:00;14:00;0;-
20.01.2021;14:00;15:00;123;-
20.01.2021;15:00;16:00;187;-
20.01.2021;16:00;17:00;101;-
20.01.2021;17:00;18:00;79;-
20.01.2021;18:00;19:00;129;-
20.01.2021;19:00;20:00;34;-
20.01.2021;20:00;21:00;10;-
20.01.2021;21:00;22:00;2;-
20.01.2021;22:00;23:00;42;-
20.01.2021;23:00;00:00;0;-
21.01.2021;00:00;01:00;0;-
21.01.2021;01:00;02:00;0;-
21.01.2021;02:00;03:00;0;-
21.01.2021;03:00;04:00;0;-
21.01.2021;04:00;05:00;0;-
21.01.2021;05:00;06:00;0;-
21.01.2021;06:00;07:00;0;-
21.01.2021;07:00;08:00;91;-
21.01.2021;08:00;09:00;187;-
21.01.2021;09:00;10:00;9;-
21.01.2021;10:00;11:00;0;-
21.01.2021;11:00;12:00;0;-
21.01.2021;12:00;13:00;198;-
21.01.2021;13:00;14:00;1;-
21.01.2021;14:00;15:00;6;-
21.01.2021;15:00;16:00;139;-
21.01.2021;16:00;17:00;21;-
21.01.2021;17:00;18:00;18;-
21.01.2021;18:00;19:00;215;-
21.01.2021;19:00;20:00;186;-
21.01.2021;20:00;21:00;95;-
21.01.2021;21:00;22:00;1;-
21.01.2021;22:00;23:00;0;-
21.01.2021;23:00;00:00;0;-
22.01.2021;00:00;01:00;0;-
22.01.2021;01:00;02:00;0;-
22.01.2021;02:00;03:00;0;-
22.01.2021;03:00;04:00;0;-
22.01.2021;04:00;05:00;0;-
22.01.2021;05:00;06:00;0;-
22.01.2021;06:00;07:00;8;-
22.01.2021;07:00;08:00;105;-
22.01.2021;08:00;09:00;227;-
22.01.2021;09:00;10:00;197;-
22.01.2021;10:00;11:00;196;-
22.01.2021;11:00;12:00;203;-
22.01.2021;12:00;13:00;84;-
22.01.2021;13:00;14:00;7;-
22.01.2021;14:00;15:00;0;-
22.01.2021;15:00;16:00;6;-
22.01.2021;16:00;17:00;2;-
22.01.2021;17:00;18:00;147;-
22.01.2021;18:00;19:00;224;-
22.01.2021;19:00;20:00;2;-
22.01.2021;20:00;21:00;0;-
22.01.2021;21:00;22:00;2;-
22.01.2021;22:00;23:00;60;-
22.01.2021;23:00;00:00;37;-
23.01.2021;00:00;01:00;21;-
23.01.2021;01:00;02:00;2;-
23.01.2021;02:00;03:00;0;-
23.01.2021;03:00;04:00;0;-
23.01.2021;04:00;05:00;0;-
23.01.2021;05:00;06:00;0;-
23.01.2021;06:00;07:00;0;-
23.01.2021;07:00;08:00;0;-
23.01.2021;08:00;09:00;0;-
23.01.2021;09:00;10:00;0;-
23.01.2021;10:00;11:00;0;-
23.01.2021;11:00;12:00;0;-
23.01.2021;12:00;13:00;0;-
23.01.2021;13:00;14:00;0;-
23.01.2021;14:00;15:00;0;-
23.01.2021;15:00;16:00;1;-
23.01.2021;16:00;17:00;3;-
23.01.2021;17:00;18:00;115;-
23.01.2021;18:00;19:00;163;-
23.01.2021;19:00;20:00;152;-
23.01.2021;20:00;21:00;34;-
23.01.2021;21:00;22:00;106;-
23.01.2021;22:00;23:00;0;-
23.01.2021;23:00;00:00;0;-
24.01.2021;00:00;01:00;0;-
24.01.2021;01:00;02:00;0;-
24.01.2021;02:00;03:00;0;-
24.01.2021;03:00;04:00;0;-
24.01.2021;04:00;05:00;0;-
24.01.2021;05:00;06:00;0;-
24.01.2021;06:00;07:00;0;-
24.01.2021;07:00;08:00;97;-
24.01.2021;08:00;09:00;82;-
24.01.2021;09:00;10:00;0;-
24.01.2021;10:00;11:00;0;-
24.01.2021;11:00;12:00;52;-
24.01.2021;12:00;13:00;172;-
24.01.2021;13:00;14:00;38;-
24.01.2021;14:00;15:00;0;-
24.01.2021;15:00;16:00;36;-
24.01.2021;16:00;17:00;56;-
24.01.2021;17:00;18:00;15;-
24.01.2021;18:00;19:00;5;-
24.01.2021;19:00;20:00;202;-
24.01.2021;20:00;21:00;137;-
24.01.2021;21:00;22:00;3;-
24.01.2021;22:00;23:00;1;-
24.01.2021;23:00;00:00;0;-
25.01.2021;00:00;01:00;0;-
25.01.2021;01:00;02:00;0;-
25.01.2021;02:00;03:00;0;-
25.01.2021;03:00;04:00;0;-
25.01.2021;04:00;05:00;0;-
25.01.2021;05:00;06:00;25;-
25.01.2021;06:00;07:00;103;-
25.01.2021;07:00;08:00;100;-
25.01.2021;08:00;09:00;108;-
25.01.2021;09:00;10:00;0;-
25.01.2021;10:00;11:00;0;-
25.01.2021;11:00;12:00;0;-
25.01.2021;12:00;13:00;0;-
25.01.2021;13:00;14:00;36;-
25.01.2021;14:00;15:00;19;-
25.01.2021;15:00;16:00;19;-
25.01.2021;16:00;17:00;31;-
25.01.2021;17:00;18:00;100;-
25.01.2021;18:00;19:00;101;-
25.01.2021;19:00;20:00;100;-
25.01.2021;20:00;21:00;49;-
25.01.2021;21:00;22:00;2;-
25.01.2021;22:00;23:00;0;-
25.01.2021;23:00;00:00;0;-
26.01.2021;00:00;01:00;0;-
26.01.2021;01:00;02:00;0;-
26.01.2021;02:00;03:00;0;-
26.01.2021;03:00;04:00;0;-
26.01.2021;04:00;05:00;0;-
26.01.2021;05:00;06:00;0;-
26.01.2021;06:00;07:00;12;-
26.01.2021;07:00;08:00;41;-
26.01.2021;08:00;09:00;223;-
26.01.2021;09:00;10:00;222;-
26.01.2021;10:00;11:00;222;-
26.01.2021;11:00;12:00;42;-
26.01.2021;12:00;13:00;8;-
26.01.2021;13:00;14:00;0;-
26.01.2021;14:00;15:00;125;-
26.01.2021;15:00;16:00;202;-
26.01.2021;16:00;17:00;71;-
26.01.2021;17:00;18:00;0;-
26.01.2021;18:00;19:00;0;-
26.01.2021;19:00;20:00;47;-
26.01.2021;20:00;21:00;49;-
26.01.2021;21:00;22:00;0;-
26.01.2021;22:00;23:00;0;-
26.01.2021;23:00;00:00;0;-
27.01.2021;00:00;01:00;0;-
27.01.2021;01:00;02:00;0;-
27.01.2021;02:00;03:00;0;-
27.01.2021;03:00;04:00;0;-
27.01.2021;04:00;05:00;0;-
27.01.2021;05:00;06:00;0;-
27.01.2021;06:00;07:00;0;-
27.01.2021;07:00;08:00;71;-
27.01.2021;08:00;09:00;99;-
27.01.2021;09:00;10:00;45;-
27.01.2021;10:00;11:00;3;-
27.01.2021;11:00;12:00;21;-
27.01.2021;12:00;13:00;45;-
27.01.2021;13:00;14:00;180;-
27.01.2021;14:00;15:00;182;-
27.01.2021;15:00;16:00;84;-
27.01.2021;16:00;17:00;19;-
27.01.2021;17:00;18:00;190;-
27.01.2021;18:00;19:00;150;-
27.01.2021;19:00;20:00;0;-
27.01.2021;20:00;21:00;0;-
27.01.2021;21:00;22:00;0;-
27.01.2021;22:00;23:00;10;-
27.01.2021;23:00;00:00;0;-
28.01.2021;00:00;01:00;23;-
28.01.2021;01:00;02:00;0;-
28.01.2021;02:00;03:00;0;-
28.01.2021;03:00;04:00;0;-
28.01.2021;04:00;05:00;0;-
28.01.2021;05:00;06:00;0;-
28.01.2021;06:00;07:00;0;-
28.01.2021;07:00;08:00;29;-
28.01.2021;08:00;09:00;133;-
28.01.2021;09:00;10:00;100;-
28.01.2021;10:00;11:00;215;-
28.01.2021;11:00;12:00;40;-
28.01.2021;12:00;13:00;0;-
28.01.2021;13:00;14:00;0;-
28.01.2021;14:00;15:00;0;-
28.01.2021;15:00;16:00;190;-
28.01.2021;16:00;17:00;37;-
28.01.2021;17:00;18:00;8;-
28.01.2021;18:00;19:00;1;-
28.01.2021;19:00;20:00;167;-
28.01.2021;20:00;21:00;5;-
28.01.2021;21:00;22:00;0;-
28.01.2021;22:00;23:00;0;-
28.01.2021;23:00;00:00;0;-
29.01.2021;00:00;01:00;0;-
29.01.2021;01:00;02:00;0;-
29.01.2021;02:00;03:00;0;-
29.01.2021;03:00;04:00;0;-
29.01.2021;04:00;05:00;0;-
29.01.2021;05:00;06:00;0;-
29.01.2021;06:00;07:00;0;-
29.01.2021;07:00;08:00;0;-
29.01.2021;08:00;09:00;145;-
29.01.2021;09:00;10:00;222;-
29.01.2021;10:00;11:00;77;-
29.01.2021;11:00;12:00;0;-
29.01.2021;12:00;13:00;0;-
29.01.2021;13:00;14:00;0;-
29.01.2021;14:00;15:00;0;-
29.01.2021;15:00;16:00;39;-
29.01.2021;16:00;17:00;31;-
29.01.2021;17:00;18:00;217;-
29.01.2021;18:00;19:00;215;-
29.01.2021;19:00;20:00;41;-
29.01.2021;20:00;21:00;0;-
29.01.2021;21:00;22:00;0;-
29.01.2021;22:00;23:00;0;-
29.01.2021;23:00;00:00;0;-
30.01.2021;00:00;01:00;0;-
30.01.2021;01:00;02:00;0;-
30.01.2021;02:00;03:00;0;-
30.01.2021;03:00;04:00;0;-
30.01.2021;04:00;05:00;0;-
30.01.2021;05:00;06:00;0;-
30.01.2021;06:00;07:00;0;-
30.01.2021;07:00;08:00;149;-
30.01.2021;08:00;09:00;28;-
30.01.2021;09:00;10:00;223;-
30.01.2021;10:00;11:00;191;-
30.01.2021;11:00;12:00;48;-
30.01.2021;12:00;13:00;0;-
30.01.2021;13:00;14:00;0;-
30.01.2021;14:00;15:00;0;-
30.01.2021;15:00;16:00;0;-
30.01.2021;16:00;17:00;4;-
30.01.2021;17:00;18:00;223;-
30.01.2021;18:00;19:00;222;-
30.01.2021;19:00;20:00;222;-
30.01.2021;20:00;21:00;20;-
30.01.2021;21:00;22:00;0;-
30.01.2021;22:00;23:00;0;-
30.01.2021;23:00;00:00;0;-
31.01.2021;00:00;01:00;0;-
31.01.2021;01:00;02:00;0;-
31.01.2021;02:00;03:00;0;-
31.01.2021;03:00;04:00;0;-
31.01.2021;04:00;05:00;0;-
31.01.2021;05:00;06:00;0;-
31.01.2021;06:00;07:00;0;-
31.01.2021;07:00;08:00;0;-
31.01.2021;08:00;09:00;0;-
31.01.2021;09:00;10:00;0;-
31.01.2021;10:00;11:00;0;-
31.01.2021;11:00;12:00;0;-
31.01.2021;12:00;13:00;0;-
31.01.2021;13:00;14:00;0;-
31.01.2021;14:00;15:00;0;-
31.01.2021;15:00;16:00;0;-
31.01.2021;16:00;17:00;77;-
31.01.2021;17:00;18:00;67;-
31.01.2021;18:00;19:00;2;-
31.01.2021;19:00;20:00;0;-
31.01.2021;20:00;21:00;0;-
31.01.2021;21:00;22:00;32;-
31.01.2021;22:00;23:00;174;-
31.01.2021;23:00;00:00;127;-
01.02.2021;00:00;01:00;7;-
01.02.2021;01:00;02:00;0;-
01.02.2021;02:00;03:00;0;-
01.02.2021;03:00;04:00;0;-
01.02.2021;04:00;05:00;0;-
01.02.2021;05:00;06:00;44;-
01.02.2021;06:00;07:00;118;-
01.02.2021;07:00;08:00;205;-
01.02.2021;08:00;09:00;30;-
01.02.2021;09:00;10:00;24;-
01.02.2021;10:00;11:00;83;-
01.02.2021;11:00;12:00;5;-
01.02.2021;12:00;13:00;0;-
01.02.2021;13:00;14:00;4;-
01.02.2021;14:00;15:00;1;-
01.02.2021;15:00;16:00;1;-
01.02.2021;16:00;17:00;5;-
01.02.2021;17:00;18:00;140;-
01.02.2021;18:00;19:00;221;-
01.02.2021;19:00;20:00;223;-
01.02.2021;20:00;21:00;195;-
01.02.2021;21:00;22:00;46;-
01.02.2021;22:00;23:00;0;-
01.02.2021;23:00;00:00;0;-
02.02.2021;00:00;01:00;-;-
02.02.2021;01:00;02:00;-;-
02.02.2021;02:00;03:00;-;-
02.02.2021;03:00;04:00;-;-
02.02.2021;04:00;05:00;-;-
02.02.2021;05:00;06:00;-;-
02.02.2021;06:00;07:00;-;-
02.02.2021;07:00;08:00;-;-
02.02.2021;08:00;09:00;-;-
02.02.2021;09:00;10:00;-;-
02.02.2021;10:00;11:00;-;-
02.02.2021;11:00;12:00;-;-
02.02.2021;12:00;13:00;-;-
02.02.2021;13:00;14:00;-;-
02.02.2021;14:00;15:00;-;-
02.02.2021;15:00;16:00;-;-
02.02.2021;16:00;17:00;-;-
02.02.2021;17:00;18:00;-;-
02.02.2021;18:00;19:00;-;-
02.02.2021;19:00;20:00;-;-
02.02.2021;20:00;21:00;-;-
02.02.2021;21:00;22:00;-;-
02.02.2021;22:00;23:00;-;-
02.02.2021;23:00;00:00;-;-
03.02.2021;00:00;01:00;-;-
03.02.2021;01:00;02:00;-;-
03.02.2021;02:00;03:00;-;-
03.02.2021;03:00;04:00;-;-
03.02.2021;04:00;05:00;-;-
03.02.2021;05:00;06:00;-;-
03.02.2021;06:00;07:00;-;-
03.02.2021;07:00;08:00;-;-
03.02.2021;08:00;09:00;-;-
03.02.2021;09:00;10:00;-;-
03.02.2021;10:00;11:00;-;-
03.02.2021;11:00;12:00;-;-
03.02.2021;12:00;13:00;-;-
03.02.2021;13:00;14:00;-;-
03.02.2021;14:00;15:00;-;-
03.02.2021;15:00;16:00;-;-
03.02.2021;16:00;17:00;-;-
03.02.2021;17:00;18:00;-;-
03.02.2021;18:00;19:00;-;-
03.02.2021;19:00;20:00;-;-
03.02.2021;20:00;21:00;-;-
03.02.2021;21:00;22:00;-;-
03.02.2021;22:00;23:00;-;-
03.02.2021;23:00;00:00;-;-
04.02.2021;00:00;01:00;-;-
04.02.2021;01:00;02:00;-;-
04.02.2021;02:00;03:00;-;-
04.02.2021;03:00;04:00;-;-
04.02.2021;04:00;05:00;-;-
04.02.2021;05:00;06:00;-;-
04.02.2021;06:00;07:00;-;-
04.02.2021;07:00;08:00;-;-
04.02.2021;08:00;09:00;-;-
04.02.2021;09:00;10:00;-;-
04.02.2021;10:00;11:00;-;-
04.02.2021;11:00;12:00;-;-
04.02.2021;12:00;13:00;-;-
04.02.2021;13:00;14:00;-;-
04.02.2021;14:00;15:00;-;-
04.02.2021;15:00;16:00;-;-
04.02.2021;16:00;17:00;-;-
04.02.2021;17:00;18:00;-;-
04.02.2021;18:00;19:00;-;-
04.02.2021;19:00;20:00;-;-
04.02.2021;20:00;21:00;-;-
04.02.2021;21:00;22:00;-;-
04.02.2021;22:00;23:00;-;-
04.02.2021;23:00;00:00;-;-
05.02.2021;00:00;01:00;-;-
05.02.2021;01:00;02:00;-;-
05.02.2021;02:00;03:00;-;-
05.02.2021;03:00;04:00;-;-
05.02.2021;04:00;05:00;-;-
05.02.2021;05:00;06:00;-;-
05.02.2021;06:00;07:00;-;-
05.02.2021;07:00;08:00;-;-
05.02.2021;08:00;09:00;-;-
05.02.2021;09:00;10:00;-;-
05.02.2021;10:00;11:00;-;-
05.02.2021;11:00;12:00;-;-
05.02.2021;12:00;13:00;-;-
05.02.2021;13:00;14:00;-;-
05.02.2021;14:00;15:00;-;-
05.02.2021;15:00;16:00;-;-
05.02.2021;16:00;17:00;-;-
05.02.2021;17:00;18:00;-;-
05.02.2021;18:00;19:00;-;-
05.02.2021;19:00;20:00;-;-
05.02.2021;20:00;21:00;-;-
05.02.2021;21:00;22:00;-;-
05.02.2021;22:00;23:00;-;-
05.02.2021;23:00;00:00;-;-
06.02.2021;00:00;01:00;-;-
06.02.2021;01:00;02:00;-;-
06.02.2021;02:00;03:00;-;-
06.02.2021;03:00;04:00;-;-
06.02.2021;04:00;05:00;-;-
06.02.2021;05:00;06:00;-;-
06.02.2021;06:00;07:00;-;-
06.02.2021;07:00;08:00;-;-
06.02.2021;08:00;09:00;-;-
06.02.2021;09:00;10:00;-;-
06.02.2021;10:00;11:00;-;-
06.02.2021;11:00;12:00;-;-
06.02.2021;12:00;13:00;-;-
06.02.2021;13:00;14:00;-;-
06.02.2021;14:00;15:00;-;-
06.02.2021;15:00;16:00;-;-
06.02.2021;16:00;17:00;-;-
06.02.2021;17:00;18:00;-;-
06.02.2021;18:00;19:00;-;-
06.02.2021;19:00;20:00;-;-
06.02.2021;20:00;21:00;-;-
06.02.2021;21:00;22:00;-;-
06.02.2021;22:00;23:00;-;-
06.02.2021;23:00;00:00;-;-
07.02.2021;00:00;01:00;-;-
07.02.2021;01:00;02:00;-;-
07.02.2021;02:00;03:00;-;-
07.02.2021;03:00;04:00;-;-
07.02.2021;04:00;05:00;-;-
07.02.2021;05:00;06:00;-;-
07.02.2021;06:00;07:00;-;-
07.02.2021;07:00;08:00;-;-
07.02.2021;08:00;09:00;-;-
07.02.2021;09:00;10:00;-;-
07.02.2021;10:00;11:00;-;-
07.02.2021;11:00;12:00;-;-
07.02.2021;12:00;13:00;-;-
07.02.2021;13:00;14:00;-;-
07.02.2021;14:00;15:00;-;-
07.02.2021;15:00;16:00;-;-
07.02.2021;16:00;17:00;-;-
07.02.2021;17:00;18:00;-;-
07.02.2021;18:00;19:00;-;-
07.02.2021;19:00;20:00;-;-
07.02.2021;20:00;21:00;-;-
07.02.2021;21:00;22:00;-;-
07.02.2021;22:00;23:00;-;-
07.02.2021;23:00;00:00;-;-
26.07.2021;00:00;01:00;-;-
26.07.2021;01:00;02:00;-;-
26.07.2021;02:00;03:00;-;-
26.07.2021;03:00;04:00;-;-
26.07.2021;04:00;05:00;-;-
26.07.2021;05:00;06:00;-;-
26.07.2021;06:00;07:00;-;-
26.07.2021;07:00;08:00;-;-
26.07.2021;08:00;09:00;-;-
26.07.2021;09:00;10:00;-;-
26.07.2021;10:00;11:00;-;-
26.07.2021;11:00;12:00;-;-
26.07.2021;12:00;13:00;-;-
26.07.2021;13:00;14:00;-;-
26.07.2021;14:00;15:00;-;-
26.07.2021;15:00;16:00;-;-
26.07.2021;16:00;17:00;-;-
26.07.2021;17:00;18:00;-;-
26.07.2021;18:00;19:00;-;-
26.07.2021;19:00;20:00;-;-
26.07.2021;20:00;21:00;-;-
26.07.2021;21:00;22:00;-;-
26.07.2021;22:00;23:00;-;-
26.07.2021;23:00;00:00;-;-
27.07.2021;00:00;01:00;-;-
27.07.2021;01:00;02:00;-;-
27.07.2021;02:00;03:00;-;-
27.07.2021;03:00;04:00;-;-
27.07.2021;04:00;05:00;-;-
27.07.2021;05:00;06:00;-;-
27.07.2021;06:00;07:00;-;-
27.07.2021;07:00;08:00;-;-
27.07.2021;08:00;09:00;-;-
27.07.2021;09:00;10:00;-;-
27.07.2021;10:00;11:00;-;-
27.07.2021;11:00;12:00;-;-
27.07.2021;12:00;13:00;-;-
27.07.2021;13:00;14:00;-;-
27.07.2021;14:00;15:00;-;-
27.07.2021;15:00;16:00;-;-
27.07.2021;16:00;17:00;-;-
27.07.2021;17:00;18:00;-;-
27.07.2021;18:00;19:00;-;-
27.07.2021;19:00;20:00;-;-
27.07.2021;20:00;21:00;-;-
27.07.2021;21:00;22:00;-;-
27.07.2021;22:00;23:00;-;-
27.07.2021;23:00;00:00;-;-
28.07.2021;00:00;01:00;-;-
28.07.2021;01:00;02:00;-;-
28.07.2021;02:00;03:00;-;-
28.07.2021;03:00;04:00;-;-
28.07.2021;04:00;05:00;-;-
28.07.2021;05:00;06:00;-;-
28.07.2021;06:00;07:00;-;-
28.07.2021;07:00;08:00;-;-
28.07.2021;08:00;09:00;-;-
28.07.2021;09:00;10:00;-;-
28.07.2021;10:00;11:00;-;-
28.07.2021;11:00;12:00;-;-
28.07.2021;12:00;13:00;-;-
28.07.2021;13:00;14:00;-;-
28.07.2021;14:00;15:00;-;-
28.07.2021;15:00;16:00;-;-
28.07.2021;16:00;17:00;-;-
28.07.2021;17:00;18:00;-;-
28.07.2021;18:00;19:00;-;-
28.07.2021;19:00;20:00;-;-
28.07.2021;20:00;21:00;-;-
28.07.2021;21:00;22:00;-;-
28.07.2021;22:00;23:00;-;-
28.07.2021;23:00;00:00;-;-
29.07.2021;00:00;01:00;-;-
29.07.2021;01:00;02:00;-;-
29.07.2021;02:00;03:00;-;-
29.07.2021;03:00;04:00;-;-
29.07.2021;04:00;05:00;-;-
29.07.2021;05:00;06:00;-;-
29.07.2021;06:00;07:00;-;-
29.07.2021;07:00;08:00;-;-
29.07.2021;08:00;09:00;-;-
29.07.2021;09:00;10:00;-;-
29.07.2021;10:00;11:00;-;-
29.07.2021;11:00;12:00;-;-
29.07.2021;12:00;13:00;-;-
29.07.2021;13:00;14:00;-;-
29.07.2021;14:00;15:00;-;-
29.07.2021;15:00;16:00;-;-
29.07.2021;16:00;17:00;-;-
29.07.2021;17:00;18:00;-;-
29.07.2021;18:00;19:00;-;-
29.07.2021;19:00;20:00;-;-
29.07.2021;20:00;21:00;-;-
29.07.2021;21:00;22:00;-;-
29.07.2021;22:00;23:00;-;-
29.07.2021;23:00;00:00;-;-
30.07.2021;00:00;01:00;-;-
30.07.2021;01:00;02:00;-;-
30.07.2021;02:00;03:00;-;-
30.07.2021;03:00;04:00;-;-
30.07.2021;04:00;05:00;-;-
30.07.2021;05:00;06:00;-;-
30.07.2021;06:00;07:00;-;-
30.07.2021;07:00;08:00;-;-
30.07.2021;08:00;09:00;-;-
30.07.2021;09:00;10:00;-;-
30.07.2021;10:00;11:00;-;-
30.07.2021;11:00;12:00;-;-
30.07.2021;12:00;13:00;-;-
30.07.2021;13:00;14:00;-;-
30.07.2021;14:00;15:00;-;-
30.07.2021;15:00;16:00;-;-
30.07.2021;16:00;17:00;-;-
30.07.2021;17:00;18:00;-;-
30.07.2021;18:00;19:00;-;-
30.07.2021;19:00;20:00;-;-
30.07.2021;20:00;21:00;-;-
30.07.2021;21:00;22:00;-;-
30.07.2021;22:00;23:00;-;-
30.07.2021;23:00;00:00;-;-
31.07.2021;00:00;01:00;0;-
31.07.2021;01:00;02:00;0;-
31.07.2021;02:00;03:00;0;-
31.07.2021;03:00;04:00;0;-
31.07.2021;04:00;05:00;0;-
31.07.2021;05:00;06:00;0;-
31.07.2021;06:00;07:00;0;-
31.07.2021;07:00;08:00;0;-
31.07.2021;08:00;09:00;0;-
31.07.2021;09:00;10:00;0;-
31.07.2021;10:00;11:00;0;-
31.07.2021;11:00;12:00;0;-
31.07.2021;12:00;13:00;0;-
31.07.2021;13:00;14:00;0;-
31.07.2021;14:00;15:00;0;-
31.07.2021;15:00;16:00;0;-
31.07.2021;16:00;17:00;0;-
31.07.2021;17:00;18:00;0;-
31.07.2021;18:00;19:00;0;-
31.07.2021;19:00;20:00;0;-
31.07.2021;20:00;21:00;0;-
31.07.2021;21:00;22:00;0;-
31.07.2021;22:00;23:00;0;-
31.07.2021;23:00;00:00;0;-
01.08.2021;00:00;01:00;-;-
01.08.2021;01:00;02:00;-;-
01.08.2021;02:00;03:00;-;-
01.08.2021;03:00;04:00;-;-
01.08.2021;04:00;05:00;-;-
01.08.2021;05:00;06:00;-;-
01.08.2021;06:00;07:00;-;-
01.08.2021;07:00;08:00;-;-
01.08.2021;08:00;09:00;-;-
01.08.2021;09:00;10:00;-;-
01.08.2021;10:00;11:00;-;-
01.08.2021;11:00;12:00;-;-
01.08.2021;12:00;13:00;-;-
01.08.2021;13:00;14:00;-;-
01.08.2021;14:00;15:00;-;-
01.08.2021;15:00;16:00;-;-
01.08.2021;16:00;17:00;-;-
01.08.2021;17:00;18:00;-;-
01.08.2021;18:00;19:00;-;-
01.08.2021;19:00;20:00;-;-
01.08.2021;20:00;21:00;-;-
01.08.2021;21:00;22:00;-;-
01.08.2021;22:00;23:00;-;-
01.08.2021;23:00;00:00;-;-
27.09.2021;00:00;01:00;-;-
27.09.2021;01:00;02:00;-;-
27.09.2021;02:00;03:00;-;-
27.09.2021;03:00;04:00;-;-
27.09.2021;04:00;05:00;-;-
27.09.2021;05:00;06:00;-;-
27.09.2021;06:00;07:00;-;-
27.09.2021;07:00;08:00;-;-
27.09.2021;08:00;09:00;-;-
27.09.2021;09:00;10:00;-;-
27.09.2021;10:00;11:00;-;-
27.09.2021;11:00;12:00;-;-
27.09.2021;12:00;13:00;-;-
27.09.2021;13:00;14:00;-;-
27.09.2021;14:00;15:00;-;-
27.09.2021;15:00;16:00;-;-
27.09.2021;16:00;17:00;-;-
27.09.2021;17:00;18:00;-;-
27.09.2021;18:00;19:00;-;-
27.09.2021;19:00;20:00;-;-
27.09.2021;20:00;21:00;-;-
27.09.2021;21:00;22:00;-;-
27.09.2021;22:00;23:00;-;-
27.09.2021;23:00;00:00;-;-
28.09.2021;00:00;01:00;-;-
28.09.2021;01:00;02:00;-;-
28.09.2021;02:00;03:00;-;-
28.09.2021;03:00;04:00;-;-
28.09.2021;04:00;05:00;-;-
28.09.2021;05:00;06:00;-;-
28.09.2021;06:00;07:00;-;-
28.09.2021;07:00;08:00;-;-
28.09.2021;08:00;09:00;-;-
28.09.2021;09:00;10:00;-;-
28.09.2021;10:00;11:00;-;-
28.09.2021;11:00;12:00;-;-
28.09.2021;12:00;13:00;-;-
28.09.2021;13:00;14:00;-;-
28.09.2021;14:00;15:00;-;-
28.09.2021;15:00;16:00;-;-
28.09.2021;16:00;17:00;-;-
28.09.2021;17:00;18:00;-;-
28.09.2021;18:00;19:00;-;-
28.09.2021;19:00;20:00;-;-
28.09.2021;20:00;21:00;-;-
28.09.2021;21:00;22:00;-;-
28.09.2021;22:00;23:00;-;-
28.09.2021;23:00;00:00;-;-
29.09.2021;00:00;01:00;-;-
29.09.2021;01:00;02:00;-;-
29.09.2021;02:00;03:00;-;-
29.09.2021;03:00;04:00;-;-
29.09.2021;04:00;05:00;-;-
29.09.2021;05:00;06:00;-;-
29.09.2021;06:00;07:00;-;-
29.09.2021;07:00;08:00;-;-
29.09.2021;08:00;09:00;-;-
29.09.2021;09:00;10:00;-;-
29.09.2021;10:00;11:00;-;-
29.09.2021;11:00;12:00;-;-
29.09.2021;12:00;13:00;-;-
29.09.2021;13:00;14:00;-;-
29.09.2021;14:00;15:00;-;-
29.09.2021;15:00;16:00;-;-
29.09.2021;16:00;17:00;-;-
29.09.2021;17:00;18:00;-;-
29.09.2021;18:00;19:00;-;-
29.09.2021;19:00;20:00;-;-
29.09.2021;20:00;21:00;-;-
29.09.2021;21:00;22:00;-;-
29.09.2021;22:00;23:00;-;-
29.09.2021;23:00;00:00;-;-
30.09.2021;00:00;01:00;-;-
30.09.2021;01:00;02:00;-;-
30.09.2021;02:00;03:00;-;-
30.09.2021;03:00;04:00;-;-
30.09.2021;04:00;05:00;-;-
30.09.2021;05:00;06:00;-;-
30.09.2021;06:00;07:00;-;-
30.09.2021;07:00;08:00;-;-
30.09.2021;08:00;09:00;-;-
30.09.2021;09:00;10:00;-;-
30.09.2021;10:00;11:00;-;-
30.09.2021;11:00;12:00;-;-
30.09.2021;12:00;13:00;-;-
30.09.2021;13:00;14:00;-;-
30.09.2021;14:00;15:00;-;-
30.09.2021;15:00;16:00;-;-
30.09.2021;16:00;17:00;-;-
30.09.2021;17:00;18:00;-;-
30.09.2021;18:00;19:00;-;-
30.09.2021;19:00;20:00;-;-
30.09.2021;20:00;21:00;-;-
30.09.2021;21:00;22:00;-;-
30.09.2021;22:00;23:00;-;-
30.09.2021;23:00;00:00;-;-
01.10.2021;00:00;01:00;0;-
01.10.2021;01:00;02:00;0;-
01.10.2021;02:00;03:00;0;-
01.10.2021;03:00;04:00;0;-
01.10.2021;04:00;05:00;0;-
01.10.2021;05:00;06:00;0;-
01.10.2021;06:00;07:00;0;-
01.10.2021;07:00;08:00;0;-
01.10.2021;08:00;09:00;0;-
01.10.2021;09:00;10:00;0;-
01.10.2021;10:00;11:00;0;-
01.10.2021;11:00;12:00;0;-
01.10.2021;12:00;13:00;0;-
01.10.2021;13:00;14:00;0;-
01.10.2021;14:00;15:00;0;-
01.10.2021;15:00;16:00;0;-
01.10.2021;16:00;17:00;0;-
01.10.2021;17:00;18:00;0;-
01.10.2021;18:00;19:00;0;-
01.10.2021;19:00;20:00;0;-
01.10.2021;20:00;21:00;0;-
01.10.2021;21:00;22:00;0;-
01.10.2021;22:00;23:00;0;-
01.10.2021;23:00;00:00;0;-
02.10.2021;00:00;01:00;0;-
02.10.2021;01:00;02:00;0;-
02.10.2021;02:00;03:00;0;-
02.10.2021;03:00;04:00;0;-
02.10.2021;04:00;05:00;0;-
02.10.2021;05:00;06:00;0;-
02.10.2021;06:00;07:00;0;-
02.10.2021;07:00;08:00;0;-
02.10.2021;08:00;09:00;0;-
02.10.2021;09:00;10:00;0;-
02.10.2021;10:00;11:00;0;-
02.10.2021;11:00;12:00;0;-
02.10.2021;12:00;13:00;0;-
02.10.2021;13:00;14:00;0;-
02.10.2021;14:00;15:00;0;-
02.10.2021;15:00;16:00;0;-
02.10.2021;16:00;17:00;0;-
02.10.2021;17:00;18:00;0;-
02.10.2021;18:00;19:00;0;-
02.10.2021;19:00;20:00;0;-
02.10.2021;20:00;21:00;0;-
02.10.2021;21:00;22:00;0;-
02.10.2021;22:00;23:00;0;-
02.10.2021;23:00;00:00;0;-
03.10.2021;00:00;01:00;0;-
03.10.2021;01:00;02:00;0;-
03.10.2021;02:00;03:00;0;-
03.10.2021;03:00;04:00;0;-
03.10.2021;04:00;05:00;0;-
03.10.2021;05:00;06:00;0;-
03.10.2021;06:00;07:00;0;-
03.10.2021;07:00;08:00;0;-
03.10.2021;08:00;09:00;0;-
03.10.2021;09:00;10:00;0;-
03.10.2021;10:00;11:00;0;-
03.10.2021;11:00;12:00;0;-
03.10.2021;12:00;13:00;0;-
03.10.2021;13:00;14:00;0;-
03.10.2021;14:00;15:00;0;-
03.10.2021;15:00;16:00;0;-
03.10.2021;16:00;17:00;0;-
03.10.2021;17:00;18:00;0;-
03.10.2021;18:00;19:00;0;-
03.10.2021;19:00;20:00;0;-
03.10.2021;20:00;21:00;0;-
03.10.2021;21:00;22:00;0;-
03.10.2021;22:00;23:00;0;-
03.10.2021;23:00;00:00;0;-
04.10.2021;00:00;01:00;0;-
04.10.2021;01:00;02:00;0;-
04.10.2021;02:00;03:00;0;-
04.10.2021;03:00;04:00;0;-
04.10.2021;04:00;05:00;0;-
04.10.2021;05:00;06:00;0;-
04.10.2021;06:00;07:00;0;-
04.10.2021;07:00;08:00;0;-
04.10.2021;08:00;09:00;0;-
04.10.2021;09:00;10:00;0;-
04.10.2021;10:00;11:00;0;-
04.10.2021;11:00;12:00;0;-
04.10.2021;12:00;13:00;0;-
04.10.2021;13:00;14:00;0;-
04.10.2021;14:00;15:00;0;-
04.10.2021;15:00;16:00;0;-
04.10.2021;16:00;17:00;0;-
04.10.2021;17:00;18:00;0;-
04.10.2021;18:00;19:00;0;-
04.10.2021;19:00;20:00;0;-
04.10.2021;20:00;21:00;0;-
04.10.2021;21:00;22:00;0;-
04.10.2021;22:00;23:00;0;-
04.10.2021;23:00;00:00;0;-
05.10.2021;00:00;01:00;0;-
05.10.2021;01:00;02:00;0;-
05.10.2021;02:00;03:00;0;-
05.10.2021;03:00;04:00;0;-
05.10.2021;04:00;05:00;0;-
05.10.2021;05:00;06:00;0;-
05.10.2021;06:00;07:00;0;-
05.10.2021;07:00;08:00;0;-
05.10.2021;08:00;09:00;0;-
05.10.2021;09:00;10:00;0;-
05.10.2021;10:00;11:00;0;-
05.10.2021;11:00;12:00;0;-
05.10.2021;12:00;13:00;0;-
05.10.2021;13:00;14:00;0;-
05.10.2021;14:00;15:00;0;-
05.10.2021;15:00;16:00;0;-
05.10.2021;16:00;17:00;0;-
05.10.2021;17:00;18:00;0;-
05.10.2021;18:00;19:00;0;-
05.10.2021;19:00;20:00;0;-
05.10.2021;20:00;21:00;0;-
05.10.2021;21:00;22:00;0;-
05.10.2021;22:00;23:00;0;-
05.10.2021;23:00;00:00;0;-
06.10.2021;00:00;01:00;0;-
06.10.2021;01:00;02:00;0;-
06.10.2021;02:00;03:00;0;-
06.10.2021;03:00;04:00;0;-
06.10.2021;04:00;05:00;0;-
06.10.2021;05:00;06:00;0;-
06.10.2021;06:00;07:00;0;-
06.10.2021;07:00;08:00;0;-
06.10.2021;08:00;09:00;0;-
06.10.2021;09:00;10:00;0;-
06.10.2021;10:00;11:00;0;-
06.10.2021;11:00;12:00;0;-
06.10.2021;12:00;13:00;0;-
06.10.2021;13:00;14:00;0;-
06.10.2021;14:00;15:00;0;-
06.10.2021;15:00;16:00;0;-
06.10.2021;16:00;17:00;0;-
06.10.2021;17:00;18:00;0;-
06.10.2021;18:00;19:00;0;-
06.10.2021;19:00;20:00;0;-
06.10.2021;20:00;21:00;0;-
06.10.2021;21:00;22:00;0;-
06.10.2021;22:00;23:00;0;-
06.10.2021;23:00;00:00;0;-
07.10.2021;00:00;01:00;0;-
07.10.2021;01:00;02:00;0;-
07.10.2021;02:00;03:00;0;-
07.10.2021;03:00;04:00;0;-
07.10.2021;04:00;05:00;0;-
07.10.2021;05:00;06:00;0;-
07.10.2021;06:00;07:00;0;-
07.10.2021;07:00;08:00;0;-
07.10.2021;08:00;09:00;0;-
07.10.2021;09:00;10:00;0;-
07.10.2021;10:00;11:00;0;-
07.10.2021;11:00;12:00;0;-
07.10.2021;12:00;13:00;0;-
07.10.2021;13:00;14:00;0;-
07.10.2021;14:00;15:00;0;-
07.10.2021;15:00;16:00;0;-
07.10.2021;16:00;17:00;0;-
07.10.2021;17:00;18:00;0;-
07.10.2021;18:00;19:00;0;-
07.10.2021;19:00;20:00;0;-
07.10.2021;20:00;21:00;0;-
07.10.2021;21:00;22:00;0;-
07.10.2021;22:00;23:00;0;-
07.10.2021;23:00;00:00;0;-
08.10.2021;00:00;01:00;0;-
08.10.2021;01:00;02:00;0;-
08.10.2021;02:00;03:00;0;-
08.10.2021;03:00;04:00;0;-
08.10.2021;04:00;05:00;0;-
08.10.2021;05:00;06:00;0;-
08.10.2021;06:00;07:00;0;-
08.10.2021;07:00;08:00;0;-
08.10.2021;08:00;09:00;0;-
08.10.2021;09:00;10:00;0;-
08.10.2021;10:00;11:00;0;-
08.10.2021;11:00;12:00;0;-
08.10.2021;12:00;13:00;0;-
08.10.2021;13:00;14:00;0;-
08.10.2021;14:00;15:00;0;-
08.10.2021;15:00;16:00;0;-
08.10.2021;16:00;17:00;0;-
08.10.2021;17:00;18:00;0;-
08.10.2021;18:00;19:00;0;-
08.10.2021;19:00;20:00;0;-
08.10.2021;20:00;21:00;0;-
08.10.2021;21:00;22:00;0;-
08.10.2021;22:00;23:00;0;-
08.10.2021;23:00;00:00;0;-
09.10.2021;00:00;01:00;0;-
09.10.2021;01:00;02:00;0;-
09.10.2021;02:00;03:00;0;-
09.10.2021;03:00;04:00;0;-
09.10.2021;04:00;05:00;0;-
09.10.2021;05:00;06:00;0;-
09.10.2021;06:00;07:00;0;-
09.10.2021;07:00;08:00;0;-
09.10.2021;08:00;09:00;0;-
09.10.2021;09:00;10:00;0;-
09.10.2021;10:00;11:00;0;-
09.10.2021;11:00;12:00;0;-
09.10.2021;12:00;13:00;0;-
09.10.2021;13:00;14:00;0;-
09.10.2021;14:00;15:00;0;-
09.10.2021;15:00;16:00;0;-
09.10.2021;16:00;17:00;0;-
09.10.2021;17:00;18:00;0;-
09.10.2021;18:00;19:00;0;-
09.10.2021;19:00;20:00;0;-
09.10.2021;20:00;21:00;0;-
09.10.2021;21:00;22:00;0;-
09.10.2021;22:00;23:00;0;-
09.10.2021;23:00;00:00;0;-
10.10.2021;00:00;01:00;0;-
10.10.2021;01:00;02:00;0;-
10.10.2021;02:00;03:00;0;-
10.10.2021;03:00;04:00;0;-
10.10.2021;04:00;05:00;0;-
10.10.2021;05:00;06:00;0;-
10.10.2021;06:00;07:00;0;-
10.10.2021;07:00;08:00;0;-
10.10.2021;08:00;09:00;0;-
10.10.2021;09:00;10:00;0;-
10.10.2021;10:00;11:00;0;-
10.10.2021;11:00;12:00;0;-
10.10.2021;12:00;13:00;0;-
10.10.2021;13:00;14:00;0;-
10.10.2021;14:00;15:00;0;-
10.10.2021;15:00;16:00;0;-
10.10.2021;16:00;17:00;0;-
10.10.2021;17:00;18:00;0;-
10.10.2021;18:00;19:00;0;-
10.10.2021;19:00;20:00;0;-
10.10.2021;20:00;21:00;0;-
10.10.2021;21:00;22:00;0;-
10.10.2021;22:00;23:00;0;-
10.10.2021;23:00;00:00;0;-
11.10.2021;00:00;01:00;0;-
11.10.2021;01:00;02:00;0;-
11.10.2021;02:00;03:00;0;-
11.10.2021;03:00;04:00;0;-
11.10.2021;04:00;05:00;0;-
11.10.2021;05:00;06:00;0;-
11.10.2021;06:00;07:00;0;-
11.10.2021;07:00;08:00;0;-
11.10.2021;08:00;09:00;0;-
11.10.2021;09:00;10:00;0;-
11.10.2021;10:00;11:00;0;-
11.10.2021;11:00;12:00;0;-
11.10.2021;12:00;13:00;0;-
11.10.2021;13:00;14:00;0;-
11.10.2021;14:00;15:00;0;-
11.10.2021;15:00;16:00;0;-
11.10.2021;16:00;17:00;0;-
11.10.2021;17:00;18:00;0;-
11.10.2021;18:00;19:00;0;-
11.10.2021;19:00;20:00;0;-
11.10.2021;20:00;21:00;0;-
11.10.2021;21:00;22:00;0;-
11.10.2021;22:00;23:00;0;-
11.10.2021;23:00;00:00;0;-
12.10.2021;00:00;01:00;0;-
12.10.2021;01:00;02:00;0;-
12.10.2021;02:00;03:00;0;-
12.10.2021;03:00;04:00;0;-
12.10.2021;04:00;05:00;0;-
12.10.2021;05:00;06:00;0;-
12.10.2021;06:00;07:00;0;-
12.10.2021;07:00;08:00;0;-
12.10.2021;08:00;09:00;0;-
12.10.2021;09:00;10:00;0;-
12.10.2021;10:00;11:00;0;-
12.10.2021;11:00;12:00;0;-
12.10.2021;12:00;13:00;0;-
12.10.2021;13:00;14:00;0;-
12.10.2021;14:00;15:00;0;-
12.10.2021;15:00;16:00;0;-
12.10.2021;16:00;17:00;0;-
12.10.2021;17:00;18:00;0;-
12.10.2021;18:00;19:00;0;-
12.10.2021;19:00;20:00;0;-
12.10.2021;20:00;21:00;0;-
12.10.2021;21:00;22:00;0;-
12.10.2021;22:00;23:00;0;-
12.10.2021;23:00;00:00;0;-
13.10.2021;00:00;01:00;0;-
13.10.2021;01:00;02:00;0;-
13.10.2021;02:00;03:00;0;-
13.10.2021;03:00;04:00;0;-
13.10.2021;04:00;05:00;0;-
13.10.2021;05:00;06:00;0;-
13.10.2021;06:00;07:00;0;-
13.10.2021;07:00;08:00;0;-
13.10.2021;08:00;09:00;0;-
13.10.2021;09:00;10:00;0;-
13.10.2021;10:00;11:00;0;-
13.10.2021;11:00;12:00;0;-
13.10.2021;12:00;13:00;0;-
13.10.2021;13:00;14:00;0;-
13.10.2021;14:00;15:00;0;-
13.10.2021;15:00;16:00;0;-
13.10.2021;16:00;17:00;0;-
13.10.2021;17:00;18:00;0;-
13.10.2021;18:00;19:00;0;-
13.10.2021;19:00;20:00;0;-
13.10.2021;20:00;21:00;0;-
13.10.2021;21:00;22:00;0;-
13.10.2021;22:00;23:00;0;-
13.10.2021;23:00;00:00;0;-
14.10.2021;00:00;01:00;0;-
14.10.2021;01:00;02:00;0;-
14.10.2021;02:00;03:00;0;-
14.10.2021;03:00;04:00;0;-
14.10.2021;04:00;05:00;0;-
14.10.2021;05:00;06:00;0;-
14.10.2021;06:00;07:00;0;-
14.10.2021;07:00;08:00;0;-
14.10.2021;08:00;09:00;0;-
14.10.2021;09:00;10:00;111;-
14.10.2021;10:00;11:00;194;-
14.10.2021;11:00;12:00;160;-
14.10.2021;12:00;13:00;18;-
14.10.2021;13:00;14:00;1;-
14.10.2021;14:00;15:00;2;-
14.10.2021;15:00;16:00;0;-
14.10.2021;16:00;17:00;0;-
14.10.2021;17:00;18:00;122;-
14.10.2021;18:00;19:00;185;-
14.10.2021;19:00;20:00;2;-
14.10.2021;20:00;21:00;0;-
14.10.2021;21:00;22:00;0;-
14.10.2021;22:00;23:00;0;-
14.10.2021;23:00;00:00;0;-
15.10.2021;00:00;01:00;0;-
15.10.2021;01:00;02:00;0;-
15.10.2021;02:00;03:00;0;-
15.10.2021;03:00;04:00;0;-
15.10.2021;04:00;05:00;0;-
15.10.2021;05:00;06:00;0;-
15.10.2021;06:00;07:00;0;-
15.10.2021;07:00;08:00;16;-
15.10.2021;08:00;09:00;229;-
15.10.2021;09:00;10:00;229;-
15.10.2021;10:00;11:00;27;-
15.10.2021;11:00;12:00;27;-
15.10.2021;12:00;13:00;0;-
15.10.2021;13:00;14:00;0;-
15.10.2021;14:00;15:00;0;-
15.10.2021;15:00;16:00;0;-
15.10.2021;16:00;17:00;92;-
15.10.2021;17:00;18:00;90;-
15.10.2021;18:00;19:00;86;-
15.10.2021;19:00;20:00;108;-
15.10.2021;20:00;21:00;151;-
15.10.2021;21:00;22:00;12;-
15.10.2021;22:00;23:00;0;-
15.10.2021;23:00;00:00;0;-
16.10.2021;00:00;01:00;0;-
16.10.2021;01:00;02:00;0;-
16.10.2021;02:00;03:00;0;-
16.10.2021;03:00;04:00;0;-
16.10.2021;04:00;05:00;0;-
16.10.2021;05:00;06:00;0;-
16.10.2021;06:00;07:00;0;-
16.10.2021;07:00;08:00;0;-
16.10.2021;08:00;09:00;0;-
16.10.2021;09:00;10:00;0;-
16.10.2021;10:00;11:00;0;-
16.10.2021;11:00;12:00;0;-
16.10.2021;12:00;13:00;0;-
16.10.2021;13:00;14:00;0;-
16.10.2021;14:00;15:00;0;-
16.10.2021;15:00;16:00;0;-
16.10.2021;16:00;17:00;0;-
16.10.2021;17:00;18:00;0;-
16.10.2021;18:00;19:00;0;-
16.10.2021;19:00;20:00;0;-
16.10.2021;20:00;21:00;0;-
16.10.2021;21:00;22:00;0;-
16.10.2021;22:00;23:00;0;-
16.10.2021;23:00;00:00;0;-
17.10.2021;00:00;01:00;0;-
17.10.2021;01:00;02:00;0;-
17.10.2021;02:00;03:00;0;-
17.10.2021;03:00;04:00;0;-
17.10.2021;04:00;05:00;0;-
17.10.2021;05:00;06:00;0;-
17.10.2021;06:00;07:00;0;-
17.10.2021;07:00;08:00;0;-
17.10.2021;08:00;09:00;0;-
17.10.2021;09:00;10:00;43;-
17.10.2021;10:00;11:00;42;-
17.10.2021;11:00;12:00;53;-
17.10.2021;12:00;13:00;52;-
17.10.2021;13:00;14:00;62;-
17.10.2021;14:00;15:00;0;-
17.10.2021;15:00;16:00;65;-
17.10.2021;16:00;17:00;105;-
17.10.2021;17:00;18:00;62;-
17.10.2021;18:00;19:00;164;-
17.10.2021;19:00;20:00;220;-
17.10.2021;20:00;21:00;52;-
17.10.2021;21:00;22:00;0;-
17.10.2021;22:00;23:00;0;-
17.10.2021;23:00;00:00;0;-
18.10.2021;00:00;01:00;0;-
18.10.2021;01:00;02:00;0;-
18.10.2021;02:00;03:00;0;-
18.10.2021;03:00;04:00;0;-
18.10.2021;04:00;05:00;0;-
18.10.2021;05:00;06:00;0;-
18.10.2021;06:00;07:00;0;-
18.10.2021;07:00;08:00;0;-
18.10.2021;08:00;09:00;0;-
18.10.2021;09:00;10:00;0;-
18.10.2021;10:00;11:00;0;-
18.10.2021;11:00;12:00;0;-
18.10.2021;12:00;13:00;0;-
18.10.2021;13:00;14:00;0;-
18.10.2021;14:00;15:00;0;-
18.10.2021;15:00;16:00;0;-
18.10.2021;16:00;17:00;0;-
18.10.2021;17:00;18:00;0;-
18.10.2021;18:00;19:00;0;-
18.10.2021;19:00;20:00;0;-
18.10.2021;20:00;21:00;0;-
18.10.2021;21:00;22:00;0;-
18.10.2021;22:00;23:00;0;-
18.10.2021;23:00;00:00;0;-
19.10.2021;00:00;01:00;0;-
19.10.2021;01:00;02:00;0;-
19.10.2021;02:00;03:00;0;-
19.10.2021;03:00;04:00;0;-
19.10.2021;04:00;05:00;0;-
19.10.2021;05:00;06:00;0;-
19.10.2021;06:00;07:00;0;-
19.10.2021;07:00;08:00;0;-
19.10.2021;08:00;09:00;0;-
19.10.2021;09:00;10:00;0;-
19.10.2021;10:00;11:00;0;-
19.10.2021;11:00;12:00;0;-
19.10.2021;12:00;13:00;0;-
19.10.2021;13:00;14:00;0;-
19.10.2021;14:00;15:00;0;-
19.10.2021;15:00;16:00;0;-
19.10.2021;16:00;17:00;0;-
19.10.2021;17:00;18:00;0;-
19.10.2021;18:00;19:00;0;-
19.10.2021;19:00;20:00;0;-
19.10.2021;20:00;21:00;0;-
19.10.2021;21:00;22:00;0;-
19.10.2021;22:00;23:00;0;-
19.10.2021;23:00;00:00;0;-
20.10.2021;00:00;01:00;0;-
20.10.2021;01:00;02:00;0;-
20.10.2021;02:00;03:00;0;-
20.10.2021;03:00;04:00;0;-
20.10.2021;04:00;05:00;0;-
20.10.2021;05:00;06:00;0;-
20.10.2021;06:00;07:00;0;-
20.10.2021;07:00;08:00;0;-
20.10.2021;08:00;09:00;0;-
20.10.2021;09:00;10:00;0;-
20.10.2021;10:00;11:00;0;-
20.10.2021;11:00;12:00;0;-
20.10.2021;12:00;13:00;0;-
20.10.2021;13:00;14:00;0;-
20.10.2021;14:00;15:00;0;-
20.10.2021;15:00;16:00;0;-
20.10.2021;16:00;17:00;0;-
20.10.2021;17:00;18:00;0;-
20.10.2021;18:00;19:00;0;-
20.10.2021;19:00;20:00;0;-
20.10.2021;20:00;21:00;0;-
20.10.2021;21:00;22:00;0;-
20.10.2021;22:00;23:00;0;-
20.10.2021;23:00;00:00;0;-
21.10.2021;00:00;01:00;0;-
21.10.2021;01:00;02:00;0;-
21.10.2021;02:00;03:00;0;-
21.10.2021;03:00;04:00;0;-
21.10.2021;04:00;05:00;0;-
21.10.2021;05:00;06:00;0;-
21.10.2021;06:00;07:00;0;-
21.10.2021;07:00;08:00;0;-
21.10.2021;08:00;09:00;0;-
21.10.2021;09:00;10:00;0;-
21.10.2021;10:00;11:00;0;-
21.10.2021;11:00;12:00;0;-
21.10.2021;12:00;13:00;0;-
21.10.2021;13:00;14:00;0;-
21.10.2021;14:00;15:00;0;-
21.10.2021;15:00;16:00;0;-
21.10.2021;16:00;17:00;0;-
21.10.2021;17:00;18:00;0;-
21.10.2021;18:00;19:00;0;-
21.10.2021;19:00;20:00;0;-
21.10.2021;20:00;21:00;0;-
21.10.2021;21:00;22:00;0;-
21.10.2021;22:00;23:00;0;-
21.10.2021;23:00;00:00;0;-
22.10.2021;00:00;01:00;0;-
22.10.2021;01:00;02:00;0;-
22.10.2021;02:00;03:00;0;-
22.10.2021;03:00;04:00;0;-
22.10.2021;04:00;05:00;0;-
22.10.2021;05:00;06:00;0;-
22.10.2021;06:00;07:00;0;-
22.10.2021;07:00;08:00;0;-
22.10.2021;08:00;09:00;0;-
22.10.2021;09:00;10:00;0;-
22.10.2021;10:00;11:00;0;-
22.10.2021;11:00;12:00;0;-
22.10.2021;12:00;13:00;0;-
22.10.2021;13:00;14:00;0;-
22.10.2021;14:00;15:00;0;-
22.10.2021;15:00;16:00;0;-
22.10.2021;16:00;17:00;0;-
22.10.2021;17:00;18:00;0;-
22.10.2021;18:00;19:00;0;-
22.10.2021;19:00;20:00;0;-
22.10.2021;20:00;21:00;0;-
22.10.2021;21:00;22:00;0;-
22.10.2021;22:00;23:00;0;-
22.10.2021;23:00;00:00;0;-
23.10.2021;00:00;01:00;0;-
23.10.2021;01:00;02:00;0;-
23.10.2021;02:00;03:00;0;-
23.10.2021;03:00;04:00;0;-
23.10.2021;04:00;05:00;0;-
23.10.2021;05:00;06:00;0;-
23.10.2021;06:00;07:00;0;-
23.10.2021;07:00;08:00;0;-
23.10.2021;08:00;09:00;0;-
23.10.2021;09:00;10:00;0;-
23.10.2021;10:00;11:00;0;-
23.10.2021;11:00;12:00;0;-
23.10.2021;12:00;13:00;0;-
23.10.2021;13:00;14:00;0;-
23.10.2021;14:00;15:00;0;-
23.10.2021;15:00;16:00;0;-
23.10.2021;16:00;17:00;0;-
23.10.2021;17:00;18:00;0;-
23.10.2021;18:00;19:00;0;-
23.10.2021;19:00;20:00;0;-
23.10.2021;20:00;21:00;0;-
23.10.2021;21:00;22:00;0;-
23.10.2021;22:00;23:00;0;-
23.10.2021;23:00;00:00;0;-
24.10.2021;00:00;01:00;0;-
24.10.2021;01:00;02:00;0;-
24.10.2021;02:00;03:00;0;-
24.10.2021;03:00;04:00;0;-
24.10.2021;04:00;05:00;0;-
24.10.2021;05:00;06:00;0;-
24.10.2021;06:00;07:00;0;-
24.10.2021;07:00;08:00;0;-
24.10.2021;08:00;09:00;0;-
24.10.2021;09:00;10:00;0;-
24.10.2021;10:00;11:00;0;-
24.10.2021;11:00;12:00;0;-
24.10.2021;12:00;13:00;0;-
24.10.2021;13:00;14:00;0;-
24.10.2021;14:00;15:00;0;-
24.10.2021;15:00;16:00;0;-
24.10.2021;16:00;17:00;0;-
24.10.2021;17:00;18:00;0;-
24.10.2021;18:00;19:00;0;-
24.10.2021;19:00;20:00;0;-
24.10.2021;20:00;21:00;0;-
24.10.2021;21:00;22:00;0;-
24.10.2021;22:00;23:00;0;-
24.10.2021;23:00;00:00;0;-
25.10.2021;00:00;01:00;0;-
25.10.2021;01:00;02:00;0;-
25.10.2021;02:00;03:00;0;-
25.10.2021;03:00;04:00;0;-
25.10.2021;04:00;05:00;0;-
25.10.2021;05:00;06:00;0;-
25.10.2021;06:00;07:00;0;-
25.10.2021;07:00;08:00;33;-
25.10.2021;08:00;09:00;208;-
25.10.2021;09:00;10:00;137;-
25.10.2021;10:00;11:00;21;-
25.10.2021;11:00;12:00;12;-
25.10.2021;12:00;13:00;0;-
25.10.2021;13:00;14:00;0;-
25.10.2021;14:00;15:00;0;-
25.10.2021;15:00;16:00;0;-
25.10.2021;16:00;17:00;81;-
25.10.2021;17:00;18:00;113;-
25.10.2021;18:00;19:00;155;-
25.10.2021;19:00;20:00;190;-
25.10.2021;20:00;21:00;40;-
25.10.2021;21:00;22:00;0;-
25.10.2021;22:00;23:00;0;-
25.10.2021;23:00;00:00;0;-
26.10.2021;00:00;01:00;0;-
26.10.2021;01:00;02:00;0;-
26.10.2021;02:00;03:00;0;-
26.10.2021;03:00;04:00;0;-
26.10.2021;04:00;05:00;0;-
26.10.2021;05:00;06:00;65;-
26.10.2021;06:00;07:00;77;-
26.10.2021;07:00;08:00;188;-
26.10.2021;08:00;09:00;25;-
26.10.2021;09:00;10:00;124;-
26.10.2021;10:00;11:00;153;-
26.10.2021;11:00;12:00;38;-
26.10.2021;12:00;13:00;3;-
26.10.2021;13:00;14:00;0;-
26.10.2021;14:00;15:00;0;-
26.10.2021;15:00;16:00;52;-
26.10.2021;16:00;17:00;40;-
26.10.2021;17:00;18:00;10;-
26.10.2021;18:00;19:00;222;-
26.10.2021;19:00;20:00;158;-
26.10.2021;20:00;21:00;172;-
26.10.2021;21:00;22:00;32;-
26.10.2021;22:00;23:00;0;-
26.10.2021;23:00;00:00;0;-
27.10.2021;00:00;01:00;0;-
27.10.2021;01:00;02:00;0;-
27.10.2021;02:00;03:00;0;-
27.10.2021;03:00;04:00;0;-
27.10.2021;04:00;05:00;0;-
27.10.2021;05:00;06:00;0;-
27.10.2021;06:00;07:00;128;-
27.10.2021;07:00;08:00;163;-
27.10.2021;08:00;09:00;226;-
27.10.2021;09:00;10:00;173;-
27.10.2021;10:00;11:00;226;-
27.10.2021;11:00;12:00;225;-
27.10.2021;12:00;13:00;14;-
27.10.2021;13:00;14:00;24;-
27.10.2021;14:00;15:00;12;-
27.10.2021;15:00;16:00;0;-
27.10.2021;16:00;17:00;0;-
27.10.2021;17:00;18:00;135;-
27.10.2021;18:00;19:00;193;-
27.10.2021;19:00;20:00;222;-
27.10.2021;20:00;21:00;70;-
27.10.2021;21:00;22:00;0;-
27.10.2021;22:00;23:00;190;-
27.10.2021;23:00;00:00;36;-
28.10.2021;00:00;01:00;0;-
28.10.2021;01:00;02:00;0;-
28.10.2021;02:00;03:00;0;-
28.10.2021;03:00;04:00;0;-
28.10.2021;04:00;05:00;0;-
28.10.2021;05:00;06:00;0;-
28.10.2021;06:00;07:00;0;-
28.10.2021;07:00;08:00;42;-
28.10.2021;08:00;09:00;226;-
28.10.2021;09:00;10:00;221;-
28.10.2021;10:00;11:00;64;-
28.10.2021;11:00;12:00;0;-
28.10.2021;12:00;13:00;0;-
28.10.2021;13:00;14:00;0;-
28.10.2021;14:00;15:00;0;-
28.10.2021;15:00;16:00;0;-
28.10.2021;16:00;17:00;48;-
28.10.2021;17:00;18:00;149;-
28.10.2021;18:00;19:00;221;-
28.10.2021;19:00;20:00;177;-
28.10.2021;20:00;21:00;85;-
28.10.2021;21:00;22:00;20;-
28.10.2021;22:00;23:00;102;-
28.10.2021;23:00;00:00;0;-
29.10.2021;00:00;01:00;0;-
29.10.2021;01:00;02:00;0;-
29.10.2021;02:00;03:00;0;-
29.10.2021;03:00;04:00;0;-
29.10.2021;04:00;05:00;0;-
29.10.2021;05:00;06:00;0;-
29.10.2021;06:00;07:00;2;-
29.10.2021;07:00;08:00;224;-
29.10.2021;08:00;09:00;223;-
29.10.2021;09:00;10:00;53;-
29.10.2021;10:00;11:00;0;-
29.10.2021;11:00;12:00;0;-
29.10.2021;12:00;13:00;0;-
29.10.2021;13:00;14:00;0;-
29.10.2021;14:00;15:00;0;-
29.10.2021;15:00;16:00;0;-
29.10.2021;16:00;17:00;0;-
29.10.2021;17:00;18:00;156;-
29.10.2021;18:00;19:00;191;-
29.10.2021;19:00;20:00;14;-
29.10.2021;20:00;21:00;0;-
29.10.2021;21:00;22:00;3;-
29.10.2021;22:00;23:00;61;-
29.10.2021;23:00;00:00;46;-
30.10.2021;00:00;01:00;11;-
30.10.2021;01:00;02:00;13;-
30.10.2021;02:00;03:00;0;-
30.10.2021;03:00;04:00;0;-
30.10.2021;04:00;05:00;0;-
30.10.2021;05:00;06:00;0;-
30.10.2021;06:00;07:00;150;-
30.10.2021;07:00;08:00;30;-
30.10.2021;08:00;09:00;0;-
30.10.2021;09:00;10:00;0;-
30.10.2021;10:00;11:00;0;-
30.10.2021;11:00;12:00;0;-
30.10.2021;12:00;13:00;0;-
30.10.2021;13:00;14:00;0;-
30.10.2021;14:00;15:00;0;-
30.10.2021;15:00;16:00;0;-
30.10.2021;16:00;17:00;0;-
30.10.2021;17:00;18:00;0;-
30.10.2021;18:00;19:00;8;-
30.10.2021;19:00;20:00;74;-
30.10.2021;20:00;21:00;23;-
30.10.2021;21:00;22:00;0;-
30.10.2021;22:00;23:00;38;-
30.10.2021;23:00;00:00;0;-
31.10.2021;00:00;01:00;0;-
31.10.2021;01:00;02:00;0;-
31.10.2021;02:00;03:00;0;-
31.10.2021;02:00;03:00;0;-
31.10.2021;03:00;04:00;0;-
31.10.2021;04:00;05:00;0;-
31.10.2021;05:00;06:00;0;-
31.10.2021;06:00;07:00;0;-
31.10.2021;07:00;08:00;0;-
31.10.2021;08:00;09:00;0;-
31.10.2021;09:00;10:00;0;-
31.10.2021;10:00;11:00;0;-
31.10.2021;11:00;12:00;0;-
31.10.2021;12:00;13:00;0;-
31.10.2021;13:00;14:00;0;-
31.10.2021;14:00;15:00;0;-
31.10.2021;15:00;16:00;0;-
31.10.2021;16:00;17:00;0;-
31.10.2021;17:00;18:00;0;-
31.10.2021;18:00;19:00;0;-
31.10.2021;19:00;20:00;0;-
31.10.2021;20:00;21:00;0;-
31.10.2021;21:00;22:00;0;-
31.10.2021;22:00;23:00;0;-
31.10.2021;23:00;00:00;0;-
01.11.2021;00:00;01:00;-;-
01.11.2021;01:00;02:00;-;-
01.11.2021;02:00;03:00;-;-
01.11.2021;03:00;04:00;-;-
01.11.2021;04:00;05:00;-;-
01.11.2021;05:00;06:00;-;-
01.11.2021;06:00;07:00;-;-
01.11.2021;07:00;08:00;-;-
01.11.2021;08:00;09:00;-;-
01.11.2021;09:00;10:00;-;-
01.11.2021;10:00;11:00;-;-
01.11.2021;11:00;12:00;-;-
01.11.2021;12:00;13:00;-;-
01.11.2021;13:00;14:00;-;-
01.11.2021;14:00;15:00;-;-
01.11.2021;15:00;16:00;-;-
01.11.2021;16:00;17:00;-;-
01.11.2021;17:00;18:00;-;-
01.11.2021;18:00;19:00;-;-
01.11.2021;19:00;20:00;-;-
01.11.2021;20:00;21:00;-;-
01.11.2021;21:00;22:00;-;-
01.11.2021;22:00;23:00;-;-
01.11.2021;23:00;00:00;-;-
02.11.2021;00:00;01:00;0;-
02.11.2021;01:00;02:00;0;-
02.11.2021;02:00;03:00;0;-
02.11.2021;03:00;04:00;0;-
02.11.2021;04:00;05:00;0;-
02.11.2021;05:00;06:00;0;-
02.11.2021;06:00;07:00;0;-
02.11.2021;07:00;08:00;0;-
02.11.2021;08:00;09:00;0;-
02.11.2021;09:00;10:00;0;-
02.11.2021;10:00;11:00;0;-
02.11.2021;11:00;12:00;0;-
02.11.2021;12:00;13:00;0;-
02.11.2021;13:00;14:00;0;-
02.11.2021;14:00;15:00;0;-
02.11.2021;15:00;16:00;0;-
02.11.2021;16:00;17:00;0;-
02.11.2021;17:00;18:00;0;-
02.11.2021;18:00;19:00;0;-
02.11.2021;19:00;20:00;0;-
02.11.2021;20:00;21:00;0;-
02.11.2021;21:00;22:00;0;-
02.11.2021;22:00;23:00;0;-
02.11.2021;23:00;00:00;0;-
03.11.2021;00:00;01:00;0;-
03.11.2021;01:00;02:00;0;-
03.11.2021;02:00;03:00;0;-
03.11.2021;03:00;04:00;0;-
03.11.2021;04:00;05:00;0;-
03.11.2021;05:00;06:00;0;-
03.11.2021;06:00;07:00;0;-
03.11.2021;07:00;08:00;0;-
03.11.2021;08:00;09:00;0;-
03.11.2021;09:00;10:00;0;-
03.11.2021;10:00;11:00;0;-
03.11.2021;11:00;12:00;0;-
03.11.2021;12:00;13:00;0;-
03.11.2021;13:00;14:00;0;-
03.11.2021;14:00;15:00;0;-
03.11.2021;15:00;16:00;0;-
03.11.2021;16:00;17:00;0;-
03.11.2021;17:00;18:00;0;-
03.11.2021;18:00;19:00;0;-
03.11.2021;19:00;20:00;0;-
03.11.2021;20:00;21:00;0;-
03.11.2021;21:00;22:00;0;-
03.11.2021;22:00;23:00;0;-
03.11.2021;23:00;00:00;0;-
04.11.2021;00:00;01:00;0;-
04.11.2021;01:00;02:00;0;-
04.11.2021;02:00;03:00;0;-
04.11.2021;03:00;04:00;0;-
04.11.2021;04:00;05:00;0;-
04.11.2021;05:00;06:00;0;-
04.11.2021;06:00;07:00;0;-
04.11.2021;07:00;08:00;0;-
04.11.2021;08:00;09:00;0;-
04.11.2021;09:00;10:00;0;-
04.11.2021;10:00;11:00;0;-
04.11.2021;11:00;12:00;0;-
04.11.2021;12:00;13:00;0;-
04.11.2021;13:00;14:00;0;-
04.11.2021;14:00;15:00;0;-
04.11.2021;15:00;16:00;0;-
04.11.2021;16:00;17:00;0;-
04.11.2021;17:00;18:00;0;-
04.11.2021;18:00;19:00;0;-
04.11.2021;19:00;20:00;0;-
04.11.2021;20:00;21:00;0;-
04.11.2021;21:00;22:00;0;-
04.11.2021;22:00;23:00;0;-
04.11.2021;23:00;00:00;0;-
05.11.2021;00:00;01:00;0;-
05.11.2021;01:00;02:00;0;-
05.11.2021;02:00;03:00;0;-
05.11.2021;03:00;04:00;0;-
05.11.2021;04:00;05:00;0;-
05.11.2021;05:00;06:00;0;-
05.11.2021;06:00;07:00;0;-
05.11.2021;07:00;08:00;0;-
05.11.2021;08:00;09:00;0;-
05.11.2021;09:00;10:00;0;-
05.11.2021;10:00;11:00;0;-
05.11.2021;11:00;12:00;0;-
05.11.2021;12:00;13:00;0;-
05.11.2021;13:00;14:00;0;-
05.11.2021;14:00;15:00;0;-
05.11.2021;15:00;16:00;0;-
05.11.2021;16:00;17:00;0;-
05.11.2021;17:00;18:00;0;-
05.11.2021;18:00;19:00;0;-
05.11.2021;19:00;20:00;0;-
05.11.2021;20:00;21:00;0;-
05.11.2021;21:00;22:00;0;-
05.11.2021;22:00;23:00;0;-
05.11.2021;23:00;00:00;0;-
06.11.2021;00:00;01:00;0;-
06.11.2021;01:00;02:00;0;-
06.11.2021;02:00;03:00;0;-
06.11.2021;03:00;04:00;0;-
06.11.2021;04:00;05:00;0;-
06.11.2021;05:00;06:00;0;-
06.11.2021;06:00;07:00;0;-
06.11.2021;07:00;08:00;0;-
06.11.2021;08:00;09:00;0;-
06.11.2021;09:00;10:00;0;-
06.11.2021;10:00;11:00;0;-
06.11.2021;11:00;12:00;0;-
06.11.2021;12:00;13:00;0;-
06.11.2021;13:00;14:00;0;-
06.11.2021;14:00;15:00;0;-
06.11.2021;15:00;16:00;164;-
06.11.2021;16:00;17:00;115;-
06.11.2021;17:00;18:00;168;-
06.11.2021;18:00;19:00;32;-
06.11.2021;19:00;20:00;0;-
06.11.2021;20:00;21:00;0;-
06.11.2021;21:00;22:00;0;-
06.11.2021;22:00;23:00;0;-
06.11.2021;23:00;00:00;0;-
07.11.2021;00:00;01:00;0;-
07.11.2021;01:00;02:00;0;-
07.11.2021;02:00;03:00;0;-
07.11.2021;03:00;04:00;0;-
07.11.2021;04:00;05:00;0;-
07.11.2021;05:00;06:00;0;-
07.11.2021;06:00;07:00;0;-
07.11.2021;07:00;08:00;0;-
07.11.2021;08:00;09:00;0;-
07.11.2021;09:00;10:00;0;-
07.11.2021;10:00;11:00;0;-
07.11.2021;11:00;12:00;0;-
07.11.2021;12:00;13:00;0;-
07.11.2021;13:00;14:00;0;-
07.11.2021;14:00;15:00;0;-
07.11.2021;15:00;16:00;0;-
07.11.2021;16:00;17:00;0;-
07.11.2021;17:00;18:00;0;-
07.11.2021;18:00;19:00;0;-
07.11.2021;19:00;20:00;0;-
07.11.2021;20:00;21:00;0;-
07.11.2021;21:00;22:00;0;-
07.11.2021;22:00;23:00;0;-
07.11.2021;23:00;00:00;0;-
08.11.2021;00:00;01:00;0;-
08.11.2021;01:00;02:00;0;-
08.11.2021;02:00;03:00;0;-
08.11.2021;03:00;04:00;0;-
08.11.2021;04:00;05:00;0;-
08.11.2021;05:00;06:00;0;-
08.11.2021;06:00;07:00;169;-
08.11.2021;07:00;08:00;135;-
08.11.2021;08:00;09:00;140;-
08.11.2021;09:00;10:00;13;-
08.11.2021;10:00;11:00;3;-
08.11.2021;11:00;12:00;0;-
08.11.2021;12:00;13:00;59;-
08.11.2021;13:00;14:00;17;-
08.11.2021;14:00;15:00;46;-
08.11.2021;15:00;16:00;90;-
08.11.2021;16:00;17:00;80;-
08.11.2021;17:00;18:00;221;-
08.11.2021;18:00;19:00;144;-
08.11.2021;19:00;20:00;184;-
08.11.2021;20:00;21:00;206;-
08.11.2021;21:00;22:00;64;-
08.11.2021;22:00;23:00;61;-
08.11.2021;23:00;00:00;124;-
09.11.2021;00:00;01:00;0;-
09.11.2021;01:00;02:00;0;-
09.11.2021;02:00;03:00;0;-
09.11.2021;03:00;04:00;0;-
09.11.2021;04:00;05:00;0;-
09.11.2021;05:00;06:00;0;-
09.11.2021;06:00;07:00;38;-
09.11.2021;07:00;08:00;142;-
09.11.2021;08:00;09:00;92;-
09.11.2021;09:00;10:00;0;-
09.11.2021;10:00;11:00;0;-
09.11.2021;11:00;12:00;0;-
09.11.2021;12:00;13:00;0;-
09.11.2021;13:00;14:00;0;-
09.11.2021;14:00;15:00;0;-
09.11.2021;15:00;16:00;164;-
09.11.2021;16:00;17:00;154;-
09.11.2021;17:00;18:00;129;-
09.11.2021;18:00;19:00;92;-
09.11.2021;19:00;20:00;145;-
09.11.2021;20:00;21:00;77;-
09.11.2021;21:00;22:00;11;-
09.11.2021;22:00;23:00;0;-
09.11.2021;23:00;00:00;0;-
10.11.2021;00:00;01:00;0;-
10.11.2021;01:00;02:00;0;-
10.11.2021;02:00;03:00;0;-
10.11.2021;03:00;04:00;0;-
10.11.2021;04:00;05:00;0;-
10.11.2021;05:00;06:00;0;-
10.11.2021;06:00;07:00;59;-
10.11.2021;07:00;08:00;204;-
10.11.2021;08:00;09:00;168;-
10.11.2021;09:00;10:00;30;-
10.11.2021;10:00;11:00;0;-
10.11.2021;11:00;12:00;0;-
10.11.2021;12:00;13:00;0;-
10.11.2021;13:00;14:00;0;-
10.11.2021;14:00;15:00;59;-
10.11.2021;15:00;16:00;124;-
10.11.2021;16:00;17:00;60;-
10.11.2021;17:00;18:00;59;-
10.11.2021;18:00;19:00;65;-
10.11.2021;19:00;20:00;134;-
10.11.2021;20:00;21:00;0;-
10.11.2021;21:00;22:00;0;-
10.11.2021;22:00;23:00;0;-
10.11.2021;23:00;00:00;0;-
11.11.2021;00:00;01:00;0;-
11.11.2021;01:00;02:00;0;-
11.11.2021;02:00;03:00;0;-
11.11.2021;03:00;04:00;0;-
11.11.2021;04:00;05:00;0;-
11.11.2021;05:00;06:00;0;-
11.11.2021;06:00;07:00;0;-
11.11.2021;07:00;08:00;0;-
11.11.2021;08:00;09:00;0;-
11.11.2021;09:00;10:00;0;-
11.11.2021;10:00;11:00;1;-
11.11.2021;11:00;12:00;29;-
11.11.2021;12:00;13:00;58;-
11.11.2021;13:00;14:00;0;-
11.11.2021;14:00;15:00;0;-
11.11.2021;15:00;16:00;0;-
11.11.2021;16:00;17:00;0;-
11.11.2021;17:00;18:00;8;-
11.11.2021;18:00;19:00;0;-
11.11.2021;19:00;20:00;0;-
11.11.2021;20:00;21:00;0;-
11.11.2021;21:00;22:00;0;-
11.11.2021;22:00;23:00;0;-
11.11.2021;23:00;00:00;0;-
12.11.2021;00:00;01:00;14;-
12.11.2021;01:00;02:00;0;-
12.11.2021;02:00;03:00;0;-
12.11.2021;03:00;04:00;0;-
12.11.2021;04:00;05:00;0;-
12.11.2021;05:00;06:00;0;-
12.11.2021;06:00;07:00;19;-
12.11.2021;07:00;08:00;0;-
12.11.2021;08:00;09:00;103;-
12.11.2021;09:00;10:00;109;-
12.11.2021;10:00;11:00;108;-
12.11.2021;11:00;12:00;106;-
12.11.2021;12:00;13:00;105;-
12.11.2021;13:00;14:00;104;-
12.11.2021;14:00;15:00;56;-
12.11.2021;15:00;16:00;84;-
12.11.2021;16:00;17:00;128;-
12.11.2021;17:00;18:00;146;-
12.11.2021;18:00;19:00;9;-
12.11.2021;19:00;20:00;0;-
12.11.2021;20:00;21:00;108;-
12.11.2021;21:00;22:00;17;-
12.11.2021;22:00;23:00;0;-
12.11.2021;23:00;00:00;0;-
13.11.2021;00:00;01:00;0;-
13.11.2021;01:00;02:00;0;-
13.11.2021;02:00;03:00;0;-
13.11.2021;03:00;04:00;0;-
13.11.2021;04:00;05:00;0;-
13.11.2021;05:00;06:00;0;-
13.11.2021;06:00;07:00;0;-
13.11.2021;07:00;08:00;116;-
13.11.2021;08:00;09:00;122;-
13.11.2021;09:00;10:00;192;-
13.11.2021;10:00;11:00;98;-
13.11.2021;11:00;12:00;119;-
13.11.2021;12:00;13:00;83;-
13.11.2021;13:00;14:00;45;-
13.11.2021;14:00;15:00;1;-
13.11.2021;15:00;16:00;0;-
13.11.2021;16:00;17:00;0;-
13.11.2021;17:00;18:00;98;-
13.11.2021;18:00;19:00;89;-
13.11.2021;19:00;20:00;128;-
13.11.2021;20:00;21:00;23;-
13.11.2021;21:00;22:00;0;-
13.11.2021;22:00;23:00;0;-
13.11.2021;23:00;00:00;0;-
14.11.2021;00:00;01:00;0;-
14.11.2021;01:00;02:00;0;-
14.11.2021;02:00;03:00;0;-
14.11.2021;03:00;04:00;0;-
14.11.2021;04:00;05:00;0;-
14.11.2021;05:00;06:00;0;-
14.11.2021;06:00;07:00;0;-
14.11.2021;07:00;08:00;0;-
14.11.2021;08:00;09:00;0;-
14.11.2021;09:00;10:00;1;-
14.11.2021;10:00;11:00;0;-
14.11.2021;11:00;12:00;0;-
14.11.2021;12:00;13:00;0;-
14.11.2021;13:00;14:00;0;-
14.11.2021;14:00;15:00;0;-
14.11.2021;15:00;16:00;0;-
14.11.2021;16:00;17:00;0;-
14.11.2021;17:00;18:00;0;-
14.11.2021;18:00;19:00;0;-
14.11.2021;19:00;20:00;0;-
14.11.2021;20:00;21:00;67;-
14.11.2021;21:00;22:00;0;-
14.11.2021;22:00;23:00;117;-
14.11.2021;23:00;00:00;0;-
15.11.2021;00:00;01:00;0;-
15.11.2021;01:00;02:00;0;-
15.11.2021;02:00;03:00;0;-
15.11.2021;03:00;04:00;0;-
15.11.2021;04:00;05:00;0;-
15.11.2021;05:00;06:00;0;-
15.11.2021;06:00;07:00;0;-
15.11.2021;07:00;08:00;0;-
15.11.2021;08:00;09:00;0;-
15.11.2021;09:00;10:00;0;-
15.11.2021;10:00;11:00;0;-
15.11.2021;11:00;12:00;0;-
15.11.2021;12:00;13:00;0;-
15.11.2021;13:00;14:00;0;-
15.11.2021;14:00;15:00;0;-
15.11.2021;15:00;16:00;34;-
15.11.2021;16:00;17:00;97;-
15.11.2021;17:00;18:00;17;-
15.11.2021;18:00;19:00;0;-
15.11.2021;19:00;20:00;0;-
15.11.2021;20:00;21:00;0;-
15.11.2021;21:00;22:00;0;-
15.11.2021;22:00;23:00;0;-
15.11.2021;23:00;00:00;0;-
16.11.2021;00:00;01:00;0;-
16.11.2021;01:00;02:00;0;-
16.11.2021;02:00;03:00;0;-
16.11.2021;03:00;04:00;0;-
16.11.2021;04:00;05:00;0;-
16.11.2021;05:00;06:00;0;-
16.11.2021;06:00;07:00;0;-
16.11.2021;07:00;08:00;12;-
16.11.2021;08:00;09:00;145;-
16.11.2021;09:00;10:00;147;-
16.11.2021;10:00;11:00;206;-
16.11.2021;11:00;12:00;219;-
16.11.2021;12:00;13:00;200;-
16.11.2021;13:00;14:00;224;-
16.11.2021;14:00;15:00;166;-
16.11.2021;15:00;16:00;196;-
16.11.2021;16:00;17:00;28;-
16.11.2021;17:00;18:00;57;-
16.11.2021;18:00;19:00;1;-
16.11.2021;19:00;20:00;47;-
16.11.2021;20:00;21:00;50;-
16.11.2021;21:00;22:00;0;-
16.11.2021;22:00;23:00;0;-
16.11.2021;23:00;00:00;0;-
17.11.2021;00:00;01:00;0;-
17.11.2021;01:00;02:00;0;-
17.11.2021;02:00;03:00;0;-
17.11.2021;03:00;04:00;0;-
17.11.2021;04:00;05:00;0;-
17.11.2021;05:00;06:00;0;-
17.11.2021;06:00;07:00;59;-
17.11.2021;07:00;08:00;153;-
17.11.2021;08:00;09:00;202;-
17.11.2021;09:00;10:00;188;-
17.11.2021;10:00;11:00;225;-
17.11.2021;11:00;12:00;193;-
17.11.2021;12:00;13:00;132;-
17.11.2021;13:00;14:00;20;-
17.11.2021;14:00;15:00;29;-
17.11.2021;15:00;16:00;113;-
17.11.2021;16:00;17:00;2;-
17.11.2021;17:00;18:00;0;-
17.11.2021;18:00;19:00;0;-
17.11.2021;19:00;20:00;0;-
17.11.2021;20:00;21:00;0;-
17.11.2021;21:00;22:00;0;-
17.11.2021;22:00;23:00;0;-
17.11.2021;23:00;00:00;0;-
18.11.2021;00:00;01:00;0;-
18.11.2021;01:00;02:00;0;-
18.11.2021;02:00;03:00;0;-
18.11.2021;03:00;04:00;0;-
18.11.2021;04:00;05:00;0;-
18.11.2021;05:00;06:00;0;-
18.11.2021;06:00;07:00;54;-
18.11.2021;07:00;08:00;442;-
18.11.2021;08:00;09:00;431;-
18.11.2021;09:00;10:00;226;-
18.11.2021;10:00;11:00;111;-
18.11.2021;11:00;12:00;8;-
18.11.2021;12:00;13:00;27;-
18.11.2021;13:00;14:00;86;-
18.11.2021;14:00;15:00;114;-
18.11.2021;15:00;16:00;81;-
18.11.2021;16:00;17:00;140;-
18.11.2021;17:00;18:00;30;-
18.11.2021;18:00;19:00;0;-
18.11.2021;19:00;20:00;0;-
18.11.2021;20:00;21:00;0;-
18.11.2021;21:00;22:00;0;-
18.11.2021;22:00;23:00;0;-
18.11.2021;23:00;00:00;0;-
19.11.2021;00:00;01:00;0;-
19.11.2021;01:00;02:00;0;-
19.11.2021;02:00;03:00;0;-
19.11.2021;03:00;04:00;0;-
19.11.2021;04:00;05:00;0;-
19.11.2021;05:00;06:00;0;-
19.11.2021;06:00;07:00;52;-
19.11.2021;07:00;08:00;315;-
19.11.2021;08:00;09:00;6;-
19.11.2021;09:00;10:00;0;-
19.11.2021;10:00;11:00;0;-
19.11.2021;11:00;12:00;0;-
19.11.2021;12:00;13:00;0;-
19.11.2021;13:00;14:00;0;-
19.11.2021;14:00;15:00;42;-
19.11.2021;15:00;16:00;132;-
19.11.2021;16:00;17:00;132;-
19.11.2021;17:00;18:00;381;-
19.11.2021;18:00;19:00;367;-
19.11.2021;19:00;20:00;9;-
19.11.2021;20:00;21:00;83;-
19.11.2021;21:00;22:00;82;-
19.11.2021;22:00;23:00;14;-
19.11.2021;23:00;00:00;0;-
20.11.2021;00:00;01:00;0;-
20.11.2021;01:00;02:00;0;-
20.11.2021;02:00;03:00;0;-
20.11.2021;03:00;04:00;0;-
20.11.2021;04:00;05:00;0;-
20.11.2021;05:00;06:00;0;-
20.11.2021;06:00;07:00;0;-
20.11.2021;07:00;08:00;0;-
20.11.2021;08:00;09:00;0;-
20.11.2021;09:00;10:00;0;-
20.11.2021;10:00;11:00;0;-
20.11.2021;11:00;12:00;0;-
20.11.2021;12:00;13:00;0;-
20.11.2021;13:00;14:00;0;-
20.11.2021;14:00;15:00;0;-
20.11.2021;15:00;16:00;0;-
20.11.2021;16:00;17:00;0;-
20.11.2021;17:00;18:00;407;-
20.11.2021;18:00;19:00;280;-
20.11.2021;19:00;20:00;6;-
20.11.2021;20:00;21:00;7;-
20.11.2021;21:00;22:00;0;-
20.11.2021;22:00;23:00;16;-
20.11.2021;23:00;00:00;0;-
21.11.2021;00:00;01:00;0;-
21.11.2021;01:00;02:00;0;-
21.11.2021;02:00;03:00;0;-
21.11.2021;03:00;04:00;0;-
21.11.2021;04:00;05:00;0;-
21.11.2021;05:00;06:00;3;-
21.11.2021;06:00;07:00;0;-
21.11.2021;07:00;08:00;0;-
21.11.2021;08:00;09:00;0;-
21.11.2021;09:00;10:00;0;-
21.11.2021;10:00;11:00;0;-
21.11.2021;11:00;12:00;0;-
21.11.2021;12:00;13:00;0;-
21.11.2021;13:00;14:00;0;-
21.11.2021;14:00;15:00;0;-
21.11.2021;15:00;16:00;0;-
21.11.2021;16:00;17:00;20;-
21.11.2021;17:00;18:00;420;-
21.11.2021;18:00;19:00;387;-
21.11.2021;19:00;20:00;79;-
21.11.2021;20:00;21:00;0;-
21.11.2021;21:00;22:00;0;-
21.11.2021;22:00;23:00;0;-
21.11.2021;23:00;00:00;48;-
22.11.2021;00:00;01:00;0;-
22.11.2021;01:00;02:00;0;-
22.11.2021;02:00;03:00;0;-
22.11.2021;03:00;04:00;0;-
22.11.2021;04:00;05:00;0;-
22.11.2021;05:00;06:00;0;-
22.11.2021;06:00;07:00;75;-
22.11.2021;07:00;08:00;135;-
22.11.2021;08:00;09:00;139;-
22.11.2021;09:00;10:00;0;-
22.11.2021;10:00;11:00;0;-
22.11.2021;11:00;12:00;0;-
22.11.2021;12:00;13:00;0;-
22.11.2021;13:00;14:00;0;-
22.11.2021;14:00;15:00;0;-
22.11.2021;15:00;16:00;0;-
22.11.2021;16:00;17:00;38;-
22.11.2021;17:00;18:00;117;-
22.11.2021;18:00;19:00;257;-
22.11.2021;19:00;20:00;28;-
22.11.2021;20:00;21:00;0;-
22.11.2021;21:00;22:00;0;-
22.11.2021;22:00;23:00;0;-
22.11.2021;23:00;00:00;0;-
23.11.2021;00:00;01:00;0;-
23.11.2021;01:00;02:00;0;-
23.11.2021;02:00;03:00;0;-
23.11.2021;03:00;04:00;0;-
23.11.2021;04:00;05:00;12;-
23.11.2021;05:00;06:00;3;-
23.11.2021;06:00;07:00;13;-
23.11.2021;07:00;08:00;69;-
23.11.2021;08:00;09:00;211;-
23.11.2021;09:00;10:00;0;-
23.11.2021;10:00;11:00;0;-
23.11.2021;11:00;12:00;0;-
23.11.2021;12:00;13:00;0;-
23.11.2021;13:00;14:00;0;-
23.11.2021;14:00;15:00;0;-
23.11.2021;15:00;16:00;77;-
23.11.2021;16:00;17:00;130;-
23.11.2021;17:00;18:00;168;-
23.11.2021;18:00;19:00;279;-
23.11.2021;19:00;20:00;290;-
23.11.2021;20:00;21:00;35;-
23.11.2021;21:00;22:00;57;-
23.11.2021;22:00;23:00;0;-
23.11.2021;23:00;00:00;10;-
24.11.2021;00:00;01:00;0;-
24.11.2021;01:00;02:00;0;-
24.11.2021;02:00;03:00;0;-
24.11.2021;03:00;04:00;0;-
24.11.2021;04:00;05:00;0;-
24.11.2021;05:00;06:00;0;-
24.11.2021;06:00;07:00;31;-
24.11.2021;07:00;08:00;210;-
24.11.2021;08:00;09:00;317;-
24.11.2021;09:00;10:00;172;-
24.11.2021;10:00;11:00;66;-
24.11.2021;11:00;12:00;53;-
24.11.2021;12:00;13:00;35;-
24.11.2021;13:00;14:00;7;-
24.11.2021;14:00;15:00;0;-
24.11.2021;15:00;16:00;23;-
24.11.2021;16:00;17:00;29;-
24.11.2021;17:00;18:00;46;-
24.11.2021;18:00;19:00;260;-
24.11.2021;19:00;20:00;18;-
24.11.2021;20:00;21:00;0;-
24.11.2021;21:00;22:00;0;-
24.11.2021;22:00;23:00;0;-
24.11.2021;23:00;00:00;0;-
25.11.2021;00:00;01:00;0;-
25.11.2021;01:00;02:00;0;-
25.11.2021;02:00;03:00;0;-
25.11.2021;03:00;04:00;0;-
25.11.2021;04:00;05:00;0;-
25.11.2021;05:00;06:00;20;-
25.11.2021;06:00;07:00;11;-
25.11.2021;07:00;08:00;61;-
25.11.2021;08:00;09:00;131;-
25.11.2021;09:00;10:00;170;-
25.11.2021;10:00;11:00;318;-
25.11.2021;11:00;12:00;309;-
25.11.2021;12:00;13:00;263;-
25.11.2021;13:00;14:00;32;-
25.11.2021;14:00;15:00;55;-
25.11.2021;15:00;16:00;314;-
25.11.2021;16:00;17:00;66;-
25.11.2021;17:00;18:00;46;-
25.11.2021;18:00;19:00;1;-
25.11.2021;19:00;20:00;39;-
25.11.2021;20:00;21:00;5;-
25.11.2021;21:00;22:00;0;-
25.11.2021;22:00;23:00;0;-
25.11.2021;23:00;00:00;0;-
26.11.2021;00:00;01:00;0;-
26.11.2021;01:00;02:00;0;-
26.11.2021;02:00;03:00;0;-
26.11.2021;03:00;04:00;0;-
26.11.2021;04:00;05:00;0;-
26.11.2021;05:00;06:00;34;-
26.11.2021;06:00;07:00;170;-
26.11.2021;07:00;08:00;403;-
26.11.2021;08:00;09:00;445;-
26.11.2021;09:00;10:00;450;-
26.11.2021;10:00;11:00;338;-
26.11.2021;11:00;12:00;41;-
26.11.2021;12:00;13:00;64;-
26.11.2021;13:00;14:00;102;-
26.11.2021;14:00;15:00;84;-
26.11.2021;15:00;16:00;129;-
26.11.2021;16:00;17:00;50;-
26.11.2021;17:00;18:00;232;-
26.11.2021;18:00;19:00;2;-
26.11.2021;19:00;20:00;0;-
26.11.2021;20:00;21:00;0;-
26.11.2021;21:00;22:00;0;-
26.11.2021;22:00;23:00;0;-
26.11.2021;23:00;00:00;0;-
27.11.2021;00:00;01:00;0;-
27.11.2021;01:00;02:00;0;-
27.11.2021;02:00;03:00;0;-
27.11.2021;03:00;04:00;0;-
27.11.2021;04:00;05:00;0;-
27.11.2021;05:00;06:00;0;-
27.11.2021;06:00;07:00;0;-
27.11.2021;07:00;08:00;0;-
27.11.2021;08:00;09:00;70;-
27.11.2021;09:00;10:00;2;-
27.11.2021;10:00;11:00;29;-
27.11.2021;11:00;12:00;0;-
27.11.2021;12:00;13:00;0;-
27.11.2021;13:00;14:00;0;-
27.11.2021;14:00;15:00;96;-
27.11.2021;15:00;16:00;21;-
27.11.2021;16:00;17:00;20;-
27.11.2021;17:00;18:00;452;-
27.11.2021;18:00;19:00;450;-
27.11.2021;19:00;20:00;39;-
27.11.2021;20:00;21:00;40;-
27.11.2021;21:00;22:00;86;-
27.11.2021;22:00;23:00;0;-
27.11.2021;23:00;00:00;0;-
28.11.2021;00:00;01:00;0;-
28.11.2021;01:00;02:00;0;-
28.11.2021;02:00;03:00;0;-
28.11.2021;03:00;04:00;0;-
28.11.2021;04:00;05:00;0;-
28.11.2021;05:00;06:00;0;-
28.11.2021;06:00;07:00;0;-
28.11.2021;07:00;08:00;0;-
28.11.2021;08:00;09:00;9;-
28.11.2021;09:00;10:00;15;-
28.11.2021;10:00;11:00;11;-
28.11.2021;11:00;12:00;9;-
28.11.2021;12:00;13:00;72;-
28.11.2021;13:00;14:00;41;-
28.11.2021;14:00;15:00;0;-
28.11.2021;15:00;16:00;0;-
28.11.2021;16:00;17:00;0;-
28.11.2021;17:00;18:00;66;-
28.11.2021;18:00;19:00;135;-
28.11.2021;19:00;20:00;20;-
28.11.2021;20:00;21:00;64;-
28.11.2021;21:00;22:00;65;-
28.11.2021;22:00;23:00;5;-
28.11.2021;23:00;00:00;0;-
29.11.2021;00:00;01:00;20;-
29.11.2021;01:00;02:00;13;-
29.11.2021;02:00;03:00;3;-
29.11.2021;03:00;04:00;0;-
29.11.2021;04:00;05:00;0;-
29.11.2021;05:00;06:00;19;-
29.11.2021;06:00;07:00;50;-
29.11.2021;07:00;08:00;111;-
29.11.2021;08:00;09:00;18;-
29.11.2021;09:00;10:00;18;-
29.11.2021;10:00;11:00;161;-
29.11.2021;11:00;12:00;177;-
29.11.2021;12:00;13:00;95;-
29.11.2021;13:00;14:00;123;-
29.11.2021;14:00;15:00;117;-
29.11.2021;15:00;16:00;309;-
29.11.2021;16:00;17:00;313;-
29.11.2021;17:00;18:00;309;-
29.11.2021;18:00;19:00;345;-
29.11.2021;19:00;20:00;268;-
29.11.2021;20:00;21:00;280;-
29.11.2021;21:00;22:00;127;-
29.11.2021;22:00;23:00;0;-
29.11.2021;23:00;00:00;0;-
30.11.2021;00:00;01:00;0;-
30.11.2021;01:00;02:00;0;-
30.11.2021;02:00;03:00;0;-
30.11.2021;03:00;04:00;0;-
30.11.2021;04:00;05:00;0;-
30.11.2021;05:00;06:00;0;-
30.11.2021;06:00;07:00;0;-
30.11.2021;07:00;08:00;0;-
30.11.2021;08:00;09:00;0;-
30.11.2021;09:00;10:00;0;-
30.11.2021;10:00;11:00;0;-
30.11.2021;11:00;12:00;0;-
30.11.2021;12:00;13:00;0;-
30.11.2021;13:00;14:00;0;-
30.11.2021;14:00;15:00;0;-
30.11.2021;15:00;16:00;2;-
30.11.2021;16:00;17:00;21;-
30.11.2021;17:00;18:00;316;-
30.11.2021;18:00;19:00;268;-
30.11.2021;19:00;20:00;268;-
30.11.2021;20:00;21:00;132;-
30.11.2021;21:00;22:00;107;-
30.11.2021;22:00;23:00;47;-
30.11.2021;23:00;00:00;0;-
01.12.2021;00:00;01:00;0;-
01.12.2021;01:00;02:00;0;-
01.12.2021;02:00;03:00;0;-
01.12.2021;03:00;04:00;30;-
01.12.2021;04:00;05:00;0;-
01.12.2021;05:00;06:00;0;-
01.12.2021;06:00;07:00;0;-
01.12.2021;07:00;08:00;0;-
01.12.2021;08:00;09:00;192;-
01.12.2021;09:00;10:00;29;-
01.12.2021;10:00;11:00;0;-
01.12.2021;11:00;12:00;0;-
01.12.2021;12:00;13:00;0;-
01.12.2021;13:00;14:00;123;-
01.12.2021;14:00;15:00;0;-
01.12.2021;15:00;16:00;2;-
01.12.2021;16:00;17:00;0;-
01.12.2021;17:00;18:00;132;-
01.12.2021;18:00;19:00;170;-
01.12.2021;19:00;20:00;155;-
01.12.2021;20:00;21:00;0;-
01.12.2021;21:00;22:00;0;-
01.12.2021;22:00;23:00;50;-
01.12.2021;23:00;00:00;0;-
02.12.2021;00:00;01:00;0;-
02.12.2021;01:00;02:00;0;-
02.12.2021;02:00;03:00;0;-
02.12.2021;03:00;04:00;13;-
02.12.2021;04:00;05:00;9;-
02.12.2021;05:00;06:00;20;-
02.12.2021;06:00;07:00;65;-
02.12.2021;07:00;08:00;131;-
02.12.2021;08:00;09:00;57;-
02.12.2021;09:00;10:00;140;-
02.12.2021;10:00;11:00;159;-
02.12.2021;11:00;12:00;108;-
02.12.2021;12:00;13:00;18;-
02.12.2021;13:00;14:00;24;-
02.12.2021;14:00;15:00;19;-
02.12.2021;15:00;16:00;20;-
02.12.2021;16:00;17:00;172;-
02.12.2021;17:00;18:00;287;-
02.12.2021;18:00;19:00;237;-
02.12.2021;19:00;20:00;237;-
02.12.2021;20:00;21:00;223;-
02.12.2021;21:00;22:00;75;-
02.12.2021;22:00;23:00;15;-
02.12.2021;23:00;00:00;13;-
03.12.2021;00:00;01:00;0;-
03.12.2021;01:00;02:00;0;-
03.12.2021;02:00;03:00;0;-
03.12.2021;03:00;04:00;0;-
03.12.2021;04:00;05:00;0;-
03.12.2021;05:00;06:00;0;-
03.12.2021;06:00;07:00;65;-
03.12.2021;07:00;08:00;409;-
03.12.2021;08:00;09:00;449;-
03.12.2021;09:00;10:00;274;-
03.12.2021;10:00;11:00;19;-
03.12.2021;11:00;12:00;0;-
03.12.2021;12:00;13:00;0;-
03.12.2021;13:00;14:00;0;-
03.12.2021;14:00;15:00;0;-
03.12.2021;15:00;16:00;0;-
03.12.2021;16:00;17:00;0;-
03.12.2021;17:00;18:00;0;-
03.12.2021;18:00;19:00;0;-
03.12.2021;19:00;20:00;0;-
03.12.2021;20:00;21:00;0;-
03.12.2021;21:00;22:00;0;-
03.12.2021;22:00;23:00;0;-
03.12.2021;23:00;00:00;0;-
04.12.2021;00:00;01:00;0;-
04.12.2021;01:00;02:00;0;-
04.12.2021;02:00;03:00;0;-
04.12.2021;03:00;04:00;0;-
04.12.2021;04:00;05:00;0;-
04.12.2021;05:00;06:00;0;-
04.12.2021;06:00;07:00;18;-
04.12.2021;07:00;08:00;74;-
04.12.2021;08:00;09:00;207;-
04.12.2021;09:00;10:00;90;-
04.12.2021;10:00;11:00;82;-
04.12.2021;11:00;12:00;147;-
04.12.2021;12:00;13:00;81;-
04.12.2021;13:00;14:00;76;-
04.12.2021;14:00;15:00;187;-
04.12.2021;15:00;16:00;197;-
04.12.2021;16:00;17:00;174;-
04.12.2021;17:00;18:00;341;-
04.12.2021;18:00;19:00;77;-
04.12.2021;19:00;20:00;180;-
04.12.2021;20:00;21:00;0;-
04.12.2021;21:00;22:00;0;-
04.12.2021;22:00;23:00;0;-
04.12.2021;23:00;00:00;0;-
05.12.2021;00:00;01:00;0;-
05.12.2021;01:00;02:00;0;-
05.12.2021;02:00;03:00;0;-
05.12.2021;03:00;04:00;0;-
05.12.2021;04:00;05:00;0;-
05.12.2021;05:00;06:00;0;-
05.12.2021;06:00;07:00;0;-
05.12.2021;07:00;08:00;0;-
05.12.2021;08:00;09:00;29;-
05.12.2021;09:00;10:00;6;-
05.12.2021;10:00;11:00;0;-
05.12.2021;11:00;12:00;0;-
05.12.2021;12:00;13:00;0;-
05.12.2021;13:00;14:00;0;-
05.12.2021;14:00;15:00;0;-
05.12.2021;15:00;16:00;0;-
05.12.2021;16:00;17:00;123;-
05.12.2021;17:00;18:00;452;-
05.12.2021;18:00;19:00;452;-
05.12.2021;19:00;20:00;126;-
05.12.2021;20:00;21:00;8;-
05.12.2021;21:00;22:00;5;-
05.12.2021;22:00;23:00;66;-
05.12.2021;23:00;00:00;3;-
06.12.2021;00:00;01:00;0;-
06.12.2021;01:00;02:00;0;-
06.12.2021;02:00;03:00;0;-
06.12.2021;03:00;04:00;0;-
06.12.2021;04:00;05:00;0;-
06.12.2021;05:00;06:00;18;-
06.12.2021;06:00;07:00;49;-
06.12.2021;07:00;08:00;87;-
06.12.2021;08:00;09:00;395;-
06.12.2021;09:00;10:00;452;-
06.12.2021;10:00;11:00;445;-
06.12.2021;11:00;12:00;447;-
06.12.2021;12:00;13:00;239;-
06.12.2021;13:00;14:00;47;-
06.12.2021;14:00;15:00;65;-
06.12.2021;15:00;16:00;0;-
06.12.2021;16:00;17:00;0;-
06.12.2021;17:00;18:00;0;-
06.12.2021;18:00;19:00;0;-
06.12.2021;19:00;20:00;0;-
06.12.2021;20:00;21:00;0;-
06.12.2021;21:00;22:00;7;-
06.12.2021;22:00;23:00;0;-
06.12.2021;23:00;00:00;4;-
07.12.2021;00:00;01:00;0;-
07.12.2021;01:00;02:00;0;-
07.12.2021;02:00;03:00;0;-
07.12.2021;03:00;04:00;15;-
07.12.2021;04:00;05:00;0;-
07.12.2021;05:00;06:00;0;-
07.12.2021;06:00;07:00;35;-
07.12.2021;07:00;08:00;10;-
07.12.2021;08:00;09:00;430;-
07.12.2021;09:00;10:00;430;-
07.12.2021;10:00;11:00;450;-
07.12.2021;11:00;12:00;10;-
07.12.2021;12:00;13:00;54;-
07.12.2021;13:00;14:00;114;-
07.12.2021;14:00;15:00;179;-
07.12.2021;15:00;16:00;26;-
07.12.2021;16:00;17:00;194;-
07.12.2021;17:00;18:00;54;-
07.12.2021;18:00;19:00;1;-
07.12.2021;19:00;20:00;0;-
07.12.2021;20:00;21:00;36;-
07.12.2021;21:00;22:00;24;-
07.12.2021;22:00;23:00;20;-
07.12.2021;23:00;00:00;0;-
08.12.2021;00:00;01:00;0;-
08.12.2021;01:00;02:00;0;-
08.12.2021;02:00;03:00;0;-
08.12.2021;03:00;04:00;0;-
08.12.2021;04:00;05:00;0;-
08.12.2021;05:00;06:00;0;-
08.12.2021;06:00;07:00;0;-
08.12.2021;07:00;08:00;7;-
08.12.2021;08:00;09:00;157;-
08.12.2021;09:00;10:00;70;-
08.12.2021;10:00;11:00;9;-
08.12.2021;11:00;12:00;77;-
08.12.2021;12:00;13:00;141;-
08.12.2021;13:00;14:00;100;-
08.12.2021;14:00;15:00;47;-
08.12.2021;15:00;16:00;47;-
08.12.2021;16:00;17:00;321;-
08.12.2021;17:00;18:00;451;-
08.12.2021;18:00;19:00;409;-
08.12.2021;19:00;20:00;11;-
08.12.2021;20:00;21:00;0;-
08.12.2021;21:00;22:00;0;-
08.12.2021;22:00;23:00;25;-
08.12.2021;23:00;00:00;0;-
09.12.2021;00:00;01:00;0;-
09.12.2021;01:00;02:00;0;-
09.12.2021;02:00;03:00;0;-
09.12.2021;03:00;04:00;0;-
09.12.2021;04:00;05:00;0;-
09.12.2021;05:00;06:00;0;-
09.12.2021;06:00;07:00;0;-
09.12.2021;07:00;08:00;28;-
09.12.2021;08:00;09:00;217;-
09.12.2021;09:00;10:00;170;-
09.12.2021;10:00;11:00;190;-
09.12.2021;11:00;12:00;336;-
09.12.2021;12:00;13:00;57;-
09.12.2021;13:00;14:00;201;-
09.12.2021;14:00;15:00;59;-
09.12.2021;15:00;16:00;29;-
09.12.2021;16:00;17:00;287;-
09.12.2021;17:00;18:00;320;-
09.12.2021;18:00;19:00;337;-
09.12.2021;19:00;20:00;45;-
09.12.2021;20:00;21:00;0;-
09.12.2021;21:00;22:00;0;-
09.12.2021;22:00;23:00;0;-
09.12.2021;23:00;00:00;26;-
10.12.2021;00:00;01:00;0;-
10.12.2021;01:00;02:00;0;-
10.12.2021;02:00;03:00;0;-
10.12.2021;03:00;04:00;0;-
10.12.2021;04:00;05:00;0;-
10.12.2021;05:00;06:00;0;-
10.12.2021;06:00;07:00;0;-
10.12.2021;07:00;08:00;45;-
10.12.2021;08:00;09:00;65;-
10.12.2021;09:00;10:00;260;-
10.12.2021;10:00;11:00;53;-
10.12.2021;11:00;12:00;100;-
10.12.2021;12:00;13:00;126;-
10.12.2021;13:00;14:00;128;-
10.12.2021;14:00;15:00;38;-
10.12.2021;15:00;16:00;178;-
10.12.2021;16:00;17:00;68;-
10.12.2021;17:00;18:00;413;-
10.12.2021;18:00;19:00;443;-
10.12.2021;19:00;20:00;168;-
10.12.2021;20:00;21:00;150;-
10.12.2021;21:00;22:00;1;-
10.12.2021;22:00;23:00;0;-
10.12.2021;23:00;00:00;0;-
11.12.2021;00:00;01:00;0;-
11.12.2021;01:00;02:00;0;-
11.12.2021;02:00;03:00;0;-
11.12.2021;03:00;04:00;0;-
11.12.2021;04:00;05:00;0;-
11.12.2021;05:00;06:00;0;-
11.12.2021;06:00;07:00;110;-
11.12.2021;07:00;08:00;100;-
11.12.2021;08:00;09:00;155;-
11.12.2021;09:00;10:00;202;-
11.12.2021;10:00;11:00;142;-
11.12.2021;11:00;12:00;84;-
11.12.2021;12:00;13:00;11;-
11.12.2021;13:00;14:00;19;-
11.12.2021;14:00;15:00;128;-
11.12.2021;15:00;16:00;60;-
11.12.2021;16:00;17:00;14;-
11.12.2021;17:00;18:00;86;-
11.12.2021;18:00;19:00;198;-
11.12.2021;19:00;20:00;78;-
11.12.2021;20:00;21:00;0;-
11.12.2021;21:00;22:00;0;-
11.12.2021;22:00;23:00;0;-
11.12.2021;23:00;00:00;4;-
12.12.2021;00:00;01:00;0;-
12.12.2021;01:00;02:00;0;-
12.12.2021;02:00;03:00;0;-
12.12.2021;03:00;04:00;0;-
12.12.2021;04:00;05:00;0;-
12.12.2021;05:00;06:00;0;-
12.12.2021;06:00;07:00;0;-
12.12.2021;07:00;08:00;0;-
12.12.2021;08:00;09:00;0;-
12.12.2021;09:00;10:00;0;-
12.12.2021;10:00;11:00;60;-
12.12.2021;11:00;12:00;0;-
12.12.2021;12:00;13:00;0;-
12.12.2021;13:00;14:00;50;-
12.12.2021;14:00;15:00;0;-
12.12.2021;15:00;16:00;0;-
12.12.2021;16:00;17:00;25;-
12.12.2021;17:00;18:00;135;-
12.12.2021;18:00;19:00;44;-
12.12.2021;19:00;20:00;186;-
12.12.2021;20:00;21:00;94;-
12.12.2021;21:00;22:00;0;-
12.12.2021;22:00;23:00;0;-
12.12.2021;23:00;00:00;0;-
13.12.2021;00:00;01:00;0;-
13.12.2021;01:00;02:00;0;-
13.12.2021;02:00;03:00;0;-
13.12.2021;03:00;04:00;0;-
13.12.2021;04:00;05:00;0;-
13.12.2021;05:00;06:00;0;-
13.12.2021;06:00;07:00;0;-
13.12.2021;07:00;08:00;255;-
13.12.2021;08:00;09:00;194;-
13.12.2021;09:00;10:00;189;-
13.12.2021;10:00;11:00;43;-
13.12.2021;11:00;12:00;1;-
13.12.2021;12:00;13:00;0;-
13.12.2021;13:00;14:00;8;-
13.12.2021;14:00;15:00;0;-
13.12.2021;15:00;16:00;23;-
13.12.2021;16:00;17:00;209;-
13.12.2021;17:00;18:00;437;-
13.12.2021;18:00;19:00;429;-
13.12.2021;19:00;20:00;40;-
13.12.2021;20:00;21:00;0;-
13.12.2021;21:00;22:00;0;-
13.12.2021;22:00;23:00;0;-
13.12.2021;23:00;00:00;0;-
14.12.2021;00:00;01:00;0;-
14.12.2021;01:00;02:00;0;-
14.12.2021;02:00;03:00;0;-
14.12.2021;03:00;04:00;0;-
14.12.2021;04:00;05:00;0;-
14.12.2021;05:00;06:00;0;-
14.12.2021;06:00;07:00;0;-
14.12.2021;07:00;08:00;109;-
14.12.2021;08:00;09:00;113;-
14.12.2021;09:00;10:00;296;-
14.12.2021;10:00;11:00;87;-
14.12.2021;11:00;12:00;216;-
14.12.2021;12:00;13:00;130;-
14.12.2021;13:00;14:00;148;-
14.12.2021;14:00;15:00;5;-
14.12.2021;15:00;16:00;97;-
14.12.2021;16:00;17:00;391;-
14.12.2021;17:00;18:00;209;-
14.12.2021;18:00;19:00;0;-
14.12.2021;19:00;20:00;0;-
14.12.2021;20:00;21:00;47;-
14.12.2021;21:00;22:00;32;-
14.12.2021;22:00;23:00;0;-
14.12.2021;23:00;00:00;0;-
15.12.2021;00:00;01:00;0;-
15.12.2021;01:00;02:00;0;-
15.12.2021;02:00;03:00;0;-
15.12.2021;03:00;04:00;0;-
15.12.2021;04:00;05:00;0;-
15.12.2021;05:00;06:00;0;-
15.12.2021;06:00;07:00;0;-
15.12.2021;07:00;08:00;0;-
15.12.2021;08:00;09:00;0;-
15.12.2021;09:00;10:00;0;-
15.12.2021;10:00;11:00;0;-
15.12.2021;11:00;12:00;58;-
15.12.2021;12:00;13:00;25;-
15.12.2021;13:00;14:00;154;-
15.12.2021;14:00;15:00;36;-
15.12.2021;15:00;16:00;122;-
15.12.2021;16:00;17:00;55;-
15.12.2021;17:00;18:00;18;-
15.12.2021;18:00;19:00;0;-
15.12.2021;19:00;20:00;0;-
15.12.2021;20:00;21:00;18;-
15.12.2021;21:00;22:00;0;-
15.12.2021;22:00;23:00;0;-
15.12.2021;23:00;00:00;0;-
16.12.2021;00:00;01:00;0;-
16.12.2021;01:00;02:00;0;-
16.12.2021;02:00;03:00;0;-
16.12.2021;03:00;04:00;0;-
16.12.2021;04:00;05:00;0;-
16.12.2021;05:00;06:00;0;-
16.12.2021;06:00;07:00;75;-
16.12.2021;07:00;08:00;119;-
16.12.2021;08:00;09:00;398;-
16.12.2021;09:00;10:00;386;-
16.12.2021;10:00;11:00;6;-
16.12.2021;11:00;12:00;0;-
16.12.2021;12:00;13:00;0;-
16.12.2021;13:00;14:00;0;-
16.12.2021;14:00;15:00;0;-
16.12.2021;15:00;16:00;0;-
16.12.2021;16:00;17:00;162;-
16.12.2021;17:00;18:00;327;-
16.12.2021;18:00;19:00;126;-
16.12.2021;19:00;20:00;141;-
16.12.2021;20:00;21:00;57;-
16.12.2021;21:00;22:00;0;-
16.12.2021;22:00;23:00;0;-
16.12.2021;23:00;00:00;0;-
17.12.2021;00:00;01:00;0;-
17.12.2021;01:00;02:00;0;-
17.12.2021;02:00;03:00;0;-
17.12.2021;03:00;04:00;0;-
17.12.2021;04:00;05:00;0;-
17.12.2021;05:00;06:00;0;-
17.12.2021;06:00;07:00;0;-
17.12.2021;07:00;08:00;108;-
17.12.2021;08:00;09:00;397;-
17.12.2021;09:00;10:00;397;-
17.12.2021;10:00;11:00;221;-
17.12.2021;11:00;12:00;109;-
17.12.2021;12:00;13:00;0;-
17.12.2021;13:00;14:00;0;-
17.12.2021;14:00;15:00;0;-
17.12.2021;15:00;16:00;0;-
17.12.2021;16:00;17:00;89;-
17.12.2021;17:00;18:00;206;-
17.12.2021;18:00;19:00;49;-
17.12.2021;19:00;20:00;0;-
17.12.2021;20:00;21:00;20;-
17.12.2021;21:00;22:00;89;-
17.12.2021;22:00;23:00;30;-
17.12.2021;23:00;00:00;2;-
18.12.2021;00:00;01:00;83;-
18.12.2021;01:00;02:00;54;-
18.12.2021;02:00;03:00;0;-
18.12.2021;03:00;04:00;2;-
18.12.2021;04:00;05:00;0;-
18.12.2021;05:00;06:00;50;-
18.12.2021;06:00;07:00;46;-
18.12.2021;07:00;08:00;81;-
18.12.2021;08:00;09:00;63;-
18.12.2021;09:00;10:00;26;-
18.12.2021;10:00;11:00;17;-
18.12.2021;11:00;12:00;85;-
18.12.2021;12:00;13:00;114;-
18.12.2021;13:00;14:00;2;-
18.12.2021;14:00;15:00;51;-
18.12.2021;15:00;16:00;7;-
18.12.2021;16:00;17:00;0;-
18.12.2021;17:00;18:00;0;-
18.12.2021;18:00;19:00;0;-
18.12.2021;19:00;20:00;63;-
18.12.2021;20:00;21:00;119;-
18.12.2021;21:00;22:00;68;-
18.12.2021;22:00;23:00;44;-
18.12.2021;23:00;00:00;49;-
19.12.2021;00:00;01:00;0;-
19.12.2021;01:00;02:00;0;-
19.12.2021;02:00;03:00;0;-
19.12.2021;03:00;04:00;0;-
19.12.2021;04:00;05:00;0;-
19.12.2021;05:00;06:00;0;-
19.12.2021;06:00;07:00;0;-
19.12.2021;07:00;08:00;0;-
19.12.2021;08:00;09:00;0;-
19.12.2021;09:00;10:00;0;-
19.12.2021;10:00;11:00;0;-
19.12.2021;11:00;12:00;18;-
19.12.2021;12:00;13:00;0;-
19.12.2021;13:00;14:00;0;-
19.12.2021;14:00;15:00;0;-
19.12.2021;15:00;16:00;37;-
19.12.2021;16:00;17:00;0;-
19.12.2021;17:00;18:00;11;-
19.12.2021;18:00;19:00;3;-
19.12.2021;19:00;20:00;5;-
19.12.2021;20:00;21:00;0;-
19.12.2021;21:00;22:00;0;-
19.12.2021;22:00;23:00;0;-
19.12.2021;23:00;00:00;0;-
20.12.2021;00:00;01:00;0;-
20.12.2021;01:00;02:00;0;-
20.12.2021;02:00;03:00;0;-
20.12.2021;03:00;04:00;0;-
20.12.2021;04:00;05:00;23;-
20.12.2021;05:00;06:00;58;-
20.12.2021;06:00;07:00;237;-
20.12.2021;07:00;08:00;199;-
20.12.2021;08:00;09:00;387;-
20.12.2021;09:00;10:00;314;-
20.12.2021;10:00;11:00;9;-
20.12.2021;11:00;12:00;0;-
20.12.2021;12:00;13:00;0;-
20.12.2021;13:00;14:00;0;-
20.12.2021;14:00;15:00;8;-
20.12.2021;15:00;16:00;12;-
20.12.2021;16:00;17:00;12;-
20.12.2021;17:00;18:00;168;-
20.12.2021;18:00;19:00;442;-
20.12.2021;19:00;20:00;208;-
20.12.2021;20:00;21:00;0;-
20.12.2021;21:00;22:00;0;-
20.12.2021;22:00;23:00;0;-
20.12.2021;23:00;00:00;0;-
21.12.2021;00:00;01:00;0;-
21.12.2021;01:00;02:00;0;-
21.12.2021;02:00;03:00;0;-
21.12.2021;03:00;04:00;0;-
21.12.2021;04:00;05:00;0;-
21.12.2021;05:00;06:00;0;-
21.12.2021;06:00;07:00;0;-
21.12.2021;07:00;08:00;69;-
21.12.2021;08:00;09:00;100;-
21.12.2021;09:00;10:00;90;-
21.12.2021;10:00;11:00;70;-
21.12.2021;11:00;12:00;14;-
21.12.2021;12:00;13:00;0;-
21.12.2021;13:00;14:00;0;-
21.12.2021;14:00;15:00;0;-
21.12.2021;15:00;16:00;0;-
21.12.2021;16:00;17:00;328;-
21.12.2021;17:00;18:00;429;-
21.12.2021;18:00;19:00;445;-
21.12.2021;19:00;20:00;338;-
21.12.2021;20:00;21:00;45;-
21.12.2021;21:00;22:00;0;-
21.12.2021;22:00;23:00;0;-
21.12.2021;23:00;00:00;0;-
22.12.2021;00:00;01:00;0;-
22.12.2021;01:00;02:00;0;-
22.12.2021;02:00;03:00;0;-
22.12.2021;03:00;04:00;0;-
22.12.2021;04:00;05:00;0;-
22.12.2021;05:00;06:00;0;-
22.12.2021;06:00;07:00;25;-
22.12.2021;07:00;08:00;161;-
22.12.2021;08:00;09:00;322;-
22.12.2021;09:00;10:00;405;-
22.12.2021;10:00;11:00;25;-
22.12.2021;11:00;12:00;35;-
22.12.2021;12:00;13:00;28;-
22.12.2021;13:00;14:00;41;-
22.12.2021;14:00;15:00;15;-
22.12.2021;15:00;16:00;11;-
22.12.2021;16:00;17:00;184;-
22.12.2021;17:00;18:00;453;-
22.12.2021;18:00;19:00;417;-
22.12.2021;19:00;20:00;30;-
22.12.2021;20:00;21:00;0;-
22.12.2021;21:00;22:00;0;-
22.12.2021;22:00;23:00;0;-
22.12.2021;23:00;00:00;0;-
23.12.2021;00:00;01:00;0;-
23.12.2021;01:00;02:00;0;-
23.12.2021;02:00;03:00;0;-
23.12.2021;03:00;04:00;0;-
23.12.2021;04:00;05:00;0;-
23.12.2021;05:00;06:00;10;-
23.12.2021;06:00;07:00;68;-
23.12.2021;07:00;08:00;304;-
23.12.2021;08:00;09:00;452;-
23.12.2021;09:00;10:00;433;-
23.12.2021;10:00;11:00;399;-
23.12.2021;11:00;12:00;231;-
23.12.2021;12:00;13:00;71;-
23.12.2021;13:00;14:00;88;-
23.12.2021;14:00;15:00;121;-
23.12.2021;15:00;16:00;181;-
23.12.2021;16:00;17:00;0;-
23.12.2021;17:00;18:00;5;-
23.12.2021;18:00;19:00;24;-
23.12.2021;19:00;20:00;3;-
23.12.2021;20:00;21:00;0;-
23.12.2021;21:00;22:00;0;-
23.12.2021;22:00;23:00;0;-
23.12.2021;23:00;00:00;0;-
24.12.2021;00:00;01:00;0;-
24.12.2021;01:00;02:00;0;-
24.12.2021;02:00;03:00;0;-
24.12.2021;03:00;04:00;0;-
24.12.2021;04:00;05:00;0;-
24.12.2021;05:00;06:00;0;-
24.12.2021;06:00;07:00;0;-
24.12.2021;07:00;08:00;38;-
24.12.2021;08:00;09:00;182;-
24.12.2021;09:00;10:00;95;-
24.12.2021;10:00;11:00;55;-
24.12.2021;11:00;12:00;9;-
24.12.2021;12:00;13:00;43;-
24.12.2021;13:00;14:00;26;-
24.12.2021;14:00;15:00;38;-
24.12.2021;15:00;16:00;51;-
24.12.2021;16:00;17:00;3;-
24.12.2021;17:00;18:00;0;-
24.12.2021;18:00;19:00;0;-
24.12.2021;19:00;20:00;84;-
24.12.2021;20:00;21:00;94;-
24.12.2021;21:00;22:00;91;-
24.12.2021;22:00;23:00;94;-
24.12.2021;23:00;00:00;36;-
25.12.2021;00:00;01:00;58;-
25.12.2021;01:00;02:00;107;-
25.12.2021;02:00;03:00;167;-
25.12.2021;03:00;04:00;1;-
25.12.2021;04:00;05:00;0;-
25.12.2021;05:00;06:00;0;-
25.12.2021;06:00;07:00;0;-
25.12.2021;07:00;08:00;0;-
25.12.2021;08:00;09:00;0;-
25.12.2021;09:00;10:00;2;-
25.12.2021;10:00;11:00;77;-
25.12.2021;11:00;12:00;34;-
25.12.2021;12:00;13:00;0;-
25.12.2021;13:00;14:00;0;-
25.12.2021;14:00;15:00;41;-
25.12.2021;15:00;16:00;3;-
25.12.2021;16:00;17:00;0;-
25.12.2021;17:00;18:00;169;-
25.12.2021;18:00;19:00;63;-
25.12.2021;19:00;20:00;58;-
25.12.2021;20:00;21:00;8;-
25.12.2021;21:00;22:00;10;-
25.12.2021;22:00;23:00;52;-
25.12.2021;23:00;00:00;48;-
26.12.2021;00:00;01:00;20;-
26.12.2021;01:00;02:00;4;-
26.12.2021;02:00;03:00;0;-
26.12.2021;03:00;04:00;0;-
26.12.2021;04:00;05:00;0;-
26.12.2021;05:00;06:00;0;-
26.12.2021;06:00;07:00;4;-
26.12.2021;07:00;08:00;6;-
26.12.2021;08:00;09:00;0;-
26.12.2021;09:00;10:00;0;-
26.12.2021;10:00;11:00;0;-
26.12.2021;11:00;12:00;14;-
26.12.2021;12:00;13:00;15;-
26.12.2021;13:00;14:00;58;-
26.12.2021;14:00;15:00;0;-
26.12.2021;15:00;16:00;0;-
26.12.2021;16:00;17:00;0;-
26.12.2021;17:00;18:00;0;-
26.12.2021;18:00;19:00;0;-
26.12.2021;19:00;20:00;8;-
26.12.2021;20:00;21:00;72;-
26.12.2021;21:00;22:00;29;-
26.12.2021;22:00;23:00;17;-
26.12.2021;23:00;00:00;11;-
27.12.2021;00:00;01:00;-;-
27.12.2021;01:00;02:00;-;-
27.12.2021;02:00;03:00;-;-
27.12.2021;03:00;04:00;-;-
27.12.2021;04:00;05:00;-;-
27.12.2021;05:00;06:00;-;-
27.12.2021;06:00;07:00;-;-
27.12.2021;07:00;08:00;-;-
27.12.2021;08:00;09:00;-;-
27.12.2021;09:00;10:00;-;-
27.12.2021;10:00;11:00;-;-
27.12.2021;11:00;12:00;-;-
27.12.2021;12:00;13:00;-;-
27.12.2021;13:00;14:00;-;-
27.12.2021;14:00;15:00;-;-
27.12.2021;15:00;16:00;-;-
27.12.2021;16:00;17:00;-;-
27.12.2021;17:00;18:00;-;-
27.12.2021;18:00;19:00;-;-
27.12.2021;19:00;20:00;-;-
27.12.2021;20:00;21:00;-;-
27.12.2021;21:00;22:00;-;-
27.12.2021;22:00;23:00;-;-
27.12.2021;23:00;00:00;-;-
28.12.2021;00:00;01:00;-;-
28.12.2021;01:00;02:00;-;-
28.12.2021;02:00;03:00;-;-
28.12.2021;03:00;04:00;-;-
28.12.2021;04:00;05:00;-;-
28.12.2021;05:00;06:00;-;-
28.12.2021;06:00;07:00;-;-
28.12.2021;07:00;08:00;-;-
28.12.2021;08:00;09:00;-;-
28.12.2021;09:00;10:00;-;-
28.12.2021;10:00;11:00;-;-
28.12.2021;11:00;12:00;-;-
28.12.2021;12:00;13:00;-;-
28.12.2021;13:00;14:00;-;-
28.12.2021;14:00;15:00;-;-
28.12.2021;15:00;16:00;-;-
28.12.2021;16:00;17:00;-;-
28.12.2021;17:00;18:00;-;-
28.12.2021;18:00;19:00;-;-
28.12.2021;19:00;20:00;-;-
28.12.2021;20:00;21:00;-;-
28.12.2021;21:00;22:00;-;-
28.12.2021;22:00;23:00;-;-
28.12.2021;23:00;00:00;-;-
29.12.2021;00:00;01:00;-;-
29.12.2021;01:00;02:00;0;-
29.12.2021;02:00;03:00;0;-
29.12.2021;03:00;04:00;0;-
29.12.2021;04:00;05:00;0;-
29.12.2021;05:00;06:00;0;-
29.12.2021;06:00;07:00;0;-
29.12.2021;07:00;08:00;0;-
29.12.2021;08:00;09:00;47;-
29.12.2021;09:00;10:00;226;-
29.12.2021;10:00;11:00;226;-
29.12.2021;11:00;12:00;225;-
29.12.2021;12:00;13:00;158;-
29.12.2021;13:00;14:00;204;-
29.12.2021;14:00;15:00;127;-
29.12.2021;15:00;16:00;81;-
29.12.2021;16:00;17:00;130;-
29.12.2021;17:00;18:00;208;-
29.12.2021;18:00;19:00;190;-
29.12.2021;19:00;20:00;127;-
29.12.2021;20:00;21:00;64;-
29.12.2021;21:00;22:00;3;-
29.12.2021;22:00;23:00;80;-
29.12.2021;23:00;00:00;33;-
30.12.2021;00:00;01:00;0;-
30.12.2021;01:00;02:00;0;-
30.12.2021;02:00;03:00;0;-
30.12.2021;03:00;04:00;0;-
30.12.2021;04:00;05:00;0;-
30.12.2021;05:00;06:00;0;-
30.12.2021;06:00;07:00;10;-
30.12.2021;07:00;08:00;5;-
30.12.2021;08:00;09:00;0;-
30.12.2021;09:00;10:00;0;-
30.12.2021;10:00;11:00;0;-
30.12.2021;11:00;12:00;192;-
30.12.2021;12:00;13:00;36;-
30.12.2021;13:00;14:00;180;-
30.12.2021;14:00;15:00;0;-
30.12.2021;15:00;16:00;0;-
30.12.2021;16:00;17:00;1;-
30.12.2021;17:00;18:00;173;-
30.12.2021;18:00;19:00;181;-
30.12.2021;19:00;20:00;172;-
30.12.2021;20:00;21:00;47;-
30.12.2021;21:00;22:00;131;-
30.12.2021;22:00;23:00;392;-
30.12.2021;23:00;00:00;203;-
31.12.2021;00:00;01:00;0;-
31.12.2021;01:00;02:00;0;-
31.12.2021;02:00;03:00;0;-
31.12.2021;03:00;04:00;0;-
31.12.2021;04:00;05:00;0;-
31.12.2021;05:00;06:00;0;-
31.12.2021;06:00;07:00;0;-
31.12.2021;07:00;08:00;0;-
31.12.2021;08:00;09:00;0;-
31.12.2021;09:00;10:00;0;-
31.12.2021;10:00;11:00;0;-
31.12.2021;11:00;12:00;0;-
31.12.2021;12:00;13:00;0;-
31.12.2021;13:00;14:00;0;-
31.12.2021;14:00;15:00;0;-
31.12.2021;15:00;16:00;35;-
31.12.2021;16:00;17:00;225;-
31.12.2021;17:00;18:00;175;-
31.12.2021;18:00;19:00;182;-
31.12.2021;19:00;20:00;203;-
31.12.2021;20:00;21:00;0;-
31.12.2021;21:00;22:00;0;-
31.12.2021;22:00;23:00;0;-
31.12.2021;23:00;00:00;0;-
