date,start,end,11W0-0000-0044-W
1012018,00:00,01:00,0.0
1012018,01:00,02:00,0.0
1012018,02:00,03:00,0.0
1012018,03:00,04:00,0.0
1012018,04:00,05:00,0.0
1012018,05:00,06:00,0.0
1012018,06:00,07:00,0.0
1012018,07:00,08:00,0.0
1012018,08:00,09:00,0.0
1012018,09:00,10:00,0.0
1012018,10:00,11:00,0.0
1012018,11:00,12:00,0.0
1012018,12:00,13:00,0.0
1012018,13:00,14:00,0.0
1012018,14:00,15:00,0.0
1012018,15:00,16:00,0.0
1012018,16:00,17:00,0.0
1012018,17:00,18:00,0.0
1012018,18:00,19:00,0.0
1012018,19:00,20:00,0.0
1012018,20:00,21:00,0.0
1012018,21:00,22:00,0.0
1012018,22:00,23:00,0.0
1012018,23:00,00:00,0.0
2012018,00:00,01:00,0.0
2012018,01:00,02:00,0.0
2012018,02:00,03:00,0.0
2012018,03:00,04:00,0.0
2012018,04:00,05:00,0.0
2012018,05:00,06:00,0.0
2012018,06:00,07:00,0.0
2012018,07:00,08:00,0.0
2012018,08:00,09:00,0.0
2012018,09:00,10:00,0.0
2012018,10:00,11:00,0.0
2012018,11:00,12:00,0.0
2012018,12:00,13:00,0.0
2012018,13:00,14:00,0.0
2012018,14:00,15:00,0.0
2012018,15:00,16:00,0.0
2012018,16:00,17:00,0.0
2012018,17:00,18:00,0.0
2012018,18:00,19:00,0.0
2012018,19:00,20:00,0.0
2012018,20:00,21:00,0.0
2012018,21:00,22:00,0.0
2012018,22:00,23:00,0.0
2012018,23:00,00:00,0.0
3012018,00:00,01:00,0.0
3012018,01:00,02:00,0.0
3012018,02:00,03:00,0.0
3012018,03:00,04:00,0.0
3012018,04:00,05:00,0.0
3012018,05:00,06:00,0.0
3012018,06:00,07:00,0.0
3012018,07:00,08:00,0.0
3012018,08:00,09:00,0.0
3012018,09:00,10:00,0.0
3012018,10:00,11:00,0.0
3012018,11:00,12:00,0.0
3012018,12:00,13:00,0.0
3012018,13:00,14:00,0.0
3012018,14:00,15:00,0.0
3012018,15:00,16:00,0.0
3012018,16:00,17:00,0.0
3012018,17:00,18:00,0.0
3012018,18:00,19:00,0.0
3012018,19:00,20:00,0.0
3012018,20:00,21:00,0.0
3012018,21:00,22:00,0.0
3012018,22:00,23:00,0.0
3012018,23:00,00:00,0.0
4012018,00:00,01:00,0.0
4012018,01:00,02:00,0.0
4012018,02:00,03:00,0.0
4012018,03:00,04:00,0.0
4012018,04:00,05:00,0.0
4012018,05:00,06:00,0.0
4012018,06:00,07:00,0.0
4012018,07:00,08:00,0.0
4012018,08:00,09:00,0.0
4012018,09:00,10:00,0.0
4012018,10:00,11:00,0.0
4012018,11:00,12:00,0.0
4012018,12:00,13:00,0.0
4012018,13:00,14:00,0.0
4012018,14:00,15:00,0.0
4012018,15:00,16:00,0.0
4012018,16:00,17:00,0.0
4012018,17:00,18:00,0.0
4012018,18:00,19:00,0.0
4012018,19:00,20:00,0.0
4012018,20:00,21:00,0.0
4012018,21:00,22:00,0.0
4012018,22:00,23:00,0.0
4012018,23:00,00:00,0.0
5012018,00:00,01:00,0.0
5012018,01:00,02:00,0.0
5012018,02:00,03:00,0.0
5012018,03:00,04:00,0.0
5012018,04:00,05:00,0.0
5012018,05:00,06:00,0.0
5012018,06:00,07:00,0.0
5012018,07:00,08:00,0.0
5012018,08:00,09:00,0.0
5012018,09:00,10:00,0.0
5012018,10:00,11:00,0.0
5012018,11:00,12:00,0.0
5012018,12:00,13:00,0.0
5012018,13:00,14:00,0.0
5012018,14:00,15:00,0.0
5012018,15:00,16:00,0.0
5012018,16:00,17:00,0.0
5012018,17:00,18:00,0.0
5012018,18:00,19:00,0.0
5012018,19:00,20:00,0.0
5012018,20:00,21:00,0.0
5012018,21:00,22:00,0.0
5012018,22:00,23:00,0.0
5012018,23:00,00:00,0.0
6012018,00:00,01:00,0.0
6012018,01:00,02:00,0.0
6012018,02:00,03:00,0.0
6012018,03:00,04:00,0.0
6012018,04:00,05:00,0.0
6012018,05:00,06:00,0.0
6012018,06:00,07:00,0.0
6012018,07:00,08:00,0.0
6012018,08:00,09:00,0.0
6012018,09:00,10:00,0.0
6012018,10:00,11:00,0.0
6012018,11:00,12:00,0.0
6012018,12:00,13:00,0.0
6012018,13:00,14:00,0.0
6012018,14:00,15:00,0.0
6012018,15:00,16:00,0.0
6012018,16:00,17:00,0.0
6012018,17:00,18:00,0.0
6012018,18:00,19:00,0.0
6012018,19:00,20:00,0.0
6012018,20:00,21:00,0.0
6012018,21:00,22:00,0.0
6012018,22:00,23:00,0.0
6012018,23:00,00:00,0.0
7012018,00:00,01:00,0.0
7012018,01:00,02:00,0.0
7012018,02:00,03:00,0.0
7012018,03:00,04:00,0.0
7012018,04:00,05:00,0.0
7012018,05:00,06:00,0.0
7012018,06:00,07:00,0.0
7012018,07:00,08:00,0.0
7012018,08:00,09:00,0.0
7012018,09:00,10:00,0.0
7012018,10:00,11:00,0.0
7012018,11:00,12:00,0.0
7012018,12:00,13:00,0.0
7012018,13:00,14:00,0.0
7012018,14:00,15:00,0.0
7012018,15:00,16:00,0.0
7012018,16:00,17:00,0.0
7012018,17:00,18:00,0.0
7012018,18:00,19:00,0.0
7012018,19:00,20:00,0.0
7012018,20:00,21:00,0.0
7012018,21:00,22:00,0.0
7012018,22:00,23:00,0.0
7012018,23:00,00:00,0.0
8012018,00:00,01:00,0.0
8012018,01:00,02:00,0.0
8012018,02:00,03:00,0.0
8012018,03:00,04:00,0.0
8012018,04:00,05:00,0.0
8012018,05:00,06:00,0.0
8012018,06:00,07:00,0.0
8012018,07:00,08:00,0.0
8012018,08:00,09:00,0.0
8012018,09:00,10:00,0.0
8012018,10:00,11:00,0.0
8012018,11:00,12:00,0.0
8012018,12:00,13:00,0.0
8012018,13:00,14:00,0.0
8012018,14:00,15:00,0.0
8012018,15:00,16:00,0.0
8012018,16:00,17:00,0.0
8012018,17:00,18:00,0.0
8012018,18:00,19:00,0.0
8012018,19:00,20:00,0.0
8012018,20:00,21:00,0.0
8012018,21:00,22:00,0.0
8012018,22:00,23:00,0.0
8012018,23:00,00:00,0.0
9012018,00:00,01:00,0.0
9012018,01:00,02:00,0.0
9012018,02:00,03:00,0.0
9012018,03:00,04:00,0.0
9012018,04:00,05:00,0.0
9012018,05:00,06:00,0.0
9012018,06:00,07:00,0.0
9012018,07:00,08:00,0.0
9012018,08:00,09:00,0.0
9012018,09:00,10:00,0.0
9012018,10:00,11:00,0.0
9012018,11:00,12:00,0.0
9012018,12:00,13:00,0.0
9012018,13:00,14:00,0.0
9012018,14:00,15:00,0.0
9012018,15:00,16:00,0.0
9012018,16:00,17:00,0.0
9012018,17:00,18:00,0.0
9012018,18:00,19:00,0.0
9012018,19:00,20:00,0.0
9012018,20:00,21:00,0.0
9012018,21:00,22:00,0.0
9012018,22:00,23:00,0.0
9012018,23:00,00:00,0.0
10012018,00:00,01:00,0.0
10012018,01:00,02:00,0.0
10012018,02:00,03:00,0.0
10012018,03:00,04:00,0.0
10012018,04:00,05:00,0.0
10012018,05:00,06:00,0.0
10012018,06:00,07:00,0.0
10012018,07:00,08:00,0.0
10012018,08:00,09:00,0.0
10012018,09:00,10:00,0.0
10012018,10:00,11:00,0.0
10012018,11:00,12:00,0.0
10012018,12:00,13:00,0.0
10012018,13:00,14:00,0.0
10012018,14:00,15:00,0.0
10012018,15:00,16:00,0.0
10012018,16:00,17:00,0.0
10012018,17:00,18:00,0.0
10012018,18:00,19:00,0.0
10012018,19:00,20:00,0.0
10012018,20:00,21:00,0.0
10012018,21:00,22:00,0.0
10012018,22:00,23:00,0.0
10012018,23:00,00:00,0.0
11012018,00:00,01:00,0.0
11012018,01:00,02:00,0.0
11012018,02:00,03:00,0.0
11012018,03:00,04:00,0.0
11012018,04:00,05:00,0.0
11012018,05:00,06:00,0.0
11012018,06:00,07:00,0.0
11012018,07:00,08:00,0.0
11012018,08:00,09:00,0.0
11012018,09:00,10:00,0.0
11012018,10:00,11:00,0.0
11012018,11:00,12:00,0.0
11012018,12:00,13:00,0.0
11012018,13:00,14:00,0.0
11012018,14:00,15:00,0.0
11012018,15:00,16:00,0.0
11012018,16:00,17:00,0.0
11012018,17:00,18:00,0.0
11012018,18:00,19:00,0.0
11012018,19:00,20:00,0.0
11012018,20:00,21:00,0.0
11012018,21:00,22:00,0.0
11012018,22:00,23:00,0.0
11012018,23:00,00:00,0.0
12012018,00:00,01:00,0.0
12012018,01:00,02:00,0.0
12012018,02:00,03:00,0.0
12012018,03:00,04:00,0.0
12012018,04:00,05:00,0.0
12012018,05:00,06:00,0.0
12012018,06:00,07:00,0.0
12012018,07:00,08:00,0.0
12012018,08:00,09:00,0.0
12012018,09:00,10:00,0.0
12012018,10:00,11:00,0.0
12012018,11:00,12:00,0.0
12012018,12:00,13:00,0.0
12012018,13:00,14:00,0.0
12012018,14:00,15:00,0.0
12012018,15:00,16:00,0.0
12012018,16:00,17:00,0.0
12012018,17:00,18:00,0.0
12012018,18:00,19:00,0.0
12012018,19:00,20:00,0.0
12012018,20:00,21:00,0.0
12012018,21:00,22:00,0.0
12012018,22:00,23:00,0.0
12012018,23:00,00:00,0.0
13012018,00:00,01:00,0.0
13012018,01:00,02:00,0.0
13012018,02:00,03:00,0.0
13012018,03:00,04:00,0.0
13012018,04:00,05:00,0.0
13012018,05:00,06:00,0.0
13012018,06:00,07:00,0.0
13012018,07:00,08:00,0.0
13012018,08:00,09:00,0.0
13012018,09:00,10:00,0.0
13012018,10:00,11:00,0.0
13012018,11:00,12:00,0.0
13012018,12:00,13:00,0.0
13012018,13:00,14:00,0.0
13012018,14:00,15:00,0.0
13012018,15:00,16:00,0.0
13012018,16:00,17:00,0.0
13012018,17:00,18:00,0.0
13012018,18:00,19:00,0.0
13012018,19:00,20:00,0.0
13012018,20:00,21:00,0.0
13012018,21:00,22:00,0.0
13012018,22:00,23:00,0.0
13012018,23:00,00:00,0.0
14012018,00:00,01:00,0.0
14012018,01:00,02:00,0.0
14012018,02:00,03:00,0.0
14012018,03:00,04:00,0.0
14012018,04:00,05:00,0.0
14012018,05:00,06:00,0.0
14012018,06:00,07:00,0.0
14012018,07:00,08:00,0.0
14012018,08:00,09:00,0.0
14012018,09:00,10:00,0.0
14012018,10:00,11:00,0.0
14012018,11:00,12:00,0.0
14012018,12:00,13:00,0.0
14012018,13:00,14:00,0.0
14012018,14:00,15:00,0.0
14012018,15:00,16:00,0.0
14012018,16:00,17:00,0.0
14012018,17:00,18:00,0.0
14012018,18:00,19:00,0.0
14012018,19:00,20:00,0.0
14012018,20:00,21:00,0.0
14012018,21:00,22:00,0.0
14012018,22:00,23:00,0.0
14012018,23:00,00:00,0.0
15012018,00:00,01:00,0.0
15012018,01:00,02:00,0.0
15012018,02:00,03:00,0.0
15012018,03:00,04:00,0.0
15012018,04:00,05:00,0.0
15012018,05:00,06:00,0.0
15012018,06:00,07:00,0.0
15012018,07:00,08:00,0.0
15012018,08:00,09:00,0.0
15012018,09:00,10:00,0.0
15012018,10:00,11:00,0.0
15012018,11:00,12:00,0.0
15012018,12:00,13:00,0.0
15012018,13:00,14:00,0.0
15012018,14:00,15:00,0.0
15012018,15:00,16:00,0.0
15012018,16:00,17:00,0.0
15012018,17:00,18:00,0.0
15012018,18:00,19:00,0.0
15012018,19:00,20:00,0.0
15012018,20:00,21:00,0.0
15012018,21:00,22:00,0.0
15012018,22:00,23:00,0.0
15012018,23:00,00:00,0.0
16012018,00:00,01:00,0.0
16012018,01:00,02:00,0.0
16012018,02:00,03:00,0.0
16012018,03:00,04:00,0.0
16012018,04:00,05:00,0.0
16012018,05:00,06:00,0.0
16012018,06:00,07:00,0.0
16012018,07:00,08:00,0.0
16012018,08:00,09:00,0.0
16012018,09:00,10:00,0.0
16012018,10:00,11:00,0.0
16012018,11:00,12:00,0.0
16012018,12:00,13:00,0.0
16012018,13:00,14:00,0.0
16012018,14:00,15:00,0.0
16012018,15:00,16:00,0.0
16012018,16:00,17:00,0.0
16012018,17:00,18:00,0.0
16012018,18:00,19:00,0.0
16012018,19:00,20:00,0.0
16012018,20:00,21:00,0.0
16012018,21:00,22:00,0.0
16012018,22:00,23:00,0.0
16012018,23:00,00:00,0.0
17012018,00:00,01:00,0.0
17012018,01:00,02:00,0.0
17012018,02:00,03:00,0.0
17012018,03:00,04:00,0.0
17012018,04:00,05:00,0.0
17012018,05:00,06:00,0.0
17012018,06:00,07:00,0.0
17012018,07:00,08:00,0.0
17012018,08:00,09:00,0.0
17012018,09:00,10:00,0.0
17012018,10:00,11:00,0.0
17012018,11:00,12:00,0.0
17012018,12:00,13:00,0.0
17012018,13:00,14:00,0.0
17012018,14:00,15:00,0.0
17012018,15:00,16:00,0.0
17012018,16:00,17:00,0.0
17012018,17:00,18:00,0.0
17012018,18:00,19:00,0.0
17012018,19:00,20:00,0.0
17012018,20:00,21:00,0.0
17012018,21:00,22:00,0.0
17012018,22:00,23:00,0.0
17012018,23:00,00:00,0.0
18012018,00:00,01:00,0.0
18012018,01:00,02:00,0.0
18012018,02:00,03:00,0.0
18012018,03:00,04:00,0.0
18012018,04:00,05:00,0.0
18012018,05:00,06:00,0.0
18012018,06:00,07:00,0.0
18012018,07:00,08:00,0.0
18012018,08:00,09:00,0.0
18012018,09:00,10:00,0.0
18012018,10:00,11:00,0.0
18012018,11:00,12:00,0.0
18012018,12:00,13:00,0.0
18012018,13:00,14:00,0.0
18012018,14:00,15:00,0.0
18012018,15:00,16:00,0.0
18012018,16:00,17:00,0.0
18012018,17:00,18:00,0.0
18012018,18:00,19:00,0.0
18012018,19:00,20:00,0.0
18012018,20:00,21:00,0.0
18012018,21:00,22:00,0.0
18012018,22:00,23:00,0.0
18012018,23:00,00:00,0.0
19012018,00:00,01:00,0.0
19012018,01:00,02:00,0.0
19012018,02:00,03:00,0.0
19012018,03:00,04:00,0.0
19012018,04:00,05:00,0.0
19012018,05:00,06:00,0.0
19012018,06:00,07:00,0.0
19012018,07:00,08:00,0.0
19012018,08:00,09:00,0.0
19012018,09:00,10:00,0.0
19012018,10:00,11:00,0.0
19012018,11:00,12:00,0.0
19012018,12:00,13:00,0.0
19012018,13:00,14:00,0.0
19012018,14:00,15:00,0.0
19012018,15:00,16:00,0.0
19012018,16:00,17:00,0.0
19012018,17:00,18:00,0.0
19012018,18:00,19:00,0.0
19012018,19:00,20:00,0.0
19012018,20:00,21:00,0.0
19012018,21:00,22:00,0.0
19012018,22:00,23:00,0.0
19012018,23:00,00:00,0.0
20012018,00:00,01:00,0.0
20012018,01:00,02:00,0.0
20012018,02:00,03:00,0.0
20012018,03:00,04:00,0.0
20012018,04:00,05:00,0.0
20012018,05:00,06:00,0.0
20012018,06:00,07:00,0.0
20012018,07:00,08:00,0.0
20012018,08:00,09:00,0.0
20012018,09:00,10:00,0.0
20012018,10:00,11:00,0.0
20012018,11:00,12:00,0.0
20012018,12:00,13:00,0.0
20012018,13:00,14:00,0.0
20012018,14:00,15:00,0.0
20012018,15:00,16:00,0.0
20012018,16:00,17:00,0.0
20012018,17:00,18:00,0.0
20012018,18:00,19:00,0.0
20012018,19:00,20:00,0.0
20012018,20:00,21:00,0.0
20012018,21:00,22:00,0.0
20012018,22:00,23:00,0.0
20012018,23:00,00:00,0.0
21012018,00:00,01:00,0.0
21012018,01:00,02:00,0.0
21012018,02:00,03:00,0.0
21012018,03:00,04:00,0.0
21012018,04:00,05:00,0.0
21012018,05:00,06:00,0.0
21012018,06:00,07:00,0.0
21012018,07:00,08:00,0.0
21012018,08:00,09:00,0.0
21012018,09:00,10:00,0.0
21012018,10:00,11:00,0.0
21012018,11:00,12:00,0.0
21012018,12:00,13:00,0.0
21012018,13:00,14:00,0.0
21012018,14:00,15:00,0.0
21012018,15:00,16:00,0.0
21012018,16:00,17:00,0.0
21012018,17:00,18:00,0.0
21012018,18:00,19:00,0.0
21012018,19:00,20:00,0.0
21012018,20:00,21:00,0.0
21012018,21:00,22:00,0.0
21012018,22:00,23:00,0.0
21012018,23:00,00:00,0.0
22012018,00:00,01:00,0.0
22012018,01:00,02:00,0.0
22012018,02:00,03:00,0.0
22012018,03:00,04:00,0.0
22012018,04:00,05:00,0.0
22012018,05:00,06:00,0.0
22012018,06:00,07:00,0.0
22012018,07:00,08:00,0.0
22012018,08:00,09:00,0.0
22012018,09:00,10:00,0.0
22012018,10:00,11:00,0.0
22012018,11:00,12:00,0.0
22012018,12:00,13:00,0.0
22012018,13:00,14:00,0.0
22012018,14:00,15:00,0.0
22012018,15:00,16:00,0.0
22012018,16:00,17:00,0.0
22012018,17:00,18:00,0.0
22012018,18:00,19:00,0.0
22012018,19:00,20:00,0.0
22012018,20:00,21:00,0.0
22012018,21:00,22:00,0.0
22012018,22:00,23:00,0.0
22012018,23:00,00:00,0.0
23012018,00:00,01:00,0.0
23012018,01:00,02:00,0.0
23012018,02:00,03:00,0.0
23012018,03:00,04:00,0.0
23012018,04:00,05:00,0.0
23012018,05:00,06:00,0.0
23012018,06:00,07:00,0.0
23012018,07:00,08:00,0.0
23012018,08:00,09:00,0.0
23012018,09:00,10:00,0.0
23012018,10:00,11:00,0.0
23012018,11:00,12:00,0.0
23012018,12:00,13:00,0.0
23012018,13:00,14:00,0.0
23012018,14:00,15:00,0.0
23012018,15:00,16:00,0.0
23012018,16:00,17:00,0.0
23012018,17:00,18:00,0.0
23012018,18:00,19:00,0.0
23012018,19:00,20:00,0.0
23012018,20:00,21:00,0.0
23012018,21:00,22:00,0.0
23012018,22:00,23:00,0.0
23012018,23:00,00:00,0.0
24012018,00:00,01:00,0.0
24012018,01:00,02:00,0.0
24012018,02:00,03:00,0.0
24012018,03:00,04:00,0.0
24012018,04:00,05:00,0.0
24012018,05:00,06:00,0.0
24012018,06:00,07:00,0.0
24012018,07:00,08:00,0.0
24012018,08:00,09:00,0.0
24012018,09:00,10:00,0.0
24012018,10:00,11:00,0.0
24012018,11:00,12:00,0.0
24012018,12:00,13:00,0.0
24012018,13:00,14:00,0.0
24012018,14:00,15:00,0.0
24012018,15:00,16:00,0.0
24012018,16:00,17:00,0.0
24012018,17:00,18:00,0.0
24012018,18:00,19:00,0.0
24012018,19:00,20:00,0.0
24012018,20:00,21:00,0.0
24012018,21:00,22:00,0.0
24012018,22:00,23:00,0.0
24012018,23:00,00:00,0.0
25012018,00:00,01:00,0.0
25012018,01:00,02:00,0.0
25012018,02:00,03:00,0.0
25012018,03:00,04:00,0.0
25012018,04:00,05:00,0.0
25012018,05:00,06:00,0.0
25012018,06:00,07:00,0.0
25012018,07:00,08:00,0.0
25012018,08:00,09:00,0.0
25012018,09:00,10:00,0.0
25012018,10:00,11:00,0.0
25012018,11:00,12:00,0.0
25012018,12:00,13:00,0.0
25012018,13:00,14:00,0.0
25012018,14:00,15:00,0.0
25012018,15:00,16:00,0.0
25012018,16:00,17:00,0.0
25012018,17:00,18:00,0.0
25012018,18:00,19:00,0.0
25012018,19:00,20:00,0.0
25012018,20:00,21:00,0.0
25012018,21:00,22:00,0.0
25012018,22:00,23:00,0.0
25012018,23:00,00:00,0.0
26012018,00:00,01:00,0.0
26012018,01:00,02:00,0.0
26012018,02:00,03:00,0.0
26012018,03:00,04:00,0.0
26012018,04:00,05:00,0.0
26012018,05:00,06:00,0.0
26012018,06:00,07:00,0.0
26012018,07:00,08:00,0.0
26012018,08:00,09:00,0.0
26012018,09:00,10:00,0.0
26012018,10:00,11:00,0.0
26012018,11:00,12:00,0.0
26012018,12:00,13:00,0.0
26012018,13:00,14:00,0.0
26012018,14:00,15:00,0.0
26012018,15:00,16:00,0.0
26012018,16:00,17:00,0.0
26012018,17:00,18:00,0.0
26012018,18:00,19:00,0.0
26012018,19:00,20:00,0.0
26012018,20:00,21:00,0.0
26012018,21:00,22:00,0.0
26012018,22:00,23:00,0.0
26012018,23:00,00:00,0.0
27012018,00:00,01:00,0.0
27012018,01:00,02:00,0.0
27012018,02:00,03:00,0.0
27012018,03:00,04:00,0.0
27012018,04:00,05:00,0.0
27012018,05:00,06:00,0.0
27012018,06:00,07:00,0.0
27012018,07:00,08:00,0.0
27012018,08:00,09:00,0.0
27012018,09:00,10:00,0.0
27012018,10:00,11:00,0.0
27012018,11:00,12:00,0.0
27012018,12:00,13:00,0.0
27012018,13:00,14:00,0.0
27012018,14:00,15:00,0.0
27012018,15:00,16:00,0.0
27012018,16:00,17:00,0.0
27012018,17:00,18:00,0.0
27012018,18:00,19:00,0.0
27012018,19:00,20:00,0.0
27012018,20:00,21:00,0.0
27012018,21:00,22:00,0.0
27012018,22:00,23:00,0.0
27012018,23:00,00:00,0.0
28012018,00:00,01:00,0.0
28012018,01:00,02:00,0.0
28012018,02:00,03:00,0.0
28012018,03:00,04:00,0.0
28012018,04:00,05:00,0.0
28012018,05:00,06:00,0.0
28012018,06:00,07:00,0.0
28012018,07:00,08:00,0.0
28012018,08:00,09:00,0.0
28012018,09:00,10:00,0.0
28012018,10:00,11:00,0.0
28012018,11:00,12:00,0.0
28012018,12:00,13:00,0.0
28012018,13:00,14:00,0.0
28012018,14:00,15:00,0.0
28012018,15:00,16:00,0.0
28012018,16:00,17:00,0.0
28012018,17:00,18:00,0.0
28012018,18:00,19:00,0.0
28012018,19:00,20:00,0.0
28012018,20:00,21:00,0.0
28012018,21:00,22:00,0.0
28012018,22:00,23:00,0.0
28012018,23:00,00:00,0.0
29012018,00:00,01:00,0.0
29012018,01:00,02:00,0.0
29012018,02:00,03:00,0.0
29012018,03:00,04:00,0.0
29012018,04:00,05:00,0.0
29012018,05:00,06:00,0.0
29012018,06:00,07:00,0.0
29012018,07:00,08:00,0.0
29012018,08:00,09:00,0.0
29012018,09:00,10:00,0.0
29012018,10:00,11:00,0.0
29012018,11:00,12:00,0.0
29012018,12:00,13:00,0.0
29012018,13:00,14:00,0.0
29012018,14:00,15:00,0.0
29012018,15:00,16:00,0.0
29012018,16:00,17:00,0.0
29012018,17:00,18:00,0.0
29012018,18:00,19:00,0.0
29012018,19:00,20:00,0.0
29012018,20:00,21:00,0.0
29012018,21:00,22:00,0.0
29012018,22:00,23:00,0.0
29012018,23:00,00:00,0.0
30012018,00:00,01:00,0.0
30012018,01:00,02:00,0.0
30012018,02:00,03:00,0.0
30012018,03:00,04:00,0.0
30012018,04:00,05:00,0.0
30012018,05:00,06:00,0.0
30012018,06:00,07:00,0.0
30012018,07:00,08:00,0.0
30012018,08:00,09:00,0.0
30012018,09:00,10:00,0.0
30012018,10:00,11:00,0.0
30012018,11:00,12:00,0.0
30012018,12:00,13:00,0.0
30012018,13:00,14:00,0.0
30012018,14:00,15:00,0.0
30012018,15:00,16:00,0.0
30012018,16:00,17:00,0.0
30012018,17:00,18:00,0.0
30012018,18:00,19:00,0.0
30012018,19:00,20:00,0.0
30012018,20:00,21:00,0.0
30012018,21:00,22:00,0.0
30012018,22:00,23:00,0.0
30012018,23:00,00:00,0.0
31012018,00:00,01:00,0.0
31012018,01:00,02:00,0.0
31012018,02:00,03:00,0.0
31012018,03:00,04:00,0.0
31012018,04:00,05:00,0.0
31012018,05:00,06:00,0.0
31012018,06:00,07:00,0.0
31012018,07:00,08:00,0.0
31012018,08:00,09:00,0.0
31012018,09:00,10:00,0.0
31012018,10:00,11:00,0.0
31012018,11:00,12:00,0.0
31012018,12:00,13:00,0.0
31012018,13:00,14:00,0.0
31012018,14:00,15:00,0.0
31012018,15:00,16:00,0.0
31012018,16:00,17:00,0.0
31012018,17:00,18:00,0.0
31012018,18:00,19:00,0.0
31012018,19:00,20:00,0.0
31012018,20:00,21:00,0.0
31012018,21:00,22:00,0.0
31012018,22:00,23:00,0.0
31012018,23:00,00:00,0.0
1022018,00:00,01:00,0.0
1022018,01:00,02:00,0.0
1022018,02:00,03:00,0.0
1022018,03:00,04:00,0.0
1022018,04:00,05:00,0.0
1022018,05:00,06:00,0.0
1022018,06:00,07:00,0.0
1022018,07:00,08:00,0.0
1022018,08:00,09:00,0.0
1022018,09:00,10:00,0.0
1022018,10:00,11:00,0.0
1022018,11:00,12:00,0.0
1022018,12:00,13:00,0.0
1022018,13:00,14:00,0.0
1022018,14:00,15:00,0.0
1022018,15:00,16:00,0.0
1022018,16:00,17:00,0.0
1022018,17:00,18:00,0.0
1022018,18:00,19:00,0.0
1022018,19:00,20:00,0.0
1022018,20:00,21:00,0.0
1022018,21:00,22:00,0.0
1022018,22:00,23:00,0.0
1022018,23:00,00:00,0.0
2022018,00:00,01:00,0.0
2022018,01:00,02:00,0.0
2022018,02:00,03:00,0.0
2022018,03:00,04:00,0.0
2022018,04:00,05:00,0.0
2022018,05:00,06:00,0.0
2022018,06:00,07:00,0.0
2022018,07:00,08:00,0.0
2022018,08:00,09:00,0.0
2022018,09:00,10:00,0.0
2022018,10:00,11:00,0.0
2022018,11:00,12:00,0.0
2022018,12:00,13:00,0.0
2022018,13:00,14:00,0.0
2022018,14:00,15:00,0.0
2022018,15:00,16:00,0.0
2022018,16:00,17:00,0.0
2022018,17:00,18:00,0.0
2022018,18:00,19:00,0.0
2022018,19:00,20:00,0.0
2022018,20:00,21:00,0.0
2022018,21:00,22:00,0.0
2022018,22:00,23:00,0.0
2022018,23:00,00:00,0.0
3022018,00:00,01:00,0.0
3022018,01:00,02:00,0.0
3022018,02:00,03:00,0.0
3022018,03:00,04:00,0.0
3022018,04:00,05:00,0.0
3022018,05:00,06:00,0.0
3022018,06:00,07:00,0.0
3022018,07:00,08:00,0.0
3022018,08:00,09:00,0.0
3022018,09:00,10:00,0.0
3022018,10:00,11:00,0.0
3022018,11:00,12:00,0.0
3022018,12:00,13:00,0.0
3022018,13:00,14:00,0.0
3022018,14:00,15:00,0.0
3022018,15:00,16:00,0.0
3022018,16:00,17:00,0.0
3022018,17:00,18:00,0.0
3022018,18:00,19:00,0.0
3022018,19:00,20:00,0.0
3022018,20:00,21:00,0.0
3022018,21:00,22:00,0.0
3022018,22:00,23:00,0.0
3022018,23:00,00:00,0.0
4022018,00:00,01:00,0.0
4022018,01:00,02:00,0.0
4022018,02:00,03:00,0.0
4022018,03:00,04:00,0.0
4022018,04:00,05:00,0.0
4022018,05:00,06:00,0.0
4022018,06:00,07:00,0.0
4022018,07:00,08:00,0.0
4022018,08:00,09:00,0.0
4022018,09:00,10:00,0.0
4022018,10:00,11:00,0.0
4022018,11:00,12:00,0.0
4022018,12:00,13:00,0.0
4022018,13:00,14:00,0.0
4022018,14:00,15:00,0.0
4022018,15:00,16:00,0.0
4022018,16:00,17:00,0.0
4022018,17:00,18:00,0.0
4022018,18:00,19:00,0.0
4022018,19:00,20:00,0.0
4022018,20:00,21:00,0.0
4022018,21:00,22:00,0.0
4022018,22:00,23:00,0.0
4022018,23:00,00:00,0.0
5022018,00:00,01:00,0.0
5022018,01:00,02:00,0.0
5022018,02:00,03:00,0.0
5022018,03:00,04:00,0.0
5022018,04:00,05:00,0.0
5022018,05:00,06:00,0.0
5022018,06:00,07:00,0.0
5022018,07:00,08:00,0.0
5022018,08:00,09:00,0.0
5022018,09:00,10:00,0.0
5022018,10:00,11:00,0.0
5022018,11:00,12:00,0.0
5022018,12:00,13:00,0.0
5022018,13:00,14:00,0.0
5022018,14:00,15:00,0.0
5022018,15:00,16:00,0.0
5022018,16:00,17:00,0.0
5022018,17:00,18:00,0.0
5022018,18:00,19:00,0.0
5022018,19:00,20:00,0.0
5022018,20:00,21:00,0.0
5022018,21:00,22:00,0.0
5022018,22:00,23:00,0.0
5022018,23:00,00:00,0.0
6022018,00:00,01:00,0.0
6022018,01:00,02:00,0.0
6022018,02:00,03:00,0.0
6022018,03:00,04:00,0.0
6022018,04:00,05:00,0.0
6022018,05:00,06:00,0.0
6022018,06:00,07:00,0.0
6022018,07:00,08:00,0.0
6022018,08:00,09:00,0.0
6022018,09:00,10:00,0.0
6022018,10:00,11:00,0.0
6022018,11:00,12:00,0.0
6022018,12:00,13:00,0.0
6022018,13:00,14:00,0.0
6022018,14:00,15:00,0.0
6022018,15:00,16:00,0.0
6022018,16:00,17:00,0.0
6022018,17:00,18:00,0.0
6022018,18:00,19:00,0.0
6022018,19:00,20:00,0.0
6022018,20:00,21:00,0.0
6022018,21:00,22:00,0.0
6022018,22:00,23:00,0.0
6022018,23:00,00:00,0.0
7022018,00:00,01:00,0.0
7022018,01:00,02:00,0.0
7022018,02:00,03:00,0.0
7022018,03:00,04:00,0.0
7022018,04:00,05:00,0.0
7022018,05:00,06:00,0.0
7022018,06:00,07:00,0.0
7022018,07:00,08:00,0.0
7022018,08:00,09:00,0.0
7022018,09:00,10:00,0.0
7022018,10:00,11:00,0.0
7022018,11:00,12:00,0.0
7022018,12:00,13:00,0.0
7022018,13:00,14:00,0.0
7022018,14:00,15:00,0.0
7022018,15:00,16:00,0.0
7022018,16:00,17:00,0.0
7022018,17:00,18:00,0.0
7022018,18:00,19:00,0.0
7022018,19:00,20:00,0.0
7022018,20:00,21:00,0.0
7022018,21:00,22:00,0.0
7022018,22:00,23:00,0.0
7022018,23:00,00:00,0.0
8022018,00:00,01:00,0.0
8022018,01:00,02:00,0.0
8022018,02:00,03:00,0.0
8022018,03:00,04:00,0.0
8022018,04:00,05:00,0.0
8022018,05:00,06:00,0.0
8022018,06:00,07:00,0.0
8022018,07:00,08:00,0.0
8022018,08:00,09:00,0.0
8022018,09:00,10:00,0.0
8022018,10:00,11:00,0.0
8022018,11:00,12:00,0.0
8022018,12:00,13:00,0.0
8022018,13:00,14:00,0.0
8022018,14:00,15:00,0.0
8022018,15:00,16:00,0.0
8022018,16:00,17:00,0.0
8022018,17:00,18:00,0.0
8022018,18:00,19:00,0.0
8022018,19:00,20:00,0.0
8022018,20:00,21:00,0.0
8022018,21:00,22:00,0.0
8022018,22:00,23:00,0.0
8022018,23:00,00:00,0.0
9022018,00:00,01:00,0.0
9022018,01:00,02:00,0.0
9022018,02:00,03:00,0.0
9022018,03:00,04:00,0.0
9022018,04:00,05:00,0.0
9022018,05:00,06:00,0.0
9022018,06:00,07:00,0.0
9022018,07:00,08:00,0.0
9022018,08:00,09:00,0.0
9022018,09:00,10:00,0.0
9022018,10:00,11:00,0.0
9022018,11:00,12:00,0.0
9022018,12:00,13:00,0.0
9022018,13:00,14:00,0.0
9022018,14:00,15:00,0.0
9022018,15:00,16:00,0.0
9022018,16:00,17:00,0.0
9022018,17:00,18:00,0.0
9022018,18:00,19:00,0.0
9022018,19:00,20:00,0.0
9022018,20:00,21:00,0.0
9022018,21:00,22:00,0.0
9022018,22:00,23:00,0.0
9022018,23:00,00:00,0.0
10022018,00:00,01:00,0.0
10022018,01:00,02:00,0.0
10022018,02:00,03:00,0.0
10022018,03:00,04:00,0.0
10022018,04:00,05:00,0.0
10022018,05:00,06:00,0.0
10022018,06:00,07:00,0.0
10022018,07:00,08:00,0.0
10022018,08:00,09:00,0.0
10022018,09:00,10:00,0.0
10022018,10:00,11:00,0.0
10022018,11:00,12:00,0.0
10022018,12:00,13:00,0.0
10022018,13:00,14:00,0.0
10022018,14:00,15:00,0.0
10022018,15:00,16:00,0.0
10022018,16:00,17:00,0.0
10022018,17:00,18:00,0.0
10022018,18:00,19:00,0.0
10022018,19:00,20:00,0.0
10022018,20:00,21:00,0.0
10022018,21:00,22:00,0.0
10022018,22:00,23:00,0.0
10022018,23:00,00:00,0.0
11022018,00:00,01:00,0.0
11022018,01:00,02:00,0.0
11022018,02:00,03:00,0.0
11022018,03:00,04:00,0.0
11022018,04:00,05:00,0.0
11022018,05:00,06:00,0.0
11022018,06:00,07:00,0.0
11022018,07:00,08:00,0.0
11022018,08:00,09:00,0.0
11022018,09:00,10:00,0.0
11022018,10:00,11:00,0.0
11022018,11:00,12:00,0.0
11022018,12:00,13:00,0.0
11022018,13:00,14:00,0.0
11022018,14:00,15:00,0.0
11022018,15:00,16:00,0.0
11022018,16:00,17:00,0.0
11022018,17:00,18:00,0.0
11022018,18:00,19:00,0.0
11022018,19:00,20:00,0.0
11022018,20:00,21:00,0.0
11022018,21:00,22:00,0.0
11022018,22:00,23:00,0.0
11022018,23:00,00:00,0.0
12022018,00:00,01:00,0.0
12022018,01:00,02:00,0.0
12022018,02:00,03:00,0.0
12022018,03:00,04:00,0.0
12022018,04:00,05:00,0.0
12022018,05:00,06:00,0.0
12022018,06:00,07:00,0.0
12022018,07:00,08:00,0.0
12022018,08:00,09:00,0.0
12022018,09:00,10:00,0.0
12022018,10:00,11:00,0.0
12022018,11:00,12:00,0.0
12022018,12:00,13:00,0.0
12022018,13:00,14:00,0.0
12022018,14:00,15:00,0.0
12022018,15:00,16:00,0.0
12022018,16:00,17:00,0.0
12022018,17:00,18:00,0.0
12022018,18:00,19:00,0.0
12022018,19:00,20:00,0.0
12022018,20:00,21:00,0.0
12022018,21:00,22:00,0.0
12022018,22:00,23:00,0.0
12022018,23:00,00:00,0.0
13022018,00:00,01:00,0.0
13022018,01:00,02:00,0.0
13022018,02:00,03:00,0.0
13022018,03:00,04:00,0.0
13022018,04:00,05:00,0.0
13022018,05:00,06:00,0.0
13022018,06:00,07:00,0.0
13022018,07:00,08:00,0.0
13022018,08:00,09:00,0.0
13022018,09:00,10:00,0.0
13022018,10:00,11:00,0.0
13022018,11:00,12:00,0.0
13022018,12:00,13:00,0.0
13022018,13:00,14:00,0.0
13022018,14:00,15:00,0.0
13022018,15:00,16:00,0.0
13022018,16:00,17:00,0.0
13022018,17:00,18:00,0.0
13022018,18:00,19:00,0.0
13022018,19:00,20:00,0.0
13022018,20:00,21:00,0.0
13022018,21:00,22:00,0.0
13022018,22:00,23:00,0.0
13022018,23:00,00:00,0.0
14022018,00:00,01:00,0.0
14022018,01:00,02:00,0.0
14022018,02:00,03:00,0.0
14022018,03:00,04:00,0.0
14022018,04:00,05:00,0.0
14022018,05:00,06:00,0.0
14022018,06:00,07:00,0.0
14022018,07:00,08:00,0.0
14022018,08:00,09:00,0.0
14022018,09:00,10:00,0.0
14022018,10:00,11:00,0.0
14022018,11:00,12:00,0.0
14022018,12:00,13:00,0.0
14022018,13:00,14:00,0.0
14022018,14:00,15:00,0.0
14022018,15:00,16:00,0.0
14022018,16:00,17:00,0.0
14022018,17:00,18:00,0.0
14022018,18:00,19:00,0.0
14022018,19:00,20:00,0.0
14022018,20:00,21:00,0.0
14022018,21:00,22:00,0.0
14022018,22:00,23:00,0.0
14022018,23:00,00:00,0.0
15022018,00:00,01:00,0.0
15022018,01:00,02:00,0.0
15022018,02:00,03:00,0.0
15022018,03:00,04:00,0.0
15022018,04:00,05:00,0.0
15022018,05:00,06:00,0.0
15022018,06:00,07:00,0.0
15022018,07:00,08:00,0.0
15022018,08:00,09:00,0.0
15022018,09:00,10:00,0.0
15022018,10:00,11:00,0.0
15022018,11:00,12:00,0.0
15022018,12:00,13:00,0.0
15022018,13:00,14:00,0.0
15022018,14:00,15:00,0.0
15022018,15:00,16:00,0.0
15022018,16:00,17:00,0.0
15022018,17:00,18:00,0.0
15022018,18:00,19:00,0.0
15022018,19:00,20:00,0.0
15022018,20:00,21:00,0.0
15022018,21:00,22:00,0.0
15022018,22:00,23:00,0.0
15022018,23:00,00:00,0.0
16022018,00:00,01:00,0.0
16022018,01:00,02:00,0.0
16022018,02:00,03:00,0.0
16022018,03:00,04:00,0.0
16022018,04:00,05:00,0.0
16022018,05:00,06:00,0.0
16022018,06:00,07:00,0.0
16022018,07:00,08:00,0.0
16022018,08:00,09:00,0.0
16022018,09:00,10:00,0.0
16022018,10:00,11:00,0.0
16022018,11:00,12:00,0.0
16022018,12:00,13:00,0.0
16022018,13:00,14:00,0.0
16022018,14:00,15:00,0.0
16022018,15:00,16:00,0.0
16022018,16:00,17:00,0.0
16022018,17:00,18:00,0.0
16022018,18:00,19:00,0.0
16022018,19:00,20:00,0.0
16022018,20:00,21:00,0.0
16022018,21:00,22:00,0.0
16022018,22:00,23:00,0.0
16022018,23:00,00:00,0.0
17022018,00:00,01:00,0.0
17022018,01:00,02:00,0.0
17022018,02:00,03:00,0.0
17022018,03:00,04:00,0.0
17022018,04:00,05:00,0.0
17022018,05:00,06:00,0.0
17022018,06:00,07:00,0.0
17022018,07:00,08:00,0.0
17022018,08:00,09:00,0.0
17022018,09:00,10:00,0.0
17022018,10:00,11:00,0.0
17022018,11:00,12:00,0.0
17022018,12:00,13:00,0.0
17022018,13:00,14:00,0.0
17022018,14:00,15:00,0.0
17022018,15:00,16:00,0.0
17022018,16:00,17:00,0.0
17022018,17:00,18:00,0.0
17022018,18:00,19:00,0.0
17022018,19:00,20:00,0.0
17022018,20:00,21:00,0.0
17022018,21:00,22:00,0.0
17022018,22:00,23:00,0.0
17022018,23:00,00:00,0.0
18022018,00:00,01:00,0.0
18022018,01:00,02:00,0.0
18022018,02:00,03:00,0.0
18022018,03:00,04:00,0.0
18022018,04:00,05:00,0.0
18022018,05:00,06:00,0.0
18022018,06:00,07:00,0.0
18022018,07:00,08:00,0.0
18022018,08:00,09:00,0.0
18022018,09:00,10:00,0.0
18022018,10:00,11:00,0.0
18022018,11:00,12:00,0.0
18022018,12:00,13:00,0.0
18022018,13:00,14:00,0.0
18022018,14:00,15:00,0.0
18022018,15:00,16:00,0.0
18022018,16:00,17:00,0.0
18022018,17:00,18:00,0.0
18022018,18:00,19:00,0.0
18022018,19:00,20:00,0.0
18022018,20:00,21:00,0.0
18022018,21:00,22:00,0.0
18022018,22:00,23:00,0.0
18022018,23:00,00:00,0.0
19022018,00:00,01:00,0.0
19022018,01:00,02:00,0.0
19022018,02:00,03:00,0.0
19022018,03:00,04:00,0.0
19022018,04:00,05:00,0.0
19022018,05:00,06:00,0.0
19022018,06:00,07:00,0.0
19022018,07:00,08:00,0.0
19022018,08:00,09:00,0.0
19022018,09:00,10:00,0.0
19022018,10:00,11:00,0.0
19022018,11:00,12:00,0.0
19022018,12:00,13:00,0.0
19022018,13:00,14:00,0.0
19022018,14:00,15:00,0.0
19022018,15:00,16:00,0.0
19022018,16:00,17:00,0.0
19022018,17:00,18:00,0.0
19022018,18:00,19:00,0.0
19022018,19:00,20:00,0.0
19022018,20:00,21:00,0.0
19022018,21:00,22:00,0.0
19022018,22:00,23:00,0.0
19022018,23:00,00:00,0.0
20022018,00:00,01:00,0.0
20022018,01:00,02:00,0.0
20022018,02:00,03:00,0.0
20022018,03:00,04:00,0.0
20022018,04:00,05:00,0.0
20022018,05:00,06:00,0.0
20022018,06:00,07:00,0.0
20022018,07:00,08:00,0.0
20022018,08:00,09:00,0.0
20022018,09:00,10:00,0.0
20022018,10:00,11:00,0.0
20022018,11:00,12:00,0.0
20022018,12:00,13:00,0.0
20022018,13:00,14:00,0.0
20022018,14:00,15:00,0.0
20022018,15:00,16:00,0.0
20022018,16:00,17:00,0.0
20022018,17:00,18:00,0.0
20022018,18:00,19:00,0.0
20022018,19:00,20:00,0.0
20022018,20:00,21:00,0.0
20022018,21:00,22:00,0.0
20022018,22:00,23:00,0.0
20022018,23:00,00:00,0.0
21022018,00:00,01:00,0.0
21022018,01:00,02:00,0.0
21022018,02:00,03:00,0.0
21022018,03:00,04:00,0.0
21022018,04:00,05:00,0.0
21022018,05:00,06:00,0.0
21022018,06:00,07:00,0.0
21022018,07:00,08:00,0.0
21022018,08:00,09:00,0.0
21022018,09:00,10:00,0.0
21022018,10:00,11:00,0.0
21022018,11:00,12:00,0.0
21022018,12:00,13:00,0.0
21022018,13:00,14:00,0.0
21022018,14:00,15:00,0.0
21022018,15:00,16:00,0.0
21022018,16:00,17:00,0.0
21022018,17:00,18:00,0.0
21022018,18:00,19:00,0.0
21022018,19:00,20:00,0.0
21022018,20:00,21:00,0.0
21022018,21:00,22:00,0.0
21022018,22:00,23:00,0.0
21022018,23:00,00:00,0.0
22022018,00:00,01:00,0.0
22022018,01:00,02:00,0.0
22022018,02:00,03:00,0.0
22022018,03:00,04:00,0.0
22022018,04:00,05:00,0.0
22022018,05:00,06:00,0.0
22022018,06:00,07:00,0.0
22022018,07:00,08:00,0.0
22022018,08:00,09:00,0.0
22022018,09:00,10:00,0.0
22022018,10:00,11:00,0.0
22022018,11:00,12:00,0.0
22022018,12:00,13:00,0.0
22022018,13:00,14:00,0.0
22022018,14:00,15:00,0.0
22022018,15:00,16:00,0.0
22022018,16:00,17:00,0.0
22022018,17:00,18:00,0.0
22022018,18:00,19:00,0.0
22022018,19:00,20:00,0.0
22022018,20:00,21:00,0.0
22022018,21:00,22:00,0.0
22022018,22:00,23:00,0.0
22022018,23:00,00:00,0.0
23022018,00:00,01:00,0.0
23022018,01:00,02:00,0.0
23022018,02:00,03:00,0.0
23022018,03:00,04:00,0.0
23022018,04:00,05:00,0.0
23022018,05:00,06:00,0.0
23022018,06:00,07:00,0.0
23022018,07:00,08:00,0.0
23022018,08:00,09:00,0.0
23022018,09:00,10:00,0.0
23022018,10:00,11:00,0.0
23022018,11:00,12:00,0.0
23022018,12:00,13:00,0.0
23022018,13:00,14:00,0.0
23022018,14:00,15:00,0.0
23022018,15:00,16:00,0.0
23022018,16:00,17:00,0.0
23022018,17:00,18:00,0.0
23022018,18:00,19:00,0.0
23022018,19:00,20:00,0.0
23022018,20:00,21:00,0.0
23022018,21:00,22:00,0.0
23022018,22:00,23:00,0.0
23022018,23:00,00:00,0.0
24022018,00:00,01:00,0.0
24022018,01:00,02:00,0.0
24022018,02:00,03:00,0.0
24022018,03:00,04:00,0.0
24022018,04:00,05:00,0.0
24022018,05:00,06:00,0.0
24022018,06:00,07:00,0.0
24022018,07:00,08:00,0.0
24022018,08:00,09:00,0.0
24022018,09:00,10:00,0.0
24022018,10:00,11:00,0.0
24022018,11:00,12:00,0.0
24022018,12:00,13:00,0.0
24022018,13:00,14:00,0.0
24022018,14:00,15:00,0.0
24022018,15:00,16:00,0.0
24022018,16:00,17:00,0.0
24022018,17:00,18:00,0.0
24022018,18:00,19:00,0.0
24022018,19:00,20:00,0.0
24022018,20:00,21:00,0.0
24022018,21:00,22:00,0.0
24022018,22:00,23:00,0.0
24022018,23:00,00:00,0.0
25022018,00:00,01:00,0.0
25022018,01:00,02:00,0.0
25022018,02:00,03:00,0.0
25022018,03:00,04:00,0.0
25022018,04:00,05:00,0.0
25022018,05:00,06:00,0.0
25022018,06:00,07:00,0.0
25022018,07:00,08:00,0.0
25022018,08:00,09:00,0.0
25022018,09:00,10:00,0.0
25022018,10:00,11:00,0.0
25022018,11:00,12:00,0.0
25022018,12:00,13:00,0.0
25022018,13:00,14:00,0.0
25022018,14:00,15:00,0.0
25022018,15:00,16:00,0.0
25022018,16:00,17:00,0.0
25022018,17:00,18:00,0.0
25022018,18:00,19:00,0.0
25022018,19:00,20:00,0.0
25022018,20:00,21:00,0.0
25022018,21:00,22:00,0.0
25022018,22:00,23:00,0.0
25022018,23:00,00:00,0.0
26022018,00:00,01:00,0.0
26022018,01:00,02:00,0.0
26022018,02:00,03:00,0.0
26022018,03:00,04:00,0.0
26022018,04:00,05:00,0.0
26022018,05:00,06:00,0.0
26022018,06:00,07:00,0.0
26022018,07:00,08:00,0.0
26022018,08:00,09:00,0.0
26022018,09:00,10:00,0.0
26022018,10:00,11:00,0.0
26022018,11:00,12:00,0.0
26022018,12:00,13:00,0.0
26022018,13:00,14:00,0.0
26022018,14:00,15:00,0.0
26022018,15:00,16:00,0.0
26022018,16:00,17:00,0.0
26022018,17:00,18:00,0.0
26022018,18:00,19:00,0.0
26022018,19:00,20:00,0.0
26022018,20:00,21:00,0.0
26022018,21:00,22:00,0.0
26022018,22:00,23:00,0.0
26022018,23:00,00:00,0.0
27022018,00:00,01:00,0.0
27022018,01:00,02:00,0.0
27022018,02:00,03:00,0.0
27022018,03:00,04:00,0.0
27022018,04:00,05:00,0.0
27022018,05:00,06:00,0.0
27022018,06:00,07:00,0.0
27022018,07:00,08:00,0.0
27022018,08:00,09:00,0.0
27022018,09:00,10:00,0.0
27022018,10:00,11:00,0.0
27022018,11:00,12:00,0.0
27022018,12:00,13:00,0.0
27022018,13:00,14:00,0.0
27022018,14:00,15:00,0.0
27022018,15:00,16:00,0.0
27022018,16:00,17:00,0.0
27022018,17:00,18:00,0.0
27022018,18:00,19:00,0.0
27022018,19:00,20:00,0.0
27022018,20:00,21:00,0.0
27022018,21:00,22:00,0.0
27022018,22:00,23:00,0.0
27022018,23:00,00:00,0.0
28022018,00:00,01:00,0.0
28022018,01:00,02:00,0.0
28022018,02:00,03:00,0.0
28022018,03:00,04:00,0.0
28022018,04:00,05:00,0.0
28022018,05:00,06:00,0.0
28022018,06:00,07:00,0.0
28022018,07:00,08:00,0.0
28022018,08:00,09:00,0.0
28022018,09:00,10:00,0.0
28022018,10:00,11:00,0.0
28022018,11:00,12:00,0.0
28022018,12:00,13:00,0.0
28022018,13:00,14:00,0.0
28022018,14:00,15:00,0.0
28022018,15:00,16:00,0.0
28022018,16:00,17:00,0.0
28022018,17:00,18:00,0.0
28022018,18:00,19:00,0.0
28022018,19:00,20:00,0.0
28022018,20:00,21:00,0.0
28022018,21:00,22:00,0.0
28022018,22:00,23:00,0.0
28022018,23:00,00:00,0.0
1032018,00:00,01:00,0.0
1032018,01:00,02:00,0.0
1032018,02:00,03:00,0.0
1032018,03:00,04:00,0.0
1032018,04:00,05:00,0.0
1032018,05:00,06:00,0.0
1032018,06:00,07:00,0.0
1032018,07:00,08:00,0.0
1032018,08:00,09:00,0.0
1032018,09:00,10:00,0.0
1032018,10:00,11:00,0.0
1032018,11:00,12:00,0.0
1032018,12:00,13:00,0.0
1032018,13:00,14:00,0.0
1032018,14:00,15:00,0.0
1032018,15:00,16:00,0.0
1032018,16:00,17:00,0.0
1032018,17:00,18:00,0.0
1032018,18:00,19:00,0.0
1032018,19:00,20:00,0.0
1032018,20:00,21:00,0.0
1032018,21:00,22:00,0.0
1032018,22:00,23:00,0.0
1032018,23:00,00:00,0.0
2032018,00:00,01:00,0.0
2032018,01:00,02:00,0.0
2032018,02:00,03:00,0.0
2032018,03:00,04:00,0.0
2032018,04:00,05:00,0.0
2032018,05:00,06:00,0.0
2032018,06:00,07:00,0.0
2032018,07:00,08:00,0.0
2032018,08:00,09:00,0.0
2032018,09:00,10:00,0.0
2032018,10:00,11:00,0.0
2032018,11:00,12:00,0.0
2032018,12:00,13:00,0.0
2032018,13:00,14:00,0.0
2032018,14:00,15:00,0.0
2032018,15:00,16:00,0.0
2032018,16:00,17:00,0.0
2032018,17:00,18:00,0.0
2032018,18:00,19:00,0.0
2032018,19:00,20:00,0.0
2032018,20:00,21:00,0.0
2032018,21:00,22:00,0.0
2032018,22:00,23:00,0.0
2032018,23:00,00:00,0.0
3032018,00:00,01:00,0.0
3032018,01:00,02:00,0.0
3032018,02:00,03:00,0.0
3032018,03:00,04:00,0.0
3032018,04:00,05:00,0.0
3032018,05:00,06:00,0.0
3032018,06:00,07:00,0.0
3032018,07:00,08:00,0.0
3032018,08:00,09:00,0.0
3032018,09:00,10:00,0.0
3032018,10:00,11:00,0.0
3032018,11:00,12:00,0.0
3032018,12:00,13:00,0.0
3032018,13:00,14:00,0.0
3032018,14:00,15:00,0.0
3032018,15:00,16:00,0.0
3032018,16:00,17:00,0.0
3032018,17:00,18:00,0.0
3032018,18:00,19:00,0.0
3032018,19:00,20:00,0.0
3032018,20:00,21:00,0.0
3032018,21:00,22:00,0.0
3032018,22:00,23:00,0.0
3032018,23:00,00:00,0.0
4032018,00:00,01:00,0.0
4032018,01:00,02:00,0.0
4032018,02:00,03:00,0.0
4032018,03:00,04:00,0.0
4032018,04:00,05:00,0.0
4032018,05:00,06:00,0.0
4032018,06:00,07:00,0.0
4032018,07:00,08:00,0.0
4032018,08:00,09:00,0.0
4032018,09:00,10:00,0.0
4032018,10:00,11:00,0.0
4032018,11:00,12:00,0.0
4032018,12:00,13:00,0.0
4032018,13:00,14:00,0.0
4032018,14:00,15:00,0.0
4032018,15:00,16:00,0.0
4032018,16:00,17:00,0.0
4032018,17:00,18:00,0.0
4032018,18:00,19:00,0.0
4032018,19:00,20:00,0.0
4032018,20:00,21:00,0.0
4032018,21:00,22:00,0.0
4032018,22:00,23:00,0.0
4032018,23:00,00:00,0.0
5032018,00:00,01:00,0.0
5032018,01:00,02:00,0.0
5032018,02:00,03:00,0.0
5032018,03:00,04:00,0.0
5032018,04:00,05:00,0.0
5032018,05:00,06:00,0.0
5032018,06:00,07:00,0.0
5032018,07:00,08:00,0.0
5032018,08:00,09:00,0.0
5032018,09:00,10:00,0.0
5032018,10:00,11:00,0.0
5032018,11:00,12:00,0.0
5032018,12:00,13:00,0.0
5032018,13:00,14:00,0.0
5032018,14:00,15:00,0.0
5032018,15:00,16:00,0.0
5032018,16:00,17:00,0.0
5032018,17:00,18:00,0.0
5032018,18:00,19:00,0.0
5032018,19:00,20:00,0.0
5032018,20:00,21:00,0.0
5032018,21:00,22:00,0.0
5032018,22:00,23:00,0.0
5032018,23:00,00:00,0.0
6032018,00:00,01:00,0.0
6032018,01:00,02:00,0.0
6032018,02:00,03:00,0.0
6032018,03:00,04:00,0.0
6032018,04:00,05:00,0.0
6032018,05:00,06:00,0.0
6032018,06:00,07:00,0.0
6032018,07:00,08:00,0.0
6032018,08:00,09:00,0.0
6032018,09:00,10:00,0.0
6032018,10:00,11:00,0.0
6032018,11:00,12:00,0.0
6032018,12:00,13:00,0.0
6032018,13:00,14:00,0.0
6032018,14:00,15:00,0.0
6032018,15:00,16:00,0.0
6032018,16:00,17:00,0.0
6032018,17:00,18:00,0.0
6032018,18:00,19:00,0.0
6032018,19:00,20:00,0.0
6032018,20:00,21:00,0.0
6032018,21:00,22:00,0.0
6032018,22:00,23:00,0.0
6032018,23:00,00:00,0.0
7032018,00:00,01:00,0.0
7032018,01:00,02:00,0.0
7032018,02:00,03:00,0.0
7032018,03:00,04:00,0.0
7032018,04:00,05:00,0.0
7032018,05:00,06:00,0.0
7032018,06:00,07:00,0.0
7032018,07:00,08:00,0.0
7032018,08:00,09:00,0.0
7032018,09:00,10:00,0.0
7032018,10:00,11:00,0.0
7032018,11:00,12:00,0.0
7032018,12:00,13:00,0.0
7032018,13:00,14:00,0.0
7032018,14:00,15:00,0.0
7032018,15:00,16:00,0.0
7032018,16:00,17:00,0.0
7032018,17:00,18:00,0.0
7032018,18:00,19:00,0.0
7032018,19:00,20:00,0.0
7032018,20:00,21:00,0.0
7032018,21:00,22:00,0.0
7032018,22:00,23:00,0.0
7032018,23:00,00:00,0.0
8032018,00:00,01:00,0.0
8032018,01:00,02:00,0.0
8032018,02:00,03:00,0.0
8032018,03:00,04:00,0.0
8032018,04:00,05:00,0.0
8032018,05:00,06:00,0.0
8032018,06:00,07:00,0.0
8032018,07:00,08:00,0.0
8032018,08:00,09:00,0.0
8032018,09:00,10:00,0.0
8032018,10:00,11:00,0.0
8032018,11:00,12:00,0.0
8032018,12:00,13:00,0.0
8032018,13:00,14:00,0.0
8032018,14:00,15:00,0.0
8032018,15:00,16:00,0.0
8032018,16:00,17:00,0.0
8032018,17:00,18:00,0.0
8032018,18:00,19:00,0.0
8032018,19:00,20:00,0.0
8032018,20:00,21:00,0.0
8032018,21:00,22:00,0.0
8032018,22:00,23:00,0.0
8032018,23:00,00:00,0.0
9032018,00:00,01:00,0.0
9032018,01:00,02:00,0.0
9032018,02:00,03:00,0.0
9032018,03:00,04:00,0.0
9032018,04:00,05:00,0.0
9032018,05:00,06:00,0.0
9032018,06:00,07:00,0.0
9032018,07:00,08:00,0.0
9032018,08:00,09:00,0.0
9032018,09:00,10:00,0.0
9032018,10:00,11:00,0.0
9032018,11:00,12:00,0.0
9032018,12:00,13:00,0.0
9032018,13:00,14:00,0.0
9032018,14:00,15:00,0.0
9032018,15:00,16:00,0.0
9032018,16:00,17:00,0.0
9032018,17:00,18:00,0.0
9032018,18:00,19:00,0.0
9032018,19:00,20:00,0.0
9032018,20:00,21:00,0.0
9032018,21:00,22:00,0.0
9032018,22:00,23:00,0.0
9032018,23:00,00:00,0.0
10032018,00:00,01:00,0.0
10032018,01:00,02:00,0.0
10032018,02:00,03:00,0.0
10032018,03:00,04:00,0.0
10032018,04:00,05:00,0.0
10032018,05:00,06:00,0.0
10032018,06:00,07:00,0.0
10032018,07:00,08:00,0.0
10032018,08:00,09:00,0.0
10032018,09:00,10:00,0.0
10032018,10:00,11:00,0.0
10032018,11:00,12:00,0.0
10032018,12:00,13:00,0.0
10032018,13:00,14:00,0.0
10032018,14:00,15:00,0.0
10032018,15:00,16:00,0.0
10032018,16:00,17:00,0.0
10032018,17:00,18:00,0.0
10032018,18:00,19:00,0.0
10032018,19:00,20:00,0.0
10032018,20:00,21:00,0.0
10032018,21:00,22:00,0.0
10032018,22:00,23:00,0.0
10032018,23:00,00:00,0.0
11032018,00:00,01:00,0.0
11032018,01:00,02:00,0.0
11032018,02:00,03:00,0.0
11032018,03:00,04:00,0.0
11032018,04:00,05:00,0.0
11032018,05:00,06:00,0.0
11032018,06:00,07:00,0.0
11032018,07:00,08:00,0.0
11032018,08:00,09:00,0.0
11032018,09:00,10:00,0.0
11032018,10:00,11:00,0.0
11032018,11:00,12:00,0.0
11032018,12:00,13:00,0.0
11032018,13:00,14:00,0.0
11032018,14:00,15:00,0.0
11032018,15:00,16:00,0.0
11032018,16:00,17:00,0.0
11032018,17:00,18:00,0.0
11032018,18:00,19:00,0.0
11032018,19:00,20:00,0.0
11032018,20:00,21:00,0.0
11032018,21:00,22:00,0.0
11032018,22:00,23:00,0.0
11032018,23:00,00:00,0.0
12032018,00:00,01:00,0.0
12032018,01:00,02:00,0.0
12032018,02:00,03:00,0.0
12032018,03:00,04:00,0.0
12032018,04:00,05:00,0.0
12032018,05:00,06:00,0.0
12032018,06:00,07:00,0.0
12032018,07:00,08:00,0.0
12032018,08:00,09:00,0.0
12032018,09:00,10:00,0.0
12032018,10:00,11:00,0.0
12032018,11:00,12:00,0.0
12032018,12:00,13:00,0.0
12032018,13:00,14:00,0.0
12032018,14:00,15:00,0.0
12032018,15:00,16:00,0.0
12032018,16:00,17:00,0.0
12032018,17:00,18:00,0.0
12032018,18:00,19:00,0.0
12032018,19:00,20:00,0.0
12032018,20:00,21:00,0.0
12032018,21:00,22:00,0.0
12032018,22:00,23:00,0.0
12032018,23:00,00:00,0.0
13032018,00:00,01:00,0.0
13032018,01:00,02:00,0.0
13032018,02:00,03:00,0.0
13032018,03:00,04:00,0.0
13032018,04:00,05:00,0.0
13032018,05:00,06:00,0.0
13032018,06:00,07:00,0.0
13032018,07:00,08:00,0.0
13032018,08:00,09:00,0.0
13032018,09:00,10:00,0.0
13032018,10:00,11:00,0.0
13032018,11:00,12:00,0.0
13032018,12:00,13:00,0.0
13032018,13:00,14:00,0.0
13032018,14:00,15:00,0.0
13032018,15:00,16:00,0.0
13032018,16:00,17:00,0.0
13032018,17:00,18:00,0.0
13032018,18:00,19:00,0.0
13032018,19:00,20:00,0.0
13032018,20:00,21:00,0.0
13032018,21:00,22:00,0.0
13032018,22:00,23:00,0.0
13032018,23:00,00:00,0.0
14032018,00:00,01:00,0.0
14032018,01:00,02:00,0.0
14032018,02:00,03:00,0.0
14032018,03:00,04:00,0.0
14032018,04:00,05:00,0.0
14032018,05:00,06:00,0.0
14032018,06:00,07:00,0.0
14032018,07:00,08:00,0.0
14032018,08:00,09:00,0.0
14032018,09:00,10:00,0.0
14032018,10:00,11:00,0.0
14032018,11:00,12:00,0.0
14032018,12:00,13:00,0.0
14032018,13:00,14:00,0.0
14032018,14:00,15:00,0.0
14032018,15:00,16:00,0.0
14032018,16:00,17:00,0.0
14032018,17:00,18:00,0.0
14032018,18:00,19:00,0.0
14032018,19:00,20:00,0.0
14032018,20:00,21:00,0.0
14032018,21:00,22:00,0.0
14032018,22:00,23:00,0.0
14032018,23:00,00:00,0.0
15032018,00:00,01:00,0.0
15032018,01:00,02:00,0.0
15032018,02:00,03:00,0.0
15032018,03:00,04:00,0.0
15032018,04:00,05:00,0.0
15032018,05:00,06:00,0.0
15032018,06:00,07:00,0.0
15032018,07:00,08:00,0.0
15032018,08:00,09:00,0.0
15032018,09:00,10:00,0.0
15032018,10:00,11:00,0.0
15032018,11:00,12:00,0.0
15032018,12:00,13:00,0.0
15032018,13:00,14:00,0.0
15032018,14:00,15:00,0.0
15032018,15:00,16:00,0.0
15032018,16:00,17:00,0.0
15032018,17:00,18:00,0.0
15032018,18:00,19:00,0.0
15032018,19:00,20:00,0.0
15032018,20:00,21:00,0.0
15032018,21:00,22:00,0.0
15032018,22:00,23:00,0.0
15032018,23:00,00:00,0.0
16032018,00:00,01:00,0.0
16032018,01:00,02:00,0.0
16032018,02:00,03:00,0.0
16032018,03:00,04:00,0.0
16032018,04:00,05:00,0.0
16032018,05:00,06:00,0.0
16032018,06:00,07:00,0.0
16032018,07:00,08:00,0.0
16032018,08:00,09:00,0.0
16032018,09:00,10:00,0.0
16032018,10:00,11:00,0.0
16032018,11:00,12:00,0.0
16032018,12:00,13:00,0.0
16032018,13:00,14:00,0.0
16032018,14:00,15:00,0.0
16032018,15:00,16:00,0.0
16032018,16:00,17:00,0.0
16032018,17:00,18:00,0.0
16032018,18:00,19:00,0.0
16032018,19:00,20:00,0.0
16032018,20:00,21:00,0.0
16032018,21:00,22:00,0.0
16032018,22:00,23:00,0.0
16032018,23:00,00:00,0.0
17032018,00:00,01:00,0.0
17032018,01:00,02:00,0.0
17032018,02:00,03:00,0.0
17032018,03:00,04:00,0.0
17032018,04:00,05:00,0.0
17032018,05:00,06:00,0.0
17032018,06:00,07:00,0.0
17032018,07:00,08:00,0.0
17032018,08:00,09:00,0.0
17032018,09:00,10:00,0.0
17032018,10:00,11:00,0.0
17032018,11:00,12:00,0.0
17032018,12:00,13:00,0.0
17032018,13:00,14:00,0.0
17032018,14:00,15:00,0.0
17032018,15:00,16:00,0.0
17032018,16:00,17:00,0.0
17032018,17:00,18:00,0.0
17032018,18:00,19:00,0.0
17032018,19:00,20:00,0.0
17032018,20:00,21:00,0.0
17032018,21:00,22:00,0.0
17032018,22:00,23:00,0.0
17032018,23:00,00:00,0.0
18032018,00:00,01:00,0.0
18032018,01:00,02:00,0.0
18032018,02:00,03:00,0.0
18032018,03:00,04:00,0.0
18032018,04:00,05:00,0.0
18032018,05:00,06:00,0.0
18032018,06:00,07:00,0.0
18032018,07:00,08:00,0.0
18032018,08:00,09:00,0.0
18032018,09:00,10:00,0.0
18032018,10:00,11:00,0.0
18032018,11:00,12:00,0.0
18032018,12:00,13:00,0.0
18032018,13:00,14:00,0.0
18032018,14:00,15:00,0.0
18032018,15:00,16:00,0.0
18032018,16:00,17:00,0.0
18032018,17:00,18:00,0.0
18032018,18:00,19:00,0.0
18032018,19:00,20:00,0.0
18032018,20:00,21:00,0.0
18032018,21:00,22:00,0.0
18032018,22:00,23:00,0.0
18032018,23:00,00:00,0.0
19032018,00:00,01:00,0.0
19032018,01:00,02:00,0.0
19032018,02:00,03:00,0.0
19032018,03:00,04:00,0.0
19032018,04:00,05:00,0.0
19032018,05:00,06:00,0.0
19032018,06:00,07:00,0.0
19032018,07:00,08:00,0.0
19032018,08:00,09:00,0.0
19032018,09:00,10:00,0.0
19032018,10:00,11:00,0.0
19032018,11:00,12:00,0.0
19032018,12:00,13:00,0.0
19032018,13:00,14:00,0.0
19032018,14:00,15:00,0.0
19032018,15:00,16:00,0.0
19032018,16:00,17:00,0.0
19032018,17:00,18:00,0.0
19032018,18:00,19:00,0.0
19032018,19:00,20:00,0.0
19032018,20:00,21:00,0.0
19032018,21:00,22:00,0.0
19032018,22:00,23:00,0.0
19032018,23:00,00:00,0.0
20032018,00:00,01:00,0.0
20032018,01:00,02:00,0.0
20032018,02:00,03:00,0.0
20032018,03:00,04:00,0.0
20032018,04:00,05:00,0.0
20032018,05:00,06:00,0.0
20032018,06:00,07:00,0.0
20032018,07:00,08:00,0.0
20032018,08:00,09:00,0.0
20032018,09:00,10:00,0.0
20032018,10:00,11:00,0.0
20032018,11:00,12:00,0.0
20032018,12:00,13:00,0.0
20032018,13:00,14:00,0.0
20032018,14:00,15:00,0.0
20032018,15:00,16:00,0.0
20032018,16:00,17:00,0.0
20032018,17:00,18:00,0.0
20032018,18:00,19:00,0.0
20032018,19:00,20:00,0.0
20032018,20:00,21:00,0.0
20032018,21:00,22:00,0.0
20032018,22:00,23:00,0.0
20032018,23:00,00:00,0.0
21032018,00:00,01:00,0.0
21032018,01:00,02:00,0.0
21032018,02:00,03:00,0.0
21032018,03:00,04:00,0.0
21032018,04:00,05:00,0.0
21032018,05:00,06:00,0.0
21032018,06:00,07:00,0.0
21032018,07:00,08:00,0.0
21032018,08:00,09:00,0.0
21032018,09:00,10:00,0.0
21032018,10:00,11:00,0.0
21032018,11:00,12:00,0.0
21032018,12:00,13:00,0.0
21032018,13:00,14:00,0.0
21032018,14:00,15:00,0.0
21032018,15:00,16:00,0.0
21032018,16:00,17:00,0.0
21032018,17:00,18:00,0.0
21032018,18:00,19:00,0.0
21032018,19:00,20:00,0.0
21032018,20:00,21:00,0.0
21032018,21:00,22:00,0.0
21032018,22:00,23:00,0.0
21032018,23:00,00:00,0.0
22032018,00:00,01:00,0.0
22032018,01:00,02:00,0.0
22032018,02:00,03:00,0.0
22032018,03:00,04:00,0.0
22032018,04:00,05:00,0.0
22032018,05:00,06:00,0.0
22032018,06:00,07:00,0.0
22032018,07:00,08:00,0.0
22032018,08:00,09:00,0.0
22032018,09:00,10:00,0.0
22032018,10:00,11:00,0.0
22032018,11:00,12:00,0.0
22032018,12:00,13:00,0.0
22032018,13:00,14:00,0.0
22032018,14:00,15:00,0.0
22032018,15:00,16:00,0.0
22032018,16:00,17:00,0.0
22032018,17:00,18:00,0.0
22032018,18:00,19:00,0.0
22032018,19:00,20:00,0.0
22032018,20:00,21:00,0.0
22032018,21:00,22:00,0.0
22032018,22:00,23:00,0.0
22032018,23:00,00:00,0.0
23032018,00:00,01:00,0.0
23032018,01:00,02:00,0.0
23032018,02:00,03:00,0.0
23032018,03:00,04:00,0.0
23032018,04:00,05:00,0.0
23032018,05:00,06:00,0.0
23032018,06:00,07:00,0.0
23032018,07:00,08:00,0.0
23032018,08:00,09:00,0.0
23032018,09:00,10:00,0.0
23032018,10:00,11:00,0.0
23032018,11:00,12:00,0.0
23032018,12:00,13:00,0.0
23032018,13:00,14:00,0.0
23032018,14:00,15:00,0.0
23032018,15:00,16:00,0.0
23032018,16:00,17:00,0.0
23032018,17:00,18:00,0.0
23032018,18:00,19:00,0.0
23032018,19:00,20:00,0.0
23032018,20:00,21:00,0.0
23032018,21:00,22:00,0.0
23032018,22:00,23:00,0.0
23032018,23:00,00:00,0.0
24032018,00:00,01:00,0.0
24032018,01:00,02:00,0.0
24032018,02:00,03:00,0.0
24032018,03:00,04:00,0.0
24032018,04:00,05:00,0.0
24032018,05:00,06:00,0.0
24032018,06:00,07:00,0.0
24032018,07:00,08:00,0.0
24032018,08:00,09:00,0.0
24032018,09:00,10:00,0.0
24032018,10:00,11:00,0.0
24032018,11:00,12:00,0.0
24032018,12:00,13:00,0.0
24032018,13:00,14:00,0.0
24032018,14:00,15:00,0.0
24032018,15:00,16:00,0.0
24032018,16:00,17:00,0.0
24032018,17:00,18:00,0.0
24032018,18:00,19:00,0.0
24032018,19:00,20:00,0.0
24032018,20:00,21:00,0.0
24032018,21:00,22:00,0.0
24032018,22:00,23:00,0.0
24032018,23:00,00:00,0.0
25032018,00:00,01:00,0.0
25032018,01:00,02:00,0.0
25032018,03:00,04:00,0.0
25032018,04:00,05:00,0.0
25032018,05:00,06:00,0.0
25032018,06:00,07:00,0.0
25032018,07:00,08:00,0.0
25032018,08:00,09:00,0.0
25032018,09:00,10:00,0.0
25032018,10:00,11:00,0.0
25032018,11:00,12:00,0.0
25032018,12:00,13:00,0.0
25032018,13:00,14:00,0.0
25032018,14:00,15:00,0.0
25032018,15:00,16:00,0.0
25032018,16:00,17:00,0.0
25032018,17:00,18:00,0.0
25032018,18:00,19:00,0.0
25032018,19:00,20:00,0.0
25032018,20:00,21:00,0.0
25032018,21:00,22:00,0.0
25032018,22:00,23:00,0.0
25032018,23:00,00:00,0.0
26032018,00:00,01:00,0.0
26032018,01:00,02:00,0.0
26032018,02:00,03:00,0.0
26032018,03:00,04:00,0.0
26032018,04:00,05:00,0.0
26032018,05:00,06:00,0.0
26032018,06:00,07:00,0.0
26032018,07:00,08:00,0.0
26032018,08:00,09:00,0.0
26032018,09:00,10:00,0.0
26032018,10:00,11:00,0.0
26032018,11:00,12:00,0.0
26032018,12:00,13:00,0.0
26032018,13:00,14:00,0.0
26032018,14:00,15:00,0.0
26032018,15:00,16:00,0.0
26032018,16:00,17:00,0.0
26032018,17:00,18:00,0.0
26032018,18:00,19:00,0.0
26032018,19:00,20:00,0.0
26032018,20:00,21:00,0.0
26032018,21:00,22:00,0.0
26032018,22:00,23:00,0.0
26032018,23:00,00:00,0.0
27032018,00:00,01:00,0.0
27032018,01:00,02:00,0.0
27032018,02:00,03:00,0.0
27032018,03:00,04:00,0.0
27032018,04:00,05:00,0.0
27032018,05:00,06:00,0.0
27032018,06:00,07:00,0.0
27032018,07:00,08:00,0.0
27032018,08:00,09:00,0.0
27032018,09:00,10:00,0.0
27032018,10:00,11:00,0.0
27032018,11:00,12:00,0.0
27032018,12:00,13:00,0.0
27032018,13:00,14:00,0.0
27032018,14:00,15:00,0.0
27032018,15:00,16:00,0.0
27032018,16:00,17:00,0.0
27032018,17:00,18:00,0.0
27032018,18:00,19:00,0.0
27032018,19:00,20:00,0.0
27032018,20:00,21:00,0.0
27032018,21:00,22:00,0.0
27032018,22:00,23:00,0.0
27032018,23:00,00:00,0.0
28032018,00:00,01:00,0.0
28032018,01:00,02:00,0.0
28032018,02:00,03:00,0.0
28032018,03:00,04:00,0.0
28032018,04:00,05:00,0.0
28032018,05:00,06:00,0.0
28032018,06:00,07:00,0.0
28032018,07:00,08:00,0.0
28032018,08:00,09:00,0.0
28032018,09:00,10:00,0.0
28032018,10:00,11:00,0.0
28032018,11:00,12:00,0.0
28032018,12:00,13:00,0.0
28032018,13:00,14:00,0.0
28032018,14:00,15:00,0.0
28032018,15:00,16:00,0.0
28032018,16:00,17:00,0.0
28032018,17:00,18:00,0.0
28032018,18:00,19:00,0.0
28032018,19:00,20:00,0.0
28032018,20:00,21:00,0.0
28032018,21:00,22:00,0.0
28032018,22:00,23:00,0.0
28032018,23:00,00:00,0.0
29032018,00:00,01:00,0.0
29032018,01:00,02:00,0.0
29032018,02:00,03:00,0.0
29032018,03:00,04:00,0.0
29032018,04:00,05:00,0.0
29032018,05:00,06:00,0.0
29032018,06:00,07:00,0.0
29032018,07:00,08:00,0.0
29032018,08:00,09:00,0.0
29032018,09:00,10:00,0.0
29032018,10:00,11:00,0.0
29032018,11:00,12:00,0.0
29032018,12:00,13:00,0.0
29032018,13:00,14:00,0.0
29032018,14:00,15:00,0.0
29032018,15:00,16:00,0.0
29032018,16:00,17:00,0.0
29032018,17:00,18:00,0.0
29032018,18:00,19:00,0.0
29032018,19:00,20:00,0.0
29032018,20:00,21:00,0.0
29032018,21:00,22:00,0.0
29032018,22:00,23:00,0.0
29032018,23:00,00:00,0.0
30032018,00:00,01:00,0.0
30032018,01:00,02:00,0.0
30032018,02:00,03:00,0.0
30032018,03:00,04:00,0.0
30032018,04:00,05:00,0.0
30032018,05:00,06:00,0.0
30032018,06:00,07:00,0.0
30032018,07:00,08:00,0.0
30032018,08:00,09:00,0.0
30032018,09:00,10:00,0.0
30032018,10:00,11:00,0.0
30032018,11:00,12:00,0.0
30032018,12:00,13:00,0.0
30032018,13:00,14:00,0.0
30032018,14:00,15:00,0.0
30032018,15:00,16:00,0.0
30032018,16:00,17:00,0.0
30032018,17:00,18:00,0.0
30032018,18:00,19:00,0.0
30032018,19:00,20:00,0.0
30032018,20:00,21:00,0.0
30032018,21:00,22:00,0.0
30032018,22:00,23:00,0.0
30032018,23:00,00:00,0.0
31032018,00:00,01:00,0.0
31032018,01:00,02:00,0.0
31032018,02:00,03:00,0.0
31032018,03:00,04:00,0.0
31032018,04:00,05:00,0.0
31032018,05:00,06:00,0.0
31032018,06:00,07:00,0.0
31032018,07:00,08:00,0.0
31032018,08:00,09:00,0.0
31032018,09:00,10:00,0.0
31032018,10:00,11:00,0.0
31032018,11:00,12:00,0.0
31032018,12:00,13:00,0.0
31032018,13:00,14:00,0.0
31032018,14:00,15:00,0.0
31032018,15:00,16:00,0.0
31032018,16:00,17:00,0.0
31032018,17:00,18:00,0.0
31032018,18:00,19:00,0.0
31032018,19:00,20:00,0.0
31032018,20:00,21:00,0.0
31032018,21:00,22:00,0.0
31032018,22:00,23:00,0.0
31032018,23:00,00:00,0.0
1042018,00:00,01:00,0.0
1042018,01:00,02:00,0.0
1042018,02:00,03:00,0.0
1042018,03:00,04:00,0.0
1042018,04:00,05:00,0.0
1042018,05:00,06:00,0.0
1042018,06:00,07:00,0.0
1042018,07:00,08:00,0.0
1042018,08:00,09:00,0.0
1042018,09:00,10:00,0.0
1042018,10:00,11:00,0.0
1042018,11:00,12:00,0.0
1042018,12:00,13:00,0.0
1042018,13:00,14:00,0.0
1042018,14:00,15:00,0.0
1042018,15:00,16:00,0.0
1042018,16:00,17:00,0.0
1042018,17:00,18:00,0.0
1042018,18:00,19:00,0.0
1042018,19:00,20:00,0.0
1042018,20:00,21:00,0.0
1042018,21:00,22:00,0.0
1042018,22:00,23:00,0.0
1042018,23:00,00:00,0.0
2042018,00:00,01:00,0.0
2042018,01:00,02:00,0.0
2042018,02:00,03:00,0.0
2042018,03:00,04:00,0.0
2042018,04:00,05:00,0.0
2042018,05:00,06:00,0.0
2042018,06:00,07:00,0.0
2042018,07:00,08:00,0.0
2042018,08:00,09:00,0.0
2042018,09:00,10:00,0.0
2042018,10:00,11:00,0.0
2042018,11:00,12:00,0.0
2042018,12:00,13:00,0.0
2042018,13:00,14:00,0.0
2042018,14:00,15:00,0.0
2042018,15:00,16:00,0.0
2042018,16:00,17:00,0.0
2042018,17:00,18:00,0.0
2042018,18:00,19:00,0.0
2042018,19:00,20:00,0.0
2042018,20:00,21:00,0.0
2042018,21:00,22:00,0.0
2042018,22:00,23:00,0.0
2042018,23:00,00:00,0.0
3042018,00:00,01:00,0.0
3042018,01:00,02:00,0.0
3042018,02:00,03:00,0.0
3042018,03:00,04:00,0.0
3042018,04:00,05:00,0.0
3042018,05:00,06:00,0.0
3042018,06:00,07:00,0.0
3042018,07:00,08:00,0.0
3042018,08:00,09:00,0.0
3042018,09:00,10:00,0.0
3042018,10:00,11:00,0.0
3042018,11:00,12:00,0.0
3042018,12:00,13:00,0.0
3042018,13:00,14:00,0.0
3042018,14:00,15:00,0.0
3042018,15:00,16:00,0.0
3042018,16:00,17:00,0.0
3042018,17:00,18:00,0.0
3042018,18:00,19:00,0.0
3042018,19:00,20:00,0.0
3042018,20:00,21:00,0.0
3042018,21:00,22:00,0.0
3042018,22:00,23:00,0.0
3042018,23:00,00:00,0.0
4042018,00:00,01:00,0.0
4042018,01:00,02:00,0.0
4042018,02:00,03:00,0.0
4042018,03:00,04:00,0.0
4042018,04:00,05:00,0.0
4042018,05:00,06:00,0.0
4042018,06:00,07:00,0.0
4042018,07:00,08:00,0.0
4042018,08:00,09:00,0.0
4042018,09:00,10:00,0.0
4042018,10:00,11:00,0.0
4042018,11:00,12:00,0.0
4042018,12:00,13:00,0.0
4042018,13:00,14:00,0.0
4042018,14:00,15:00,0.0
4042018,15:00,16:00,0.0
4042018,16:00,17:00,0.0
4042018,17:00,18:00,0.0
4042018,18:00,19:00,0.0
4042018,19:00,20:00,0.0
4042018,20:00,21:00,0.0
4042018,21:00,22:00,0.0
4042018,22:00,23:00,0.0
4042018,23:00,00:00,0.0
5042018,00:00,01:00,0.0
5042018,01:00,02:00,0.0
5042018,02:00,03:00,0.0
5042018,03:00,04:00,0.0
5042018,04:00,05:00,0.0
5042018,05:00,06:00,0.0
5042018,06:00,07:00,0.0
5042018,07:00,08:00,0.0
5042018,08:00,09:00,0.0
5042018,09:00,10:00,0.0
5042018,10:00,11:00,0.0
5042018,11:00,12:00,0.0
5042018,12:00,13:00,0.0
5042018,13:00,14:00,0.0
5042018,14:00,15:00,0.0
5042018,15:00,16:00,0.0
5042018,16:00,17:00,0.0
5042018,17:00,18:00,0.0
5042018,18:00,19:00,0.0
5042018,19:00,20:00,0.0
5042018,20:00,21:00,0.0
5042018,21:00,22:00,0.0
5042018,22:00,23:00,0.0
5042018,23:00,00:00,0.0
6042018,00:00,01:00,0.0
6042018,01:00,02:00,0.0
6042018,02:00,03:00,0.0
6042018,03:00,04:00,0.0
6042018,04:00,05:00,0.0
6042018,05:00,06:00,0.0
6042018,06:00,07:00,0.0
6042018,07:00,08:00,0.0
6042018,08:00,09:00,0.0
6042018,09:00,10:00,0.0
6042018,10:00,11:00,0.0
6042018,11:00,12:00,0.0
6042018,12:00,13:00,0.0
6042018,13:00,14:00,0.0
6042018,14:00,15:00,0.0
6042018,15:00,16:00,0.0
6042018,16:00,17:00,0.0
6042018,17:00,18:00,0.0
6042018,18:00,19:00,0.0
6042018,19:00,20:00,0.0
6042018,20:00,21:00,0.0
6042018,21:00,22:00,0.0
6042018,22:00,23:00,0.0
6042018,23:00,00:00,0.0
7042018,00:00,01:00,0.0
7042018,01:00,02:00,0.0
7042018,02:00,03:00,0.0
7042018,03:00,04:00,0.0
7042018,04:00,05:00,0.0
7042018,05:00,06:00,0.0
7042018,06:00,07:00,0.0
7042018,07:00,08:00,0.0
7042018,08:00,09:00,0.0
7042018,09:00,10:00,0.0
7042018,10:00,11:00,0.0
7042018,11:00,12:00,0.0
7042018,12:00,13:00,0.0
7042018,13:00,14:00,0.0
7042018,14:00,15:00,0.0
7042018,15:00,16:00,0.0
7042018,16:00,17:00,0.0
7042018,17:00,18:00,0.0
7042018,18:00,19:00,0.0
7042018,19:00,20:00,0.0
7042018,20:00,21:00,0.0
7042018,21:00,22:00,0.0
7042018,22:00,23:00,0.0
7042018,23:00,00:00,0.0
8042018,00:00,01:00,0.0
8042018,01:00,02:00,0.0
8042018,02:00,03:00,0.0
8042018,03:00,04:00,0.0
8042018,04:00,05:00,0.0
8042018,05:00,06:00,0.0
8042018,06:00,07:00,0.0
8042018,07:00,08:00,0.0
8042018,08:00,09:00,0.0
8042018,09:00,10:00,0.0
8042018,10:00,11:00,0.0
8042018,11:00,12:00,0.0
8042018,12:00,13:00,0.0
8042018,13:00,14:00,0.0
8042018,14:00,15:00,0.0
8042018,15:00,16:00,0.0
8042018,16:00,17:00,0.0
8042018,17:00,18:00,0.0
8042018,18:00,19:00,0.0
8042018,19:00,20:00,0.0
8042018,20:00,21:00,0.0
8042018,21:00,22:00,0.0
8042018,22:00,23:00,0.0
8042018,23:00,00:00,0.0
9042018,00:00,01:00,0.0
9042018,01:00,02:00,0.0
9042018,02:00,03:00,0.0
9042018,03:00,04:00,0.0
9042018,04:00,05:00,0.0
9042018,05:00,06:00,0.0
9042018,06:00,07:00,0.0
9042018,07:00,08:00,0.0
9042018,08:00,09:00,0.0
9042018,09:00,10:00,0.0
9042018,10:00,11:00,0.0
9042018,11:00,12:00,0.0
9042018,12:00,13:00,0.0
9042018,13:00,14:00,0.0
9042018,14:00,15:00,0.0
9042018,15:00,16:00,0.0
9042018,16:00,17:00,0.0
9042018,17:00,18:00,0.0
9042018,18:00,19:00,0.0
9042018,19:00,20:00,0.0
9042018,20:00,21:00,0.0
9042018,21:00,22:00,0.0
9042018,22:00,23:00,0.0
9042018,23:00,00:00,0.0
10042018,00:00,01:00,0.0
10042018,01:00,02:00,0.0
10042018,02:00,03:00,0.0
10042018,03:00,04:00,0.0
10042018,04:00,05:00,0.0
10042018,05:00,06:00,0.0
10042018,06:00,07:00,0.0
10042018,07:00,08:00,0.0
10042018,08:00,09:00,0.0
10042018,09:00,10:00,0.0
10042018,10:00,11:00,0.0
10042018,11:00,12:00,0.0
10042018,12:00,13:00,0.0
10042018,13:00,14:00,0.0
10042018,14:00,15:00,0.0
10042018,15:00,16:00,0.0
10042018,16:00,17:00,0.0
10042018,17:00,18:00,0.0
10042018,18:00,19:00,0.0
10042018,19:00,20:00,0.0
10042018,20:00,21:00,0.0
10042018,21:00,22:00,0.0
10042018,22:00,23:00,0.0
10042018,23:00,00:00,0.0
11042018,00:00,01:00,0.0
11042018,01:00,02:00,0.0
11042018,02:00,03:00,0.0
11042018,03:00,04:00,0.0
11042018,04:00,05:00,0.0
11042018,05:00,06:00,0.0
11042018,06:00,07:00,0.0
11042018,07:00,08:00,0.0
11042018,08:00,09:00,0.0
11042018,09:00,10:00,0.0
11042018,10:00,11:00,0.0
11042018,11:00,12:00,0.0
11042018,12:00,13:00,0.0
11042018,13:00,14:00,0.0
11042018,14:00,15:00,0.0
11042018,15:00,16:00,0.0
11042018,16:00,17:00,0.0
11042018,17:00,18:00,0.0
11042018,18:00,19:00,0.0
11042018,19:00,20:00,0.0
11042018,20:00,21:00,0.0
11042018,21:00,22:00,0.0
11042018,22:00,23:00,0.0
11042018,23:00,00:00,0.0
12042018,00:00,01:00,0.0
12042018,01:00,02:00,0.0
12042018,02:00,03:00,0.0
12042018,03:00,04:00,0.0
12042018,04:00,05:00,0.0
12042018,05:00,06:00,0.0
12042018,06:00,07:00,0.0
12042018,07:00,08:00,0.0
12042018,08:00,09:00,0.0
12042018,09:00,10:00,0.0
12042018,10:00,11:00,0.0
12042018,11:00,12:00,0.0
12042018,12:00,13:00,0.0
12042018,13:00,14:00,0.0
12042018,14:00,15:00,0.0
12042018,15:00,16:00,0.0
12042018,16:00,17:00,0.0
12042018,17:00,18:00,0.0
12042018,18:00,19:00,0.0
12042018,19:00,20:00,0.0
12042018,20:00,21:00,0.0
12042018,21:00,22:00,0.0
12042018,22:00,23:00,0.0
12042018,23:00,00:00,0.0
13042018,00:00,01:00,0.0
13042018,01:00,02:00,0.0
13042018,02:00,03:00,0.0
13042018,03:00,04:00,0.0
13042018,04:00,05:00,0.0
13042018,05:00,06:00,0.0
13042018,06:00,07:00,0.0
13042018,07:00,08:00,0.0
13042018,08:00,09:00,0.0
13042018,09:00,10:00,0.0
13042018,10:00,11:00,0.0
13042018,11:00,12:00,0.0
13042018,12:00,13:00,0.0
13042018,13:00,14:00,0.0
13042018,14:00,15:00,0.0
13042018,15:00,16:00,0.0
13042018,16:00,17:00,0.0
13042018,17:00,18:00,0.0
13042018,18:00,19:00,0.0
13042018,19:00,20:00,0.0
13042018,20:00,21:00,0.0
13042018,21:00,22:00,0.0
13042018,22:00,23:00,0.0
13042018,23:00,00:00,0.0
14042018,00:00,01:00,0.0
14042018,01:00,02:00,0.0
14042018,02:00,03:00,0.0
14042018,03:00,04:00,0.0
14042018,04:00,05:00,0.0
14042018,05:00,06:00,0.0
14042018,06:00,07:00,0.0
14042018,07:00,08:00,0.0
14042018,08:00,09:00,0.0
14042018,09:00,10:00,0.0
14042018,10:00,11:00,0.0
14042018,11:00,12:00,0.0
14042018,12:00,13:00,0.0
14042018,13:00,14:00,0.0
14042018,14:00,15:00,0.0
14042018,15:00,16:00,0.0
14042018,16:00,17:00,0.0
14042018,17:00,18:00,0.0
14042018,18:00,19:00,0.0
14042018,19:00,20:00,0.0
14042018,20:00,21:00,0.0
14042018,21:00,22:00,0.0
14042018,22:00,23:00,0.0
14042018,23:00,00:00,0.0
15042018,00:00,01:00,0.0
15042018,01:00,02:00,0.0
15042018,02:00,03:00,0.0
15042018,03:00,04:00,0.0
15042018,04:00,05:00,0.0
15042018,05:00,06:00,0.0
15042018,06:00,07:00,0.0
15042018,07:00,08:00,0.0
15042018,08:00,09:00,0.0
15042018,09:00,10:00,0.0
15042018,10:00,11:00,0.0
15042018,11:00,12:00,0.0
15042018,12:00,13:00,0.0
15042018,13:00,14:00,0.0
15042018,14:00,15:00,0.0
15042018,15:00,16:00,0.0
15042018,16:00,17:00,0.0
15042018,17:00,18:00,0.0
15042018,18:00,19:00,0.0
15042018,19:00,20:00,0.0
15042018,20:00,21:00,0.0
15042018,21:00,22:00,0.0
15042018,22:00,23:00,0.0
15042018,23:00,00:00,0.0
16042018,00:00,01:00,0.0
16042018,01:00,02:00,0.0
16042018,02:00,03:00,0.0
16042018,03:00,04:00,0.0
16042018,04:00,05:00,0.0
16042018,05:00,06:00,0.0
16042018,06:00,07:00,0.0
16042018,07:00,08:00,0.0
16042018,08:00,09:00,0.0
16042018,09:00,10:00,0.0
16042018,10:00,11:00,0.0
16042018,11:00,12:00,0.0
16042018,12:00,13:00,0.0
16042018,13:00,14:00,0.0
16042018,14:00,15:00,0.0
16042018,15:00,16:00,0.0
16042018,16:00,17:00,0.0
16042018,17:00,18:00,0.0
16042018,18:00,19:00,0.0
16042018,19:00,20:00,0.0
16042018,20:00,21:00,0.0
16042018,21:00,22:00,0.0
16042018,22:00,23:00,0.0
16042018,23:00,00:00,0.0
17042018,00:00,01:00,0.0
17042018,01:00,02:00,0.0
17042018,02:00,03:00,0.0
17042018,03:00,04:00,0.0
17042018,04:00,05:00,0.0
17042018,05:00,06:00,0.0
17042018,06:00,07:00,0.0
17042018,07:00,08:00,0.0
17042018,08:00,09:00,0.0
17042018,09:00,10:00,0.0
17042018,10:00,11:00,0.0
17042018,11:00,12:00,0.0
17042018,12:00,13:00,0.0
17042018,13:00,14:00,0.0
17042018,14:00,15:00,0.0
17042018,15:00,16:00,0.0
17042018,16:00,17:00,0.0
17042018,17:00,18:00,0.0
17042018,18:00,19:00,0.0
17042018,19:00,20:00,0.0
17042018,20:00,21:00,0.0
17042018,21:00,22:00,0.0
17042018,22:00,23:00,0.0
17042018,23:00,00:00,0.0
18042018,00:00,01:00,0.0
18042018,01:00,02:00,0.0
18042018,02:00,03:00,0.0
18042018,03:00,04:00,0.0
18042018,04:00,05:00,0.0
18042018,05:00,06:00,0.0
18042018,06:00,07:00,0.0
18042018,07:00,08:00,0.0
18042018,08:00,09:00,0.0
18042018,09:00,10:00,0.0
18042018,10:00,11:00,0.0
18042018,11:00,12:00,0.0
18042018,12:00,13:00,0.0
18042018,13:00,14:00,0.0
18042018,14:00,15:00,0.0
18042018,15:00,16:00,0.0
18042018,16:00,17:00,0.0
18042018,17:00,18:00,0.0
18042018,18:00,19:00,0.0
18042018,19:00,20:00,0.0
18042018,20:00,21:00,0.0
18042018,21:00,22:00,0.0
18042018,22:00,23:00,0.0
18042018,23:00,00:00,0.0
19042018,00:00,01:00,0.0
19042018,01:00,02:00,0.0
19042018,02:00,03:00,0.0
19042018,03:00,04:00,0.0
19042018,04:00,05:00,0.0
19042018,05:00,06:00,0.0
19042018,06:00,07:00,0.0
19042018,07:00,08:00,0.0
19042018,08:00,09:00,0.0
19042018,09:00,10:00,0.0
19042018,10:00,11:00,0.0
19042018,11:00,12:00,0.0
19042018,12:00,13:00,0.0
19042018,13:00,14:00,0.0
19042018,14:00,15:00,0.0
19042018,15:00,16:00,0.0
19042018,16:00,17:00,0.0
19042018,17:00,18:00,0.0
19042018,18:00,19:00,0.0
19042018,19:00,20:00,0.0
19042018,20:00,21:00,0.0
19042018,21:00,22:00,0.0
19042018,22:00,23:00,0.0
19042018,23:00,00:00,0.0
20042018,00:00,01:00,0.0
20042018,01:00,02:00,0.0
20042018,02:00,03:00,0.0
20042018,03:00,04:00,0.0
20042018,04:00,05:00,0.0
20042018,05:00,06:00,0.0
20042018,06:00,07:00,0.0
20042018,07:00,08:00,0.0
20042018,08:00,09:00,0.0
20042018,09:00,10:00,0.0
20042018,10:00,11:00,0.0
20042018,11:00,12:00,0.0
20042018,12:00,13:00,0.0
20042018,13:00,14:00,0.0
20042018,14:00,15:00,0.0
20042018,15:00,16:00,0.0
20042018,16:00,17:00,0.0
20042018,17:00,18:00,0.0
20042018,18:00,19:00,0.0
20042018,19:00,20:00,0.0
20042018,20:00,21:00,0.0
20042018,21:00,22:00,0.0
20042018,22:00,23:00,0.0
20042018,23:00,00:00,0.0
21042018,00:00,01:00,0.0
21042018,01:00,02:00,0.0
21042018,02:00,03:00,0.0
21042018,03:00,04:00,0.0
21042018,04:00,05:00,0.0
21042018,05:00,06:00,0.0
21042018,06:00,07:00,0.0
21042018,07:00,08:00,0.0
21042018,08:00,09:00,0.0
21042018,09:00,10:00,0.0
21042018,10:00,11:00,0.0
21042018,11:00,12:00,0.0
21042018,12:00,13:00,0.0
21042018,13:00,14:00,0.0
21042018,14:00,15:00,0.0
21042018,15:00,16:00,0.0
21042018,16:00,17:00,0.0
21042018,17:00,18:00,0.0
21042018,18:00,19:00,0.0
21042018,19:00,20:00,0.0
21042018,20:00,21:00,0.0
21042018,21:00,22:00,0.0
21042018,22:00,23:00,0.0
21042018,23:00,00:00,0.0
22042018,00:00,01:00,0.0
22042018,01:00,02:00,0.0
22042018,02:00,03:00,0.0
22042018,03:00,04:00,0.0
22042018,04:00,05:00,0.0
22042018,05:00,06:00,0.0
22042018,06:00,07:00,0.0
22042018,07:00,08:00,0.0
22042018,08:00,09:00,0.0
22042018,09:00,10:00,0.0
22042018,10:00,11:00,0.0
22042018,11:00,12:00,0.0
22042018,12:00,13:00,0.0
22042018,13:00,14:00,0.0
22042018,14:00,15:00,0.0
22042018,15:00,16:00,0.0
22042018,16:00,17:00,0.0
22042018,17:00,18:00,0.0
22042018,18:00,19:00,0.0
22042018,19:00,20:00,0.0
22042018,20:00,21:00,0.0
22042018,21:00,22:00,0.0
22042018,22:00,23:00,0.0
22042018,23:00,00:00,0.0
23042018,00:00,01:00,0.0
23042018,01:00,02:00,0.0
23042018,02:00,03:00,0.0
23042018,03:00,04:00,0.0
23042018,04:00,05:00,0.0
23042018,05:00,06:00,0.0
23042018,06:00,07:00,0.0
23042018,07:00,08:00,0.0
23042018,08:00,09:00,0.0
23042018,09:00,10:00,0.0
23042018,10:00,11:00,0.0
23042018,11:00,12:00,0.0
23042018,12:00,13:00,0.0
23042018,13:00,14:00,0.0
23042018,14:00,15:00,0.0
23042018,15:00,16:00,0.0
23042018,16:00,17:00,0.0
23042018,17:00,18:00,0.0
23042018,18:00,19:00,0.0
23042018,19:00,20:00,0.0
23042018,20:00,21:00,0.0
23042018,21:00,22:00,0.0
23042018,22:00,23:00,0.0
23042018,23:00,00:00,0.0
24042018,00:00,01:00,0.0
24042018,01:00,02:00,0.0
24042018,02:00,03:00,0.0
24042018,03:00,04:00,0.0
24042018,04:00,05:00,0.0
24042018,05:00,06:00,0.0
24042018,06:00,07:00,0.0
24042018,07:00,08:00,0.0
24042018,08:00,09:00,0.0
24042018,09:00,10:00,0.0
24042018,10:00,11:00,0.0
24042018,11:00,12:00,0.0
24042018,12:00,13:00,0.0
24042018,13:00,14:00,0.0
24042018,14:00,15:00,0.0
24042018,15:00,16:00,0.0
24042018,16:00,17:00,0.0
24042018,17:00,18:00,0.0
24042018,18:00,19:00,0.0
24042018,19:00,20:00,0.0
24042018,20:00,21:00,0.0
24042018,21:00,22:00,0.0
24042018,22:00,23:00,0.0
24042018,23:00,00:00,0.0
25042018,00:00,01:00,0.0
25042018,01:00,02:00,0.0
25042018,02:00,03:00,0.0
25042018,03:00,04:00,0.0
25042018,04:00,05:00,0.0
25042018,05:00,06:00,0.0
25042018,06:00,07:00,0.0
25042018,07:00,08:00,0.0
25042018,08:00,09:00,0.0
25042018,09:00,10:00,0.0
25042018,10:00,11:00,0.0
25042018,11:00,12:00,0.0
25042018,12:00,13:00,0.0
25042018,13:00,14:00,0.0
25042018,14:00,15:00,0.0
25042018,15:00,16:00,0.0
25042018,16:00,17:00,0.0
25042018,17:00,18:00,0.0
25042018,18:00,19:00,0.0
25042018,19:00,20:00,0.0
25042018,20:00,21:00,0.0
25042018,21:00,22:00,0.0
25042018,22:00,23:00,0.0
25042018,23:00,00:00,0.0
26042018,00:00,01:00,0.0
26042018,01:00,02:00,0.0
26042018,02:00,03:00,0.0
26042018,03:00,04:00,0.0
26042018,04:00,05:00,0.0
26042018,05:00,06:00,0.0
26042018,06:00,07:00,0.0
26042018,07:00,08:00,0.0
26042018,08:00,09:00,0.0
26042018,09:00,10:00,0.0
26042018,10:00,11:00,0.0
26042018,11:00,12:00,0.0
26042018,12:00,13:00,0.0
26042018,13:00,14:00,0.0
26042018,14:00,15:00,0.0
26042018,15:00,16:00,0.0
26042018,16:00,17:00,0.0
26042018,17:00,18:00,0.0
26042018,18:00,19:00,0.0
26042018,19:00,20:00,0.0
26042018,20:00,21:00,0.0
26042018,21:00,22:00,0.0
26042018,22:00,23:00,0.0
26042018,23:00,00:00,0.0
27042018,00:00,01:00,0.0
27042018,01:00,02:00,0.0
27042018,02:00,03:00,0.0
27042018,03:00,04:00,0.0
27042018,04:00,05:00,0.0
27042018,05:00,06:00,0.0
27042018,06:00,07:00,0.0
27042018,07:00,08:00,0.0
27042018,08:00,09:00,0.0
27042018,09:00,10:00,0.0
27042018,10:00,11:00,0.0
27042018,11:00,12:00,0.0
27042018,12:00,13:00,0.0
27042018,13:00,14:00,0.0
27042018,14:00,15:00,0.0
27042018,15:00,16:00,0.0
27042018,16:00,17:00,0.0
27042018,17:00,18:00,0.0
27042018,18:00,19:00,0.0
27042018,19:00,20:00,0.0
27042018,20:00,21:00,0.0
27042018,21:00,22:00,0.0
27042018,22:00,23:00,0.0
27042018,23:00,00:00,0.0
28042018,00:00,01:00,0.0
28042018,01:00,02:00,0.0
28042018,02:00,03:00,0.0
28042018,03:00,04:00,0.0
28042018,04:00,05:00,0.0
28042018,05:00,06:00,0.0
28042018,06:00,07:00,0.0
28042018,07:00,08:00,0.0
28042018,08:00,09:00,0.0
28042018,09:00,10:00,0.0
28042018,10:00,11:00,0.0
28042018,11:00,12:00,0.0
28042018,12:00,13:00,0.0
28042018,13:00,14:00,0.0
28042018,14:00,15:00,0.0
28042018,15:00,16:00,0.0
28042018,16:00,17:00,0.0
28042018,17:00,18:00,0.0
28042018,18:00,19:00,0.0
28042018,19:00,20:00,0.0
28042018,20:00,21:00,0.0
28042018,21:00,22:00,0.0
28042018,22:00,23:00,0.0
28042018,23:00,00:00,0.0
29042018,00:00,01:00,0.0
29042018,01:00,02:00,0.0
29042018,02:00,03:00,0.0
29042018,03:00,04:00,0.0
29042018,04:00,05:00,0.0
29042018,05:00,06:00,0.0
29042018,06:00,07:00,0.0
29042018,07:00,08:00,0.0
29042018,08:00,09:00,0.0
29042018,09:00,10:00,0.0
29042018,10:00,11:00,0.0
29042018,11:00,12:00,0.0
29042018,12:00,13:00,0.0
29042018,13:00,14:00,0.0
29042018,14:00,15:00,0.0
29042018,15:00,16:00,0.0
29042018,16:00,17:00,0.0
29042018,17:00,18:00,0.0
29042018,18:00,19:00,0.0
29042018,19:00,20:00,0.0
29042018,20:00,21:00,0.0
29042018,21:00,22:00,0.0
29042018,22:00,23:00,0.0
29042018,23:00,00:00,0.0
30042018,00:00,01:00,0.0
30042018,01:00,02:00,0.0
30042018,02:00,03:00,0.0
30042018,03:00,04:00,0.0
30042018,04:00,05:00,0.0
30042018,05:00,06:00,0.0
30042018,06:00,07:00,0.0
30042018,07:00,08:00,0.0
30042018,08:00,09:00,0.0
30042018,09:00,10:00,0.0
30042018,10:00,11:00,0.0
30042018,11:00,12:00,0.0
30042018,12:00,13:00,0.0
30042018,13:00,14:00,0.0
30042018,14:00,15:00,0.0
30042018,15:00,16:00,0.0
30042018,16:00,17:00,0.0
30042018,17:00,18:00,0.0
30042018,18:00,19:00,0.0
30042018,19:00,20:00,0.0
30042018,20:00,21:00,0.0
30042018,21:00,22:00,0.0
30042018,22:00,23:00,0.0
30042018,23:00,00:00,0.0
1052018,00:00,01:00,0.0
1052018,01:00,02:00,0.0
1052018,02:00,03:00,0.0
1052018,03:00,04:00,0.0
1052018,04:00,05:00,0.0
1052018,05:00,06:00,0.0
1052018,06:00,07:00,0.0
1052018,07:00,08:00,0.0
1052018,08:00,09:00,0.0
1052018,09:00,10:00,0.0
1052018,10:00,11:00,0.0
1052018,11:00,12:00,0.0
1052018,12:00,13:00,0.0
1052018,13:00,14:00,0.0
1052018,14:00,15:00,0.0
1052018,15:00,16:00,0.0
1052018,16:00,17:00,0.0
1052018,17:00,18:00,0.0
1052018,18:00,19:00,0.0
1052018,19:00,20:00,0.0
1052018,20:00,21:00,0.0
1052018,21:00,22:00,0.0
1052018,22:00,23:00,0.0
1052018,23:00,00:00,0.0
2052018,00:00,01:00,0.0
2052018,01:00,02:00,0.0
2052018,02:00,03:00,0.0
2052018,03:00,04:00,0.0
2052018,04:00,05:00,0.0
2052018,05:00,06:00,0.0
2052018,06:00,07:00,0.0
2052018,07:00,08:00,0.0
2052018,08:00,09:00,0.0
2052018,09:00,10:00,0.0
2052018,10:00,11:00,0.0
2052018,11:00,12:00,0.0
2052018,12:00,13:00,0.0
2052018,13:00,14:00,0.0
2052018,14:00,15:00,0.0
2052018,15:00,16:00,0.0
2052018,16:00,17:00,0.0
2052018,17:00,18:00,0.0
2052018,18:00,19:00,0.0
2052018,19:00,20:00,0.0
2052018,20:00,21:00,0.0
2052018,21:00,22:00,0.0
2052018,22:00,23:00,0.0
2052018,23:00,00:00,0.0
3052018,00:00,01:00,0.0
3052018,01:00,02:00,0.0
3052018,02:00,03:00,0.0
3052018,03:00,04:00,0.0
3052018,04:00,05:00,0.0
3052018,05:00,06:00,0.0
3052018,06:00,07:00,0.0
3052018,07:00,08:00,0.0
3052018,08:00,09:00,0.0
3052018,09:00,10:00,0.0
3052018,10:00,11:00,0.0
3052018,11:00,12:00,0.0
3052018,12:00,13:00,0.0
3052018,13:00,14:00,0.0
3052018,14:00,15:00,0.0
3052018,15:00,16:00,0.0
3052018,16:00,17:00,0.0
3052018,17:00,18:00,0.0
3052018,18:00,19:00,0.0
3052018,19:00,20:00,0.0
3052018,20:00,21:00,0.0
3052018,21:00,22:00,0.0
3052018,22:00,23:00,0.0
3052018,23:00,00:00,0.0
4052018,00:00,01:00,0.0
4052018,01:00,02:00,0.0
4052018,02:00,03:00,0.0
4052018,03:00,04:00,0.0
4052018,04:00,05:00,0.0
4052018,05:00,06:00,0.0
4052018,06:00,07:00,0.0
4052018,07:00,08:00,0.0
4052018,08:00,09:00,0.0
4052018,09:00,10:00,0.0
4052018,10:00,11:00,0.0
4052018,11:00,12:00,0.0
4052018,12:00,13:00,0.0
4052018,13:00,14:00,0.0
4052018,14:00,15:00,0.0
4052018,15:00,16:00,0.0
4052018,16:00,17:00,0.0
4052018,17:00,18:00,0.0
4052018,18:00,19:00,0.0
4052018,19:00,20:00,0.0
4052018,20:00,21:00,0.0
4052018,21:00,22:00,0.0
4052018,22:00,23:00,0.0
4052018,23:00,00:00,0.0
5052018,00:00,01:00,0.0
5052018,01:00,02:00,0.0
5052018,02:00,03:00,0.0
5052018,03:00,04:00,0.0
5052018,04:00,05:00,0.0
5052018,05:00,06:00,0.0
5052018,06:00,07:00,0.0
5052018,07:00,08:00,0.0
5052018,08:00,09:00,0.0
5052018,09:00,10:00,0.0
5052018,10:00,11:00,0.0
5052018,11:00,12:00,0.0
5052018,12:00,13:00,0.0
5052018,13:00,14:00,0.0
5052018,14:00,15:00,0.0
5052018,15:00,16:00,0.0
5052018,16:00,17:00,0.0
5052018,17:00,18:00,0.0
5052018,18:00,19:00,0.0
5052018,19:00,20:00,0.0
5052018,20:00,21:00,0.0
5052018,21:00,22:00,0.0
5052018,22:00,23:00,0.0
5052018,23:00,00:00,0.0
6052018,00:00,01:00,0.0
6052018,01:00,02:00,0.0
6052018,02:00,03:00,0.0
6052018,03:00,04:00,0.0
6052018,04:00,05:00,0.0
6052018,05:00,06:00,0.0
6052018,06:00,07:00,0.0
6052018,07:00,08:00,0.0
6052018,08:00,09:00,0.0
6052018,09:00,10:00,0.0
6052018,10:00,11:00,0.0
6052018,11:00,12:00,0.0
6052018,12:00,13:00,0.0
6052018,13:00,14:00,0.0
6052018,14:00,15:00,0.0
6052018,15:00,16:00,0.0
6052018,16:00,17:00,0.0
6052018,17:00,18:00,0.0
6052018,18:00,19:00,0.0
6052018,19:00,20:00,0.0
6052018,20:00,21:00,0.0
6052018,21:00,22:00,0.0
6052018,22:00,23:00,0.0
6052018,23:00,00:00,0.0
7052018,00:00,01:00,0.0
7052018,01:00,02:00,0.0
7052018,02:00,03:00,0.0
7052018,03:00,04:00,0.0
7052018,04:00,05:00,0.0
7052018,05:00,06:00,0.0
7052018,06:00,07:00,0.0
7052018,07:00,08:00,0.0
7052018,08:00,09:00,0.0
7052018,09:00,10:00,0.0
7052018,10:00,11:00,0.0
7052018,11:00,12:00,0.0
7052018,12:00,13:00,0.0
7052018,13:00,14:00,0.0
7052018,14:00,15:00,0.0
7052018,15:00,16:00,0.0
7052018,16:00,17:00,0.0
7052018,17:00,18:00,0.0
7052018,18:00,19:00,0.0
7052018,19:00,20:00,0.0
7052018,20:00,21:00,0.0
7052018,21:00,22:00,0.0
7052018,22:00,23:00,0.0
7052018,23:00,00:00,0.0
8052018,00:00,01:00,0.0
8052018,01:00,02:00,0.0
8052018,02:00,03:00,0.0
8052018,03:00,04:00,0.0
8052018,04:00,05:00,0.0
8052018,05:00,06:00,0.0
8052018,06:00,07:00,0.0
8052018,07:00,08:00,0.0
8052018,08:00,09:00,0.0
8052018,09:00,10:00,0.0
8052018,10:00,11:00,0.0
8052018,11:00,12:00,0.0
8052018,12:00,13:00,0.0
8052018,13:00,14:00,0.0
8052018,14:00,15:00,0.0
8052018,15:00,16:00,0.0
8052018,16:00,17:00,0.0
8052018,17:00,18:00,0.0
8052018,18:00,19:00,0.0
8052018,19:00,20:00,0.0
8052018,20:00,21:00,0.0
8052018,21:00,22:00,0.0
8052018,22:00,23:00,0.0
8052018,23:00,00:00,0.0
9052018,00:00,01:00,
9052018,01:00,02:00,
9052018,02:00,03:00,
9052018,03:00,04:00,
9052018,04:00,05:00,
9052018,05:00,06:00,
9052018,06:00,07:00,
9052018,07:00,08:00,
9052018,08:00,09:00,
9052018,09:00,10:00,
9052018,10:00,11:00,
9052018,11:00,12:00,
9052018,12:00,13:00,
9052018,13:00,14:00,
9052018,14:00,15:00,
9052018,15:00,16:00,
9052018,16:00,17:00,
9052018,17:00,18:00,
9052018,18:00,19:00,
9052018,19:00,20:00,
9052018,20:00,21:00,
9052018,21:00,22:00,
9052018,22:00,23:00,
9052018,23:00,00:00,
10052018,00:00,01:00,
10052018,01:00,02:00,
10052018,02:00,03:00,
10052018,03:00,04:00,
10052018,04:00,05:00,
10052018,05:00,06:00,
10052018,06:00,07:00,
10052018,07:00,08:00,
10052018,08:00,09:00,
10052018,09:00,10:00,
10052018,10:00,11:00,
10052018,11:00,12:00,
10052018,12:00,13:00,
10052018,13:00,14:00,
10052018,14:00,15:00,
10052018,15:00,16:00,
10052018,16:00,17:00,
10052018,17:00,18:00,
10052018,18:00,19:00,
10052018,19:00,20:00,
10052018,20:00,21:00,
10052018,21:00,22:00,
10052018,22:00,23:00,
10052018,23:00,00:00,
11052018,00:00,01:00,
11052018,01:00,02:00,
11052018,02:00,03:00,
11052018,03:00,04:00,
11052018,04:00,05:00,
11052018,05:00,06:00,
11052018,06:00,07:00,
11052018,07:00,08:00,
11052018,08:00,09:00,
11052018,09:00,10:00,
11052018,10:00,11:00,
11052018,11:00,12:00,
11052018,12:00,13:00,
11052018,13:00,14:00,
11052018,14:00,15:00,
11052018,15:00,16:00,
11052018,16:00,17:00,
11052018,17:00,18:00,
11052018,18:00,19:00,
11052018,19:00,20:00,
11052018,20:00,21:00,
11052018,21:00,22:00,
11052018,22:00,23:00,
11052018,23:00,00:00,
12052018,00:00,01:00,
12052018,01:00,02:00,
12052018,02:00,03:00,
12052018,03:00,04:00,
12052018,04:00,05:00,
12052018,05:00,06:00,
12052018,06:00,07:00,
12052018,07:00,08:00,
12052018,08:00,09:00,
12052018,09:00,10:00,
12052018,10:00,11:00,
12052018,11:00,12:00,
12052018,12:00,13:00,
12052018,13:00,14:00,
12052018,14:00,15:00,
12052018,15:00,16:00,
12052018,16:00,17:00,
12052018,17:00,18:00,
12052018,18:00,19:00,
12052018,19:00,20:00,
12052018,20:00,21:00,
12052018,21:00,22:00,
12052018,22:00,23:00,
12052018,23:00,00:00,
13052018,00:00,01:00,
13052018,01:00,02:00,
13052018,02:00,03:00,
13052018,03:00,04:00,
13052018,04:00,05:00,
13052018,05:00,06:00,
13052018,06:00,07:00,
13052018,07:00,08:00,
13052018,08:00,09:00,
13052018,09:00,10:00,
13052018,10:00,11:00,
13052018,11:00,12:00,
13052018,12:00,13:00,
13052018,13:00,14:00,
13052018,14:00,15:00,
13052018,15:00,16:00,
13052018,16:00,17:00,
13052018,17:00,18:00,
13052018,18:00,19:00,
13052018,19:00,20:00,
13052018,20:00,21:00,
13052018,21:00,22:00,
13052018,22:00,23:00,
13052018,23:00,00:00,
