date,start,end,11WD2KIEL000050P
01.01.2019,00:00,01:00,0.0
01.01.2019,01:00,02:00,0.0
01.01.2019,02:00,03:00,0.0
01.01.2019,03:00,04:00,0.0
01.01.2019,04:00,05:00,0.0
01.01.2019,05:00,06:00,0.0
01.01.2019,06:00,07:00,0.0
01.01.2019,07:00,08:00,0.0
01.01.2019,08:00,09:00,0.0
01.01.2019,09:00,10:00,0.0
01.01.2019,10:00,11:00,0.0
01.01.2019,11:00,12:00,0.0
01.01.2019,12:00,13:00,0.0
01.01.2019,13:00,14:00,0.0
01.01.2019,14:00,15:00,0.0
01.01.2019,15:00,16:00,0.0
01.01.2019,16:00,17:00,0.0
01.01.2019,17:00,18:00,0.0
01.01.2019,18:00,19:00,0.0
01.01.2019,19:00,20:00,0.0
01.01.2019,20:00,21:00,0.0
01.01.2019,21:00,22:00,0.0
01.01.2019,22:00,23:00,0.0
01.01.2019,23:00,00:00,0.0
02.01.2019,00:00,01:00,0.0
02.01.2019,01:00,02:00,0.0
02.01.2019,02:00,03:00,0.0
02.01.2019,03:00,04:00,0.0
02.01.2019,04:00,05:00,0.0
02.01.2019,05:00,06:00,0.0
02.01.2019,06:00,07:00,23.0
02.01.2019,07:00,08:00,110.0
02.01.2019,08:00,09:00,125.0
02.01.2019,09:00,10:00,134.0
02.01.2019,10:00,11:00,144.0
02.01.2019,11:00,12:00,130.0
02.01.2019,12:00,13:00,136.0
02.01.2019,13:00,14:00,146.0
02.01.2019,14:00,15:00,183.0
02.01.2019,15:00,16:00,184.0
02.01.2019,16:00,17:00,147.0
02.01.2019,17:00,18:00,179.0
02.01.2019,18:00,19:00,165.0
02.01.2019,19:00,20:00,155.0
02.01.2019,20:00,21:00,146.0
02.01.2019,21:00,22:00,145.0
02.01.2019,22:00,23:00,145.0
02.01.2019,23:00,00:00,240.0
03.01.2019,00:00,01:00,275.0
03.01.2019,01:00,02:00,246.0
03.01.2019,02:00,03:00,186.0
03.01.2019,03:00,04:00,140.0
03.01.2019,04:00,05:00,139.0
03.01.2019,05:00,06:00,189.0
03.01.2019,06:00,07:00,263.0
03.01.2019,07:00,08:00,237.0
03.01.2019,08:00,09:00,206.0
03.01.2019,09:00,10:00,242.0
03.01.2019,10:00,11:00,267.0
03.01.2019,11:00,12:00,272.0
03.01.2019,12:00,13:00,273.0
03.01.2019,13:00,14:00,273.0
03.01.2019,14:00,15:00,275.0
03.01.2019,15:00,16:00,273.0
03.01.2019,16:00,17:00,268.0
03.01.2019,17:00,18:00,265.0
03.01.2019,18:00,19:00,268.0
03.01.2019,19:00,20:00,268.0
03.01.2019,20:00,21:00,250.0
03.01.2019,21:00,22:00,154.0
03.01.2019,22:00,23:00,143.0
03.01.2019,23:00,00:00,143.0
04.01.2019,00:00,01:00,141.0
04.01.2019,01:00,02:00,135.0
04.01.2019,02:00,03:00,131.0
04.01.2019,03:00,04:00,131.0
04.01.2019,04:00,05:00,130.0
04.01.2019,05:00,06:00,167.0
04.01.2019,06:00,07:00,189.0
04.01.2019,07:00,08:00,215.0
04.01.2019,08:00,09:00,256.0
04.01.2019,09:00,10:00,267.0
04.01.2019,10:00,11:00,221.0
04.01.2019,11:00,12:00,191.0
04.01.2019,12:00,13:00,145.0
04.01.2019,13:00,14:00,132.0
04.01.2019,14:00,15:00,134.0
04.01.2019,15:00,16:00,137.0
04.01.2019,16:00,17:00,134.0
04.01.2019,17:00,18:00,132.0
04.01.2019,18:00,19:00,135.0
04.01.2019,19:00,20:00,136.0
04.01.2019,20:00,21:00,135.0
04.01.2019,21:00,22:00,136.0
04.01.2019,22:00,23:00,135.0
04.01.2019,23:00,00:00,135.0
05.01.2019,00:00,01:00,136.0
05.01.2019,01:00,02:00,136.0
05.01.2019,02:00,03:00,136.0
05.01.2019,03:00,04:00,135.0
05.01.2019,04:00,05:00,136.0
05.01.2019,05:00,06:00,137.0
05.01.2019,06:00,07:00,135.0
05.01.2019,07:00,08:00,135.0
05.01.2019,08:00,09:00,137.0
05.01.2019,09:00,10:00,135.0
05.01.2019,10:00,11:00,136.0
05.01.2019,11:00,12:00,136.0
05.01.2019,12:00,13:00,137.0
05.01.2019,13:00,14:00,136.0
05.01.2019,14:00,15:00,135.0
05.01.2019,15:00,16:00,155.0
05.01.2019,16:00,17:00,199.0
05.01.2019,17:00,18:00,254.0
05.01.2019,18:00,19:00,272.0
05.01.2019,19:00,20:00,219.0
05.01.2019,20:00,21:00,150.0
05.01.2019,21:00,22:00,142.0
05.01.2019,22:00,23:00,139.0
05.01.2019,23:00,00:00,139.0
06.01.2019,00:00,01:00,135.0
06.01.2019,01:00,02:00,135.0
06.01.2019,02:00,03:00,135.0
06.01.2019,03:00,04:00,135.0
06.01.2019,04:00,05:00,134.0
06.01.2019,05:00,06:00,139.0
06.01.2019,06:00,07:00,149.0
06.01.2019,07:00,08:00,166.0
06.01.2019,08:00,09:00,193.0
06.01.2019,09:00,10:00,160.0
06.01.2019,10:00,11:00,144.0
06.01.2019,11:00,12:00,153.0
06.01.2019,12:00,13:00,207.0
06.01.2019,13:00,14:00,197.0
06.01.2019,14:00,15:00,170.0
06.01.2019,15:00,16:00,212.0
06.01.2019,16:00,17:00,266.0
06.01.2019,17:00,18:00,275.0
06.01.2019,18:00,19:00,275.0
06.01.2019,19:00,20:00,242.0
06.01.2019,20:00,21:00,182.0
06.01.2019,21:00,22:00,180.0
06.01.2019,22:00,23:00,164.0
06.01.2019,23:00,00:00,134.0
07.01.2019,00:00,01:00,136.0
07.01.2019,01:00,02:00,134.0
07.01.2019,02:00,03:00,136.0
07.01.2019,03:00,04:00,135.0
07.01.2019,04:00,05:00,134.0
07.01.2019,05:00,06:00,135.0
07.01.2019,06:00,07:00,236.0
07.01.2019,07:00,08:00,270.0
07.01.2019,08:00,09:00,270.0
07.01.2019,09:00,10:00,274.0
07.01.2019,10:00,11:00,273.0
07.01.2019,11:00,12:00,274.0
07.01.2019,12:00,13:00,230.0
07.01.2019,13:00,14:00,135.0
07.01.2019,14:00,15:00,166.0
07.01.2019,15:00,16:00,237.0
07.01.2019,16:00,17:00,189.0
07.01.2019,17:00,18:00,158.0
07.01.2019,18:00,19:00,131.0
07.01.2019,19:00,20:00,132.0
07.01.2019,20:00,21:00,132.0
07.01.2019,21:00,22:00,133.0
07.01.2019,22:00,23:00,134.0
07.01.2019,23:00,00:00,132.0
08.01.2019,00:00,01:00,135.0
08.01.2019,01:00,02:00,134.0
08.01.2019,02:00,03:00,135.0
08.01.2019,03:00,04:00,136.0
08.01.2019,04:00,05:00,137.0
08.01.2019,05:00,06:00,137.0
08.01.2019,06:00,07:00,192.0
08.01.2019,07:00,08:00,168.0
08.01.2019,08:00,09:00,132.0
08.01.2019,09:00,10:00,131.0
08.01.2019,10:00,11:00,130.0
08.01.2019,11:00,12:00,135.0
08.01.2019,12:00,13:00,136.0
08.01.2019,13:00,14:00,136.0
08.01.2019,14:00,15:00,133.0
08.01.2019,15:00,16:00,133.0
08.01.2019,16:00,17:00,134.0
08.01.2019,17:00,18:00,134.0
08.01.2019,18:00,19:00,133.0
08.01.2019,19:00,20:00,133.0
08.01.2019,20:00,21:00,135.0
08.01.2019,21:00,22:00,136.0
08.01.2019,22:00,23:00,136.0
08.01.2019,23:00,00:00,137.0
09.01.2019,00:00,01:00,136.0
09.01.2019,01:00,02:00,136.0
09.01.2019,02:00,03:00,137.0
09.01.2019,03:00,04:00,139.0
09.01.2019,04:00,05:00,140.0
09.01.2019,05:00,06:00,139.0
09.01.2019,06:00,07:00,216.0
09.01.2019,07:00,08:00,282.0
09.01.2019,08:00,09:00,275.0
09.01.2019,09:00,10:00,219.0
09.01.2019,10:00,11:00,141.0
09.01.2019,11:00,12:00,141.0
09.01.2019,12:00,13:00,139.0
09.01.2019,13:00,14:00,141.0
09.01.2019,14:00,15:00,138.0
09.01.2019,15:00,16:00,159.0
09.01.2019,16:00,17:00,194.0
09.01.2019,17:00,18:00,213.0
09.01.2019,18:00,19:00,213.0
09.01.2019,19:00,20:00,210.0
09.01.2019,20:00,21:00,175.0
09.01.2019,21:00,22:00,137.0
09.01.2019,22:00,23:00,146.0
09.01.2019,23:00,00:00,267.0
10.01.2019,00:00,01:00,230.0
10.01.2019,01:00,02:00,179.0
10.01.2019,02:00,03:00,202.0
10.01.2019,03:00,04:00,202.0
10.01.2019,04:00,05:00,205.0
10.01.2019,05:00,06:00,266.0
10.01.2019,06:00,07:00,279.0
10.01.2019,07:00,08:00,280.0
10.01.2019,08:00,09:00,277.0
10.01.2019,09:00,10:00,280.0
10.01.2019,10:00,11:00,285.0
10.01.2019,11:00,12:00,281.0
10.01.2019,12:00,13:00,282.0
10.01.2019,13:00,14:00,283.0
10.01.2019,14:00,15:00,281.0
10.01.2019,15:00,16:00,286.0
10.01.2019,16:00,17:00,297.0
10.01.2019,17:00,18:00,294.0
10.01.2019,18:00,19:00,286.0
10.01.2019,19:00,20:00,282.0
10.01.2019,20:00,21:00,280.0
10.01.2019,21:00,22:00,284.0
10.01.2019,22:00,23:00,282.0
10.01.2019,23:00,00:00,242.0
11.01.2019,00:00,01:00,184.0
11.01.2019,01:00,02:00,134.0
11.01.2019,02:00,03:00,135.0
11.01.2019,03:00,04:00,137.0
11.01.2019,04:00,05:00,137.0
11.01.2019,05:00,06:00,208.0
11.01.2019,06:00,07:00,282.0
11.01.2019,07:00,08:00,280.0
11.01.2019,08:00,09:00,282.0
11.01.2019,09:00,10:00,285.0
11.01.2019,10:00,11:00,283.0
11.01.2019,11:00,12:00,286.0
11.01.2019,12:00,13:00,198.0
11.01.2019,13:00,14:00,128.0
11.01.2019,14:00,15:00,135.0
11.01.2019,15:00,16:00,133.0
11.01.2019,16:00,17:00,133.0
11.01.2019,17:00,18:00,136.0
11.01.2019,18:00,19:00,139.0
11.01.2019,19:00,20:00,142.0
11.01.2019,20:00,21:00,144.0
11.01.2019,21:00,22:00,146.0
11.01.2019,22:00,23:00,135.0
11.01.2019,23:00,00:00,140.0
12.01.2019,00:00,01:00,171.0
12.01.2019,01:00,02:00,141.0
12.01.2019,02:00,03:00,136.0
12.01.2019,03:00,04:00,138.0
12.01.2019,04:00,05:00,136.0
12.01.2019,05:00,06:00,135.0
12.01.2019,06:00,07:00,135.0
12.01.2019,07:00,08:00,146.0
12.01.2019,08:00,09:00,138.0
12.01.2019,09:00,10:00,133.0
12.01.2019,10:00,11:00,129.0
12.01.2019,11:00,12:00,130.0
12.01.2019,12:00,13:00,133.0
12.01.2019,13:00,14:00,134.0
12.01.2019,14:00,15:00,135.0
12.01.2019,15:00,16:00,134.0
12.01.2019,16:00,17:00,135.0
12.01.2019,17:00,18:00,135.0
12.01.2019,18:00,19:00,133.0
12.01.2019,19:00,20:00,136.0
12.01.2019,20:00,21:00,136.0
12.01.2019,21:00,22:00,136.0
12.01.2019,22:00,23:00,135.0
12.01.2019,23:00,00:00,134.0
13.01.2019,00:00,01:00,140.0
13.01.2019,01:00,02:00,139.0
13.01.2019,02:00,03:00,141.0
13.01.2019,03:00,04:00,140.0
13.01.2019,04:00,05:00,139.0
13.01.2019,05:00,06:00,140.0
13.01.2019,06:00,07:00,136.0
13.01.2019,07:00,08:00,134.0
13.01.2019,08:00,09:00,132.0
13.01.2019,09:00,10:00,131.0
13.01.2019,10:00,11:00,130.0
13.01.2019,11:00,12:00,132.0
13.01.2019,12:00,13:00,130.0
13.01.2019,13:00,14:00,130.0
13.01.2019,14:00,15:00,131.0
13.01.2019,15:00,16:00,130.0
13.01.2019,16:00,17:00,130.0
13.01.2019,17:00,18:00,131.0
13.01.2019,18:00,19:00,132.0
13.01.2019,19:00,20:00,136.0
13.01.2019,20:00,21:00,135.0
13.01.2019,21:00,22:00,136.0
13.01.2019,22:00,23:00,136.0
13.01.2019,23:00,00:00,135.0
14.01.2019,00:00,01:00,136.0
14.01.2019,01:00,02:00,136.0
14.01.2019,02:00,03:00,135.0
14.01.2019,03:00,04:00,137.0
14.01.2019,04:00,05:00,135.0
14.01.2019,05:00,06:00,138.0
14.01.2019,06:00,07:00,150.0
14.01.2019,07:00,08:00,210.0
14.01.2019,08:00,09:00,246.0
14.01.2019,09:00,10:00,256.0
14.01.2019,10:00,11:00,222.0
14.01.2019,11:00,12:00,143.0
14.01.2019,12:00,13:00,142.0
14.01.2019,13:00,14:00,145.0
14.01.2019,14:00,15:00,148.0
14.01.2019,15:00,16:00,192.0
14.01.2019,16:00,17:00,244.0
14.01.2019,17:00,18:00,250.0
14.01.2019,18:00,19:00,264.0
14.01.2019,19:00,20:00,226.0
14.01.2019,20:00,21:00,160.0
14.01.2019,21:00,22:00,138.0
14.01.2019,22:00,23:00,152.0
14.01.2019,23:00,00:00,135.0
15.01.2019,00:00,01:00,138.0
15.01.2019,01:00,02:00,139.0
15.01.2019,02:00,03:00,138.0
15.01.2019,03:00,04:00,138.0
15.01.2019,04:00,05:00,139.0
15.01.2019,05:00,06:00,141.0
15.01.2019,06:00,07:00,166.0
15.01.2019,07:00,08:00,235.0
15.01.2019,08:00,09:00,259.0
15.01.2019,09:00,10:00,272.0
15.01.2019,10:00,11:00,200.0
15.01.2019,11:00,12:00,137.0
15.01.2019,12:00,13:00,133.0
15.01.2019,13:00,14:00,133.0
15.01.2019,14:00,15:00,132.0
15.01.2019,15:00,16:00,135.0
15.01.2019,16:00,17:00,132.0
15.01.2019,17:00,18:00,133.0
15.01.2019,18:00,19:00,133.0
15.01.2019,19:00,20:00,136.0
15.01.2019,20:00,21:00,138.0
15.01.2019,21:00,22:00,136.0
15.01.2019,22:00,23:00,134.0
15.01.2019,23:00,00:00,132.0
16.01.2019,00:00,01:00,141.0
16.01.2019,01:00,02:00,139.0
16.01.2019,02:00,03:00,138.0
16.01.2019,03:00,04:00,140.0
16.01.2019,04:00,05:00,141.0
16.01.2019,05:00,06:00,142.0
16.01.2019,06:00,07:00,143.0
16.01.2019,07:00,08:00,186.0
16.01.2019,08:00,09:00,214.0
16.01.2019,09:00,10:00,170.0
16.01.2019,10:00,11:00,130.0
16.01.2019,11:00,12:00,131.0
16.01.2019,12:00,13:00,131.0
16.01.2019,13:00,14:00,132.0
16.01.2019,14:00,15:00,131.0
16.01.2019,15:00,16:00,132.0
16.01.2019,16:00,17:00,135.0
16.01.2019,17:00,18:00,135.0
16.01.2019,18:00,19:00,134.0
16.01.2019,19:00,20:00,137.0
16.01.2019,20:00,21:00,134.0
16.01.2019,21:00,22:00,135.0
16.01.2019,22:00,23:00,139.0
16.01.2019,23:00,00:00,144.0
17.01.2019,00:00,01:00,143.0
17.01.2019,01:00,02:00,142.0
17.01.2019,02:00,03:00,144.0
17.01.2019,03:00,04:00,144.0
17.01.2019,04:00,05:00,142.0
17.01.2019,05:00,06:00,138.0
17.01.2019,06:00,07:00,156.0
17.01.2019,07:00,08:00,224.0
17.01.2019,08:00,09:00,247.0
17.01.2019,09:00,10:00,261.0
17.01.2019,10:00,11:00,233.0
17.01.2019,11:00,12:00,179.0
17.01.2019,12:00,13:00,130.0
17.01.2019,13:00,14:00,132.0
17.01.2019,14:00,15:00,135.0
17.01.2019,15:00,16:00,136.0
17.01.2019,16:00,17:00,163.0
17.01.2019,17:00,18:00,201.0
17.01.2019,18:00,19:00,181.0
17.01.2019,19:00,20:00,221.0
17.01.2019,20:00,21:00,138.0
17.01.2019,21:00,22:00,137.0
17.01.2019,22:00,23:00,142.0
17.01.2019,23:00,00:00,139.0
18.01.2019,00:00,01:00,136.0
18.01.2019,01:00,02:00,141.0
18.01.2019,02:00,03:00,143.0
18.01.2019,03:00,04:00,163.0
18.01.2019,04:00,05:00,204.0
18.01.2019,05:00,06:00,266.0
18.01.2019,06:00,07:00,266.0
18.01.2019,07:00,08:00,259.0
18.01.2019,08:00,09:00,255.0
18.01.2019,09:00,10:00,264.0
18.01.2019,10:00,11:00,267.0
18.01.2019,11:00,12:00,273.0
18.01.2019,12:00,13:00,275.0
18.01.2019,13:00,14:00,276.0
18.01.2019,14:00,15:00,273.0
18.01.2019,15:00,16:00,274.0
18.01.2019,16:00,17:00,270.0
18.01.2019,17:00,18:00,264.0
18.01.2019,18:00,19:00,266.0
18.01.2019,19:00,20:00,271.0
18.01.2019,20:00,21:00,269.0
18.01.2019,21:00,22:00,266.0
18.01.2019,22:00,23:00,276.0
18.01.2019,23:00,00:00,280.0
19.01.2019,00:00,01:00,284.0
19.01.2019,01:00,02:00,247.0
19.01.2019,02:00,03:00,131.0
19.01.2019,03:00,04:00,135.0
19.01.2019,04:00,05:00,134.0
19.01.2019,05:00,06:00,231.0
19.01.2019,06:00,07:00,271.0
19.01.2019,07:00,08:00,225.0
19.01.2019,08:00,09:00,254.0
19.01.2019,09:00,10:00,261.0
19.01.2019,10:00,11:00,264.0
19.01.2019,11:00,12:00,272.0
19.01.2019,12:00,13:00,230.0
19.01.2019,13:00,14:00,217.0
19.01.2019,14:00,15:00,180.0
19.01.2019,15:00,16:00,226.0
19.01.2019,16:00,17:00,268.0
19.01.2019,17:00,18:00,266.0
19.01.2019,18:00,19:00,266.0
19.01.2019,19:00,20:00,259.0
19.01.2019,20:00,21:00,175.0
19.01.2019,21:00,22:00,142.0
19.01.2019,22:00,23:00,142.0
19.01.2019,23:00,00:00,142.0
20.01.2019,00:00,01:00,142.0
20.01.2019,01:00,02:00,139.0
20.01.2019,02:00,03:00,137.0
20.01.2019,03:00,04:00,138.0
20.01.2019,04:00,05:00,140.0
20.01.2019,05:00,06:00,140.0
20.01.2019,06:00,07:00,152.0
20.01.2019,07:00,08:00,219.0
20.01.2019,08:00,09:00,266.0
20.01.2019,09:00,10:00,264.0
20.01.2019,10:00,11:00,264.0
20.01.2019,11:00,12:00,268.0
20.01.2019,12:00,13:00,213.0
20.01.2019,13:00,14:00,211.0
20.01.2019,14:00,15:00,250.0
20.01.2019,15:00,16:00,267.0
20.01.2019,16:00,17:00,267.0
20.01.2019,17:00,18:00,267.0
20.01.2019,18:00,19:00,265.0
20.01.2019,19:00,20:00,261.0
20.01.2019,20:00,21:00,249.0
20.01.2019,21:00,22:00,250.0
20.01.2019,22:00,23:00,272.0
20.01.2019,23:00,00:00,224.0
21.01.2019,00:00,01:00,133.0
21.01.2019,01:00,02:00,134.0
21.01.2019,02:00,03:00,137.0
21.01.2019,03:00,04:00,136.0
21.01.2019,04:00,05:00,140.0
21.01.2019,05:00,06:00,209.0
21.01.2019,06:00,07:00,266.0
21.01.2019,07:00,08:00,263.0
21.01.2019,08:00,09:00,262.0
21.01.2019,09:00,10:00,268.0
21.01.2019,10:00,11:00,271.0
21.01.2019,11:00,12:00,269.0
21.01.2019,12:00,13:00,271.0
21.01.2019,13:00,14:00,270.0
21.01.2019,14:00,15:00,271.0
21.01.2019,15:00,16:00,272.0
21.01.2019,16:00,17:00,268.0
21.01.2019,17:00,18:00,272.0
21.01.2019,18:00,19:00,265.0
21.01.2019,19:00,20:00,266.0
21.01.2019,20:00,21:00,273.0
21.01.2019,21:00,22:00,275.0
21.01.2019,22:00,23:00,274.0
21.01.2019,23:00,00:00,279.0
22.01.2019,00:00,01:00,280.0
22.01.2019,01:00,02:00,229.0
22.01.2019,02:00,03:00,137.0
22.01.2019,03:00,04:00,134.0
22.01.2019,04:00,05:00,137.0
22.01.2019,05:00,06:00,228.0
22.01.2019,06:00,07:00,269.0
22.01.2019,07:00,08:00,267.0
22.01.2019,08:00,09:00,264.0
22.01.2019,09:00,10:00,265.0
22.01.2019,10:00,11:00,269.0
22.01.2019,11:00,12:00,264.0
22.01.2019,12:00,13:00,267.0
22.01.2019,13:00,14:00,269.0
22.01.2019,14:00,15:00,270.0
22.01.2019,15:00,16:00,266.0
22.01.2019,16:00,17:00,266.0
22.01.2019,17:00,18:00,265.0
22.01.2019,18:00,19:00,266.0
22.01.2019,19:00,20:00,269.0
22.01.2019,20:00,21:00,270.0
22.01.2019,21:00,22:00,271.0
22.01.2019,22:00,23:00,269.0
22.01.2019,23:00,00:00,271.0
23.01.2019,00:00,01:00,176.0
23.01.2019,01:00,02:00,139.0
23.01.2019,02:00,03:00,183.0
23.01.2019,03:00,04:00,137.0
23.01.2019,04:00,05:00,147.0
23.01.2019,05:00,06:00,250.0
23.01.2019,06:00,07:00,264.0
23.01.2019,07:00,08:00,263.0
23.01.2019,08:00,09:00,258.0
23.01.2019,09:00,10:00,271.0
23.01.2019,10:00,11:00,302.0
23.01.2019,11:00,12:00,252.0
23.01.2019,12:00,13:00,3.0
23.01.2019,13:00,14:00,0.0
23.01.2019,14:00,15:00,0.0
23.01.2019,15:00,16:00,0.0
23.01.2019,16:00,17:00,0.0
23.01.2019,17:00,18:00,0.0
23.01.2019,18:00,19:00,0.0
23.01.2019,19:00,20:00,0.0
23.01.2019,20:00,21:00,0.0
23.01.2019,21:00,22:00,0.0
23.01.2019,22:00,23:00,0.0
23.01.2019,23:00,00:00,0.0
24.01.2019,00:00,01:00,0.0
24.01.2019,01:00,02:00,0.0
24.01.2019,02:00,03:00,0.0
24.01.2019,03:00,04:00,0.0
24.01.2019,04:00,05:00,0.0
24.01.2019,05:00,06:00,0.0
24.01.2019,06:00,07:00,0.0
24.01.2019,07:00,08:00,0.0
24.01.2019,08:00,09:00,0.0
24.01.2019,09:00,10:00,0.0
24.01.2019,10:00,11:00,0.0
24.01.2019,11:00,12:00,0.0
24.01.2019,12:00,13:00,0.0
24.01.2019,13:00,14:00,0.0
24.01.2019,14:00,15:00,0.0
24.01.2019,15:00,16:00,0.0
24.01.2019,16:00,17:00,0.0
24.01.2019,17:00,18:00,0.0
24.01.2019,18:00,19:00,0.0
24.01.2019,19:00,20:00,0.0
24.01.2019,20:00,21:00,0.0
24.01.2019,21:00,22:00,0.0
24.01.2019,22:00,23:00,0.0
24.01.2019,23:00,00:00,0.0
25.01.2019,00:00,01:00,0.0
25.01.2019,01:00,02:00,0.0
25.01.2019,02:00,03:00,0.0
25.01.2019,03:00,04:00,0.0
25.01.2019,04:00,05:00,0.0
25.01.2019,05:00,06:00,0.0
25.01.2019,06:00,07:00,0.0
25.01.2019,07:00,08:00,0.0
25.01.2019,08:00,09:00,0.0
25.01.2019,09:00,10:00,0.0
25.01.2019,10:00,11:00,0.0
25.01.2019,11:00,12:00,0.0
25.01.2019,12:00,13:00,0.0
25.01.2019,13:00,14:00,0.0
25.01.2019,14:00,15:00,0.0
25.01.2019,15:00,16:00,0.0
25.01.2019,16:00,17:00,0.0
25.01.2019,17:00,18:00,0.0
25.01.2019,18:00,19:00,0.0
25.01.2019,19:00,20:00,0.0
25.01.2019,20:00,21:00,0.0
25.01.2019,21:00,22:00,0.0
25.01.2019,22:00,23:00,0.0
25.01.2019,23:00,00:00,0.0
26.01.2019,00:00,01:00,0.0
26.01.2019,01:00,02:00,0.0
26.01.2019,02:00,03:00,0.0
26.01.2019,03:00,04:00,0.0
26.01.2019,04:00,05:00,0.0
26.01.2019,05:00,06:00,0.0
26.01.2019,06:00,07:00,0.0
26.01.2019,07:00,08:00,0.0
26.01.2019,08:00,09:00,0.0
26.01.2019,09:00,10:00,0.0
26.01.2019,10:00,11:00,0.0
26.01.2019,11:00,12:00,0.0
26.01.2019,12:00,13:00,0.0
26.01.2019,13:00,14:00,0.0
26.01.2019,14:00,15:00,0.0
26.01.2019,15:00,16:00,0.0
26.01.2019,16:00,17:00,0.0
26.01.2019,17:00,18:00,0.0
26.01.2019,18:00,19:00,0.0
26.01.2019,19:00,20:00,0.0
26.01.2019,20:00,21:00,0.0
26.01.2019,21:00,22:00,3.0
26.01.2019,22:00,23:00,38.0
26.01.2019,23:00,00:00,90.0
27.01.2019,00:00,01:00,129.0
27.01.2019,01:00,02:00,147.0
27.01.2019,02:00,03:00,144.0
27.01.2019,03:00,04:00,141.0
27.01.2019,04:00,05:00,138.0
27.01.2019,05:00,06:00,138.0
27.01.2019,06:00,07:00,137.0
27.01.2019,07:00,08:00,137.0
27.01.2019,08:00,09:00,141.0
27.01.2019,09:00,10:00,142.0
27.01.2019,10:00,11:00,143.0
27.01.2019,11:00,12:00,143.0
27.01.2019,12:00,13:00,142.0
27.01.2019,13:00,14:00,147.0
27.01.2019,14:00,15:00,146.0
27.01.2019,15:00,16:00,148.0
27.01.2019,16:00,17:00,146.0
27.01.2019,17:00,18:00,181.0
27.01.2019,18:00,19:00,201.0
27.01.2019,19:00,20:00,146.0
27.01.2019,20:00,21:00,143.0
27.01.2019,21:00,22:00,141.0
27.01.2019,22:00,23:00,142.0
27.01.2019,23:00,00:00,139.0
28.01.2019,00:00,01:00,136.0
28.01.2019,01:00,02:00,134.0
28.01.2019,02:00,03:00,132.0
28.01.2019,03:00,04:00,133.0
28.01.2019,04:00,05:00,134.0
28.01.2019,05:00,06:00,191.0
28.01.2019,06:00,07:00,246.0
28.01.2019,07:00,08:00,246.0
28.01.2019,08:00,09:00,261.0
28.01.2019,09:00,10:00,228.0
28.01.2019,10:00,11:00,133.0
28.01.2019,11:00,12:00,130.0
28.01.2019,12:00,13:00,133.0
28.01.2019,13:00,14:00,152.0
28.01.2019,14:00,15:00,170.0
28.01.2019,15:00,16:00,152.0
28.01.2019,16:00,17:00,165.0
28.01.2019,17:00,18:00,229.0
28.01.2019,18:00,19:00,265.0
28.01.2019,19:00,20:00,265.0
28.01.2019,20:00,21:00,215.0
28.01.2019,21:00,22:00,139.0
28.01.2019,22:00,23:00,140.0
28.01.2019,23:00,00:00,138.0
29.01.2019,00:00,01:00,134.0
29.01.2019,01:00,02:00,139.0
29.01.2019,02:00,03:00,134.0
29.01.2019,03:00,04:00,134.0
29.01.2019,04:00,05:00,141.0
29.01.2019,05:00,06:00,173.0
29.01.2019,06:00,07:00,262.0
29.01.2019,07:00,08:00,261.0
29.01.2019,08:00,09:00,258.0
29.01.2019,09:00,10:00,261.0
29.01.2019,10:00,11:00,264.0
29.01.2019,11:00,12:00,267.0
29.01.2019,12:00,13:00,268.0
29.01.2019,13:00,14:00,270.0
29.01.2019,14:00,15:00,249.0
29.01.2019,15:00,16:00,261.0
29.01.2019,16:00,17:00,260.0
29.01.2019,17:00,18:00,256.0
29.01.2019,18:00,19:00,257.0
29.01.2019,19:00,20:00,259.0
29.01.2019,20:00,21:00,258.0
29.01.2019,21:00,22:00,263.0
29.01.2019,22:00,23:00,268.0
29.01.2019,23:00,00:00,275.0
30.01.2019,00:00,01:00,212.0
30.01.2019,01:00,02:00,138.0
30.01.2019,02:00,03:00,135.0
30.01.2019,03:00,04:00,134.0
30.01.2019,04:00,05:00,151.0
30.01.2019,05:00,06:00,257.0
30.01.2019,06:00,07:00,265.0
30.01.2019,07:00,08:00,262.0
30.01.2019,08:00,09:00,263.0
30.01.2019,09:00,10:00,265.0
30.01.2019,10:00,11:00,263.0
30.01.2019,11:00,12:00,231.0
30.01.2019,12:00,13:00,150.0
30.01.2019,13:00,14:00,144.0
30.01.2019,14:00,15:00,151.0
30.01.2019,15:00,16:00,156.0
30.01.2019,16:00,17:00,155.0
30.01.2019,17:00,18:00,156.0
30.01.2019,18:00,19:00,156.0
30.01.2019,19:00,20:00,155.0
30.01.2019,20:00,21:00,155.0
30.01.2019,21:00,22:00,226.0
30.01.2019,22:00,23:00,270.0
30.01.2019,23:00,00:00,219.0
31.01.2019,00:00,01:00,134.0
31.01.2019,01:00,02:00,133.0
31.01.2019,02:00,03:00,133.0
31.01.2019,03:00,04:00,132.0
31.01.2019,04:00,05:00,133.0
31.01.2019,05:00,06:00,198.0
31.01.2019,06:00,07:00,264.0
31.01.2019,07:00,08:00,264.0
31.01.2019,08:00,09:00,264.0
31.01.2019,09:00,10:00,264.0
31.01.2019,10:00,11:00,263.0
31.01.2019,11:00,12:00,263.0
31.01.2019,12:00,13:00,266.0
31.01.2019,13:00,14:00,265.0
31.01.2019,14:00,15:00,265.0
31.01.2019,15:00,16:00,262.0
31.01.2019,16:00,17:00,259.0
31.01.2019,17:00,18:00,252.0
31.01.2019,18:00,19:00,254.0
31.01.2019,19:00,20:00,256.0
31.01.2019,20:00,21:00,255.0
31.01.2019,21:00,22:00,237.0
31.01.2019,22:00,23:00,158.0
31.01.2019,23:00,00:00,136.0
01.02.2019,00:00,01:00,135.0
01.02.2019,01:00,02:00,135.0
01.02.2019,02:00,03:00,136.0
01.02.2019,03:00,04:00,136.0
01.02.2019,04:00,05:00,136.0
01.02.2019,05:00,06:00,140.0
01.02.2019,06:00,07:00,205.0
01.02.2019,07:00,08:00,257.0
01.02.2019,08:00,09:00,260.0
01.02.2019,09:00,10:00,262.0
01.02.2019,10:00,11:00,265.0
01.02.2019,11:00,12:00,265.0
01.02.2019,12:00,13:00,262.0
01.02.2019,13:00,14:00,261.0
01.02.2019,14:00,15:00,243.0
01.02.2019,15:00,16:00,224.0
01.02.2019,16:00,17:00,260.0
01.02.2019,17:00,18:00,265.0
01.02.2019,18:00,19:00,265.0
01.02.2019,19:00,20:00,265.0
01.02.2019,20:00,21:00,266.0
01.02.2019,21:00,22:00,254.0
01.02.2019,22:00,23:00,271.0
01.02.2019,23:00,00:00,242.0
02.02.2019,00:00,01:00,155.0
02.02.2019,01:00,02:00,133.0
02.02.2019,02:00,03:00,132.0
02.02.2019,03:00,04:00,135.0
02.02.2019,04:00,05:00,137.0
02.02.2019,05:00,06:00,140.0
02.02.2019,06:00,07:00,150.0
02.02.2019,07:00,08:00,183.0
02.02.2019,08:00,09:00,193.0
02.02.2019,09:00,10:00,190.0
02.02.2019,10:00,11:00,261.0
02.02.2019,11:00,12:00,264.0
02.02.2019,12:00,13:00,267.0
02.02.2019,13:00,14:00,267.0
02.02.2019,14:00,15:00,264.0
02.02.2019,15:00,16:00,264.0
02.02.2019,16:00,17:00,243.0
02.02.2019,17:00,18:00,240.0
02.02.2019,18:00,19:00,261.0
02.02.2019,19:00,20:00,263.0
02.02.2019,20:00,21:00,263.0
02.02.2019,21:00,22:00,218.0
02.02.2019,22:00,23:00,151.0
02.02.2019,23:00,00:00,141.0
03.02.2019,00:00,01:00,137.0
03.02.2019,01:00,02:00,137.0
03.02.2019,02:00,03:00,136.0
03.02.2019,03:00,04:00,138.0
03.02.2019,04:00,05:00,136.0
03.02.2019,05:00,06:00,141.0
03.02.2019,06:00,07:00,146.0
03.02.2019,07:00,08:00,180.0
03.02.2019,08:00,09:00,145.0
03.02.2019,09:00,10:00,168.0
03.02.2019,10:00,11:00,264.0
03.02.2019,11:00,12:00,266.0
03.02.2019,12:00,13:00,265.0
03.02.2019,13:00,14:00,190.0
03.02.2019,14:00,15:00,177.0
03.02.2019,15:00,16:00,177.0
03.02.2019,16:00,17:00,177.0
03.02.2019,17:00,18:00,192.0
03.02.2019,18:00,19:00,255.0
03.02.2019,19:00,20:00,187.0
03.02.2019,20:00,21:00,145.0
03.02.2019,21:00,22:00,147.0
03.02.2019,22:00,23:00,147.0
03.02.2019,23:00,00:00,148.0
04.02.2019,00:00,01:00,142.0
04.02.2019,01:00,02:00,138.0
04.02.2019,02:00,03:00,138.0
04.02.2019,03:00,04:00,138.0
04.02.2019,04:00,05:00,143.0
04.02.2019,05:00,06:00,174.0
04.02.2019,06:00,07:00,261.0
04.02.2019,07:00,08:00,261.0
04.02.2019,08:00,09:00,251.0
04.02.2019,09:00,10:00,171.0
04.02.2019,10:00,11:00,148.0
04.02.2019,11:00,12:00,148.0
04.02.2019,12:00,13:00,154.0
04.02.2019,13:00,14:00,154.0
04.02.2019,14:00,15:00,156.0
04.02.2019,15:00,16:00,214.0
04.02.2019,16:00,17:00,263.0
04.02.2019,17:00,18:00,263.0
04.02.2019,18:00,19:00,213.0
04.02.2019,19:00,20:00,182.0
04.02.2019,20:00,21:00,154.0
04.02.2019,21:00,22:00,153.0
04.02.2019,22:00,23:00,152.0
04.02.2019,23:00,00:00,140.0
05.02.2019,00:00,01:00,138.0
05.02.2019,01:00,02:00,140.0
05.02.2019,02:00,03:00,137.0
05.02.2019,03:00,04:00,137.0
05.02.2019,04:00,05:00,141.0
05.02.2019,05:00,06:00,147.0
05.02.2019,06:00,07:00,234.0
05.02.2019,07:00,08:00,261.0
05.02.2019,08:00,09:00,263.0
05.02.2019,09:00,10:00,266.0
05.02.2019,10:00,11:00,270.0
05.02.2019,11:00,12:00,271.0
05.02.2019,12:00,13:00,274.0
05.02.2019,13:00,14:00,272.0
05.02.2019,14:00,15:00,271.0
05.02.2019,15:00,16:00,273.0
05.02.2019,16:00,17:00,271.0
05.02.2019,17:00,18:00,267.0
05.02.2019,18:00,19:00,270.0
05.02.2019,19:00,20:00,270.0
05.02.2019,20:00,21:00,269.0
05.02.2019,21:00,22:00,272.0
05.02.2019,22:00,23:00,275.0
05.02.2019,23:00,00:00,281.0
06.02.2019,00:00,01:00,182.0
06.02.2019,01:00,02:00,136.0
06.02.2019,02:00,03:00,139.0
06.02.2019,03:00,04:00,139.0
06.02.2019,04:00,05:00,144.0
06.02.2019,05:00,06:00,153.0
06.02.2019,06:00,07:00,243.0
06.02.2019,07:00,08:00,261.0
06.02.2019,08:00,09:00,256.0
06.02.2019,09:00,10:00,158.0
06.02.2019,10:00,11:00,145.0
06.02.2019,11:00,12:00,146.0
06.02.2019,12:00,13:00,144.0
06.02.2019,13:00,14:00,146.0
06.02.2019,14:00,15:00,148.0
06.02.2019,15:00,16:00,180.0
06.02.2019,16:00,17:00,256.0
06.02.2019,17:00,18:00,269.0
06.02.2019,18:00,19:00,269.0
06.02.2019,19:00,20:00,271.0
06.02.2019,20:00,21:00,196.0
06.02.2019,21:00,22:00,142.0
06.02.2019,22:00,23:00,141.0
06.02.2019,23:00,00:00,136.0
07.02.2019,00:00,01:00,137.0
07.02.2019,01:00,02:00,136.0
07.02.2019,02:00,03:00,137.0
07.02.2019,03:00,04:00,137.0
07.02.2019,04:00,05:00,136.0
07.02.2019,05:00,06:00,165.0
07.02.2019,06:00,07:00,264.0
07.02.2019,07:00,08:00,267.0
07.02.2019,08:00,09:00,268.0
07.02.2019,09:00,10:00,268.0
07.02.2019,10:00,11:00,267.0
07.02.2019,11:00,12:00,274.0
07.02.2019,12:00,13:00,274.0
07.02.2019,13:00,14:00,275.0
07.02.2019,14:00,15:00,274.0
07.02.2019,15:00,16:00,281.0
07.02.2019,16:00,17:00,268.0
07.02.2019,17:00,18:00,165.0
07.02.2019,18:00,19:00,151.0
07.02.2019,19:00,20:00,172.0
07.02.2019,20:00,21:00,137.0
07.02.2019,21:00,22:00,165.0
07.02.2019,22:00,23:00,202.0
07.02.2019,23:00,00:00,224.0
08.02.2019,00:00,01:00,158.0
08.02.2019,01:00,02:00,140.0
08.02.2019,02:00,03:00,139.0
08.02.2019,03:00,04:00,139.0
08.02.2019,04:00,05:00,138.0
08.02.2019,05:00,06:00,139.0
08.02.2019,06:00,07:00,146.0
08.02.2019,07:00,08:00,215.0
08.02.2019,08:00,09:00,230.0
08.02.2019,09:00,10:00,146.0
08.02.2019,10:00,11:00,138.0
08.02.2019,11:00,12:00,136.0
08.02.2019,12:00,13:00,133.0
08.02.2019,13:00,14:00,133.0
08.02.2019,14:00,15:00,133.0
08.02.2019,15:00,16:00,133.0
08.02.2019,16:00,17:00,134.0
08.02.2019,17:00,18:00,133.0
08.02.2019,18:00,19:00,132.0
08.02.2019,19:00,20:00,128.0
08.02.2019,20:00,21:00,128.0
08.02.2019,21:00,22:00,131.0
08.02.2019,22:00,23:00,134.0
08.02.2019,23:00,00:00,138.0
09.02.2019,00:00,01:00,157.0
09.02.2019,01:00,02:00,145.0
09.02.2019,02:00,03:00,137.0
09.02.2019,03:00,04:00,139.0
09.02.2019,04:00,05:00,139.0
09.02.2019,05:00,06:00,138.0
09.02.2019,06:00,07:00,139.0
09.02.2019,07:00,08:00,136.0
09.02.2019,08:00,09:00,137.0
09.02.2019,09:00,10:00,139.0
09.02.2019,10:00,11:00,136.0
09.02.2019,11:00,12:00,149.0
09.02.2019,12:00,13:00,136.0
09.02.2019,13:00,14:00,137.0
09.02.2019,14:00,15:00,133.0
09.02.2019,15:00,16:00,136.0
09.02.2019,16:00,17:00,138.0
09.02.2019,17:00,18:00,137.0
09.02.2019,18:00,19:00,135.0
09.02.2019,19:00,20:00,135.0
09.02.2019,20:00,21:00,137.0
09.02.2019,21:00,22:00,137.0
09.02.2019,22:00,23:00,157.0
09.02.2019,23:00,00:00,158.0
10.02.2019,00:00,01:00,139.0
10.02.2019,01:00,02:00,138.0
10.02.2019,02:00,03:00,138.0
10.02.2019,03:00,04:00,139.0
10.02.2019,04:00,05:00,138.0
10.02.2019,05:00,06:00,138.0
10.02.2019,06:00,07:00,138.0
10.02.2019,07:00,08:00,139.0
10.02.2019,08:00,09:00,138.0
10.02.2019,09:00,10:00,137.0
10.02.2019,10:00,11:00,138.0
10.02.2019,11:00,12:00,139.0
10.02.2019,12:00,13:00,137.0
10.02.2019,13:00,14:00,136.0
10.02.2019,14:00,15:00,135.0
10.02.2019,15:00,16:00,137.0
10.02.2019,16:00,17:00,136.0
10.02.2019,17:00,18:00,135.0
10.02.2019,18:00,19:00,138.0
10.02.2019,19:00,20:00,141.0
10.02.2019,20:00,21:00,140.0
10.02.2019,21:00,22:00,143.0
10.02.2019,22:00,23:00,138.0
10.02.2019,23:00,00:00,157.0
11.02.2019,00:00,01:00,134.0
11.02.2019,01:00,02:00,134.0
11.02.2019,02:00,03:00,136.0
11.02.2019,03:00,04:00,139.0
11.02.2019,04:00,05:00,137.0
11.02.2019,05:00,06:00,141.0
11.02.2019,06:00,07:00,149.0
11.02.2019,07:00,08:00,191.0
11.02.2019,08:00,09:00,204.0
11.02.2019,09:00,10:00,179.0
11.02.2019,10:00,11:00,141.0
11.02.2019,11:00,12:00,141.0
11.02.2019,12:00,13:00,141.0
11.02.2019,13:00,14:00,159.0
11.02.2019,14:00,15:00,229.0
11.02.2019,15:00,16:00,216.0
11.02.2019,16:00,17:00,270.0
11.02.2019,17:00,18:00,265.0
11.02.2019,18:00,19:00,269.0
11.02.2019,19:00,20:00,220.0
11.02.2019,20:00,21:00,181.0
11.02.2019,21:00,22:00,181.0
11.02.2019,22:00,23:00,192.0
11.02.2019,23:00,00:00,141.0
12.02.2019,00:00,01:00,134.0
12.02.2019,01:00,02:00,134.0
12.02.2019,02:00,03:00,134.0
12.02.2019,03:00,04:00,133.0
12.02.2019,04:00,05:00,134.0
12.02.2019,05:00,06:00,183.0
12.02.2019,06:00,07:00,262.0
12.02.2019,07:00,08:00,258.0
12.02.2019,08:00,09:00,260.0
12.02.2019,09:00,10:00,267.0
12.02.2019,10:00,11:00,273.0
12.02.2019,11:00,12:00,250.0
12.02.2019,12:00,13:00,249.0
12.02.2019,13:00,14:00,220.0
12.02.2019,14:00,15:00,166.0
12.02.2019,15:00,16:00,175.0
12.02.2019,16:00,17:00,233.0
12.02.2019,17:00,18:00,288.0
12.02.2019,18:00,19:00,291.0
12.02.2019,19:00,20:00,240.0
12.02.2019,20:00,21:00,139.0
12.02.2019,21:00,22:00,135.0
12.02.2019,22:00,23:00,135.0
12.02.2019,23:00,00:00,133.0
13.02.2019,00:00,01:00,139.0
13.02.2019,01:00,02:00,136.0
13.02.2019,02:00,03:00,135.0
13.02.2019,03:00,04:00,136.0
13.02.2019,04:00,05:00,144.0
13.02.2019,05:00,06:00,134.0
13.02.2019,06:00,07:00,163.0
13.02.2019,07:00,08:00,267.0
13.02.2019,08:00,09:00,250.0
13.02.2019,09:00,10:00,155.0
13.02.2019,10:00,11:00,145.0
13.02.2019,11:00,12:00,144.0
13.02.2019,12:00,13:00,142.0
13.02.2019,13:00,14:00,143.0
13.02.2019,14:00,15:00,141.0
13.02.2019,15:00,16:00,143.0
13.02.2019,16:00,17:00,142.0
13.02.2019,17:00,18:00,187.0
13.02.2019,18:00,19:00,213.0
13.02.2019,19:00,20:00,210.0
13.02.2019,20:00,21:00,183.0
13.02.2019,21:00,22:00,202.0
13.02.2019,22:00,23:00,198.0
13.02.2019,23:00,00:00,136.0
14.02.2019,00:00,01:00,140.0
14.02.2019,01:00,02:00,125.0
14.02.2019,02:00,03:00,125.0
14.02.2019,03:00,04:00,144.0
14.02.2019,04:00,05:00,137.0
14.02.2019,05:00,06:00,184.0
14.02.2019,06:00,07:00,257.0
14.02.2019,07:00,08:00,274.0
14.02.2019,08:00,09:00,277.0
14.02.2019,09:00,10:00,245.0
14.02.2019,10:00,11:00,141.0
14.02.2019,11:00,12:00,140.0
14.02.2019,12:00,13:00,138.0
14.02.2019,13:00,14:00,136.0
14.02.2019,14:00,15:00,136.0
14.02.2019,15:00,16:00,139.0
14.02.2019,16:00,17:00,232.0
14.02.2019,17:00,18:00,294.0
14.02.2019,18:00,19:00,290.0
14.02.2019,19:00,20:00,293.0
14.02.2019,20:00,21:00,293.0
14.02.2019,21:00,22:00,252.0
14.02.2019,22:00,23:00,207.0
14.02.2019,23:00,00:00,155.0
15.02.2019,00:00,01:00,129.0
15.02.2019,01:00,02:00,127.0
15.02.2019,02:00,03:00,120.0
15.02.2019,03:00,04:00,119.0
15.02.2019,04:00,05:00,120.0
15.02.2019,05:00,06:00,157.0
15.02.2019,06:00,07:00,258.0
15.02.2019,07:00,08:00,273.0
15.02.2019,08:00,09:00,274.0
15.02.2019,09:00,10:00,236.0
15.02.2019,10:00,11:00,140.0
15.02.2019,11:00,12:00,138.0
15.02.2019,12:00,13:00,126.0
15.02.2019,13:00,14:00,126.0
15.02.2019,14:00,15:00,126.0
15.02.2019,15:00,16:00,126.0
15.02.2019,16:00,17:00,134.0
15.02.2019,17:00,18:00,235.0
15.02.2019,18:00,19:00,265.0
15.02.2019,19:00,20:00,266.0
15.02.2019,20:00,21:00,250.0
15.02.2019,21:00,22:00,152.0
15.02.2019,22:00,23:00,134.0
15.02.2019,23:00,00:00,135.0
16.02.2019,00:00,01:00,139.0
16.02.2019,01:00,02:00,139.0
16.02.2019,02:00,03:00,140.0
16.02.2019,03:00,04:00,139.0
16.02.2019,04:00,05:00,138.0
16.02.2019,05:00,06:00,137.0
16.02.2019,06:00,07:00,138.0
16.02.2019,07:00,08:00,139.0
16.02.2019,08:00,09:00,137.0
16.02.2019,09:00,10:00,140.0
16.02.2019,10:00,11:00,139.0
16.02.2019,11:00,12:00,133.0
16.02.2019,12:00,13:00,118.0
16.02.2019,13:00,14:00,122.0
16.02.2019,14:00,15:00,120.0
16.02.2019,15:00,16:00,129.0
16.02.2019,16:00,17:00,252.0
16.02.2019,17:00,18:00,274.0
16.02.2019,18:00,19:00,289.0
16.02.2019,19:00,20:00,289.0
16.02.2019,20:00,21:00,291.0
16.02.2019,21:00,22:00,294.0
16.02.2019,22:00,23:00,228.0
16.02.2019,23:00,00:00,188.0
17.02.2019,00:00,01:00,144.0
17.02.2019,01:00,02:00,119.0
17.02.2019,02:00,03:00,121.0
17.02.2019,03:00,04:00,120.0
17.02.2019,04:00,05:00,121.0
17.02.2019,05:00,06:00,132.0
17.02.2019,06:00,07:00,133.0
17.02.2019,07:00,08:00,131.0
17.02.2019,08:00,09:00,114.0
17.02.2019,09:00,10:00,133.0
17.02.2019,10:00,11:00,137.0
17.02.2019,11:00,12:00,139.0
17.02.2019,12:00,13:00,139.0
17.02.2019,13:00,14:00,135.0
17.02.2019,14:00,15:00,123.0
17.02.2019,15:00,16:00,125.0
17.02.2019,16:00,17:00,129.0
17.02.2019,17:00,18:00,143.0
17.02.2019,18:00,19:00,192.0
17.02.2019,19:00,20:00,211.0
17.02.2019,20:00,21:00,175.0
17.02.2019,21:00,22:00,139.0
17.02.2019,22:00,23:00,139.0
17.02.2019,23:00,00:00,139.0
18.02.2019,00:00,01:00,139.0
18.02.2019,01:00,02:00,139.0
18.02.2019,02:00,03:00,140.0
18.02.2019,03:00,04:00,138.0
18.02.2019,04:00,05:00,138.0
18.02.2019,05:00,06:00,224.0
18.02.2019,06:00,07:00,276.0
18.02.2019,07:00,08:00,279.0
18.02.2019,08:00,09:00,272.0
18.02.2019,09:00,10:00,182.0
18.02.2019,10:00,11:00,138.0
18.02.2019,11:00,12:00,134.0
18.02.2019,12:00,13:00,137.0
18.02.2019,13:00,14:00,138.0
18.02.2019,14:00,15:00,142.0
18.02.2019,15:00,16:00,149.0
18.02.2019,16:00,17:00,242.0
18.02.2019,17:00,18:00,293.0
18.02.2019,18:00,19:00,292.0
18.02.2019,19:00,20:00,292.0
18.02.2019,20:00,21:00,242.0
18.02.2019,21:00,22:00,145.0
18.02.2019,22:00,23:00,143.0
18.02.2019,23:00,00:00,146.0
19.02.2019,00:00,01:00,145.0
19.02.2019,01:00,02:00,145.0
19.02.2019,02:00,03:00,145.0
19.02.2019,03:00,04:00,145.0
19.02.2019,04:00,05:00,144.0
19.02.2019,05:00,06:00,159.0
19.02.2019,06:00,07:00,188.0
19.02.2019,07:00,08:00,241.0
19.02.2019,08:00,09:00,222.0
19.02.2019,09:00,10:00,139.0
19.02.2019,10:00,11:00,133.0
19.02.2019,11:00,12:00,132.0
19.02.2019,12:00,13:00,129.0
19.02.2019,13:00,14:00,131.0
19.02.2019,14:00,15:00,131.0
19.02.2019,15:00,16:00,128.0
19.02.2019,16:00,17:00,130.0
19.02.2019,17:00,18:00,131.0
19.02.2019,18:00,19:00,133.0
19.02.2019,19:00,20:00,133.0
19.02.2019,20:00,21:00,144.0
19.02.2019,21:00,22:00,135.0
19.02.2019,22:00,23:00,137.0
19.02.2019,23:00,00:00,139.0
20.02.2019,00:00,01:00,140.0
20.02.2019,01:00,02:00,141.0
20.02.2019,02:00,03:00,141.0
20.02.2019,03:00,04:00,151.0
20.02.2019,04:00,05:00,161.0
20.02.2019,05:00,06:00,164.0
20.02.2019,06:00,07:00,185.0
20.02.2019,07:00,08:00,185.0
20.02.2019,08:00,09:00,192.0
20.02.2019,09:00,10:00,195.0
20.02.2019,10:00,11:00,198.0
20.02.2019,11:00,12:00,183.0
20.02.2019,12:00,13:00,176.0
20.02.2019,13:00,14:00,120.0
20.02.2019,14:00,15:00,130.0
20.02.2019,15:00,16:00,133.0
20.02.2019,16:00,17:00,198.0
20.02.2019,17:00,18:00,243.0
20.02.2019,18:00,19:00,282.0
20.02.2019,19:00,20:00,285.0
20.02.2019,20:00,21:00,283.0
20.02.2019,21:00,22:00,162.0
20.02.2019,22:00,23:00,140.0
20.02.2019,23:00,00:00,141.0
21.02.2019,00:00,01:00,130.0
21.02.2019,01:00,02:00,136.0
21.02.2019,02:00,03:00,139.0
21.02.2019,03:00,04:00,139.0
21.02.2019,04:00,05:00,140.0
21.02.2019,05:00,06:00,139.0
21.02.2019,06:00,07:00,193.0
21.02.2019,07:00,08:00,272.0
21.02.2019,08:00,09:00,240.0
21.02.2019,09:00,10:00,142.0
21.02.2019,10:00,11:00,137.0
21.02.2019,11:00,12:00,170.0
21.02.2019,12:00,13:00,136.0
21.02.2019,13:00,14:00,135.0
21.02.2019,14:00,15:00,137.0
21.02.2019,15:00,16:00,136.0
21.02.2019,16:00,17:00,174.0
21.02.2019,17:00,18:00,224.0
21.02.2019,18:00,19:00,281.0
21.02.2019,19:00,20:00,276.0
21.02.2019,20:00,21:00,239.0
21.02.2019,21:00,22:00,160.0
21.02.2019,22:00,23:00,139.0
21.02.2019,23:00,00:00,132.0
22.02.2019,00:00,01:00,136.0
22.02.2019,01:00,02:00,137.0
22.02.2019,02:00,03:00,135.0
22.02.2019,03:00,04:00,133.0
22.02.2019,04:00,05:00,134.0
22.02.2019,05:00,06:00,139.0
22.02.2019,06:00,07:00,249.0
22.02.2019,07:00,08:00,272.0
22.02.2019,08:00,09:00,274.0
22.02.2019,09:00,10:00,275.0
22.02.2019,10:00,11:00,255.0
22.02.2019,11:00,12:00,172.0
22.02.2019,12:00,13:00,169.0
22.02.2019,13:00,14:00,142.0
22.02.2019,14:00,15:00,143.0
22.02.2019,15:00,16:00,143.0
22.02.2019,16:00,17:00,192.0
22.02.2019,17:00,18:00,281.0
22.02.2019,18:00,19:00,278.0
22.02.2019,19:00,20:00,265.0
22.02.2019,20:00,21:00,156.0
22.02.2019,21:00,22:00,140.0
22.02.2019,22:00,23:00,135.0
22.02.2019,23:00,00:00,134.0
23.02.2019,00:00,01:00,135.0
23.02.2019,01:00,02:00,136.0
23.02.2019,02:00,03:00,134.0
23.02.2019,03:00,04:00,134.0
23.02.2019,04:00,05:00,134.0
23.02.2019,05:00,06:00,135.0
23.02.2019,06:00,07:00,144.0
23.02.2019,07:00,08:00,146.0
23.02.2019,08:00,09:00,144.0
23.02.2019,09:00,10:00,142.0
23.02.2019,10:00,11:00,138.0
23.02.2019,11:00,12:00,130.0
23.02.2019,12:00,13:00,128.0
23.02.2019,13:00,14:00,128.0
23.02.2019,14:00,15:00,129.0
23.02.2019,15:00,16:00,128.0
23.02.2019,16:00,17:00,230.0
23.02.2019,17:00,18:00,265.0
23.02.2019,18:00,19:00,277.0
23.02.2019,19:00,20:00,227.0
23.02.2019,20:00,21:00,158.0
23.02.2019,21:00,22:00,133.0
23.02.2019,22:00,23:00,134.0
23.02.2019,23:00,00:00,136.0
24.02.2019,00:00,01:00,134.0
24.02.2019,01:00,02:00,135.0
24.02.2019,02:00,03:00,137.0
24.02.2019,03:00,04:00,135.0
24.02.2019,04:00,05:00,131.0
24.02.2019,05:00,06:00,138.0
24.02.2019,06:00,07:00,141.0
24.02.2019,07:00,08:00,149.0
24.02.2019,08:00,09:00,146.0
24.02.2019,09:00,10:00,149.0
24.02.2019,10:00,11:00,154.0
24.02.2019,11:00,12:00,132.0
24.02.2019,12:00,13:00,126.0
24.02.2019,13:00,14:00,120.0
24.02.2019,14:00,15:00,122.0
24.02.2019,15:00,16:00,121.0
24.02.2019,16:00,17:00,162.0
24.02.2019,17:00,18:00,253.0
24.02.2019,18:00,19:00,281.0
24.02.2019,19:00,20:00,276.0
24.02.2019,20:00,21:00,244.0
24.02.2019,21:00,22:00,186.0
24.02.2019,22:00,23:00,178.0
24.02.2019,23:00,00:00,171.0
25.02.2019,00:00,01:00,136.0
25.02.2019,01:00,02:00,134.0
25.02.2019,02:00,03:00,136.0
25.02.2019,03:00,04:00,133.0
25.02.2019,04:00,05:00,134.0
25.02.2019,05:00,06:00,155.0
25.02.2019,06:00,07:00,259.0
25.02.2019,07:00,08:00,271.0
25.02.2019,08:00,09:00,273.0
25.02.2019,09:00,10:00,263.0
25.02.2019,10:00,11:00,223.0
25.02.2019,11:00,12:00,126.0
25.02.2019,12:00,13:00,128.0
25.02.2019,13:00,14:00,128.0
25.02.2019,14:00,15:00,130.0
25.02.2019,15:00,16:00,135.0
25.02.2019,16:00,17:00,206.0
25.02.2019,17:00,18:00,229.0
25.02.2019,18:00,19:00,301.0
25.02.2019,19:00,20:00,287.0
25.02.2019,20:00,21:00,261.0
25.02.2019,21:00,22:00,187.0
25.02.2019,22:00,23:00,149.0
25.02.2019,23:00,00:00,139.0
26.02.2019,00:00,01:00,139.0
26.02.2019,01:00,02:00,181.0
26.02.2019,02:00,03:00,141.0
26.02.2019,03:00,04:00,139.0
26.02.2019,04:00,05:00,178.0
26.02.2019,05:00,06:00,232.0
26.02.2019,06:00,07:00,258.0
26.02.2019,07:00,08:00,212.0
26.02.2019,08:00,09:00,210.0
26.02.2019,09:00,10:00,151.0
26.02.2019,10:00,11:00,137.0
26.02.2019,11:00,12:00,132.0
26.02.2019,12:00,13:00,133.0
26.02.2019,13:00,14:00,148.0
26.02.2019,14:00,15:00,135.0
26.02.2019,15:00,16:00,132.0
26.02.2019,16:00,17:00,144.0
26.02.2019,17:00,18:00,213.0
26.02.2019,18:00,19:00,211.0
26.02.2019,19:00,20:00,213.0
26.02.2019,20:00,21:00,214.0
26.02.2019,21:00,22:00,215.0
26.02.2019,22:00,23:00,214.0
26.02.2019,23:00,00:00,87.0
27.02.2019,00:00,01:00,5.0
27.02.2019,01:00,02:00,124.0
27.02.2019,02:00,03:00,128.0
27.02.2019,03:00,04:00,142.0
27.02.2019,04:00,05:00,140.0
27.02.2019,05:00,06:00,181.0
27.02.2019,06:00,07:00,215.0
27.02.2019,07:00,08:00,215.0
27.02.2019,08:00,09:00,216.0
27.02.2019,09:00,10:00,159.0
27.02.2019,10:00,11:00,127.0
27.02.2019,11:00,12:00,129.0
27.02.2019,12:00,13:00,128.0
27.02.2019,13:00,14:00,129.0
27.02.2019,14:00,15:00,127.0
27.02.2019,15:00,16:00,135.0
27.02.2019,16:00,17:00,217.0
27.02.2019,17:00,18:00,291.0
27.02.2019,18:00,19:00,287.0
27.02.2019,19:00,20:00,290.0
27.02.2019,20:00,21:00,270.0
27.02.2019,21:00,22:00,151.0
27.02.2019,22:00,23:00,143.0
27.02.2019,23:00,00:00,138.0
28.02.2019,00:00,01:00,141.0
28.02.2019,01:00,02:00,140.0
28.02.2019,02:00,03:00,138.0
28.02.2019,03:00,04:00,138.0
28.02.2019,04:00,05:00,138.0
28.02.2019,05:00,06:00,140.0
28.02.2019,06:00,07:00,140.0
28.02.2019,07:00,08:00,137.0
28.02.2019,08:00,09:00,138.0
28.02.2019,09:00,10:00,139.0
28.02.2019,10:00,11:00,136.0
28.02.2019,11:00,12:00,135.0
28.02.2019,12:00,13:00,134.0
28.02.2019,13:00,14:00,139.0
28.02.2019,14:00,15:00,144.0
28.02.2019,15:00,16:00,148.0
28.02.2019,16:00,17:00,174.0
28.02.2019,17:00,18:00,141.0
28.02.2019,18:00,19:00,145.0
28.02.2019,19:00,20:00,168.0
28.02.2019,20:00,21:00,154.0
28.02.2019,21:00,22:00,140.0
28.02.2019,22:00,23:00,140.0
28.02.2019,23:00,00:00,137.0
01.03.2019,00:00,01:00,137.0
01.03.2019,01:00,02:00,135.0
01.03.2019,02:00,03:00,136.0
01.03.2019,03:00,04:00,134.0
01.03.2019,04:00,05:00,134.0
01.03.2019,05:00,06:00,152.0
01.03.2019,06:00,07:00,271.0
01.03.2019,07:00,08:00,290.0
01.03.2019,08:00,09:00,292.0
01.03.2019,09:00,10:00,297.0
01.03.2019,10:00,11:00,294.0
01.03.2019,11:00,12:00,290.0
01.03.2019,12:00,13:00,294.0
01.03.2019,13:00,14:00,245.0
01.03.2019,14:00,15:00,254.0
01.03.2019,15:00,16:00,282.0
01.03.2019,16:00,17:00,281.0
01.03.2019,17:00,18:00,270.0
01.03.2019,18:00,19:00,273.0
01.03.2019,19:00,20:00,275.0
01.03.2019,20:00,21:00,249.0
01.03.2019,21:00,22:00,226.0
01.03.2019,22:00,23:00,167.0
01.03.2019,23:00,00:00,130.0
02.03.2019,00:00,01:00,128.0
02.03.2019,01:00,02:00,131.0
02.03.2019,02:00,03:00,130.0
02.03.2019,03:00,04:00,130.0
02.03.2019,04:00,05:00,128.0
02.03.2019,05:00,06:00,130.0
02.03.2019,06:00,07:00,130.0
02.03.2019,07:00,08:00,131.0
02.03.2019,08:00,09:00,141.0
02.03.2019,09:00,10:00,193.0
02.03.2019,10:00,11:00,210.0
02.03.2019,11:00,12:00,210.0
02.03.2019,12:00,13:00,175.0
02.03.2019,13:00,14:00,158.0
02.03.2019,14:00,15:00,152.0
02.03.2019,15:00,16:00,161.0
02.03.2019,16:00,17:00,143.0
02.03.2019,17:00,18:00,138.0
02.03.2019,18:00,19:00,133.0
02.03.2019,19:00,20:00,131.0
02.03.2019,20:00,21:00,131.0
02.03.2019,21:00,22:00,130.0
02.03.2019,22:00,23:00,132.0
02.03.2019,23:00,00:00,132.0
03.03.2019,00:00,01:00,130.0
03.03.2019,01:00,02:00,131.0
03.03.2019,02:00,03:00,131.0
03.03.2019,03:00,04:00,130.0
03.03.2019,04:00,05:00,128.0
03.03.2019,05:00,06:00,130.0
03.03.2019,06:00,07:00,132.0
03.03.2019,07:00,08:00,130.0
03.03.2019,08:00,09:00,129.0
03.03.2019,09:00,10:00,130.0
03.03.2019,10:00,11:00,131.0
03.03.2019,11:00,12:00,132.0
03.03.2019,12:00,13:00,130.0
03.03.2019,13:00,14:00,132.0
03.03.2019,14:00,15:00,131.0
03.03.2019,15:00,16:00,130.0
03.03.2019,16:00,17:00,131.0
03.03.2019,17:00,18:00,132.0
03.03.2019,18:00,19:00,130.0
03.03.2019,19:00,20:00,129.0
03.03.2019,20:00,21:00,132.0
03.03.2019,21:00,22:00,132.0
03.03.2019,22:00,23:00,132.0
03.03.2019,23:00,00:00,130.0
04.03.2019,00:00,01:00,131.0
04.03.2019,01:00,02:00,130.0
04.03.2019,02:00,03:00,130.0
04.03.2019,03:00,04:00,128.0
04.03.2019,04:00,05:00,128.0
04.03.2019,05:00,06:00,131.0
04.03.2019,06:00,07:00,135.0
04.03.2019,07:00,08:00,130.0
04.03.2019,08:00,09:00,136.0
04.03.2019,09:00,10:00,137.0
04.03.2019,10:00,11:00,137.0
04.03.2019,11:00,12:00,138.0
04.03.2019,12:00,13:00,160.0
04.03.2019,13:00,14:00,136.0
04.03.2019,14:00,15:00,133.0
04.03.2019,15:00,16:00,134.0
04.03.2019,16:00,17:00,133.0
04.03.2019,17:00,18:00,134.0
04.03.2019,18:00,19:00,141.0
04.03.2019,19:00,20:00,142.0
04.03.2019,20:00,21:00,141.0
04.03.2019,21:00,22:00,143.0
04.03.2019,22:00,23:00,137.0
04.03.2019,23:00,00:00,134.0
05.03.2019,00:00,01:00,134.0
05.03.2019,01:00,02:00,135.0
05.03.2019,02:00,03:00,135.0
05.03.2019,03:00,04:00,133.0
05.03.2019,04:00,05:00,135.0
05.03.2019,05:00,06:00,139.0
05.03.2019,06:00,07:00,148.0
05.03.2019,07:00,08:00,142.0
05.03.2019,08:00,09:00,139.0
05.03.2019,09:00,10:00,141.0
05.03.2019,10:00,11:00,140.0
05.03.2019,11:00,12:00,139.0
05.03.2019,12:00,13:00,137.0
05.03.2019,13:00,14:00,140.0
05.03.2019,14:00,15:00,139.0
05.03.2019,15:00,16:00,129.0
05.03.2019,16:00,17:00,135.0
05.03.2019,17:00,18:00,220.0
05.03.2019,18:00,19:00,263.0
05.03.2019,19:00,20:00,269.0
05.03.2019,20:00,21:00,270.0
05.03.2019,21:00,22:00,262.0
05.03.2019,22:00,23:00,183.0
05.03.2019,23:00,00:00,135.0
06.03.2019,00:00,01:00,136.0
06.03.2019,01:00,02:00,137.0
06.03.2019,02:00,03:00,137.0
06.03.2019,03:00,04:00,136.0
06.03.2019,04:00,05:00,135.0
06.03.2019,05:00,06:00,136.0
06.03.2019,06:00,07:00,147.0
06.03.2019,07:00,08:00,200.0
06.03.2019,08:00,09:00,160.0
06.03.2019,09:00,10:00,143.0
06.03.2019,10:00,11:00,139.0
06.03.2019,11:00,12:00,139.0
06.03.2019,12:00,13:00,138.0
06.03.2019,13:00,14:00,140.0
06.03.2019,14:00,15:00,138.0
06.03.2019,15:00,16:00,135.0
06.03.2019,16:00,17:00,135.0
06.03.2019,17:00,18:00,160.0
06.03.2019,18:00,19:00,226.0
06.03.2019,19:00,20:00,234.0
06.03.2019,20:00,21:00,132.0
06.03.2019,21:00,22:00,135.0
06.03.2019,22:00,23:00,135.0
06.03.2019,23:00,00:00,136.0
07.03.2019,00:00,01:00,143.0
07.03.2019,01:00,02:00,137.0
07.03.2019,02:00,03:00,139.0
07.03.2019,03:00,04:00,140.0
07.03.2019,04:00,05:00,137.0
07.03.2019,05:00,06:00,140.0
07.03.2019,06:00,07:00,143.0
07.03.2019,07:00,08:00,181.0
07.03.2019,08:00,09:00,169.0
07.03.2019,09:00,10:00,140.0
07.03.2019,10:00,11:00,138.0
07.03.2019,11:00,12:00,140.0
07.03.2019,12:00,13:00,130.0
07.03.2019,13:00,14:00,132.0
07.03.2019,14:00,15:00,134.0
07.03.2019,15:00,16:00,134.0
07.03.2019,16:00,17:00,133.0
07.03.2019,17:00,18:00,134.0
07.03.2019,18:00,19:00,137.0
07.03.2019,19:00,20:00,242.0
07.03.2019,20:00,21:00,194.0
07.03.2019,21:00,22:00,133.0
07.03.2019,22:00,23:00,135.0
07.03.2019,23:00,00:00,137.0
08.03.2019,00:00,01:00,139.0
08.03.2019,01:00,02:00,139.0
08.03.2019,02:00,03:00,139.0
08.03.2019,03:00,04:00,137.0
08.03.2019,04:00,05:00,137.0
08.03.2019,05:00,06:00,139.0
08.03.2019,06:00,07:00,140.0
08.03.2019,07:00,08:00,140.0
08.03.2019,08:00,09:00,139.0
08.03.2019,09:00,10:00,141.0
08.03.2019,10:00,11:00,140.0
08.03.2019,11:00,12:00,140.0
08.03.2019,12:00,13:00,140.0
08.03.2019,13:00,14:00,139.0
08.03.2019,14:00,15:00,134.0
08.03.2019,15:00,16:00,137.0
08.03.2019,16:00,17:00,157.0
08.03.2019,17:00,18:00,239.0
08.03.2019,18:00,19:00,280.0
08.03.2019,19:00,20:00,281.0
08.03.2019,20:00,21:00,257.0
08.03.2019,21:00,22:00,137.0
08.03.2019,22:00,23:00,134.0
08.03.2019,23:00,00:00,138.0
09.03.2019,00:00,01:00,138.0
09.03.2019,01:00,02:00,140.0
09.03.2019,02:00,03:00,141.0
09.03.2019,03:00,04:00,138.0
09.03.2019,04:00,05:00,138.0
09.03.2019,05:00,06:00,139.0
09.03.2019,06:00,07:00,139.0
09.03.2019,07:00,08:00,137.0
09.03.2019,08:00,09:00,139.0
09.03.2019,09:00,10:00,141.0
09.03.2019,10:00,11:00,138.0
09.03.2019,11:00,12:00,142.0
09.03.2019,12:00,13:00,138.0
09.03.2019,13:00,14:00,140.0
09.03.2019,14:00,15:00,141.0
09.03.2019,15:00,16:00,138.0
09.03.2019,16:00,17:00,139.0
09.03.2019,17:00,18:00,153.0
09.03.2019,18:00,19:00,262.0
09.03.2019,19:00,20:00,253.0
09.03.2019,20:00,21:00,145.0
09.03.2019,21:00,22:00,138.0
09.03.2019,22:00,23:00,137.0
09.03.2019,23:00,00:00,141.0
10.03.2019,00:00,01:00,136.0
10.03.2019,01:00,02:00,140.0
10.03.2019,02:00,03:00,139.0
10.03.2019,03:00,04:00,137.0
10.03.2019,04:00,05:00,152.0
10.03.2019,05:00,06:00,151.0
10.03.2019,06:00,07:00,138.0
10.03.2019,07:00,08:00,138.0
10.03.2019,08:00,09:00,139.0
10.03.2019,09:00,10:00,139.0
10.03.2019,10:00,11:00,140.0
10.03.2019,11:00,12:00,139.0
10.03.2019,12:00,13:00,153.0
10.03.2019,13:00,14:00,133.0
10.03.2019,14:00,15:00,133.0
10.03.2019,15:00,16:00,204.0
10.03.2019,16:00,17:00,258.0
10.03.2019,17:00,18:00,203.0
10.03.2019,18:00,19:00,258.0
10.03.2019,19:00,20:00,263.0
10.03.2019,20:00,21:00,236.0
10.03.2019,21:00,22:00,137.0
10.03.2019,22:00,23:00,154.0
10.03.2019,23:00,00:00,138.0
11.03.2019,00:00,01:00,134.0
11.03.2019,01:00,02:00,134.0
11.03.2019,02:00,03:00,132.0
11.03.2019,03:00,04:00,132.0
11.03.2019,04:00,05:00,132.0
11.03.2019,05:00,06:00,139.0
11.03.2019,06:00,07:00,235.0
11.03.2019,07:00,08:00,266.0
11.03.2019,08:00,09:00,266.0
11.03.2019,09:00,10:00,268.0
11.03.2019,10:00,11:00,253.0
11.03.2019,11:00,12:00,150.0
11.03.2019,12:00,13:00,137.0
11.03.2019,13:00,14:00,139.0
11.03.2019,14:00,15:00,139.0
11.03.2019,15:00,16:00,139.0
11.03.2019,16:00,17:00,139.0
11.03.2019,17:00,18:00,205.0
11.03.2019,18:00,19:00,257.0
11.03.2019,19:00,20:00,267.0
11.03.2019,20:00,21:00,263.0
11.03.2019,21:00,22:00,208.0
11.03.2019,22:00,23:00,139.0
11.03.2019,23:00,00:00,137.0
12.03.2019,00:00,01:00,133.0
12.03.2019,01:00,02:00,137.0
12.03.2019,02:00,03:00,138.0
12.03.2019,03:00,04:00,139.0
12.03.2019,04:00,05:00,140.0
12.03.2019,05:00,06:00,143.0
12.03.2019,06:00,07:00,221.0
12.03.2019,07:00,08:00,267.0
12.03.2019,08:00,09:00,263.0
12.03.2019,09:00,10:00,203.0
12.03.2019,10:00,11:00,134.0
12.03.2019,11:00,12:00,135.0
12.03.2019,12:00,13:00,134.0
12.03.2019,13:00,14:00,136.0
12.03.2019,14:00,15:00,139.0
12.03.2019,15:00,16:00,139.0
12.03.2019,16:00,17:00,142.0
12.03.2019,17:00,18:00,145.0
12.03.2019,18:00,19:00,142.0
12.03.2019,19:00,20:00,195.0
12.03.2019,20:00,21:00,147.0
12.03.2019,21:00,22:00,137.0
12.03.2019,22:00,23:00,140.0
12.03.2019,23:00,00:00,141.0
13.03.2019,00:00,01:00,142.0
13.03.2019,01:00,02:00,135.0
13.03.2019,02:00,03:00,137.0
13.03.2019,03:00,04:00,136.0
13.03.2019,04:00,05:00,137.0
13.03.2019,05:00,06:00,143.0
13.03.2019,06:00,07:00,146.0
13.03.2019,07:00,08:00,144.0
13.03.2019,08:00,09:00,142.0
13.03.2019,09:00,10:00,143.0
13.03.2019,10:00,11:00,165.0
13.03.2019,11:00,12:00,151.0
13.03.2019,12:00,13:00,136.0
13.03.2019,13:00,14:00,140.0
13.03.2019,14:00,15:00,136.0
13.03.2019,15:00,16:00,136.0
13.03.2019,16:00,17:00,136.0
13.03.2019,17:00,18:00,140.0
13.03.2019,18:00,19:00,140.0
13.03.2019,19:00,20:00,138.0
13.03.2019,20:00,21:00,140.0
13.03.2019,21:00,22:00,141.0
13.03.2019,22:00,23:00,140.0
13.03.2019,23:00,00:00,133.0
14.03.2019,00:00,01:00,132.0
14.03.2019,01:00,02:00,131.0
14.03.2019,02:00,03:00,131.0
14.03.2019,03:00,04:00,131.0
14.03.2019,04:00,05:00,130.0
14.03.2019,05:00,06:00,134.0
14.03.2019,06:00,07:00,145.0
14.03.2019,07:00,08:00,143.0
14.03.2019,08:00,09:00,136.0
14.03.2019,09:00,10:00,135.0
14.03.2019,10:00,11:00,138.0
14.03.2019,11:00,12:00,142.0
14.03.2019,12:00,13:00,139.0
14.03.2019,13:00,14:00,210.0
14.03.2019,14:00,15:00,221.0
14.03.2019,15:00,16:00,220.0
14.03.2019,16:00,17:00,189.0
14.03.2019,17:00,18:00,232.0
14.03.2019,18:00,19:00,250.0
14.03.2019,19:00,20:00,274.0
14.03.2019,20:00,21:00,214.0
14.03.2019,21:00,22:00,139.0
14.03.2019,22:00,23:00,137.0
14.03.2019,23:00,00:00,134.0
15.03.2019,00:00,01:00,134.0
15.03.2019,01:00,02:00,134.0
15.03.2019,02:00,03:00,133.0
15.03.2019,03:00,04:00,133.0
15.03.2019,04:00,05:00,134.0
15.03.2019,05:00,06:00,133.0
15.03.2019,06:00,07:00,138.0
15.03.2019,07:00,08:00,163.0
15.03.2019,08:00,09:00,252.0
15.03.2019,09:00,10:00,272.0
15.03.2019,10:00,11:00,235.0
15.03.2019,11:00,12:00,170.0
15.03.2019,12:00,13:00,155.0
15.03.2019,13:00,14:00,139.0
15.03.2019,14:00,15:00,141.0
15.03.2019,15:00,16:00,143.0
15.03.2019,16:00,17:00,145.0
15.03.2019,17:00,18:00,142.0
15.03.2019,18:00,19:00,143.0
15.03.2019,19:00,20:00,140.0
15.03.2019,20:00,21:00,139.0
15.03.2019,21:00,22:00,139.0
15.03.2019,22:00,23:00,138.0
15.03.2019,23:00,00:00,54.0
16.03.2019,00:00,01:00,0.0
16.03.2019,01:00,02:00,0.0
16.03.2019,02:00,03:00,0.0
16.03.2019,03:00,04:00,0.0
16.03.2019,04:00,05:00,0.0
16.03.2019,05:00,06:00,0.0
16.03.2019,06:00,07:00,0.0
16.03.2019,07:00,08:00,0.0
16.03.2019,08:00,09:00,0.0
16.03.2019,09:00,10:00,0.0
16.03.2019,10:00,11:00,0.0
16.03.2019,11:00,12:00,0.0
16.03.2019,12:00,13:00,0.0
16.03.2019,13:00,14:00,0.0
16.03.2019,14:00,15:00,0.0
16.03.2019,15:00,16:00,0.0
16.03.2019,16:00,17:00,0.0
16.03.2019,17:00,18:00,0.0
16.03.2019,18:00,19:00,0.0
16.03.2019,19:00,20:00,0.0
16.03.2019,20:00,21:00,0.0
16.03.2019,21:00,22:00,0.0
16.03.2019,22:00,23:00,0.0
16.03.2019,23:00,00:00,0.0
17.03.2019,00:00,01:00,0.0
17.03.2019,01:00,02:00,0.0
17.03.2019,02:00,03:00,0.0
17.03.2019,03:00,04:00,0.0
17.03.2019,04:00,05:00,0.0
17.03.2019,05:00,06:00,0.0
17.03.2019,06:00,07:00,0.0
17.03.2019,07:00,08:00,0.0
17.03.2019,08:00,09:00,0.0
17.03.2019,09:00,10:00,0.0
17.03.2019,10:00,11:00,0.0
17.03.2019,11:00,12:00,0.0
17.03.2019,12:00,13:00,0.0
17.03.2019,13:00,14:00,0.0
17.03.2019,14:00,15:00,0.0
17.03.2019,15:00,16:00,0.0
17.03.2019,16:00,17:00,0.0
17.03.2019,17:00,18:00,0.0
17.03.2019,18:00,19:00,0.0
17.03.2019,19:00,20:00,0.0
17.03.2019,20:00,21:00,0.0
17.03.2019,21:00,22:00,0.0
17.03.2019,22:00,23:00,0.0
17.03.2019,23:00,00:00,0.0
18.03.2019,00:00,01:00,0.0
18.03.2019,01:00,02:00,0.0
18.03.2019,02:00,03:00,0.0
18.03.2019,03:00,04:00,0.0
18.03.2019,04:00,05:00,0.0
18.03.2019,05:00,06:00,0.0
18.03.2019,06:00,07:00,49.0
18.03.2019,07:00,08:00,131.0
18.03.2019,08:00,09:00,175.0
18.03.2019,09:00,10:00,241.0
18.03.2019,10:00,11:00,159.0
18.03.2019,11:00,12:00,144.0
18.03.2019,12:00,13:00,201.0
18.03.2019,13:00,14:00,197.0
18.03.2019,14:00,15:00,135.0
18.03.2019,15:00,16:00,133.0
18.03.2019,16:00,17:00,133.0
18.03.2019,17:00,18:00,164.0
18.03.2019,18:00,19:00,258.0
18.03.2019,19:00,20:00,275.0
18.03.2019,20:00,21:00,227.0
18.03.2019,21:00,22:00,134.0
18.03.2019,22:00,23:00,134.0
18.03.2019,23:00,00:00,134.0
19.03.2019,00:00,01:00,136.0
19.03.2019,01:00,02:00,137.0
19.03.2019,02:00,03:00,136.0
19.03.2019,03:00,04:00,137.0
19.03.2019,04:00,05:00,169.0
19.03.2019,05:00,06:00,218.0
19.03.2019,06:00,07:00,267.0
19.03.2019,07:00,08:00,275.0
19.03.2019,08:00,09:00,286.0
19.03.2019,09:00,10:00,228.0
19.03.2019,10:00,11:00,145.0
19.03.2019,11:00,12:00,144.0
19.03.2019,12:00,13:00,145.0
19.03.2019,13:00,14:00,144.0
19.03.2019,14:00,15:00,145.0
19.03.2019,15:00,16:00,145.0
19.03.2019,16:00,17:00,169.0
19.03.2019,17:00,18:00,297.0
19.03.2019,18:00,19:00,297.0
19.03.2019,19:00,20:00,294.0
19.03.2019,20:00,21:00,293.0
19.03.2019,21:00,22:00,235.0
19.03.2019,22:00,23:00,139.0
19.03.2019,23:00,00:00,136.0
20.03.2019,00:00,01:00,127.0
20.03.2019,01:00,02:00,125.0
20.03.2019,02:00,03:00,126.0
20.03.2019,03:00,04:00,133.0
20.03.2019,04:00,05:00,139.0
20.03.2019,05:00,06:00,138.0
20.03.2019,06:00,07:00,159.0
20.03.2019,07:00,08:00,203.0
20.03.2019,08:00,09:00,203.0
20.03.2019,09:00,10:00,188.0
20.03.2019,10:00,11:00,153.0
20.03.2019,11:00,12:00,153.0
20.03.2019,12:00,13:00,144.0
20.03.2019,13:00,14:00,138.0
20.03.2019,14:00,15:00,138.0
20.03.2019,15:00,16:00,138.0
20.03.2019,16:00,17:00,133.0
20.03.2019,17:00,18:00,175.0
20.03.2019,18:00,19:00,279.0
20.03.2019,19:00,20:00,281.0
20.03.2019,20:00,21:00,286.0
20.03.2019,21:00,22:00,288.0
20.03.2019,22:00,23:00,289.0
20.03.2019,23:00,00:00,210.0
21.03.2019,00:00,01:00,202.0
21.03.2019,01:00,02:00,203.0
21.03.2019,02:00,03:00,200.0
21.03.2019,03:00,04:00,167.0
21.03.2019,04:00,05:00,185.0
21.03.2019,05:00,06:00,187.0
21.03.2019,06:00,07:00,182.0
21.03.2019,07:00,08:00,183.0
21.03.2019,08:00,09:00,238.0
21.03.2019,09:00,10:00,268.0
21.03.2019,10:00,11:00,243.0
21.03.2019,11:00,12:00,242.0
21.03.2019,12:00,13:00,241.0
21.03.2019,13:00,14:00,241.0
21.03.2019,14:00,15:00,244.0
21.03.2019,15:00,16:00,262.0
21.03.2019,16:00,17:00,287.0
21.03.2019,17:00,18:00,274.0
21.03.2019,18:00,19:00,284.0
21.03.2019,19:00,20:00,288.0
21.03.2019,20:00,21:00,289.0
21.03.2019,21:00,22:00,289.0
21.03.2019,22:00,23:00,290.0
21.03.2019,23:00,00:00,296.0
22.03.2019,00:00,01:00,300.0
22.03.2019,01:00,02:00,276.0
22.03.2019,02:00,03:00,271.0
22.03.2019,03:00,04:00,287.0
22.03.2019,04:00,05:00,288.0
22.03.2019,05:00,06:00,282.0
22.03.2019,06:00,07:00,280.0
22.03.2019,07:00,08:00,282.0
22.03.2019,08:00,09:00,284.0
22.03.2019,09:00,10:00,285.0
22.03.2019,10:00,11:00,282.0
22.03.2019,11:00,12:00,259.0
22.03.2019,12:00,13:00,234.0
22.03.2019,13:00,14:00,200.0
22.03.2019,14:00,15:00,206.0
22.03.2019,15:00,16:00,244.0
22.03.2019,16:00,17:00,265.0
22.03.2019,17:00,18:00,297.0
22.03.2019,18:00,19:00,295.0
22.03.2019,19:00,20:00,294.0
22.03.2019,20:00,21:00,248.0
22.03.2019,21:00,22:00,286.0
22.03.2019,22:00,23:00,276.0
22.03.2019,23:00,00:00,160.0
23.03.2019,00:00,01:00,138.0
23.03.2019,01:00,02:00,125.0
23.03.2019,02:00,03:00,123.0
23.03.2019,03:00,04:00,128.0
23.03.2019,04:00,05:00,136.0
23.03.2019,05:00,06:00,134.0
23.03.2019,06:00,07:00,134.0
23.03.2019,07:00,08:00,218.0
23.03.2019,08:00,09:00,276.0
23.03.2019,09:00,10:00,274.0
23.03.2019,10:00,11:00,192.0
23.03.2019,11:00,12:00,141.0
23.03.2019,12:00,13:00,143.0
23.03.2019,13:00,14:00,142.0
23.03.2019,14:00,15:00,142.0
23.03.2019,15:00,16:00,142.0
23.03.2019,16:00,17:00,166.0
23.03.2019,17:00,18:00,200.0
23.03.2019,18:00,19:00,246.0
23.03.2019,19:00,20:00,288.0
23.03.2019,20:00,21:00,271.0
23.03.2019,21:00,22:00,200.0
23.03.2019,22:00,23:00,147.0
23.03.2019,23:00,00:00,135.0
24.03.2019,00:00,01:00,134.0
24.03.2019,01:00,02:00,135.0
24.03.2019,02:00,03:00,134.0
24.03.2019,03:00,04:00,133.0
24.03.2019,04:00,05:00,135.0
24.03.2019,05:00,06:00,132.0
24.03.2019,06:00,07:00,134.0
24.03.2019,07:00,08:00,140.0
24.03.2019,08:00,09:00,135.0
24.03.2019,09:00,10:00,136.0
24.03.2019,10:00,11:00,136.0
24.03.2019,11:00,12:00,139.0
24.03.2019,12:00,13:00,143.0
24.03.2019,13:00,14:00,144.0
24.03.2019,14:00,15:00,142.0
24.03.2019,15:00,16:00,140.0
24.03.2019,16:00,17:00,142.0
24.03.2019,17:00,18:00,149.0
24.03.2019,18:00,19:00,170.0
24.03.2019,19:00,20:00,221.0
24.03.2019,20:00,21:00,245.0
24.03.2019,21:00,22:00,132.0
24.03.2019,22:00,23:00,130.0
24.03.2019,23:00,00:00,132.0
25.03.2019,00:00,01:00,134.0
25.03.2019,01:00,02:00,134.0
25.03.2019,02:00,03:00,134.0
25.03.2019,03:00,04:00,132.0
25.03.2019,04:00,05:00,134.0
25.03.2019,05:00,06:00,145.0
25.03.2019,06:00,07:00,193.0
25.03.2019,07:00,08:00,277.0
25.03.2019,08:00,09:00,232.0
25.03.2019,09:00,10:00,134.0
25.03.2019,10:00,11:00,132.0
25.03.2019,11:00,12:00,136.0
25.03.2019,12:00,13:00,140.0
25.03.2019,13:00,14:00,143.0
25.03.2019,14:00,15:00,142.0
25.03.2019,15:00,16:00,156.0
25.03.2019,16:00,17:00,279.0
25.03.2019,17:00,18:00,290.0
25.03.2019,18:00,19:00,285.0
25.03.2019,19:00,20:00,284.0
25.03.2019,20:00,21:00,285.0
25.03.2019,21:00,22:00,283.0
25.03.2019,22:00,23:00,255.0
25.03.2019,23:00,00:00,142.0
26.03.2019,00:00,01:00,130.0
26.03.2019,01:00,02:00,129.0
26.03.2019,02:00,03:00,134.0
26.03.2019,03:00,04:00,131.0
26.03.2019,04:00,05:00,133.0
26.03.2019,05:00,06:00,161.0
26.03.2019,06:00,07:00,196.0
26.03.2019,07:00,08:00,193.0
26.03.2019,08:00,09:00,200.0
26.03.2019,09:00,10:00,203.0
26.03.2019,10:00,11:00,206.0
26.03.2019,11:00,12:00,205.0
26.03.2019,12:00,13:00,272.0
26.03.2019,13:00,14:00,291.0
26.03.2019,14:00,15:00,287.0
26.03.2019,15:00,16:00,284.0
26.03.2019,16:00,17:00,291.0
26.03.2019,17:00,18:00,290.0
26.03.2019,18:00,19:00,289.0
26.03.2019,19:00,20:00,284.0
26.03.2019,20:00,21:00,290.0
26.03.2019,21:00,22:00,293.0
26.03.2019,22:00,23:00,298.0
26.03.2019,23:00,00:00,301.0
27.03.2019,00:00,01:00,301.0
27.03.2019,01:00,02:00,299.0
27.03.2019,02:00,03:00,298.0
27.03.2019,03:00,04:00,294.0
27.03.2019,04:00,05:00,293.0
27.03.2019,05:00,06:00,291.0
27.03.2019,06:00,07:00,290.0
27.03.2019,07:00,08:00,287.0
27.03.2019,08:00,09:00,281.0
27.03.2019,09:00,10:00,282.0
27.03.2019,10:00,11:00,283.0
27.03.2019,11:00,12:00,283.0
27.03.2019,12:00,13:00,288.0
27.03.2019,13:00,14:00,287.0
27.03.2019,14:00,15:00,284.0
27.03.2019,15:00,16:00,286.0
27.03.2019,16:00,17:00,286.0
27.03.2019,17:00,18:00,285.0
27.03.2019,18:00,19:00,281.0
27.03.2019,19:00,20:00,281.0
27.03.2019,20:00,21:00,289.0
27.03.2019,21:00,22:00,289.0
27.03.2019,22:00,23:00,291.0
27.03.2019,23:00,00:00,294.0
28.03.2019,00:00,01:00,301.0
28.03.2019,01:00,02:00,299.0
28.03.2019,02:00,03:00,300.0
28.03.2019,03:00,04:00,296.0
28.03.2019,04:00,05:00,290.0
28.03.2019,05:00,06:00,284.0
28.03.2019,06:00,07:00,284.0
28.03.2019,07:00,08:00,288.0
28.03.2019,08:00,09:00,287.0
28.03.2019,09:00,10:00,290.0
28.03.2019,10:00,11:00,294.0
28.03.2019,11:00,12:00,295.0
28.03.2019,12:00,13:00,294.0
28.03.2019,13:00,14:00,294.0
28.03.2019,14:00,15:00,294.0
28.03.2019,15:00,16:00,295.0
28.03.2019,16:00,17:00,296.0
28.03.2019,17:00,18:00,296.0
28.03.2019,18:00,19:00,294.0
28.03.2019,19:00,20:00,292.0
28.03.2019,20:00,21:00,293.0
28.03.2019,21:00,22:00,293.0
28.03.2019,22:00,23:00,296.0
28.03.2019,23:00,00:00,298.0
29.03.2019,00:00,01:00,298.0
29.03.2019,01:00,02:00,293.0
29.03.2019,02:00,03:00,293.0
29.03.2019,03:00,04:00,294.0
29.03.2019,04:00,05:00,292.0
29.03.2019,05:00,06:00,283.0
29.03.2019,06:00,07:00,282.0
29.03.2019,07:00,08:00,288.0
29.03.2019,08:00,09:00,292.0
29.03.2019,09:00,10:00,294.0
29.03.2019,10:00,11:00,290.0
29.03.2019,11:00,12:00,295.0
29.03.2019,12:00,13:00,299.0
29.03.2019,13:00,14:00,297.0
29.03.2019,14:00,15:00,294.0
29.03.2019,15:00,16:00,295.0
29.03.2019,16:00,17:00,292.0
29.03.2019,17:00,18:00,289.0
29.03.2019,18:00,19:00,288.0
29.03.2019,19:00,20:00,287.0
29.03.2019,20:00,21:00,287.0
29.03.2019,21:00,22:00,291.0
29.03.2019,22:00,23:00,293.0
29.03.2019,23:00,00:00,290.0
30.03.2019,00:00,01:00,290.0
30.03.2019,01:00,02:00,289.0
30.03.2019,02:00,03:00,288.0
30.03.2019,03:00,04:00,286.0
30.03.2019,04:00,05:00,286.0
30.03.2019,05:00,06:00,283.0
30.03.2019,06:00,07:00,285.0
30.03.2019,07:00,08:00,290.0
30.03.2019,08:00,09:00,297.0
30.03.2019,09:00,10:00,303.0
30.03.2019,10:00,11:00,304.0
30.03.2019,11:00,12:00,303.0
30.03.2019,12:00,13:00,243.0
30.03.2019,13:00,14:00,237.0
30.03.2019,14:00,15:00,237.0
30.03.2019,15:00,16:00,238.0
30.03.2019,16:00,17:00,236.0
30.03.2019,17:00,18:00,271.0
30.03.2019,18:00,19:00,297.0
30.03.2019,19:00,20:00,292.0
30.03.2019,20:00,21:00,291.0
30.03.2019,21:00,22:00,288.0
30.03.2019,22:00,23:00,284.0
30.03.2019,23:00,00:00,239.0
31.03.2019,00:00,01:00,236.0
31.03.2019,01:00,02:00,238.0
31.03.2019,03:00,04:00,236.0
31.03.2019,04:00,05:00,237.0
31.03.2019,05:00,06:00,236.0
31.03.2019,06:00,07:00,255.0
31.03.2019,07:00,08:00,287.0
31.03.2019,08:00,09:00,270.0
31.03.2019,09:00,10:00,131.0
31.03.2019,10:00,11:00,116.0
31.03.2019,11:00,12:00,124.0
31.03.2019,12:00,13:00,62.0
31.03.2019,13:00,14:00,0.0
31.03.2019,14:00,15:00,0.0
31.03.2019,15:00,16:00,0.0
31.03.2019,16:00,17:00,0.0
31.03.2019,17:00,18:00,0.0
31.03.2019,18:00,19:00,0.0
31.03.2019,19:00,20:00,0.0
31.03.2019,20:00,21:00,0.0
31.03.2019,21:00,22:00,0.0
31.03.2019,22:00,23:00,0.0
31.03.2019,23:00,00:00,0.0
01.04.2019,00:00,01:00,0.0
01.04.2019,01:00,02:00,0.0
01.04.2019,02:00,03:00,0.0
01.04.2019,03:00,04:00,0.0
01.04.2019,04:00,05:00,0.0
01.04.2019,05:00,06:00,0.0
01.04.2019,06:00,07:00,0.0
01.04.2019,07:00,08:00,0.0
01.04.2019,08:00,09:00,0.0
01.04.2019,09:00,10:00,0.0
01.04.2019,10:00,11:00,0.0
01.04.2019,11:00,12:00,0.0
01.04.2019,12:00,13:00,0.0
01.04.2019,13:00,14:00,0.0
01.04.2019,14:00,15:00,0.0
01.04.2019,15:00,16:00,0.0
01.04.2019,16:00,17:00,0.0
01.04.2019,17:00,18:00,0.0
01.04.2019,18:00,19:00,0.0
01.04.2019,19:00,20:00,0.0
01.04.2019,20:00,21:00,0.0
01.04.2019,21:00,22:00,0.0
01.04.2019,22:00,23:00,0.0
01.04.2019,23:00,00:00,0.0
02.04.2019,00:00,01:00,0.0
02.04.2019,01:00,02:00,0.0
02.04.2019,02:00,03:00,0.0
02.04.2019,03:00,04:00,0.0
02.04.2019,04:00,05:00,0.0
02.04.2019,05:00,06:00,0.0
02.04.2019,06:00,07:00,0.0
02.04.2019,07:00,08:00,0.0
02.04.2019,08:00,09:00,0.0
02.04.2019,09:00,10:00,0.0
02.04.2019,10:00,11:00,0.0
02.04.2019,11:00,12:00,0.0
02.04.2019,12:00,13:00,0.0
02.04.2019,13:00,14:00,0.0
02.04.2019,14:00,15:00,0.0
02.04.2019,15:00,16:00,0.0
02.04.2019,16:00,17:00,0.0
02.04.2019,17:00,18:00,0.0
02.04.2019,18:00,19:00,0.0
02.04.2019,19:00,20:00,0.0
02.04.2019,20:00,21:00,0.0
02.04.2019,21:00,22:00,0.0
02.04.2019,22:00,23:00,0.0
02.04.2019,23:00,00:00,0.0
03.04.2019,00:00,01:00,0.0
03.04.2019,01:00,02:00,0.0
03.04.2019,02:00,03:00,0.0
03.04.2019,03:00,04:00,0.0
03.04.2019,04:00,05:00,0.0
03.04.2019,05:00,06:00,0.0
03.04.2019,06:00,07:00,0.0
03.04.2019,07:00,08:00,0.0
03.04.2019,08:00,09:00,0.0
03.04.2019,09:00,10:00,0.0
03.04.2019,10:00,11:00,0.0
03.04.2019,11:00,12:00,0.0
03.04.2019,12:00,13:00,0.0
03.04.2019,13:00,14:00,0.0
03.04.2019,14:00,15:00,0.0
03.04.2019,15:00,16:00,0.0
03.04.2019,16:00,17:00,0.0
03.04.2019,17:00,18:00,0.0
03.04.2019,18:00,19:00,0.0
03.04.2019,19:00,20:00,0.0
03.04.2019,20:00,21:00,0.0
03.04.2019,21:00,22:00,0.0
03.04.2019,22:00,23:00,0.0
03.04.2019,23:00,00:00,0.0
04.04.2019,00:00,01:00,0.0
04.04.2019,01:00,02:00,0.0
04.04.2019,02:00,03:00,0.0
04.04.2019,03:00,04:00,0.0
04.04.2019,04:00,05:00,0.0
04.04.2019,05:00,06:00,0.0
04.04.2019,06:00,07:00,0.0
04.04.2019,07:00,08:00,0.0
04.04.2019,08:00,09:00,0.0
04.04.2019,09:00,10:00,0.0
04.04.2019,10:00,11:00,0.0
04.04.2019,11:00,12:00,0.0
04.04.2019,12:00,13:00,0.0
04.04.2019,13:00,14:00,0.0
04.04.2019,14:00,15:00,0.0
04.04.2019,15:00,16:00,0.0
04.04.2019,16:00,17:00,0.0
04.04.2019,17:00,18:00,0.0
04.04.2019,18:00,19:00,0.0
04.04.2019,19:00,20:00,0.0
04.04.2019,20:00,21:00,0.0
04.04.2019,21:00,22:00,0.0
04.04.2019,22:00,23:00,0.0
04.04.2019,23:00,00:00,0.0
05.04.2019,00:00,01:00,0.0
05.04.2019,01:00,02:00,0.0
05.04.2019,02:00,03:00,0.0
05.04.2019,03:00,04:00,0.0
05.04.2019,04:00,05:00,0.0
05.04.2019,05:00,06:00,0.0
05.04.2019,06:00,07:00,0.0
05.04.2019,07:00,08:00,0.0
05.04.2019,08:00,09:00,0.0
05.04.2019,09:00,10:00,0.0
05.04.2019,10:00,11:00,0.0
05.04.2019,11:00,12:00,0.0
05.04.2019,12:00,13:00,0.0
05.04.2019,13:00,14:00,0.0
05.04.2019,14:00,15:00,0.0
05.04.2019,15:00,16:00,0.0
05.04.2019,16:00,17:00,0.0
05.04.2019,17:00,18:00,0.0
05.04.2019,18:00,19:00,0.0
05.04.2019,19:00,20:00,0.0
05.04.2019,20:00,21:00,0.0
05.04.2019,21:00,22:00,0.0
05.04.2019,22:00,23:00,0.0
05.04.2019,23:00,00:00,0.0
06.04.2019,00:00,01:00,0.0
06.04.2019,01:00,02:00,0.0
06.04.2019,02:00,03:00,0.0
06.04.2019,03:00,04:00,0.0
06.04.2019,04:00,05:00,0.0
06.04.2019,05:00,06:00,0.0
06.04.2019,06:00,07:00,0.0
06.04.2019,07:00,08:00,0.0
06.04.2019,08:00,09:00,0.0
06.04.2019,09:00,10:00,0.0
06.04.2019,10:00,11:00,0.0
06.04.2019,11:00,12:00,0.0
06.04.2019,12:00,13:00,0.0
06.04.2019,13:00,14:00,0.0
06.04.2019,14:00,15:00,0.0
06.04.2019,15:00,16:00,0.0
06.04.2019,16:00,17:00,0.0
06.04.2019,17:00,18:00,0.0
06.04.2019,18:00,19:00,0.0
06.04.2019,19:00,20:00,0.0
06.04.2019,20:00,21:00,0.0
06.04.2019,21:00,22:00,0.0
06.04.2019,22:00,23:00,0.0
06.04.2019,23:00,00:00,0.0
07.04.2019,00:00,01:00,0.0
07.04.2019,01:00,02:00,0.0
07.04.2019,02:00,03:00,0.0
07.04.2019,03:00,04:00,0.0
07.04.2019,04:00,05:00,0.0
07.04.2019,05:00,06:00,0.0
07.04.2019,06:00,07:00,0.0
07.04.2019,07:00,08:00,0.0
07.04.2019,08:00,09:00,0.0
07.04.2019,09:00,10:00,0.0
07.04.2019,10:00,11:00,0.0
07.04.2019,11:00,12:00,0.0
07.04.2019,12:00,13:00,0.0
07.04.2019,13:00,14:00,0.0
07.04.2019,14:00,15:00,0.0
07.04.2019,15:00,16:00,0.0
07.04.2019,16:00,17:00,0.0
07.04.2019,17:00,18:00,0.0
07.04.2019,18:00,19:00,0.0
07.04.2019,19:00,20:00,0.0
07.04.2019,20:00,21:00,0.0
07.04.2019,21:00,22:00,0.0
07.04.2019,22:00,23:00,0.0
07.04.2019,23:00,00:00,0.0
08.04.2019,00:00,01:00,0.0
08.04.2019,01:00,02:00,0.0
08.04.2019,02:00,03:00,0.0
08.04.2019,03:00,04:00,0.0
08.04.2019,04:00,05:00,0.0
08.04.2019,05:00,06:00,0.0
08.04.2019,06:00,07:00,0.0
08.04.2019,07:00,08:00,0.0
08.04.2019,08:00,09:00,0.0
08.04.2019,09:00,10:00,0.0
08.04.2019,10:00,11:00,0.0
08.04.2019,11:00,12:00,0.0
08.04.2019,12:00,13:00,0.0
08.04.2019,13:00,14:00,0.0
08.04.2019,14:00,15:00,0.0
08.04.2019,15:00,16:00,0.0
08.04.2019,16:00,17:00,0.0
08.04.2019,17:00,18:00,0.0
08.04.2019,18:00,19:00,0.0
08.04.2019,19:00,20:00,0.0
08.04.2019,20:00,21:00,0.0
08.04.2019,21:00,22:00,0.0
08.04.2019,22:00,23:00,0.0
08.04.2019,23:00,00:00,0.0
09.04.2019,00:00,01:00,
09.04.2019,01:00,02:00,
09.04.2019,02:00,03:00,
09.04.2019,03:00,04:00,
09.04.2019,04:00,05:00,
09.04.2019,05:00,06:00,
09.04.2019,06:00,07:00,
09.04.2019,07:00,08:00,
09.04.2019,08:00,09:00,
09.04.2019,09:00,10:00,
09.04.2019,10:00,11:00,
09.04.2019,11:00,12:00,
09.04.2019,12:00,13:00,
09.04.2019,13:00,14:00,
09.04.2019,14:00,15:00,
09.04.2019,15:00,16:00,
09.04.2019,16:00,17:00,
09.04.2019,17:00,18:00,
09.04.2019,18:00,19:00,
09.04.2019,19:00,20:00,
09.04.2019,20:00,21:00,
09.04.2019,21:00,22:00,
09.04.2019,22:00,23:00,
09.04.2019,23:00,00:00,
10.04.2019,00:00,01:00,
10.04.2019,01:00,02:00,
10.04.2019,02:00,03:00,
10.04.2019,03:00,04:00,
10.04.2019,04:00,05:00,
10.04.2019,05:00,06:00,
10.04.2019,06:00,07:00,
10.04.2019,07:00,08:00,
10.04.2019,08:00,09:00,
10.04.2019,09:00,10:00,
10.04.2019,10:00,11:00,
10.04.2019,11:00,12:00,
10.04.2019,12:00,13:00,
10.04.2019,13:00,14:00,
10.04.2019,14:00,15:00,
10.04.2019,15:00,16:00,
10.04.2019,16:00,17:00,
10.04.2019,17:00,18:00,
10.04.2019,18:00,19:00,
10.04.2019,19:00,20:00,
10.04.2019,20:00,21:00,
10.04.2019,21:00,22:00,
10.04.2019,22:00,23:00,
10.04.2019,23:00,00:00,
11.04.2019,00:00,01:00,
11.04.2019,01:00,02:00,
11.04.2019,02:00,03:00,
11.04.2019,03:00,04:00,
11.04.2019,04:00,05:00,
11.04.2019,05:00,06:00,
11.04.2019,06:00,07:00,
11.04.2019,07:00,08:00,
11.04.2019,08:00,09:00,
11.04.2019,09:00,10:00,
11.04.2019,10:00,11:00,
11.04.2019,11:00,12:00,
11.04.2019,12:00,13:00,
11.04.2019,13:00,14:00,
11.04.2019,14:00,15:00,
11.04.2019,15:00,16:00,
11.04.2019,16:00,17:00,
11.04.2019,17:00,18:00,
11.04.2019,18:00,19:00,
11.04.2019,19:00,20:00,
11.04.2019,20:00,21:00,
11.04.2019,21:00,22:00,
11.04.2019,22:00,23:00,
11.04.2019,23:00,00:00,
12.04.2019,00:00,01:00,
12.04.2019,01:00,02:00,
12.04.2019,02:00,03:00,
12.04.2019,03:00,04:00,
12.04.2019,04:00,05:00,
12.04.2019,05:00,06:00,
12.04.2019,06:00,07:00,
12.04.2019,07:00,08:00,
12.04.2019,08:00,09:00,
12.04.2019,09:00,10:00,
12.04.2019,10:00,11:00,
12.04.2019,11:00,12:00,
12.04.2019,12:00,13:00,
12.04.2019,13:00,14:00,
12.04.2019,14:00,15:00,
12.04.2019,15:00,16:00,
12.04.2019,16:00,17:00,
12.04.2019,17:00,18:00,
12.04.2019,18:00,19:00,
12.04.2019,19:00,20:00,
12.04.2019,20:00,21:00,
12.04.2019,21:00,22:00,
12.04.2019,22:00,23:00,
12.04.2019,23:00,00:00,
13.04.2019,00:00,01:00,
13.04.2019,01:00,02:00,
13.04.2019,02:00,03:00,
13.04.2019,03:00,04:00,
13.04.2019,04:00,05:00,
13.04.2019,05:00,06:00,
13.04.2019,06:00,07:00,
13.04.2019,07:00,08:00,
13.04.2019,08:00,09:00,
13.04.2019,09:00,10:00,
13.04.2019,10:00,11:00,
13.04.2019,11:00,12:00,
13.04.2019,12:00,13:00,
13.04.2019,13:00,14:00,
13.04.2019,14:00,15:00,
13.04.2019,15:00,16:00,
13.04.2019,16:00,17:00,
13.04.2019,17:00,18:00,
13.04.2019,18:00,19:00,
13.04.2019,19:00,20:00,
13.04.2019,20:00,21:00,
13.04.2019,21:00,22:00,
13.04.2019,22:00,23:00,
13.04.2019,23:00,00:00,
14.04.2019,00:00,01:00,
14.04.2019,01:00,02:00,
14.04.2019,02:00,03:00,
14.04.2019,03:00,04:00,
14.04.2019,04:00,05:00,
14.04.2019,05:00,06:00,
14.04.2019,06:00,07:00,
14.04.2019,07:00,08:00,
14.04.2019,08:00,09:00,
14.04.2019,09:00,10:00,
14.04.2019,10:00,11:00,
14.04.2019,11:00,12:00,
14.04.2019,12:00,13:00,
14.04.2019,13:00,14:00,
14.04.2019,14:00,15:00,
14.04.2019,15:00,16:00,
14.04.2019,16:00,17:00,
14.04.2019,17:00,18:00,
14.04.2019,18:00,19:00,
14.04.2019,19:00,20:00,
14.04.2019,20:00,21:00,
14.04.2019,21:00,22:00,
14.04.2019,22:00,23:00,
14.04.2019,23:00,00:00,
