date,start,end,11WD2MEHR2CSWHCZ
25072022,00:00,01:00,
25072022,01:00,02:00,
25072022,02:00,03:00,
25072022,03:00,04:00,
25072022,04:00,05:00,
25072022,05:00,06:00,
25072022,06:00,07:00,
25072022,07:00,08:00,
25072022,08:00,09:00,
25072022,09:00,10:00,
25072022,10:00,11:00,
25072022,11:00,12:00,
25072022,12:00,13:00,
25072022,13:00,14:00,
25072022,14:00,15:00,
25072022,15:00,16:00,
25072022,16:00,17:00,
25072022,17:00,18:00,
25072022,18:00,19:00,
25072022,19:00,20:00,
25072022,20:00,21:00,
25072022,21:00,22:00,
25072022,22:00,23:00,
25072022,23:00,00:00,
26072022,00:00,01:00,
26072022,01:00,02:00,
26072022,02:00,03:00,
26072022,03:00,04:00,
26072022,04:00,05:00,
26072022,05:00,06:00,
26072022,06:00,07:00,
26072022,07:00,08:00,
26072022,08:00,09:00,
26072022,09:00,10:00,
26072022,10:00,11:00,
26072022,11:00,12:00,
26072022,12:00,13:00,
26072022,13:00,14:00,
26072022,14:00,15:00,
26072022,15:00,16:00,
26072022,16:00,17:00,
26072022,17:00,18:00,
26072022,18:00,19:00,
26072022,19:00,20:00,
26072022,20:00,21:00,
26072022,21:00,22:00,
26072022,22:00,23:00,
26072022,23:00,00:00,
27072022,00:00,01:00,
27072022,01:00,02:00,
27072022,02:00,03:00,
27072022,03:00,04:00,
27072022,04:00,05:00,
27072022,05:00,06:00,
27072022,06:00,07:00,
27072022,07:00,08:00,
27072022,08:00,09:00,
27072022,09:00,10:00,
27072022,10:00,11:00,
27072022,11:00,12:00,
27072022,12:00,13:00,
27072022,13:00,14:00,
27072022,14:00,15:00,
27072022,15:00,16:00,
27072022,16:00,17:00,
27072022,17:00,18:00,
27072022,18:00,19:00,
27072022,19:00,20:00,
27072022,20:00,21:00,
27072022,21:00,22:00,
27072022,22:00,23:00,
27072022,23:00,00:00,
28072022,00:00,01:00,
28072022,01:00,02:00,
28072022,02:00,03:00,
28072022,03:00,04:00,
28072022,04:00,05:00,
28072022,05:00,06:00,
28072022,06:00,07:00,
28072022,07:00,08:00,
28072022,08:00,09:00,
28072022,09:00,10:00,
28072022,10:00,11:00,
28072022,11:00,12:00,
28072022,12:00,13:00,
28072022,13:00,14:00,
28072022,14:00,15:00,
28072022,15:00,16:00,
28072022,16:00,17:00,
28072022,17:00,18:00,
28072022,18:00,19:00,
28072022,19:00,20:00,
28072022,20:00,21:00,
28072022,21:00,22:00,
28072022,22:00,23:00,
28072022,23:00,00:00,
29072022,00:00,01:00,
29072022,01:00,02:00,
29072022,02:00,03:00,
29072022,03:00,04:00,
29072022,04:00,05:00,
29072022,05:00,06:00,
29072022,06:00,07:00,
29072022,07:00,08:00,
29072022,08:00,09:00,
29072022,09:00,10:00,
29072022,10:00,11:00,
29072022,11:00,12:00,
29072022,12:00,13:00,
29072022,13:00,14:00,
29072022,14:00,15:00,
29072022,15:00,16:00,
29072022,16:00,17:00,
29072022,17:00,18:00,
29072022,18:00,19:00,
29072022,19:00,20:00,
29072022,20:00,21:00,
29072022,21:00,22:00,
29072022,22:00,23:00,
29072022,23:00,00:00,
30072022,00:00,01:00,
30072022,01:00,02:00,
30072022,02:00,03:00,
30072022,03:00,04:00,
30072022,04:00,05:00,
30072022,05:00,06:00,
30072022,06:00,07:00,
30072022,07:00,08:00,
30072022,08:00,09:00,
30072022,09:00,10:00,
30072022,10:00,11:00,
30072022,11:00,12:00,
30072022,12:00,13:00,
30072022,13:00,14:00,
30072022,14:00,15:00,
30072022,15:00,16:00,
30072022,16:00,17:00,
30072022,17:00,18:00,
30072022,18:00,19:00,
30072022,19:00,20:00,
30072022,20:00,21:00,
30072022,21:00,22:00,
30072022,22:00,23:00,
30072022,23:00,00:00,
31072022,00:00,01:00,0.0
31072022,01:00,02:00,0.0
31072022,02:00,03:00,0.0
31072022,03:00,04:00,0.0
31072022,04:00,05:00,0.0
31072022,05:00,06:00,0.0
31072022,06:00,07:00,0.0
31072022,07:00,08:00,0.0
31072022,08:00,09:00,0.0
31072022,09:00,10:00,0.0
31072022,10:00,11:00,0.0
31072022,11:00,12:00,17.0
31072022,12:00,13:00,187.0
31072022,13:00,14:00,337.0
31072022,14:00,15:00,437.0
31072022,15:00,16:00,451.0
31072022,16:00,17:00,451.0
31072022,17:00,18:00,450.0
31072022,18:00,19:00,390.0
31072022,19:00,20:00,290.0
31072022,20:00,21:00,271.0
31072022,21:00,22:00,270.0
31072022,22:00,23:00,269.0
31072022,23:00,00:00,270.0
1082022,00:00,01:00,202.0
1082022,01:00,02:00,271.0
1082022,02:00,03:00,270.0
1082022,03:00,04:00,270.0
1082022,04:00,05:00,270.0
1082022,05:00,06:00,316.0
1082022,06:00,07:00,388.0
1082022,07:00,08:00,284.0
1082022,08:00,09:00,250.0
1082022,09:00,10:00,250.0
1082022,10:00,11:00,251.0
1082022,11:00,12:00,248.0
1082022,12:00,13:00,251.0
1082022,13:00,14:00,250.0
1082022,14:00,15:00,250.0
1082022,15:00,16:00,251.0
1082022,16:00,17:00,250.0
1082022,17:00,18:00,250.0
1082022,18:00,19:00,250.0
1082022,19:00,20:00,251.0
1082022,20:00,21:00,251.0
1082022,21:00,22:00,250.0
1082022,22:00,23:00,249.0
1082022,23:00,00:00,251.0
2082022,00:00,01:00,296.0
2082022,01:00,02:00,301.0
2082022,02:00,03:00,300.0
2082022,03:00,04:00,301.0
2082022,04:00,05:00,300.0
2082022,05:00,06:00,300.0
2082022,06:00,07:00,300.0
2082022,07:00,08:00,316.0
2082022,08:00,09:00,326.0
2082022,09:00,10:00,298.0
2082022,10:00,11:00,167.0
2082022,11:00,12:00,152.0
2082022,12:00,13:00,152.0
2082022,13:00,14:00,152.0
2082022,14:00,15:00,152.0
2082022,15:00,16:00,153.0
2082022,16:00,17:00,280.0
2082022,17:00,18:00,300.0
2082022,18:00,19:00,301.0
2082022,19:00,20:00,300.0
2082022,20:00,21:00,300.0
2082022,21:00,22:00,300.0
2082022,22:00,23:00,300.0
2082022,23:00,00:00,300.0
3082022,00:00,01:00,300.0
3082022,01:00,02:00,300.0
3082022,02:00,03:00,259.0
3082022,03:00,04:00,151.0
3082022,04:00,05:00,150.0
3082022,05:00,06:00,150.0
3082022,06:00,07:00,151.0
3082022,07:00,08:00,150.0
3082022,08:00,09:00,202.0
3082022,09:00,10:00,322.0
3082022,10:00,11:00,320.0
3082022,11:00,12:00,421.0
3082022,12:00,13:00,459.0
3082022,13:00,14:00,460.0
3082022,14:00,15:00,336.0
3082022,15:00,16:00,308.0
3082022,16:00,17:00,307.0
3082022,17:00,18:00,311.0
3082022,18:00,19:00,278.0
3082022,19:00,20:00,156.0
3082022,20:00,21:00,153.0
3082022,21:00,22:00,152.0
3082022,22:00,23:00,152.0
3082022,23:00,00:00,152.0
4082022,00:00,01:00,155.0
4082022,01:00,02:00,290.0
4082022,02:00,03:00,300.0
4082022,03:00,04:00,300.0
4082022,04:00,05:00,301.0
4082022,05:00,06:00,300.0
4082022,06:00,07:00,300.0
4082022,07:00,08:00,300.0
4082022,08:00,09:00,300.0
4082022,09:00,10:00,301.0
4082022,10:00,11:00,300.0
4082022,11:00,12:00,300.0
4082022,12:00,13:00,300.0
4082022,13:00,14:00,301.0
4082022,14:00,15:00,300.0
4082022,15:00,16:00,300.0
4082022,16:00,17:00,300.0
4082022,17:00,18:00,300.0
4082022,18:00,19:00,299.0
4082022,19:00,20:00,301.0
4082022,20:00,21:00,300.0
4082022,21:00,22:00,300.0
4082022,22:00,23:00,300.0
4082022,23:00,00:00,304.0
5082022,00:00,01:00,314.0
5082022,01:00,02:00,314.0
5082022,02:00,03:00,313.0
5082022,03:00,04:00,312.0
5082022,04:00,05:00,314.0
5082022,05:00,06:00,307.0
5082022,06:00,07:00,307.0
5082022,07:00,08:00,302.0
5082022,08:00,09:00,291.0
5082022,09:00,10:00,290.0
5082022,10:00,11:00,302.0
5082022,11:00,12:00,445.0
5082022,12:00,13:00,450.0
5082022,13:00,14:00,450.0
5082022,14:00,15:00,450.0
5082022,15:00,16:00,442.0
5082022,16:00,17:00,314.0
5082022,17:00,18:00,309.0
5082022,18:00,19:00,309.0
5082022,19:00,20:00,308.0
5082022,20:00,21:00,310.0
5082022,21:00,22:00,314.0
5082022,22:00,23:00,312.0
5082022,23:00,00:00,310.0
6082022,00:00,01:00,311.0
6082022,01:00,02:00,314.0
6082022,02:00,03:00,311.0
6082022,03:00,04:00,308.0
6082022,04:00,05:00,313.0
6082022,05:00,06:00,293.0
6082022,06:00,07:00,250.0
6082022,07:00,08:00,250.0
6082022,08:00,09:00,251.0
6082022,09:00,10:00,250.0
6082022,10:00,11:00,259.0
6082022,11:00,12:00,301.0
6082022,12:00,13:00,301.0
6082022,13:00,14:00,300.0
6082022,14:00,15:00,301.0
6082022,15:00,16:00,303.0
6082022,16:00,17:00,302.0
6082022,17:00,18:00,300.0
6082022,18:00,19:00,300.0
6082022,19:00,20:00,301.0
6082022,20:00,21:00,313.0
6082022,21:00,22:00,323.0
6082022,22:00,23:00,316.0
6082022,23:00,00:00,311.0
7082022,00:00,01:00,313.0
7082022,01:00,02:00,315.0
7082022,02:00,03:00,310.0
7082022,03:00,04:00,313.0
7082022,04:00,05:00,313.0
7082022,05:00,06:00,316.0
7082022,06:00,07:00,314.0
7082022,07:00,08:00,316.0
7082022,08:00,09:00,315.0
7082022,09:00,10:00,314.0
7082022,10:00,11:00,322.0
7082022,11:00,12:00,319.0
7082022,12:00,13:00,322.0
7082022,13:00,14:00,326.0
7082022,14:00,15:00,324.0
7082022,15:00,16:00,322.0
7082022,16:00,17:00,319.0
7082022,17:00,18:00,310.0
7082022,18:00,19:00,301.0
7082022,19:00,20:00,300.0
7082022,20:00,21:00,302.0
7082022,21:00,22:00,300.0
7082022,22:00,23:00,300.0
7082022,23:00,00:00,300.0
8082022,00:00,01:00,300.0
8082022,01:00,02:00,301.0
8082022,02:00,03:00,300.0
8082022,03:00,04:00,300.0
8082022,04:00,05:00,300.0
8082022,05:00,06:00,300.0
8082022,06:00,07:00,299.0
8082022,07:00,08:00,317.0
8082022,08:00,09:00,450.0
8082022,09:00,10:00,456.0
8082022,10:00,11:00,455.0
8082022,11:00,12:00,455.0
8082022,12:00,13:00,455.0
8082022,13:00,14:00,411.0
8082022,14:00,15:00,254.0
8082022,15:00,16:00,249.0
8082022,16:00,17:00,251.0
8082022,17:00,18:00,251.0
8082022,18:00,19:00,254.0
8082022,19:00,20:00,302.0
8082022,20:00,21:00,301.0
8082022,21:00,22:00,300.0
8082022,22:00,23:00,301.0
8082022,23:00,00:00,307.0
9082022,00:00,01:00,390.0
9082022,01:00,02:00,390.0
9082022,02:00,03:00,389.0
9082022,03:00,04:00,390.0
9082022,04:00,05:00,390.0
9082022,05:00,06:00,390.0
9082022,06:00,07:00,389.0
9082022,07:00,08:00,390.0
9082022,08:00,09:00,377.0
9082022,09:00,10:00,302.0
9082022,10:00,11:00,285.0
9082022,11:00,12:00,284.0
9082022,12:00,13:00,282.0
9082022,13:00,14:00,281.0
9082022,14:00,15:00,283.0
9082022,15:00,16:00,291.0
9082022,16:00,17:00,341.0
9082022,17:00,18:00,341.0
9082022,18:00,19:00,345.0
9082022,19:00,20:00,389.0
9082022,20:00,21:00,390.0
9082022,21:00,22:00,389.0
9082022,22:00,23:00,389.0
9082022,23:00,00:00,390.0
10082022,00:00,01:00,391.0
10082022,01:00,02:00,389.0
10082022,02:00,03:00,390.0
10082022,03:00,04:00,390.0
10082022,04:00,05:00,390.0
10082022,05:00,06:00,390.0
10082022,06:00,07:00,390.0
10082022,07:00,08:00,390.0
10082022,08:00,09:00,365.0
10082022,09:00,10:00,273.0
10082022,10:00,11:00,338.0
10082022,11:00,12:00,390.0
10082022,12:00,13:00,390.0
10082022,13:00,14:00,390.0
10082022,14:00,15:00,390.0
10082022,15:00,16:00,389.0
10082022,16:00,17:00,390.0
10082022,17:00,18:00,397.0
10082022,18:00,19:00,448.0
10082022,19:00,20:00,450.0
10082022,20:00,21:00,450.0
10082022,21:00,22:00,450.0
10082022,22:00,23:00,441.0
10082022,23:00,00:00,391.0
11082022,00:00,01:00,390.0
11082022,01:00,02:00,390.0
11082022,02:00,03:00,390.0
11082022,03:00,04:00,390.0
11082022,04:00,05:00,390.0
11082022,05:00,06:00,390.0
11082022,06:00,07:00,390.0
11082022,07:00,08:00,390.0
11082022,08:00,09:00,391.0
11082022,09:00,10:00,390.0
11082022,10:00,11:00,390.0
11082022,11:00,12:00,390.0
11082022,12:00,13:00,390.0
11082022,13:00,14:00,390.0
11082022,14:00,15:00,390.0
11082022,15:00,16:00,390.0
11082022,16:00,17:00,390.0
11082022,17:00,18:00,390.0
11082022,18:00,19:00,390.0
11082022,19:00,20:00,389.0
11082022,20:00,21:00,357.0
11082022,21:00,22:00,341.0
11082022,22:00,23:00,341.0
11082022,23:00,00:00,345.0
12082022,00:00,01:00,390.0
12082022,01:00,02:00,390.0
12082022,02:00,03:00,389.0
12082022,03:00,04:00,390.0
12082022,04:00,05:00,390.0
12082022,05:00,06:00,390.0
12082022,06:00,07:00,389.0
12082022,07:00,08:00,390.0
12082022,08:00,09:00,390.0
12082022,09:00,10:00,390.0
12082022,10:00,11:00,390.0
12082022,11:00,12:00,390.0
12082022,12:00,13:00,400.0
12082022,13:00,14:00,616.0
12082022,14:00,15:00,678.0
12082022,15:00,16:00,680.0
12082022,16:00,17:00,679.0
12082022,17:00,18:00,685.0
12082022,18:00,19:00,687.0
12082022,19:00,20:00,684.0
12082022,20:00,21:00,688.0
12082022,21:00,22:00,685.0
12082022,22:00,23:00,687.0
12082022,23:00,00:00,687.0
13082022,00:00,01:00,687.0
13082022,01:00,02:00,684.0
13082022,02:00,03:00,687.0
13082022,03:00,04:00,688.0
13082022,04:00,05:00,687.0
13082022,05:00,06:00,686.0
13082022,06:00,07:00,687.0
13082022,07:00,08:00,687.0
13082022,08:00,09:00,687.0
13082022,09:00,10:00,686.0
13082022,10:00,11:00,687.0
13082022,11:00,12:00,687.0
13082022,12:00,13:00,681.0
13082022,13:00,14:00,440.0
13082022,14:00,15:00,452.0
13082022,15:00,16:00,668.0
13082022,16:00,17:00,682.0
13082022,17:00,18:00,684.0
13082022,18:00,19:00,684.0
13082022,19:00,20:00,688.0
13082022,20:00,21:00,686.0
13082022,21:00,22:00,686.0
13082022,22:00,23:00,686.0
13082022,23:00,00:00,685.0
14082022,00:00,01:00,687.0
14082022,01:00,02:00,687.0
14082022,02:00,03:00,686.0
14082022,03:00,04:00,684.0
14082022,04:00,05:00,685.0
14082022,05:00,06:00,685.0
14082022,06:00,07:00,686.0
14082022,07:00,08:00,688.0
14082022,08:00,09:00,688.0
14082022,09:00,10:00,614.0
14082022,10:00,11:00,401.0
14082022,11:00,12:00,399.0
14082022,12:00,13:00,400.0
14082022,13:00,14:00,332.0
14082022,14:00,15:00,156.0
14082022,15:00,16:00,160.0
14082022,16:00,17:00,388.0
14082022,17:00,18:00,670.0
14082022,18:00,19:00,682.0
14082022,19:00,20:00,685.0
14082022,20:00,21:00,684.0
14082022,21:00,22:00,685.0
14082022,22:00,23:00,684.0
14082022,23:00,00:00,641.0
15082022,00:00,01:00,452.0
15082022,01:00,02:00,450.0
15082022,02:00,03:00,448.0
15082022,03:00,04:00,449.0
15082022,04:00,05:00,451.0
15082022,05:00,06:00,458.0
15082022,06:00,07:00,650.0
15082022,07:00,08:00,688.0
15082022,08:00,09:00,683.0
15082022,09:00,10:00,684.0
15082022,10:00,11:00,685.0
15082022,11:00,12:00,681.0
15082022,12:00,13:00,679.0
15082022,13:00,14:00,676.0
15082022,14:00,15:00,673.0
15082022,15:00,16:00,682.0
15082022,16:00,17:00,684.0
15082022,17:00,18:00,682.0
15082022,18:00,19:00,683.0
15082022,19:00,20:00,684.0
15082022,20:00,21:00,685.0
15082022,21:00,22:00,683.0
15082022,22:00,23:00,682.0
15082022,23:00,00:00,681.0
16082022,00:00,01:00,684.0
16082022,01:00,02:00,684.0
16082022,02:00,03:00,514.0
16082022,03:00,04:00,686.0
16082022,04:00,05:00,669.0
16082022,05:00,06:00,648.0
16082022,06:00,07:00,649.0
16082022,07:00,08:00,650.0
16082022,08:00,09:00,649.0
16082022,09:00,10:00,541.0
16082022,10:00,11:00,267.0
16082022,11:00,12:00,256.0
16082022,12:00,13:00,255.0
16082022,13:00,14:00,255.0
16082022,14:00,15:00,254.0
16082022,15:00,16:00,265.0
16082022,16:00,17:00,508.0
16082022,17:00,18:00,540.0
16082022,18:00,19:00,540.0
16082022,19:00,20:00,539.0
16082022,20:00,21:00,540.0
16082022,21:00,22:00,540.0
16082022,22:00,23:00,539.0
16082022,23:00,00:00,530.0
17082022,00:00,01:00,460.0
17082022,01:00,02:00,460.0
17082022,02:00,03:00,459.0
17082022,03:00,04:00,459.0
17082022,04:00,05:00,460.0
17082022,05:00,06:00,460.0
17082022,06:00,07:00,459.0
17082022,07:00,08:00,492.0
17082022,08:00,09:00,600.0
17082022,09:00,10:00,595.0
17082022,10:00,11:00,549.0
17082022,11:00,12:00,543.0
17082022,12:00,13:00,502.0
17082022,13:00,14:00,499.0
17082022,14:00,15:00,499.0
17082022,15:00,16:00,500.0
17082022,16:00,17:00,499.0
17082022,17:00,18:00,501.0
17082022,18:00,19:00,498.0
17082022,19:00,20:00,500.0
17082022,20:00,21:00,500.0
17082022,21:00,22:00,500.0
17082022,22:00,23:00,500.0
17082022,23:00,00:00,500.0
18082022,00:00,01:00,500.0
18082022,01:00,02:00,500.0
18082022,02:00,03:00,499.0
18082022,03:00,04:00,500.0
18082022,04:00,05:00,499.0
18082022,05:00,06:00,501.0
18082022,06:00,07:00,499.0
18082022,07:00,08:00,521.0
18082022,08:00,09:00,599.0
18082022,09:00,10:00,600.0
18082022,10:00,11:00,599.0
18082022,11:00,12:00,600.0
18082022,12:00,13:00,600.0
18082022,13:00,14:00,600.0
18082022,14:00,15:00,599.0
18082022,15:00,16:00,600.0
18082022,16:00,17:00,605.0
18082022,17:00,18:00,676.0
18082022,18:00,19:00,653.0
18082022,19:00,20:00,601.0
18082022,20:00,21:00,600.0
18082022,21:00,22:00,598.0
18082022,22:00,23:00,599.0
18082022,23:00,00:00,601.0
19082022,00:00,01:00,600.0
19082022,01:00,02:00,598.0
19082022,02:00,03:00,600.0
19082022,03:00,04:00,600.0
19082022,04:00,05:00,599.0
19082022,05:00,06:00,600.0
19082022,06:00,07:00,599.0
19082022,07:00,08:00,612.0
19082022,08:00,09:00,686.0
19082022,09:00,10:00,682.0
19082022,10:00,11:00,685.0
19082022,11:00,12:00,685.0
19082022,12:00,13:00,685.0
19082022,13:00,14:00,687.0
19082022,14:00,15:00,687.0
19082022,15:00,16:00,688.0
19082022,16:00,17:00,687.0
19082022,17:00,18:00,685.0
19082022,18:00,19:00,680.0
19082022,19:00,20:00,662.0
19082022,20:00,21:00,668.0
19082022,21:00,22:00,669.0
19082022,22:00,23:00,672.0
19082022,23:00,00:00,677.0
20082022,00:00,01:00,678.0
20082022,01:00,02:00,679.0
20082022,02:00,03:00,679.0
20082022,03:00,04:00,680.0
20082022,04:00,05:00,680.0
20082022,05:00,06:00,678.0
20082022,06:00,07:00,679.0
20082022,07:00,08:00,675.0
20082022,08:00,09:00,680.0
20082022,09:00,10:00,678.0
20082022,10:00,11:00,677.0
20082022,11:00,12:00,677.0
20082022,12:00,13:00,680.0
20082022,13:00,14:00,680.0
20082022,14:00,15:00,676.0
20082022,15:00,16:00,666.0
20082022,16:00,17:00,677.0
20082022,17:00,18:00,676.0
20082022,18:00,19:00,677.0
20082022,19:00,20:00,681.0
20082022,20:00,21:00,680.0
20082022,21:00,22:00,678.0
20082022,22:00,23:00,680.0
20082022,23:00,00:00,680.0
21082022,00:00,01:00,681.0
21082022,01:00,02:00,679.0
21082022,02:00,03:00,677.0
21082022,03:00,04:00,681.0
21082022,04:00,05:00,678.0
21082022,05:00,06:00,680.0
21082022,06:00,07:00,679.0
21082022,07:00,08:00,679.0
21082022,08:00,09:00,634.0
21082022,09:00,10:00,314.0
21082022,10:00,11:00,167.0
21082022,11:00,12:00,152.0
21082022,12:00,13:00,152.0
21082022,13:00,14:00,152.0
21082022,14:00,15:00,152.0
21082022,15:00,16:00,153.0
21082022,16:00,17:00,262.0
21082022,17:00,18:00,570.0
21082022,18:00,19:00,668.0
21082022,19:00,20:00,672.0
21082022,20:00,21:00,679.0
21082022,21:00,22:00,672.0
21082022,22:00,23:00,671.0
21082022,23:00,00:00,676.0
22082022,00:00,01:00,674.0
22082022,01:00,02:00,677.0
22082022,02:00,03:00,676.0
22082022,03:00,04:00,675.0
22082022,04:00,05:00,678.0
22082022,05:00,06:00,679.0
22082022,06:00,07:00,682.0
22082022,07:00,08:00,679.0
22082022,08:00,09:00,679.0
22082022,09:00,10:00,680.0
22082022,10:00,11:00,678.0
22082022,11:00,12:00,680.0
22082022,12:00,13:00,680.0
22082022,13:00,14:00,680.0
22082022,14:00,15:00,679.0
22082022,15:00,16:00,680.0
22082022,16:00,17:00,680.0
22082022,17:00,18:00,678.0
22082022,18:00,19:00,680.0
22082022,19:00,20:00,676.0
22082022,20:00,21:00,675.0
22082022,21:00,22:00,677.0
22082022,22:00,23:00,675.0
22082022,23:00,00:00,673.0
23082022,00:00,01:00,669.0
23082022,01:00,02:00,672.0
23082022,02:00,03:00,674.0
23082022,03:00,04:00,673.0
23082022,04:00,05:00,675.0
23082022,05:00,06:00,675.0
23082022,06:00,07:00,679.0
23082022,07:00,08:00,680.0
23082022,08:00,09:00,680.0
23082022,09:00,10:00,680.0
23082022,10:00,11:00,680.0
23082022,11:00,12:00,678.0
23082022,12:00,13:00,679.0
23082022,13:00,14:00,680.0
23082022,14:00,15:00,679.0
23082022,15:00,16:00,679.0
23082022,16:00,17:00,678.0
23082022,17:00,18:00,674.0
23082022,18:00,19:00,675.0
23082022,19:00,20:00,673.0
23082022,20:00,21:00,672.0
23082022,21:00,22:00,674.0
23082022,22:00,23:00,670.0
23082022,23:00,00:00,670.0
24082022,00:00,01:00,669.0
24082022,01:00,02:00,669.0
24082022,02:00,03:00,678.0
24082022,03:00,04:00,680.0
24082022,04:00,05:00,680.0
24082022,05:00,06:00,683.0
24082022,06:00,07:00,636.0
24082022,07:00,08:00,404.0
24082022,08:00,09:00,400.0
24082022,09:00,10:00,400.0
24082022,10:00,11:00,399.0
24082022,11:00,12:00,399.0
24082022,12:00,13:00,400.0
24082022,13:00,14:00,400.0
24082022,14:00,15:00,400.0
24082022,15:00,16:00,400.0
24082022,16:00,17:00,399.0
24082022,17:00,18:00,401.0
24082022,18:00,19:00,400.0
24082022,19:00,20:00,444.0
24082022,20:00,21:00,652.0
24082022,21:00,22:00,661.0
24082022,22:00,23:00,656.0
24082022,23:00,00:00,658.0
25082022,00:00,01:00,661.0
25082022,01:00,02:00,659.0
25082022,02:00,03:00,659.0
25082022,03:00,04:00,659.0
25082022,04:00,05:00,659.0
25082022,05:00,06:00,657.0
25082022,06:00,07:00,652.0
25082022,07:00,08:00,659.0
25082022,08:00,09:00,660.0
25082022,09:00,10:00,658.0
25082022,10:00,11:00,660.0
25082022,11:00,12:00,658.0
25082022,12:00,13:00,659.0
25082022,13:00,14:00,657.0
25082022,14:00,15:00,658.0
25082022,15:00,16:00,658.0
25082022,16:00,17:00,620.0
25082022,17:00,18:00,636.0
25082022,18:00,19:00,656.0
25082022,19:00,20:00,657.0
25082022,20:00,21:00,656.0
25082022,21:00,22:00,653.0
25082022,22:00,23:00,442.0
25082022,23:00,00:00,400.0
26082022,00:00,01:00,362.0
26082022,01:00,02:00,399.0
26082022,02:00,03:00,399.0
26082022,03:00,04:00,400.0
26082022,04:00,05:00,399.0
26082022,05:00,06:00,400.0
26082022,06:00,07:00,400.0
26082022,07:00,08:00,399.0
26082022,08:00,09:00,399.0
26082022,09:00,10:00,400.0
26082022,10:00,11:00,399.0
26082022,11:00,12:00,385.0
26082022,12:00,13:00,282.0
26082022,13:00,14:00,388.0
26082022,14:00,15:00,389.0
26082022,15:00,16:00,391.0
26082022,16:00,17:00,393.0
26082022,17:00,18:00,410.0
26082022,18:00,19:00,409.0
26082022,19:00,20:00,409.0
26082022,20:00,21:00,410.0
26082022,21:00,22:00,402.0
26082022,22:00,23:00,318.0
26082022,23:00,00:00,148.0
27082022,00:00,01:00,0.0
27082022,01:00,02:00,0.0
27082022,02:00,03:00,0.0
27082022,03:00,04:00,0.0
27082022,04:00,05:00,0.0
27082022,05:00,06:00,0.0
27082022,06:00,07:00,0.0
27082022,07:00,08:00,0.0
27082022,08:00,09:00,0.0
27082022,09:00,10:00,0.0
27082022,10:00,11:00,0.0
27082022,11:00,12:00,0.0
27082022,12:00,13:00,0.0
27082022,13:00,14:00,0.0
27082022,14:00,15:00,0.0
27082022,15:00,16:00,0.0
27082022,16:00,17:00,0.0
27082022,17:00,18:00,0.0
27082022,18:00,19:00,0.0
27082022,19:00,20:00,0.0
27082022,20:00,21:00,0.0
27082022,21:00,22:00,0.0
27082022,22:00,23:00,0.0
27082022,23:00,00:00,0.0
28082022,00:00,01:00,0.0
28082022,01:00,02:00,0.0
28082022,02:00,03:00,0.0
28082022,03:00,04:00,0.0
28082022,04:00,05:00,0.0
28082022,05:00,06:00,0.0
28082022,06:00,07:00,0.0
28082022,07:00,08:00,0.0
28082022,08:00,09:00,0.0
28082022,09:00,10:00,0.0
28082022,10:00,11:00,0.0
28082022,11:00,12:00,0.0
28082022,12:00,13:00,0.0
28082022,13:00,14:00,0.0
28082022,14:00,15:00,0.0
28082022,15:00,16:00,0.0
28082022,16:00,17:00,0.0
28082022,17:00,18:00,0.0
28082022,18:00,19:00,0.0
28082022,19:00,20:00,0.0
28082022,20:00,21:00,0.0
28082022,21:00,22:00,0.0
28082022,22:00,23:00,0.0
28082022,23:00,00:00,0.0
29082022,00:00,01:00,0.0
29082022,01:00,02:00,0.0
29082022,02:00,03:00,0.0
29082022,03:00,04:00,0.0
29082022,04:00,05:00,0.0
29082022,05:00,06:00,0.0
29082022,06:00,07:00,0.0
29082022,07:00,08:00,0.0
29082022,08:00,09:00,0.0
29082022,09:00,10:00,0.0
29082022,10:00,11:00,0.0
29082022,11:00,12:00,0.0
29082022,12:00,13:00,0.0
29082022,13:00,14:00,0.0
29082022,14:00,15:00,0.0
29082022,15:00,16:00,0.0
29082022,16:00,17:00,0.0
29082022,17:00,18:00,0.0
29082022,18:00,19:00,87.0
29082022,19:00,20:00,266.0
29082022,20:00,21:00,382.0
29082022,21:00,22:00,476.0
29082022,22:00,23:00,594.0
29082022,23:00,00:00,640.0
30082022,00:00,01:00,639.0
30082022,01:00,02:00,640.0
30082022,02:00,03:00,640.0
30082022,03:00,04:00,640.0
30082022,04:00,05:00,641.0
30082022,05:00,06:00,629.0
30082022,06:00,07:00,640.0
30082022,07:00,08:00,640.0
30082022,08:00,09:00,639.0
30082022,09:00,10:00,639.0
30082022,10:00,11:00,640.0
30082022,11:00,12:00,639.0
30082022,12:00,13:00,639.0
30082022,13:00,14:00,639.0
30082022,14:00,15:00,639.0
30082022,15:00,16:00,640.0
30082022,16:00,17:00,640.0
30082022,17:00,18:00,639.0
30082022,18:00,19:00,640.0
30082022,19:00,20:00,641.0
30082022,20:00,21:00,640.0
30082022,21:00,22:00,639.0
30082022,22:00,23:00,639.0
30082022,23:00,00:00,639.0
31082022,00:00,01:00,641.0
31082022,01:00,02:00,639.0
31082022,02:00,03:00,640.0
31082022,03:00,04:00,640.0
31082022,04:00,05:00,640.0
31082022,05:00,06:00,639.0
31082022,06:00,07:00,554.0
31082022,07:00,08:00,432.0
31082022,08:00,09:00,114.0
31082022,09:00,10:00,0.0
31082022,10:00,11:00,0.0
31082022,11:00,12:00,0.0
31082022,12:00,13:00,0.0
31082022,13:00,14:00,0.0
31082022,14:00,15:00,0.0
31082022,15:00,16:00,0.0
31082022,16:00,17:00,0.0
31082022,17:00,18:00,0.0
31082022,18:00,19:00,0.0
31082022,19:00,20:00,0.0
31082022,20:00,21:00,0.0
31082022,21:00,22:00,0.0
31082022,22:00,23:00,0.0
31082022,23:00,00:00,0.0
1092022,00:00,01:00,0.0
1092022,01:00,02:00,0.0
1092022,02:00,03:00,0.0
1092022,03:00,04:00,0.0
1092022,04:00,05:00,0.0
1092022,05:00,06:00,0.0
1092022,06:00,07:00,0.0
1092022,07:00,08:00,0.0
1092022,08:00,09:00,0.0
1092022,09:00,10:00,0.0
1092022,10:00,11:00,0.0
1092022,11:00,12:00,0.0
1092022,12:00,13:00,0.0
1092022,13:00,14:00,0.0
1092022,14:00,15:00,0.0
1092022,15:00,16:00,0.0
1092022,16:00,17:00,0.0
1092022,17:00,18:00,0.0
1092022,18:00,19:00,0.0
1092022,19:00,20:00,0.0
1092022,20:00,21:00,0.0
1092022,21:00,22:00,0.0
1092022,22:00,23:00,0.0
1092022,23:00,00:00,0.0
2092022,00:00,01:00,0.0
2092022,01:00,02:00,0.0
2092022,02:00,03:00,0.0
2092022,03:00,04:00,0.0
2092022,04:00,05:00,0.0
2092022,05:00,06:00,0.0
2092022,06:00,07:00,0.0
2092022,07:00,08:00,0.0
2092022,08:00,09:00,0.0
2092022,09:00,10:00,0.0
2092022,10:00,11:00,0.0
2092022,11:00,12:00,0.0
2092022,12:00,13:00,0.0
2092022,13:00,14:00,0.0
2092022,14:00,15:00,0.0
2092022,15:00,16:00,0.0
2092022,16:00,17:00,0.0
2092022,17:00,18:00,0.0
2092022,18:00,19:00,0.0
2092022,19:00,20:00,0.0
2092022,20:00,21:00,0.0
2092022,21:00,22:00,0.0
2092022,22:00,23:00,0.0
2092022,23:00,00:00,0.0
3092022,00:00,01:00,0.0
3092022,01:00,02:00,0.0
3092022,02:00,03:00,0.0
3092022,03:00,04:00,0.0
3092022,04:00,05:00,0.0
3092022,05:00,06:00,0.0
3092022,06:00,07:00,0.0
3092022,07:00,08:00,0.0
3092022,08:00,09:00,0.0
3092022,09:00,10:00,0.0
3092022,10:00,11:00,0.0
3092022,11:00,12:00,0.0
3092022,12:00,13:00,0.0
3092022,13:00,14:00,0.0
3092022,14:00,15:00,0.0
3092022,15:00,16:00,0.0
3092022,16:00,17:00,0.0
3092022,17:00,18:00,0.0
3092022,18:00,19:00,0.0
3092022,19:00,20:00,0.0
3092022,20:00,21:00,0.0
3092022,21:00,22:00,0.0
3092022,22:00,23:00,0.0
3092022,23:00,00:00,0.0
4092022,00:00,01:00,0.0
4092022,01:00,02:00,0.0
4092022,02:00,03:00,0.0
4092022,03:00,04:00,0.0
4092022,04:00,05:00,0.0
4092022,05:00,06:00,0.0
4092022,06:00,07:00,0.0
4092022,07:00,08:00,0.0
4092022,08:00,09:00,0.0
4092022,09:00,10:00,0.0
4092022,10:00,11:00,0.0
4092022,11:00,12:00,0.0
4092022,12:00,13:00,0.0
4092022,13:00,14:00,0.0
4092022,14:00,15:00,0.0
4092022,15:00,16:00,0.0
4092022,16:00,17:00,0.0
4092022,17:00,18:00,0.0
4092022,18:00,19:00,146.0
4092022,19:00,20:00,371.0
4092022,20:00,21:00,495.0
4092022,21:00,22:00,615.0
4092022,22:00,23:00,631.0
4092022,23:00,00:00,329.0
5092022,00:00,01:00,156.0
5092022,01:00,02:00,154.0
5092022,02:00,03:00,166.0
5092022,03:00,04:00,277.0
5092022,04:00,05:00,575.0
5092022,05:00,06:00,650.0
5092022,06:00,07:00,650.0
5092022,07:00,08:00,650.0
5092022,08:00,09:00,650.0
5092022,09:00,10:00,650.0
5092022,10:00,11:00,650.0
5092022,11:00,12:00,624.0
5092022,12:00,13:00,340.0
5092022,13:00,14:00,162.0
5092022,14:00,15:00,410.0
5092022,15:00,16:00,657.0
5092022,16:00,17:00,670.0
5092022,17:00,18:00,670.0
5092022,18:00,19:00,670.0
5092022,19:00,20:00,670.0
5092022,20:00,21:00,668.0
5092022,21:00,22:00,668.0
5092022,22:00,23:00,454.0
5092022,23:00,00:00,154.0
6092022,00:00,01:00,167.0
6092022,01:00,02:00,386.0
6092022,02:00,03:00,546.0
6092022,03:00,04:00,343.0
6092022,04:00,05:00,152.0
6092022,05:00,06:00,150.0
6092022,06:00,07:00,150.0
6092022,07:00,08:00,150.0
6092022,08:00,09:00,151.0
6092022,09:00,10:00,150.0
6092022,10:00,11:00,151.0
6092022,11:00,12:00,151.0
6092022,12:00,13:00,150.0
6092022,13:00,14:00,150.0
6092022,14:00,15:00,150.0
6092022,15:00,16:00,150.0
6092022,16:00,17:00,151.0
6092022,17:00,18:00,150.0
6092022,18:00,19:00,151.0
6092022,19:00,20:00,233.0
6092022,20:00,21:00,479.0
6092022,21:00,22:00,666.0
6092022,22:00,23:00,670.0
6092022,23:00,00:00,555.0
7092022,00:00,01:00,659.0
7092022,01:00,02:00,675.0
7092022,02:00,03:00,680.0
7092022,03:00,04:00,680.0
7092022,04:00,05:00,680.0
7092022,05:00,06:00,681.0
7092022,06:00,07:00,680.0
7092022,07:00,08:00,681.0
7092022,08:00,09:00,679.0
7092022,09:00,10:00,677.0
7092022,10:00,11:00,677.0
7092022,11:00,12:00,679.0
7092022,12:00,13:00,677.0
7092022,13:00,14:00,683.0
7092022,14:00,15:00,676.0
7092022,15:00,16:00,669.0
7092022,16:00,17:00,669.0
7092022,17:00,18:00,668.0
7092022,18:00,19:00,668.0
7092022,19:00,20:00,670.0
7092022,20:00,21:00,672.0
7092022,21:00,22:00,680.0
7092022,22:00,23:00,680.0
7092022,23:00,00:00,679.0
8092022,00:00,01:00,673.0
8092022,01:00,02:00,673.0
8092022,02:00,03:00,669.0
8092022,03:00,04:00,668.0
8092022,04:00,05:00,670.0
8092022,05:00,06:00,672.0
8092022,06:00,07:00,672.0
8092022,07:00,08:00,672.0
8092022,08:00,09:00,674.0
8092022,09:00,10:00,174.0
8092022,10:00,11:00,0.0
8092022,11:00,12:00,376.0
8092022,12:00,13:00,651.0
8092022,13:00,14:00,606.0
8092022,14:00,15:00,419.0
8092022,15:00,16:00,547.0
8092022,16:00,17:00,482.0
8092022,17:00,18:00,569.0
8092022,18:00,19:00,600.0
8092022,19:00,20:00,638.0
8092022,20:00,21:00,668.0
8092022,21:00,22:00,670.0
8092022,22:00,23:00,668.0
8092022,23:00,00:00,625.0
9092022,00:00,01:00,296.0
9092022,01:00,02:00,251.0
9092022,02:00,03:00,249.0
9092022,03:00,04:00,250.0
9092022,04:00,05:00,284.0
9092022,05:00,06:00,604.0
9092022,06:00,07:00,676.0
9092022,07:00,08:00,676.0
9092022,08:00,09:00,676.0
9092022,09:00,10:00,678.0
9092022,10:00,11:00,679.0
9092022,11:00,12:00,682.0
9092022,12:00,13:00,681.0
9092022,13:00,14:00,679.0
9092022,14:00,15:00,679.0
9092022,15:00,16:00,680.0
9092022,16:00,17:00,680.0
9092022,17:00,18:00,677.0
9092022,18:00,19:00,680.0
9092022,19:00,20:00,680.0
9092022,20:00,21:00,681.0
9092022,21:00,22:00,676.0
9092022,22:00,23:00,675.0
9092022,23:00,00:00,677.0
10092022,00:00,01:00,672.0
10092022,01:00,02:00,674.0
10092022,02:00,03:00,675.0
10092022,03:00,04:00,674.0
10092022,04:00,05:00,674.0
10092022,05:00,06:00,676.0
10092022,06:00,07:00,676.0
10092022,07:00,08:00,680.0
10092022,08:00,09:00,681.0
10092022,09:00,10:00,679.0
10092022,10:00,11:00,679.0
10092022,11:00,12:00,680.0
10092022,12:00,13:00,680.0
10092022,13:00,14:00,680.0
10092022,14:00,15:00,681.0
10092022,15:00,16:00,674.0
10092022,16:00,17:00,666.0
10092022,17:00,18:00,648.0
10092022,18:00,19:00,649.0
10092022,19:00,20:00,648.0
10092022,20:00,21:00,651.0
10092022,21:00,22:00,648.0
10092022,22:00,23:00,650.0
10092022,23:00,00:00,650.0
11092022,00:00,01:00,647.0
11092022,01:00,02:00,646.0
11092022,02:00,03:00,647.0
11092022,03:00,04:00,647.0
11092022,04:00,05:00,645.0
11092022,05:00,06:00,632.0
11092022,06:00,07:00,630.0
11092022,07:00,08:00,630.0
11092022,08:00,09:00,630.0
11092022,09:00,10:00,630.0
11092022,10:00,11:00,630.0
11092022,11:00,12:00,630.0
11092022,12:00,13:00,630.0
11092022,13:00,14:00,629.0
11092022,14:00,15:00,630.0
11092022,15:00,16:00,630.0
11092022,16:00,17:00,631.0
11092022,17:00,18:00,629.0
11092022,18:00,19:00,630.0
11092022,19:00,20:00,631.0
11092022,20:00,21:00,629.0
11092022,21:00,22:00,630.0
11092022,22:00,23:00,628.0
11092022,23:00,00:00,631.0
12092022,00:00,01:00,630.0
12092022,01:00,02:00,630.0
12092022,02:00,03:00,630.0
12092022,03:00,04:00,630.0
12092022,04:00,05:00,630.0
12092022,05:00,06:00,629.0
12092022,06:00,07:00,629.0
12092022,07:00,08:00,630.0
12092022,08:00,09:00,630.0
12092022,09:00,10:00,630.0
12092022,10:00,11:00,630.0
12092022,11:00,12:00,629.0
12092022,12:00,13:00,630.0
12092022,13:00,14:00,629.0
12092022,14:00,15:00,629.0
12092022,15:00,16:00,630.0
12092022,16:00,17:00,632.0
12092022,17:00,18:00,630.0
12092022,18:00,19:00,630.0
12092022,19:00,20:00,629.0
12092022,20:00,21:00,629.0
12092022,21:00,22:00,604.0
12092022,22:00,23:00,422.0
12092022,23:00,00:00,399.0
13092022,00:00,01:00,400.0
13092022,01:00,02:00,400.0
13092022,02:00,03:00,411.0
13092022,03:00,04:00,409.0
13092022,04:00,05:00,396.0
13092022,05:00,06:00,253.0
13092022,06:00,07:00,250.0
13092022,07:00,08:00,250.0
13092022,08:00,09:00,249.0
13092022,09:00,10:00,250.0
13092022,10:00,11:00,252.0
13092022,11:00,12:00,255.0
13092022,12:00,13:00,255.0
13092022,13:00,14:00,255.0
13092022,14:00,15:00,255.0
13092022,15:00,16:00,256.0
13092022,16:00,17:00,255.0
13092022,17:00,18:00,255.0
13092022,18:00,19:00,262.0
13092022,19:00,20:00,499.0
13092022,20:00,21:00,624.0
13092022,21:00,22:00,429.0
13092022,22:00,23:00,400.0
13092022,23:00,00:00,392.0
14092022,00:00,01:00,325.0
14092022,01:00,02:00,380.0
14092022,02:00,03:00,381.0
14092022,03:00,04:00,380.0
14092022,04:00,05:00,449.0
14092022,05:00,06:00,622.0
14092022,06:00,07:00,629.0
14092022,07:00,08:00,631.0
14092022,08:00,09:00,631.0
14092022,09:00,10:00,630.0
14092022,10:00,11:00,630.0
14092022,11:00,12:00,623.0
14092022,12:00,13:00,520.0
14092022,13:00,14:00,517.0
14092022,14:00,15:00,507.0
14092022,15:00,16:00,474.0
14092022,16:00,17:00,311.0
14092022,17:00,18:00,307.0
14092022,18:00,19:00,307.0
14092022,19:00,20:00,309.0
14092022,20:00,21:00,313.0
14092022,21:00,22:00,315.0
14092022,22:00,23:00,315.0
14092022,23:00,00:00,314.0
15092022,00:00,01:00,314.0
15092022,01:00,02:00,316.0
15092022,02:00,03:00,321.0
15092022,03:00,04:00,330.0
15092022,04:00,05:00,329.0
15092022,05:00,06:00,330.0
15092022,06:00,07:00,327.0
15092022,07:00,08:00,321.0
15092022,08:00,09:00,320.0
15092022,09:00,10:00,316.0
15092022,10:00,11:00,314.0
15092022,11:00,12:00,321.0
15092022,12:00,13:00,324.0
15092022,13:00,14:00,324.0
15092022,14:00,15:00,322.0
15092022,15:00,16:00,321.0
15092022,16:00,17:00,330.0
15092022,17:00,18:00,399.0
15092022,18:00,19:00,400.0
15092022,19:00,20:00,400.0
15092022,20:00,21:00,397.0
15092022,21:00,22:00,323.0
15092022,22:00,23:00,311.0
15092022,23:00,00:00,237.0
16092022,00:00,01:00,0.0
16092022,01:00,02:00,0.0
16092022,02:00,03:00,0.0
16092022,03:00,04:00,0.0
16092022,04:00,05:00,0.0
16092022,05:00,06:00,0.0
16092022,06:00,07:00,0.0
16092022,07:00,08:00,0.0
16092022,08:00,09:00,0.0
16092022,09:00,10:00,0.0
16092022,10:00,11:00,0.0
16092022,11:00,12:00,0.0
16092022,12:00,13:00,0.0
16092022,13:00,14:00,0.0
16092022,14:00,15:00,0.0
16092022,15:00,16:00,0.0
16092022,16:00,17:00,0.0
16092022,17:00,18:00,0.0
16092022,18:00,19:00,0.0
16092022,19:00,20:00,0.0
16092022,20:00,21:00,0.0
16092022,21:00,22:00,0.0
16092022,22:00,23:00,0.0
16092022,23:00,00:00,0.0
17092022,00:00,01:00,0.0
17092022,01:00,02:00,0.0
17092022,02:00,03:00,0.0
17092022,03:00,04:00,0.0
17092022,04:00,05:00,0.0
17092022,05:00,06:00,0.0
17092022,06:00,07:00,0.0
17092022,07:00,08:00,0.0
17092022,08:00,09:00,0.0
17092022,09:00,10:00,0.0
17092022,10:00,11:00,0.0
17092022,11:00,12:00,0.0
17092022,12:00,13:00,0.0
17092022,13:00,14:00,0.0
17092022,14:00,15:00,0.0
17092022,15:00,16:00,0.0
17092022,16:00,17:00,0.0
17092022,17:00,18:00,0.0
17092022,18:00,19:00,0.0
17092022,19:00,20:00,0.0
17092022,20:00,21:00,0.0
17092022,21:00,22:00,0.0
17092022,22:00,23:00,0.0
17092022,23:00,00:00,0.0
18092022,00:00,01:00,0.0
18092022,01:00,02:00,0.0
18092022,02:00,03:00,0.0
18092022,03:00,04:00,0.0
18092022,04:00,05:00,0.0
18092022,05:00,06:00,0.0
18092022,06:00,07:00,0.0
18092022,07:00,08:00,0.0
18092022,08:00,09:00,0.0
18092022,09:00,10:00,0.0
18092022,10:00,11:00,0.0
18092022,11:00,12:00,0.0
18092022,12:00,13:00,0.0
18092022,13:00,14:00,0.0
18092022,14:00,15:00,0.0
18092022,15:00,16:00,0.0
18092022,16:00,17:00,0.0
18092022,17:00,18:00,0.0
18092022,18:00,19:00,0.0
18092022,19:00,20:00,0.0
18092022,20:00,21:00,0.0
18092022,21:00,22:00,0.0
18092022,22:00,23:00,0.0
18092022,23:00,00:00,0.0
19092022,00:00,01:00,0.0
19092022,01:00,02:00,0.0
19092022,02:00,03:00,0.0
19092022,03:00,04:00,0.0
19092022,04:00,05:00,169.0
19092022,05:00,06:00,263.0
19092022,06:00,07:00,388.0
19092022,07:00,08:00,478.0
19092022,08:00,09:00,545.0
19092022,09:00,10:00,525.0
19092022,10:00,11:00,520.0
19092022,11:00,12:00,510.0
19092022,12:00,13:00,309.0
19092022,13:00,14:00,275.0
19092022,14:00,15:00,275.0
19092022,15:00,16:00,278.0
19092022,16:00,17:00,395.0
19092022,17:00,18:00,453.0
19092022,18:00,19:00,450.0
19092022,19:00,20:00,452.0
19092022,20:00,21:00,451.0
19092022,21:00,22:00,450.0
19092022,22:00,23:00,450.0
19092022,23:00,00:00,451.0
20092022,00:00,01:00,450.0
20092022,01:00,02:00,450.0
20092022,02:00,03:00,450.0
20092022,03:00,04:00,450.0
20092022,04:00,05:00,450.0
20092022,05:00,06:00,451.0
20092022,06:00,07:00,448.0
20092022,07:00,08:00,451.0
20092022,08:00,09:00,450.0
20092022,09:00,10:00,451.0
20092022,10:00,11:00,449.0
20092022,11:00,12:00,449.0
20092022,12:00,13:00,451.0
20092022,13:00,14:00,450.0
20092022,14:00,15:00,450.0
20092022,15:00,16:00,450.0
20092022,16:00,17:00,450.0
20092022,17:00,18:00,450.0
20092022,18:00,19:00,450.0
20092022,19:00,20:00,449.0
20092022,20:00,21:00,451.0
20092022,21:00,22:00,451.0
20092022,22:00,23:00,450.0
20092022,23:00,00:00,450.0
21092022,00:00,01:00,451.0
21092022,01:00,02:00,450.0
21092022,02:00,03:00,450.0
21092022,03:00,04:00,450.0
21092022,04:00,05:00,450.0
21092022,05:00,06:00,450.0
21092022,06:00,07:00,451.0
21092022,07:00,08:00,450.0
21092022,08:00,09:00,450.0
21092022,09:00,10:00,449.0
21092022,10:00,11:00,450.0
21092022,11:00,12:00,492.0
21092022,12:00,13:00,500.0
21092022,13:00,14:00,501.0
21092022,14:00,15:00,500.0
21092022,15:00,16:00,501.0
21092022,16:00,17:00,499.0
21092022,17:00,18:00,499.0
21092022,18:00,19:00,500.0
21092022,19:00,20:00,500.0
21092022,20:00,21:00,500.0
21092022,21:00,22:00,500.0
21092022,22:00,23:00,500.0
21092022,23:00,00:00,501.0
22092022,00:00,01:00,500.0
22092022,01:00,02:00,501.0
22092022,02:00,03:00,499.0
22092022,03:00,04:00,500.0
22092022,04:00,05:00,501.0
22092022,05:00,06:00,500.0
22092022,06:00,07:00,493.0
22092022,07:00,08:00,491.0
22092022,08:00,09:00,491.0
22092022,09:00,10:00,490.0
22092022,10:00,11:00,490.0
22092022,11:00,12:00,491.0
22092022,12:00,13:00,490.0
22092022,13:00,14:00,469.0
22092022,14:00,15:00,422.0
22092022,15:00,16:00,502.0
22092022,16:00,17:00,500.0
22092022,17:00,18:00,500.0
22092022,18:00,19:00,500.0
22092022,19:00,20:00,500.0
22092022,20:00,21:00,501.0
22092022,21:00,22:00,499.0
22092022,22:00,23:00,500.0
22092022,23:00,00:00,500.0
23092022,00:00,01:00,501.0
23092022,01:00,02:00,500.0
23092022,02:00,03:00,500.0
23092022,03:00,04:00,501.0
23092022,04:00,05:00,500.0
23092022,05:00,06:00,500.0
23092022,06:00,07:00,500.0
23092022,07:00,08:00,501.0
23092022,08:00,09:00,501.0
23092022,09:00,10:00,499.0
23092022,10:00,11:00,485.0
23092022,11:00,12:00,500.0
23092022,12:00,13:00,500.0
23092022,13:00,14:00,500.0
23092022,14:00,15:00,498.0
23092022,15:00,16:00,500.0
23092022,16:00,17:00,500.0
23092022,17:00,18:00,500.0
23092022,18:00,19:00,500.0
23092022,19:00,20:00,501.0
23092022,20:00,21:00,501.0
23092022,21:00,22:00,499.0
23092022,22:00,23:00,499.0
23092022,23:00,00:00,500.0
24092022,00:00,01:00,501.0
24092022,01:00,02:00,499.0
24092022,02:00,03:00,500.0
24092022,03:00,04:00,500.0
24092022,04:00,05:00,501.0
24092022,05:00,06:00,499.0
24092022,06:00,07:00,499.0
24092022,07:00,08:00,501.0
24092022,08:00,09:00,501.0
24092022,09:00,10:00,499.0
24092022,10:00,11:00,500.0
24092022,11:00,12:00,500.0
24092022,12:00,13:00,500.0
24092022,13:00,14:00,500.0
24092022,14:00,15:00,500.0
24092022,15:00,16:00,501.0
24092022,16:00,17:00,499.0
24092022,17:00,18:00,499.0
24092022,18:00,19:00,500.0
24092022,19:00,20:00,500.0
24092022,20:00,21:00,501.0
24092022,21:00,22:00,501.0
24092022,22:00,23:00,501.0
24092022,23:00,00:00,500.0
25092022,00:00,01:00,500.0
25092022,01:00,02:00,500.0
25092022,02:00,03:00,491.0
25092022,03:00,04:00,387.0
25092022,04:00,05:00,381.0
25092022,05:00,06:00,501.0
25092022,06:00,07:00,500.0
25092022,07:00,08:00,500.0
25092022,08:00,09:00,500.0
25092022,09:00,10:00,500.0
25092022,10:00,11:00,499.0
25092022,11:00,12:00,500.0
25092022,12:00,13:00,500.0
25092022,13:00,14:00,500.0
25092022,14:00,15:00,500.0
25092022,15:00,16:00,501.0
25092022,16:00,17:00,500.0
25092022,17:00,18:00,500.0
25092022,18:00,19:00,500.0
25092022,19:00,20:00,500.0
25092022,20:00,21:00,501.0
25092022,21:00,22:00,499.0
25092022,22:00,23:00,500.0
25092022,23:00,00:00,499.0
26092022,00:00,01:00,492.0
26092022,01:00,02:00,393.0
26092022,02:00,03:00,285.0
26092022,03:00,04:00,286.0
26092022,04:00,05:00,282.0
26092022,05:00,06:00,293.0
26092022,06:00,07:00,492.0
26092022,07:00,08:00,501.0
26092022,08:00,09:00,501.0
26092022,09:00,10:00,452.0
26092022,10:00,11:00,169.0
26092022,11:00,12:00,152.0
26092022,12:00,13:00,151.0
26092022,13:00,14:00,150.0
26092022,14:00,15:00,151.0
26092022,15:00,16:00,151.0
26092022,16:00,17:00,175.0
26092022,17:00,18:00,253.0
26092022,18:00,19:00,340.0
26092022,19:00,20:00,345.0
26092022,20:00,21:00,244.0
26092022,21:00,22:00,152.0
26092022,22:00,23:00,150.0
26092022,23:00,00:00,151.0
27092022,00:00,01:00,152.0
27092022,01:00,02:00,253.0
27092022,02:00,03:00,400.0
27092022,03:00,04:00,400.0
27092022,04:00,05:00,401.0
27092022,05:00,06:00,390.0
27092022,06:00,07:00,276.0
27092022,07:00,08:00,2.0
27092022,08:00,09:00,0.0
27092022,09:00,10:00,0.0
27092022,10:00,11:00,0.0
27092022,11:00,12:00,0.0
27092022,12:00,13:00,0.0
27092022,13:00,14:00,0.0
27092022,14:00,15:00,0.0
27092022,15:00,16:00,0.0
27092022,16:00,17:00,0.0
27092022,17:00,18:00,198.0
27092022,18:00,19:00,477.0
27092022,19:00,20:00,499.0
27092022,20:00,21:00,501.0
27092022,21:00,22:00,500.0
27092022,22:00,23:00,500.0
27092022,23:00,00:00,500.0
28092022,00:00,01:00,500.0
28092022,01:00,02:00,500.0
28092022,02:00,03:00,500.0
28092022,03:00,04:00,501.0
28092022,04:00,05:00,500.0
28092022,05:00,06:00,499.0
28092022,06:00,07:00,500.0
28092022,07:00,08:00,500.0
28092022,08:00,09:00,500.0
28092022,09:00,10:00,500.0
28092022,10:00,11:00,500.0
28092022,11:00,12:00,500.0
28092022,12:00,13:00,501.0
28092022,13:00,14:00,501.0
28092022,14:00,15:00,497.0
28092022,15:00,16:00,503.0
28092022,16:00,17:00,501.0
28092022,17:00,18:00,500.0
28092022,18:00,19:00,500.0
28092022,19:00,20:00,500.0
28092022,20:00,21:00,501.0
28092022,21:00,22:00,500.0
28092022,22:00,23:00,500.0
28092022,23:00,00:00,497.0
29092022,00:00,01:00,439.0
29092022,01:00,02:00,419.0
29092022,02:00,03:00,400.0
29092022,03:00,04:00,399.0
29092022,04:00,05:00,400.0
29092022,05:00,06:00,400.0
29092022,06:00,07:00,399.0
29092022,07:00,08:00,385.0
29092022,08:00,09:00,265.0
29092022,09:00,10:00,1.0
29092022,10:00,11:00,0.0
29092022,11:00,12:00,0.0
29092022,12:00,13:00,0.0
29092022,13:00,14:00,0.0
29092022,14:00,15:00,0.0
29092022,15:00,16:00,196.0
29092022,16:00,17:00,308.0
29092022,17:00,18:00,568.0
29092022,18:00,19:00,648.0
29092022,19:00,20:00,650.0
29092022,20:00,21:00,632.0
29092022,21:00,22:00,499.0
29092022,22:00,23:00,444.0
29092022,23:00,00:00,316.0
30092022,00:00,01:00,308.0
30092022,01:00,02:00,276.0
30092022,02:00,03:00,286.0
30092022,03:00,04:00,316.0
30092022,04:00,05:00,320.0
30092022,05:00,06:00,478.0
30092022,06:00,07:00,628.0
30092022,07:00,08:00,623.0
30092022,08:00,09:00,541.0
30092022,09:00,10:00,397.0
30092022,10:00,11:00,308.0
30092022,11:00,12:00,292.0
30092022,12:00,13:00,286.0
30092022,13:00,14:00,274.0
30092022,14:00,15:00,290.0
30092022,15:00,16:00,291.0
30092022,16:00,17:00,310.0
30092022,17:00,18:00,493.0
30092022,18:00,19:00,499.0
30092022,19:00,20:00,502.0
30092022,20:00,21:00,488.0
30092022,21:00,22:00,304.0
30092022,22:00,23:00,0.0
30092022,23:00,00:00,0.0
1102022,00:00,01:00,0.0
1102022,01:00,02:00,0.0
1102022,02:00,03:00,0.0
1102022,03:00,04:00,0.0
1102022,04:00,05:00,0.0
1102022,05:00,06:00,0.0
1102022,06:00,07:00,0.0
1102022,07:00,08:00,0.0
1102022,08:00,09:00,0.0
1102022,09:00,10:00,0.0
1102022,10:00,11:00,0.0
1102022,11:00,12:00,0.0
1102022,12:00,13:00,0.0
1102022,13:00,14:00,0.0
1102022,14:00,15:00,0.0
1102022,15:00,16:00,0.0
1102022,16:00,17:00,0.0
1102022,17:00,18:00,0.0
1102022,18:00,19:00,0.0
1102022,19:00,20:00,0.0
1102022,20:00,21:00,0.0
1102022,21:00,22:00,0.0
1102022,22:00,23:00,0.0
1102022,23:00,00:00,0.0
2102022,00:00,01:00,0.0
2102022,01:00,02:00,0.0
2102022,02:00,03:00,0.0
2102022,03:00,04:00,0.0
2102022,04:00,05:00,0.0
2102022,05:00,06:00,0.0
2102022,06:00,07:00,0.0
2102022,07:00,08:00,0.0
2102022,08:00,09:00,0.0
2102022,09:00,10:00,0.0
2102022,10:00,11:00,0.0
2102022,11:00,12:00,0.0
2102022,12:00,13:00,0.0
2102022,13:00,14:00,0.0
2102022,14:00,15:00,0.0
2102022,15:00,16:00,0.0
2102022,16:00,17:00,0.0
2102022,17:00,18:00,0.0
2102022,18:00,19:00,0.0
2102022,19:00,20:00,0.0
2102022,20:00,21:00,0.0
2102022,21:00,22:00,0.0
2102022,22:00,23:00,0.0
2102022,23:00,00:00,0.0
3102022,00:00,01:00,0.0
3102022,01:00,02:00,0.0
3102022,02:00,03:00,0.0
3102022,03:00,04:00,0.0
3102022,04:00,05:00,0.0
3102022,05:00,06:00,0.0
3102022,06:00,07:00,0.0
3102022,07:00,08:00,0.0
3102022,08:00,09:00,0.0
3102022,09:00,10:00,0.0
3102022,10:00,11:00,0.0
3102022,11:00,12:00,0.0
3102022,12:00,13:00,0.0
3102022,13:00,14:00,0.0
3102022,14:00,15:00,0.0
3102022,15:00,16:00,0.0
3102022,16:00,17:00,0.0
3102022,17:00,18:00,0.0
3102022,18:00,19:00,0.0
3102022,19:00,20:00,0.0
3102022,20:00,21:00,0.0
3102022,21:00,22:00,0.0
3102022,22:00,23:00,0.0
3102022,23:00,00:00,0.0
4102022,00:00,01:00,0.0
4102022,01:00,02:00,0.0
4102022,02:00,03:00,0.0
4102022,03:00,04:00,0.0
4102022,04:00,05:00,0.0
4102022,05:00,06:00,0.0
4102022,06:00,07:00,0.0
4102022,07:00,08:00,0.0
4102022,08:00,09:00,0.0
4102022,09:00,10:00,0.0
4102022,10:00,11:00,0.0
4102022,11:00,12:00,0.0
4102022,12:00,13:00,0.0
4102022,13:00,14:00,0.0
4102022,14:00,15:00,0.0
4102022,15:00,16:00,0.0
4102022,16:00,17:00,0.0
4102022,17:00,18:00,0.0
4102022,18:00,19:00,0.0
4102022,19:00,20:00,0.0
4102022,20:00,21:00,0.0
4102022,21:00,22:00,0.0
4102022,22:00,23:00,0.0
4102022,23:00,00:00,0.0
5102022,00:00,01:00,0.0
5102022,01:00,02:00,0.0
5102022,02:00,03:00,0.0
5102022,03:00,04:00,0.0
5102022,04:00,05:00,0.0
5102022,05:00,06:00,0.0
5102022,06:00,07:00,0.0
5102022,07:00,08:00,0.0
5102022,08:00,09:00,0.0
5102022,09:00,10:00,0.0
5102022,10:00,11:00,0.0
5102022,11:00,12:00,0.0
5102022,12:00,13:00,0.0
5102022,13:00,14:00,0.0
5102022,14:00,15:00,0.0
5102022,15:00,16:00,0.0
5102022,16:00,17:00,0.0
5102022,17:00,18:00,0.0
5102022,18:00,19:00,0.0
5102022,19:00,20:00,0.0
5102022,20:00,21:00,0.0
5102022,21:00,22:00,0.0
5102022,22:00,23:00,0.0
5102022,23:00,00:00,0.0
6102022,00:00,01:00,0.0
6102022,01:00,02:00,0.0
6102022,02:00,03:00,0.0
6102022,03:00,04:00,0.0
6102022,04:00,05:00,0.0
6102022,05:00,06:00,0.0
6102022,06:00,07:00,0.0
6102022,07:00,08:00,0.0
6102022,08:00,09:00,0.0
6102022,09:00,10:00,0.0
6102022,10:00,11:00,0.0
6102022,11:00,12:00,0.0
6102022,12:00,13:00,0.0
6102022,13:00,14:00,0.0
6102022,14:00,15:00,0.0
6102022,15:00,16:00,0.0
6102022,16:00,17:00,0.0
6102022,17:00,18:00,0.0
6102022,18:00,19:00,0.0
6102022,19:00,20:00,0.0
6102022,20:00,21:00,0.0
6102022,21:00,22:00,0.0
6102022,22:00,23:00,0.0
6102022,23:00,00:00,0.0
7102022,00:00,01:00,0.0
7102022,01:00,02:00,0.0
7102022,02:00,03:00,0.0
7102022,03:00,04:00,0.0
7102022,04:00,05:00,0.0
7102022,05:00,06:00,0.0
7102022,06:00,07:00,0.0
7102022,07:00,08:00,0.0
7102022,08:00,09:00,0.0
7102022,09:00,10:00,0.0
7102022,10:00,11:00,0.0
7102022,11:00,12:00,0.0
7102022,12:00,13:00,0.0
7102022,13:00,14:00,0.0
7102022,14:00,15:00,0.0
7102022,15:00,16:00,0.0
7102022,16:00,17:00,0.0
7102022,17:00,18:00,0.0
7102022,18:00,19:00,0.0
7102022,19:00,20:00,0.0
7102022,20:00,21:00,0.0
7102022,21:00,22:00,0.0
7102022,22:00,23:00,0.0
7102022,23:00,00:00,0.0
8102022,00:00,01:00,0.0
8102022,01:00,02:00,0.0
8102022,02:00,03:00,0.0
8102022,03:00,04:00,0.0
8102022,04:00,05:00,0.0
8102022,05:00,06:00,0.0
8102022,06:00,07:00,0.0
8102022,07:00,08:00,0.0
8102022,08:00,09:00,0.0
8102022,09:00,10:00,0.0
8102022,10:00,11:00,0.0
8102022,11:00,12:00,0.0
8102022,12:00,13:00,0.0
8102022,13:00,14:00,0.0
8102022,14:00,15:00,0.0
8102022,15:00,16:00,0.0
8102022,16:00,17:00,0.0
8102022,17:00,18:00,0.0
8102022,18:00,19:00,0.0
8102022,19:00,20:00,0.0
8102022,20:00,21:00,0.0
8102022,21:00,22:00,0.0
8102022,22:00,23:00,0.0
8102022,23:00,00:00,0.0
9102022,00:00,01:00,0.0
9102022,01:00,02:00,0.0
9102022,02:00,03:00,0.0
9102022,03:00,04:00,0.0
9102022,04:00,05:00,0.0
9102022,05:00,06:00,0.0
9102022,06:00,07:00,0.0
9102022,07:00,08:00,0.0
9102022,08:00,09:00,0.0
9102022,09:00,10:00,0.0
9102022,10:00,11:00,0.0
9102022,11:00,12:00,0.0
9102022,12:00,13:00,0.0
9102022,13:00,14:00,0.0
9102022,14:00,15:00,0.0
9102022,15:00,16:00,0.0
9102022,16:00,17:00,0.0
9102022,17:00,18:00,0.0
9102022,18:00,19:00,0.0
9102022,19:00,20:00,0.0
9102022,20:00,21:00,0.0
9102022,21:00,22:00,0.0
9102022,22:00,23:00,0.0
9102022,23:00,00:00,0.0
10102022,00:00,01:00,0.0
10102022,01:00,02:00,0.0
10102022,02:00,03:00,0.0
10102022,03:00,04:00,0.0
10102022,04:00,05:00,0.0
10102022,05:00,06:00,0.0
10102022,06:00,07:00,0.0
10102022,07:00,08:00,0.0
10102022,08:00,09:00,0.0
10102022,09:00,10:00,0.0
10102022,10:00,11:00,0.0
10102022,11:00,12:00,0.0
10102022,12:00,13:00,0.0
10102022,13:00,14:00,0.0
10102022,14:00,15:00,0.0
10102022,15:00,16:00,0.0
10102022,16:00,17:00,0.0
10102022,17:00,18:00,0.0
10102022,18:00,19:00,0.0
10102022,19:00,20:00,0.0
10102022,20:00,21:00,0.0
10102022,21:00,22:00,0.0
10102022,22:00,23:00,0.0
10102022,23:00,00:00,0.0
11102022,00:00,01:00,0.0
11102022,01:00,02:00,72.0
11102022,02:00,03:00,279.0
11102022,03:00,04:00,391.0
11102022,04:00,05:00,404.0
11102022,05:00,06:00,498.0
11102022,06:00,07:00,588.0
11102022,07:00,08:00,669.0
11102022,08:00,09:00,682.0
11102022,09:00,10:00,682.0
11102022,10:00,11:00,675.0
11102022,11:00,12:00,669.0
11102022,12:00,13:00,602.0
11102022,13:00,14:00,532.0
11102022,14:00,15:00,481.0
11102022,15:00,16:00,548.0
11102022,16:00,17:00,673.0
11102022,17:00,18:00,683.0
11102022,18:00,19:00,661.0
11102022,19:00,20:00,659.0
11102022,20:00,21:00,660.0
11102022,21:00,22:00,659.0
11102022,22:00,23:00,659.0
11102022,23:00,00:00,660.0
12102022,00:00,01:00,659.0
12102022,01:00,02:00,656.0
12102022,02:00,03:00,653.0
12102022,03:00,04:00,659.0
12102022,04:00,05:00,661.0
12102022,05:00,06:00,660.0
12102022,06:00,07:00,660.0
12102022,07:00,08:00,661.0
12102022,08:00,09:00,661.0
12102022,09:00,10:00,660.0
12102022,10:00,11:00,656.0
12102022,11:00,12:00,659.0
12102022,12:00,13:00,660.0
12102022,13:00,14:00,669.0
12102022,14:00,15:00,668.0
12102022,15:00,16:00,670.0
12102022,16:00,17:00,671.0
12102022,17:00,18:00,669.0
12102022,18:00,19:00,670.0
12102022,19:00,20:00,671.0
12102022,20:00,21:00,670.0
12102022,21:00,22:00,667.0
12102022,22:00,23:00,649.0
12102022,23:00,00:00,652.0
13102022,00:00,01:00,670.0
13102022,01:00,02:00,669.0
13102022,02:00,03:00,670.0
13102022,03:00,04:00,670.0
13102022,04:00,05:00,670.0
13102022,05:00,06:00,483.0
13102022,06:00,07:00,183.0
13102022,07:00,08:00,578.0
13102022,08:00,09:00,669.0
13102022,09:00,10:00,670.0
13102022,10:00,11:00,670.0
13102022,11:00,12:00,669.0
13102022,12:00,13:00,669.0
13102022,13:00,14:00,670.0
13102022,14:00,15:00,669.0
13102022,15:00,16:00,671.0
13102022,16:00,17:00,668.0
13102022,17:00,18:00,669.0
13102022,18:00,19:00,670.0
13102022,19:00,20:00,671.0
13102022,20:00,21:00,668.0
13102022,21:00,22:00,672.0
13102022,22:00,23:00,636.0
13102022,23:00,00:00,316.0
14102022,00:00,01:00,0.0
14102022,01:00,02:00,0.0
14102022,02:00,03:00,0.0
14102022,03:00,04:00,0.0
14102022,04:00,05:00,0.0
14102022,05:00,06:00,0.0
14102022,06:00,07:00,0.0
14102022,07:00,08:00,0.0
14102022,08:00,09:00,0.0
14102022,09:00,10:00,0.0
14102022,10:00,11:00,0.0
14102022,11:00,12:00,0.0
14102022,12:00,13:00,0.0
14102022,13:00,14:00,0.0
14102022,14:00,15:00,0.0
14102022,15:00,16:00,0.0
14102022,16:00,17:00,0.0
14102022,17:00,18:00,0.0
14102022,18:00,19:00,0.0
14102022,19:00,20:00,0.0
14102022,20:00,21:00,0.0
14102022,21:00,22:00,0.0
14102022,22:00,23:00,0.0
14102022,23:00,00:00,0.0
15102022,00:00,01:00,0.0
15102022,01:00,02:00,0.0
15102022,02:00,03:00,0.0
15102022,03:00,04:00,0.0
15102022,04:00,05:00,0.0
15102022,05:00,06:00,0.0
15102022,06:00,07:00,0.0
15102022,07:00,08:00,0.0
15102022,08:00,09:00,0.0
15102022,09:00,10:00,0.0
15102022,10:00,11:00,0.0
15102022,11:00,12:00,0.0
15102022,12:00,13:00,0.0
15102022,13:00,14:00,0.0
15102022,14:00,15:00,0.0
15102022,15:00,16:00,0.0
15102022,16:00,17:00,0.0
15102022,17:00,18:00,0.0
15102022,18:00,19:00,0.0
15102022,19:00,20:00,0.0
15102022,20:00,21:00,0.0
15102022,21:00,22:00,0.0
15102022,22:00,23:00,0.0
15102022,23:00,00:00,0.0
16102022,00:00,01:00,0.0
16102022,01:00,02:00,0.0
16102022,02:00,03:00,0.0
16102022,03:00,04:00,0.0
16102022,04:00,05:00,0.0
16102022,05:00,06:00,0.0
16102022,06:00,07:00,0.0
16102022,07:00,08:00,0.0
16102022,08:00,09:00,0.0
16102022,09:00,10:00,0.0
16102022,10:00,11:00,0.0
16102022,11:00,12:00,0.0
16102022,12:00,13:00,0.0
16102022,13:00,14:00,0.0
16102022,14:00,15:00,0.0
16102022,15:00,16:00,0.0
16102022,16:00,17:00,0.0
16102022,17:00,18:00,0.0
16102022,18:00,19:00,0.0
16102022,19:00,20:00,0.0
16102022,20:00,21:00,0.0
16102022,21:00,22:00,0.0
16102022,22:00,23:00,0.0
16102022,23:00,00:00,0.0
17102022,00:00,01:00,0.0
17102022,01:00,02:00,0.0
17102022,02:00,03:00,0.0
17102022,03:00,04:00,0.0
17102022,04:00,05:00,0.0
17102022,05:00,06:00,0.0
17102022,06:00,07:00,0.0
17102022,07:00,08:00,0.0
17102022,08:00,09:00,0.0
17102022,09:00,10:00,0.0
17102022,10:00,11:00,0.0
17102022,11:00,12:00,0.0
17102022,12:00,13:00,0.0
17102022,13:00,14:00,0.0
17102022,14:00,15:00,0.0
17102022,15:00,16:00,0.0
17102022,16:00,17:00,0.0
17102022,17:00,18:00,0.0
17102022,18:00,19:00,0.0
17102022,19:00,20:00,0.0
17102022,20:00,21:00,0.0
17102022,21:00,22:00,0.0
17102022,22:00,23:00,0.0
17102022,23:00,00:00,0.0
18102022,00:00,01:00,0.0
18102022,01:00,02:00,0.0
18102022,02:00,03:00,0.0
18102022,03:00,04:00,0.0
18102022,04:00,05:00,0.0
18102022,05:00,06:00,0.0
18102022,06:00,07:00,0.0
18102022,07:00,08:00,0.0
18102022,08:00,09:00,0.0
18102022,09:00,10:00,0.0
18102022,10:00,11:00,0.0
18102022,11:00,12:00,0.0
18102022,12:00,13:00,0.0
18102022,13:00,14:00,0.0
18102022,14:00,15:00,0.0
18102022,15:00,16:00,0.0
18102022,16:00,17:00,0.0
18102022,17:00,18:00,0.0
18102022,18:00,19:00,0.0
18102022,19:00,20:00,0.0
18102022,20:00,21:00,0.0
18102022,21:00,22:00,0.0
18102022,22:00,23:00,0.0
18102022,23:00,00:00,0.0
19102022,00:00,01:00,0.0
19102022,01:00,02:00,0.0
19102022,02:00,03:00,0.0
19102022,03:00,04:00,0.0
19102022,04:00,05:00,0.0
19102022,05:00,06:00,0.0
19102022,06:00,07:00,0.0
19102022,07:00,08:00,0.0
19102022,08:00,09:00,0.0
19102022,09:00,10:00,0.0
19102022,10:00,11:00,0.0
19102022,11:00,12:00,0.0
19102022,12:00,13:00,0.0
19102022,13:00,14:00,0.0
19102022,14:00,15:00,0.0
19102022,15:00,16:00,0.0
19102022,16:00,17:00,0.0
19102022,17:00,18:00,0.0
19102022,18:00,19:00,0.0
19102022,19:00,20:00,0.0
19102022,20:00,21:00,0.0
19102022,21:00,22:00,0.0
19102022,22:00,23:00,0.0
19102022,23:00,00:00,0.0
20102022,00:00,01:00,0.0
20102022,01:00,02:00,0.0
20102022,02:00,03:00,0.0
20102022,03:00,04:00,0.0
20102022,04:00,05:00,0.0
20102022,05:00,06:00,0.0
20102022,06:00,07:00,0.0
20102022,07:00,08:00,0.0
20102022,08:00,09:00,0.0
20102022,09:00,10:00,0.0
20102022,10:00,11:00,0.0
20102022,11:00,12:00,50.0
20102022,12:00,13:00,14.0
20102022,13:00,14:00,0.0
20102022,14:00,15:00,0.0
20102022,15:00,16:00,0.0
20102022,16:00,17:00,0.0
20102022,17:00,18:00,0.0
20102022,18:00,19:00,0.0
20102022,19:00,20:00,0.0
20102022,20:00,21:00,0.0
20102022,21:00,22:00,0.0
20102022,22:00,23:00,0.0
20102022,23:00,00:00,0.0
21102022,00:00,01:00,0.0
21102022,01:00,02:00,0.0
21102022,02:00,03:00,0.0
21102022,03:00,04:00,0.0
21102022,04:00,05:00,0.0
21102022,05:00,06:00,0.0
21102022,06:00,07:00,0.0
21102022,07:00,08:00,0.0
21102022,08:00,09:00,0.0
21102022,09:00,10:00,0.0
21102022,10:00,11:00,0.0
21102022,11:00,12:00,0.0
21102022,12:00,13:00,0.0
21102022,13:00,14:00,0.0
21102022,14:00,15:00,0.0
21102022,15:00,16:00,0.0
21102022,16:00,17:00,0.0
21102022,17:00,18:00,0.0
21102022,18:00,19:00,0.0
21102022,19:00,20:00,0.0
21102022,20:00,21:00,0.0
21102022,21:00,22:00,0.0
21102022,22:00,23:00,0.0
21102022,23:00,00:00,0.0
22102022,00:00,01:00,0.0
22102022,01:00,02:00,0.0
22102022,02:00,03:00,0.0
22102022,03:00,04:00,0.0
22102022,04:00,05:00,0.0
22102022,05:00,06:00,0.0
22102022,06:00,07:00,0.0
22102022,07:00,08:00,0.0
22102022,08:00,09:00,0.0
22102022,09:00,10:00,0.0
22102022,10:00,11:00,0.0
22102022,11:00,12:00,0.0
22102022,12:00,13:00,0.0
22102022,13:00,14:00,0.0
22102022,14:00,15:00,0.0
22102022,15:00,16:00,0.0
22102022,16:00,17:00,0.0
22102022,17:00,18:00,0.0
22102022,18:00,19:00,0.0
22102022,19:00,20:00,0.0
22102022,20:00,21:00,0.0
22102022,21:00,22:00,0.0
22102022,22:00,23:00,0.0
22102022,23:00,00:00,0.0
23102022,00:00,01:00,0.0
23102022,01:00,02:00,0.0
23102022,02:00,03:00,0.0
23102022,03:00,04:00,0.0
23102022,04:00,05:00,0.0
23102022,05:00,06:00,0.0
23102022,06:00,07:00,0.0
23102022,07:00,08:00,0.0
23102022,08:00,09:00,0.0
23102022,09:00,10:00,0.0
23102022,10:00,11:00,0.0
23102022,11:00,12:00,0.0
23102022,12:00,13:00,0.0
23102022,13:00,14:00,0.0
23102022,14:00,15:00,0.0
23102022,15:00,16:00,0.0
23102022,16:00,17:00,0.0
23102022,17:00,18:00,0.0
23102022,18:00,19:00,0.0
23102022,19:00,20:00,0.0
23102022,20:00,21:00,0.0
23102022,21:00,22:00,0.0
23102022,22:00,23:00,0.0
23102022,23:00,00:00,0.0
24102022,00:00,01:00,0.0
24102022,01:00,02:00,0.0
24102022,02:00,03:00,0.0
24102022,03:00,04:00,0.0
24102022,04:00,05:00,0.0
24102022,05:00,06:00,0.0
24102022,06:00,07:00,0.0
24102022,07:00,08:00,0.0
24102022,08:00,09:00,0.0
24102022,09:00,10:00,0.0
24102022,10:00,11:00,0.0
24102022,11:00,12:00,0.0
24102022,12:00,13:00,0.0
24102022,13:00,14:00,0.0
24102022,14:00,15:00,0.0
24102022,15:00,16:00,0.0
24102022,16:00,17:00,0.0
24102022,17:00,18:00,0.0
24102022,18:00,19:00,0.0
24102022,19:00,20:00,0.0
24102022,20:00,21:00,0.0
24102022,21:00,22:00,0.0
24102022,22:00,23:00,0.0
24102022,23:00,00:00,0.0
25102022,00:00,01:00,0.0
25102022,01:00,02:00,0.0
25102022,02:00,03:00,0.0
25102022,03:00,04:00,0.0
25102022,04:00,05:00,0.0
25102022,05:00,06:00,0.0
25102022,06:00,07:00,0.0
25102022,07:00,08:00,0.0
25102022,08:00,09:00,0.0
25102022,09:00,10:00,0.0
25102022,10:00,11:00,0.0
25102022,11:00,12:00,0.0
25102022,12:00,13:00,0.0
25102022,13:00,14:00,0.0
25102022,14:00,15:00,0.0
25102022,15:00,16:00,0.0
25102022,16:00,17:00,0.0
25102022,17:00,18:00,0.0
25102022,18:00,19:00,0.0
25102022,19:00,20:00,0.0
25102022,20:00,21:00,0.0
25102022,21:00,22:00,0.0
25102022,22:00,23:00,0.0
25102022,23:00,00:00,0.0
26102022,00:00,01:00,0.0
26102022,01:00,02:00,0.0
26102022,02:00,03:00,0.0
26102022,03:00,04:00,0.0
26102022,04:00,05:00,0.0
26102022,05:00,06:00,0.0
26102022,06:00,07:00,0.0
26102022,07:00,08:00,0.0
26102022,08:00,09:00,0.0
26102022,09:00,10:00,0.0
26102022,10:00,11:00,0.0
26102022,11:00,12:00,0.0
26102022,12:00,13:00,0.0
26102022,13:00,14:00,0.0
26102022,14:00,15:00,0.0
26102022,15:00,16:00,0.0
26102022,16:00,17:00,0.0
26102022,17:00,18:00,0.0
26102022,18:00,19:00,0.0
26102022,19:00,20:00,0.0
26102022,20:00,21:00,0.0
26102022,21:00,22:00,0.0
26102022,22:00,23:00,0.0
26102022,23:00,00:00,0.0
27102022,00:00,01:00,0.0
27102022,01:00,02:00,0.0
27102022,02:00,03:00,0.0
27102022,03:00,04:00,0.0
27102022,04:00,05:00,0.0
27102022,05:00,06:00,0.0
27102022,06:00,07:00,0.0
27102022,07:00,08:00,0.0
27102022,08:00,09:00,0.0
27102022,09:00,10:00,0.0
27102022,10:00,11:00,0.0
27102022,11:00,12:00,0.0
27102022,12:00,13:00,0.0
27102022,13:00,14:00,0.0
27102022,14:00,15:00,0.0
27102022,15:00,16:00,0.0
27102022,16:00,17:00,0.0
27102022,17:00,18:00,0.0
27102022,18:00,19:00,0.0
27102022,19:00,20:00,0.0
27102022,20:00,21:00,0.0
27102022,21:00,22:00,0.0
27102022,22:00,23:00,0.0
27102022,23:00,00:00,0.0
28102022,00:00,01:00,0.0
28102022,01:00,02:00,0.0
28102022,02:00,03:00,0.0
28102022,03:00,04:00,0.0
28102022,04:00,05:00,0.0
28102022,05:00,06:00,0.0
28102022,06:00,07:00,0.0
28102022,07:00,08:00,0.0
28102022,08:00,09:00,0.0
28102022,09:00,10:00,0.0
28102022,10:00,11:00,0.0
28102022,11:00,12:00,0.0
28102022,12:00,13:00,0.0
28102022,13:00,14:00,0.0
28102022,14:00,15:00,0.0
28102022,15:00,16:00,0.0
28102022,16:00,17:00,0.0
28102022,17:00,18:00,0.0
28102022,18:00,19:00,0.0
28102022,19:00,20:00,0.0
28102022,20:00,21:00,0.0
28102022,21:00,22:00,0.0
28102022,22:00,23:00,0.0
28102022,23:00,00:00,0.0
29102022,00:00,01:00,0.0
29102022,01:00,02:00,0.0
29102022,02:00,03:00,0.0
29102022,03:00,04:00,0.0
29102022,04:00,05:00,0.0
29102022,05:00,06:00,0.0
29102022,06:00,07:00,0.0
29102022,07:00,08:00,0.0
29102022,08:00,09:00,0.0
29102022,09:00,10:00,0.0
29102022,10:00,11:00,0.0
29102022,11:00,12:00,0.0
29102022,12:00,13:00,0.0
29102022,13:00,14:00,0.0
29102022,14:00,15:00,0.0
29102022,15:00,16:00,0.0
29102022,16:00,17:00,0.0
29102022,17:00,18:00,0.0
29102022,18:00,19:00,0.0
29102022,19:00,20:00,0.0
29102022,20:00,21:00,0.0
29102022,21:00,22:00,0.0
29102022,22:00,23:00,0.0
29102022,23:00,00:00,0.0
30102022,00:00,01:00,0.0
30102022,01:00,02:00,0.0
30102022,02:00,03:00,0.0
30102022,02:00,03:00,0.0
30102022,03:00,04:00,0.0
30102022,04:00,05:00,0.0
30102022,05:00,06:00,0.0
30102022,06:00,07:00,0.0
30102022,07:00,08:00,0.0
30102022,08:00,09:00,0.0
30102022,09:00,10:00,0.0
30102022,10:00,11:00,0.0
30102022,11:00,12:00,0.0
30102022,12:00,13:00,0.0
30102022,13:00,14:00,0.0
30102022,14:00,15:00,0.0
30102022,15:00,16:00,0.0
30102022,16:00,17:00,0.0
30102022,17:00,18:00,0.0
30102022,18:00,19:00,0.0
30102022,19:00,20:00,0.0
30102022,20:00,21:00,0.0
30102022,21:00,22:00,0.0
30102022,22:00,23:00,0.0
30102022,23:00,00:00,0.0
31102022,00:00,01:00,0.0
31102022,01:00,02:00,0.0
31102022,02:00,03:00,0.0
31102022,03:00,04:00,0.0
31102022,04:00,05:00,0.0
31102022,05:00,06:00,0.0
31102022,06:00,07:00,0.0
31102022,07:00,08:00,0.0
31102022,08:00,09:00,0.0
31102022,09:00,10:00,0.0
31102022,10:00,11:00,0.0
31102022,11:00,12:00,0.0
31102022,12:00,13:00,0.0
31102022,13:00,14:00,0.0
31102022,14:00,15:00,0.0
31102022,15:00,16:00,0.0
31102022,16:00,17:00,0.0
31102022,17:00,18:00,0.0
31102022,18:00,19:00,0.0
31102022,19:00,20:00,0.0
31102022,20:00,21:00,0.0
31102022,21:00,22:00,0.0
31102022,22:00,23:00,0.0
31102022,23:00,00:00,0.0
1112022,00:00,01:00,0.0
1112022,01:00,02:00,0.0
1112022,02:00,03:00,0.0
1112022,03:00,04:00,0.0
1112022,04:00,05:00,0.0
1112022,05:00,06:00,0.0
1112022,06:00,07:00,0.0
1112022,07:00,08:00,0.0
1112022,08:00,09:00,0.0
1112022,09:00,10:00,0.0
1112022,10:00,11:00,0.0
1112022,11:00,12:00,0.0
1112022,12:00,13:00,0.0
1112022,13:00,14:00,0.0
1112022,14:00,15:00,0.0
1112022,15:00,16:00,0.0
1112022,16:00,17:00,0.0
1112022,17:00,18:00,0.0
1112022,18:00,19:00,0.0
1112022,19:00,20:00,0.0
1112022,20:00,21:00,0.0
1112022,21:00,22:00,0.0
1112022,22:00,23:00,0.0
1112022,23:00,00:00,0.0
2112022,00:00,01:00,0.0
2112022,01:00,02:00,0.0
2112022,02:00,03:00,0.0
2112022,03:00,04:00,0.0
2112022,04:00,05:00,0.0
2112022,05:00,06:00,0.0
2112022,06:00,07:00,0.0
2112022,07:00,08:00,0.0
2112022,08:00,09:00,0.0
2112022,09:00,10:00,0.0
2112022,10:00,11:00,0.0
2112022,11:00,12:00,0.0
2112022,12:00,13:00,0.0
2112022,13:00,14:00,0.0
2112022,14:00,15:00,0.0
2112022,15:00,16:00,0.0
2112022,16:00,17:00,0.0
2112022,17:00,18:00,0.0
2112022,18:00,19:00,0.0
2112022,19:00,20:00,0.0
2112022,20:00,21:00,0.0
2112022,21:00,22:00,0.0
2112022,22:00,23:00,0.0
2112022,23:00,00:00,0.0
3112022,00:00,01:00,0.0
3112022,01:00,02:00,0.0
3112022,02:00,03:00,0.0
3112022,03:00,04:00,0.0
3112022,04:00,05:00,0.0
3112022,05:00,06:00,0.0
3112022,06:00,07:00,0.0
3112022,07:00,08:00,0.0
3112022,08:00,09:00,0.0
3112022,09:00,10:00,0.0
3112022,10:00,11:00,0.0
3112022,11:00,12:00,0.0
3112022,12:00,13:00,0.0
3112022,13:00,14:00,0.0
3112022,14:00,15:00,0.0
3112022,15:00,16:00,0.0
3112022,16:00,17:00,0.0
3112022,17:00,18:00,0.0
3112022,18:00,19:00,0.0
3112022,19:00,20:00,0.0
3112022,20:00,21:00,0.0
3112022,21:00,22:00,0.0
3112022,22:00,23:00,0.0
3112022,23:00,00:00,0.0
4112022,00:00,01:00,0.0
4112022,01:00,02:00,0.0
4112022,02:00,03:00,0.0
4112022,03:00,04:00,0.0
4112022,04:00,05:00,0.0
4112022,05:00,06:00,0.0
4112022,06:00,07:00,0.0
4112022,07:00,08:00,0.0
4112022,08:00,09:00,0.0
4112022,09:00,10:00,0.0
4112022,10:00,11:00,0.0
4112022,11:00,12:00,0.0
4112022,12:00,13:00,0.0
4112022,13:00,14:00,0.0
4112022,14:00,15:00,0.0
4112022,15:00,16:00,0.0
4112022,16:00,17:00,0.0
4112022,17:00,18:00,0.0
4112022,18:00,19:00,0.0
4112022,19:00,20:00,0.0
4112022,20:00,21:00,0.0
4112022,21:00,22:00,0.0
4112022,22:00,23:00,0.0
4112022,23:00,00:00,0.0
5112022,00:00,01:00,0.0
5112022,01:00,02:00,0.0
5112022,02:00,03:00,0.0
5112022,03:00,04:00,0.0
5112022,04:00,05:00,0.0
5112022,05:00,06:00,0.0
5112022,06:00,07:00,0.0
5112022,07:00,08:00,0.0
5112022,08:00,09:00,0.0
5112022,09:00,10:00,0.0
5112022,10:00,11:00,0.0
5112022,11:00,12:00,0.0
5112022,12:00,13:00,0.0
5112022,13:00,14:00,0.0
5112022,14:00,15:00,0.0
5112022,15:00,16:00,0.0
5112022,16:00,17:00,0.0
5112022,17:00,18:00,0.0
5112022,18:00,19:00,0.0
5112022,19:00,20:00,0.0
5112022,20:00,21:00,0.0
5112022,21:00,22:00,0.0
5112022,22:00,23:00,0.0
5112022,23:00,00:00,0.0
6112022,00:00,01:00,0.0
6112022,01:00,02:00,0.0
6112022,02:00,03:00,0.0
6112022,03:00,04:00,0.0
6112022,04:00,05:00,0.0
6112022,05:00,06:00,0.0
6112022,06:00,07:00,0.0
6112022,07:00,08:00,0.0
6112022,08:00,09:00,0.0
6112022,09:00,10:00,0.0
6112022,10:00,11:00,0.0
6112022,11:00,12:00,0.0
6112022,12:00,13:00,0.0
6112022,13:00,14:00,0.0
6112022,14:00,15:00,0.0
6112022,15:00,16:00,0.0
6112022,16:00,17:00,0.0
6112022,17:00,18:00,0.0
6112022,18:00,19:00,0.0
6112022,19:00,20:00,0.0
6112022,20:00,21:00,0.0
6112022,21:00,22:00,0.0
6112022,22:00,23:00,0.0
6112022,23:00,00:00,0.0
7112022,00:00,01:00,0.0
7112022,01:00,02:00,0.0
7112022,02:00,03:00,0.0
7112022,03:00,04:00,0.0
7112022,04:00,05:00,0.0
7112022,05:00,06:00,0.0
7112022,06:00,07:00,0.0
7112022,07:00,08:00,0.0
7112022,08:00,09:00,0.0
7112022,09:00,10:00,0.0
7112022,10:00,11:00,0.0
7112022,11:00,12:00,0.0
7112022,12:00,13:00,0.0
7112022,13:00,14:00,0.0
7112022,14:00,15:00,0.0
7112022,15:00,16:00,0.0
7112022,16:00,17:00,0.0
7112022,17:00,18:00,0.0
7112022,18:00,19:00,0.0
7112022,19:00,20:00,0.0
7112022,20:00,21:00,0.0
7112022,21:00,22:00,0.0
7112022,22:00,23:00,0.0
7112022,23:00,00:00,0.0
8112022,00:00,01:00,0.0
8112022,01:00,02:00,0.0
8112022,02:00,03:00,0.0
8112022,03:00,04:00,0.0
8112022,04:00,05:00,0.0
8112022,05:00,06:00,0.0
8112022,06:00,07:00,0.0
8112022,07:00,08:00,0.0
8112022,08:00,09:00,0.0
8112022,09:00,10:00,0.0
8112022,10:00,11:00,0.0
8112022,11:00,12:00,0.0
8112022,12:00,13:00,0.0
8112022,13:00,14:00,0.0
8112022,14:00,15:00,0.0
8112022,15:00,16:00,0.0
8112022,16:00,17:00,0.0
8112022,17:00,18:00,0.0
8112022,18:00,19:00,0.0
8112022,19:00,20:00,0.0
8112022,20:00,21:00,0.0
8112022,21:00,22:00,0.0
8112022,22:00,23:00,0.0
8112022,23:00,00:00,0.0
9112022,00:00,01:00,0.0
9112022,01:00,02:00,0.0
9112022,02:00,03:00,0.0
9112022,03:00,04:00,0.0
9112022,04:00,05:00,0.0
9112022,05:00,06:00,0.0
9112022,06:00,07:00,0.0
9112022,07:00,08:00,0.0
9112022,08:00,09:00,0.0
9112022,09:00,10:00,0.0
9112022,10:00,11:00,0.0
9112022,11:00,12:00,0.0
9112022,12:00,13:00,0.0
9112022,13:00,14:00,0.0
9112022,14:00,15:00,0.0
9112022,15:00,16:00,0.0
9112022,16:00,17:00,0.0
9112022,17:00,18:00,0.0
9112022,18:00,19:00,0.0
9112022,19:00,20:00,0.0
9112022,20:00,21:00,0.0
9112022,21:00,22:00,0.0
9112022,22:00,23:00,0.0
9112022,23:00,00:00,0.0
10112022,00:00,01:00,0.0
10112022,01:00,02:00,0.0
10112022,02:00,03:00,0.0
10112022,03:00,04:00,0.0
10112022,04:00,05:00,0.0
10112022,05:00,06:00,0.0
10112022,06:00,07:00,0.0
10112022,07:00,08:00,0.0
10112022,08:00,09:00,0.0
10112022,09:00,10:00,0.0
10112022,10:00,11:00,0.0
10112022,11:00,12:00,0.0
10112022,12:00,13:00,0.0
10112022,13:00,14:00,0.0
10112022,14:00,15:00,0.0
10112022,15:00,16:00,0.0
10112022,16:00,17:00,0.0
10112022,17:00,18:00,0.0
10112022,18:00,19:00,0.0
10112022,19:00,20:00,0.0
10112022,20:00,21:00,0.0
10112022,21:00,22:00,0.0
10112022,22:00,23:00,0.0
10112022,23:00,00:00,0.0
11112022,00:00,01:00,0.0
11112022,01:00,02:00,0.0
11112022,02:00,03:00,0.0
11112022,03:00,04:00,0.0
11112022,04:00,05:00,0.0
11112022,05:00,06:00,0.0
11112022,06:00,07:00,0.0
11112022,07:00,08:00,0.0
11112022,08:00,09:00,0.0
11112022,09:00,10:00,0.0
11112022,10:00,11:00,0.0
11112022,11:00,12:00,0.0
11112022,12:00,13:00,0.0
11112022,13:00,14:00,0.0
11112022,14:00,15:00,0.0
11112022,15:00,16:00,0.0
11112022,16:00,17:00,0.0
11112022,17:00,18:00,0.0
11112022,18:00,19:00,0.0
11112022,19:00,20:00,0.0
11112022,20:00,21:00,0.0
11112022,21:00,22:00,0.0
11112022,22:00,23:00,0.0
11112022,23:00,00:00,0.0
12112022,00:00,01:00,0.0
12112022,01:00,02:00,0.0
12112022,02:00,03:00,0.0
12112022,03:00,04:00,0.0
12112022,04:00,05:00,0.0
12112022,05:00,06:00,0.0
12112022,06:00,07:00,0.0
12112022,07:00,08:00,0.0
12112022,08:00,09:00,0.0
12112022,09:00,10:00,0.0
12112022,10:00,11:00,0.0
12112022,11:00,12:00,0.0
12112022,12:00,13:00,0.0
12112022,13:00,14:00,0.0
12112022,14:00,15:00,0.0
12112022,15:00,16:00,0.0
12112022,16:00,17:00,0.0
12112022,17:00,18:00,0.0
12112022,18:00,19:00,0.0
12112022,19:00,20:00,0.0
12112022,20:00,21:00,0.0
12112022,21:00,22:00,0.0
12112022,22:00,23:00,0.0
12112022,23:00,00:00,0.0
13112022,00:00,01:00,0.0
13112022,01:00,02:00,0.0
13112022,02:00,03:00,0.0
13112022,03:00,04:00,0.0
13112022,04:00,05:00,0.0
13112022,05:00,06:00,0.0
13112022,06:00,07:00,0.0
13112022,07:00,08:00,0.0
13112022,08:00,09:00,0.0
13112022,09:00,10:00,0.0
13112022,10:00,11:00,0.0
13112022,11:00,12:00,0.0
13112022,12:00,13:00,0.0
13112022,13:00,14:00,0.0
13112022,14:00,15:00,0.0
13112022,15:00,16:00,0.0
13112022,16:00,17:00,0.0
13112022,17:00,18:00,0.0
13112022,18:00,19:00,0.0
13112022,19:00,20:00,0.0
13112022,20:00,21:00,0.0
13112022,21:00,22:00,0.0
13112022,22:00,23:00,0.0
13112022,23:00,00:00,0.0
14112022,00:00,01:00,0.0
14112022,01:00,02:00,0.0
14112022,02:00,03:00,0.0
14112022,03:00,04:00,0.0
14112022,04:00,05:00,0.0
14112022,05:00,06:00,0.0
14112022,06:00,07:00,0.0
14112022,07:00,08:00,0.0
14112022,08:00,09:00,0.0
14112022,09:00,10:00,0.0
14112022,10:00,11:00,0.0
14112022,11:00,12:00,0.0
14112022,12:00,13:00,0.0
14112022,13:00,14:00,0.0
14112022,14:00,15:00,0.0
14112022,15:00,16:00,0.0
14112022,16:00,17:00,0.0
14112022,17:00,18:00,0.0
14112022,18:00,19:00,0.0
14112022,19:00,20:00,0.0
14112022,20:00,21:00,0.0
14112022,21:00,22:00,0.0
14112022,22:00,23:00,0.0
14112022,23:00,00:00,0.0
15112022,00:00,01:00,0.0
15112022,01:00,02:00,0.0
15112022,02:00,03:00,0.0
15112022,03:00,04:00,197.0
15112022,04:00,05:00,320.0
15112022,05:00,06:00,409.0
15112022,06:00,07:00,500.0
15112022,07:00,08:00,588.0
15112022,08:00,09:00,663.0
15112022,09:00,10:00,670.0
15112022,10:00,11:00,679.0
15112022,11:00,12:00,675.0
15112022,12:00,13:00,670.0
15112022,13:00,14:00,670.0
15112022,14:00,15:00,668.0
15112022,15:00,16:00,670.0
15112022,16:00,17:00,669.0
15112022,17:00,18:00,669.0
15112022,18:00,19:00,670.0
15112022,19:00,20:00,671.0
15112022,20:00,21:00,661.0
15112022,21:00,22:00,543.0
15112022,22:00,23:00,279.0
15112022,23:00,00:00,153.0
16112022,00:00,01:00,151.0
16112022,01:00,02:00,151.0
16112022,02:00,03:00,150.0
16112022,03:00,04:00,151.0
16112022,04:00,05:00,151.0
16112022,05:00,06:00,150.0
16112022,06:00,07:00,153.0
16112022,07:00,08:00,234.0
16112022,08:00,09:00,262.0
16112022,09:00,10:00,260.0
16112022,10:00,11:00,284.0
16112022,11:00,12:00,456.0
16112022,12:00,13:00,467.0
16112022,13:00,14:00,491.0
16112022,14:00,15:00,490.0
16112022,15:00,16:00,490.0
16112022,16:00,17:00,491.0
16112022,17:00,18:00,491.0
16112022,18:00,19:00,471.0
16112022,19:00,20:00,303.0
16112022,20:00,21:00,300.0
16112022,21:00,22:00,275.0
16112022,22:00,23:00,157.0
16112022,23:00,00:00,155.0
17112022,00:00,01:00,157.0
17112022,01:00,02:00,154.0
17112022,02:00,03:00,151.0
17112022,03:00,04:00,150.0
17112022,04:00,05:00,150.0
17112022,05:00,06:00,150.0
17112022,06:00,07:00,150.0
17112022,07:00,08:00,163.0
17112022,08:00,09:00,362.0
17112022,09:00,10:00,450.0
17112022,10:00,11:00,447.0
17112022,11:00,12:00,355.0
17112022,12:00,13:00,153.0
17112022,13:00,14:00,150.0
17112022,14:00,15:00,155.0
17112022,15:00,16:00,236.0
17112022,16:00,17:00,251.0
17112022,17:00,18:00,250.0
17112022,18:00,19:00,251.0
17112022,19:00,20:00,243.0
17112022,20:00,21:00,262.0
17112022,21:00,22:00,390.0
17112022,22:00,23:00,402.0
17112022,23:00,00:00,392.0
18112022,00:00,01:00,264.0
18112022,01:00,02:00,242.0
18112022,02:00,03:00,155.0
18112022,03:00,04:00,151.0
18112022,04:00,05:00,163.0
18112022,05:00,06:00,451.0
18112022,06:00,07:00,676.0
18112022,07:00,08:00,685.0
18112022,08:00,09:00,675.0
18112022,09:00,10:00,653.0
18112022,10:00,11:00,650.0
18112022,11:00,12:00,650.0
18112022,12:00,13:00,651.0
18112022,13:00,14:00,650.0
18112022,14:00,15:00,650.0
18112022,15:00,16:00,649.0
18112022,16:00,17:00,650.0
18112022,17:00,18:00,651.0
18112022,18:00,19:00,650.0
18112022,19:00,20:00,651.0
18112022,20:00,21:00,649.0
18112022,21:00,22:00,649.0
18112022,22:00,23:00,650.0
18112022,23:00,00:00,650.0
19112022,00:00,01:00,651.0
19112022,01:00,02:00,649.0
19112022,02:00,03:00,650.0
19112022,03:00,04:00,652.0
19112022,04:00,05:00,651.0
19112022,05:00,06:00,649.0
19112022,06:00,07:00,651.0
19112022,07:00,08:00,650.0
19112022,08:00,09:00,651.0
19112022,09:00,10:00,650.0
19112022,10:00,11:00,650.0
19112022,11:00,12:00,650.0
19112022,12:00,13:00,645.0
19112022,13:00,14:00,650.0
19112022,14:00,15:00,652.0
19112022,15:00,16:00,650.0
19112022,16:00,17:00,650.0
19112022,17:00,18:00,649.0
19112022,18:00,19:00,650.0
19112022,19:00,20:00,649.0
19112022,20:00,21:00,651.0
19112022,21:00,22:00,648.0
19112022,22:00,23:00,648.0
19112022,23:00,00:00,650.0
20112022,00:00,01:00,652.0
20112022,01:00,02:00,650.0
20112022,02:00,03:00,650.0
20112022,03:00,04:00,650.0
20112022,04:00,05:00,650.0
20112022,05:00,06:00,650.0
20112022,06:00,07:00,650.0
20112022,07:00,08:00,650.0
20112022,08:00,09:00,651.0
20112022,09:00,10:00,650.0
20112022,10:00,11:00,650.0
20112022,11:00,12:00,649.0
20112022,12:00,13:00,651.0
20112022,13:00,14:00,649.0
20112022,14:00,15:00,650.0
20112022,15:00,16:00,650.0
20112022,16:00,17:00,650.0
20112022,17:00,18:00,649.0
20112022,18:00,19:00,651.0
20112022,19:00,20:00,650.0
20112022,20:00,21:00,650.0
20112022,21:00,22:00,649.0
20112022,22:00,23:00,642.0
20112022,23:00,00:00,390.0
21112022,00:00,01:00,92.0
21112022,01:00,02:00,0.0
21112022,02:00,03:00,0.0
21112022,03:00,04:00,0.0
21112022,04:00,05:00,0.0
21112022,05:00,06:00,0.0
21112022,06:00,07:00,0.0
21112022,07:00,08:00,0.0
21112022,08:00,09:00,0.0
21112022,09:00,10:00,0.0
21112022,10:00,11:00,0.0
21112022,11:00,12:00,0.0
21112022,12:00,13:00,0.0
21112022,13:00,14:00,0.0
21112022,14:00,15:00,0.0
21112022,15:00,16:00,0.0
21112022,16:00,17:00,0.0
21112022,17:00,18:00,0.0
21112022,18:00,19:00,0.0
21112022,19:00,20:00,0.0
21112022,20:00,21:00,0.0
21112022,21:00,22:00,0.0
21112022,22:00,23:00,0.0
21112022,23:00,00:00,0.0
22112022,00:00,01:00,0.0
22112022,01:00,02:00,0.0
22112022,02:00,03:00,0.0
22112022,03:00,04:00,0.0
22112022,04:00,05:00,0.0
22112022,05:00,06:00,0.0
22112022,06:00,07:00,0.0
22112022,07:00,08:00,0.0
22112022,08:00,09:00,0.0
22112022,09:00,10:00,0.0
22112022,10:00,11:00,0.0
22112022,11:00,12:00,0.0
22112022,12:00,13:00,0.0
22112022,13:00,14:00,0.0
22112022,14:00,15:00,0.0
22112022,15:00,16:00,0.0
22112022,16:00,17:00,0.0
22112022,17:00,18:00,0.0
22112022,18:00,19:00,0.0
22112022,19:00,20:00,0.0
22112022,20:00,21:00,0.0
22112022,21:00,22:00,0.0
22112022,22:00,23:00,0.0
22112022,23:00,00:00,0.0
23112022,00:00,01:00,0.0
23112022,01:00,02:00,0.0
23112022,02:00,03:00,0.0
23112022,03:00,04:00,0.0
23112022,04:00,05:00,0.0
23112022,05:00,06:00,0.0
23112022,06:00,07:00,86.0
23112022,07:00,08:00,285.0
23112022,08:00,09:00,430.0
23112022,09:00,10:00,527.0
23112022,10:00,11:00,670.0
23112022,11:00,12:00,679.0
23112022,12:00,13:00,680.0
23112022,13:00,14:00,682.0
23112022,14:00,15:00,680.0
23112022,15:00,16:00,680.0
23112022,16:00,17:00,680.0
23112022,17:00,18:00,682.0
23112022,18:00,19:00,682.0
23112022,19:00,20:00,681.0
23112022,20:00,21:00,471.0
23112022,21:00,22:00,339.0
23112022,22:00,23:00,252.0
23112022,23:00,00:00,159.0
24112022,00:00,01:00,151.0
24112022,01:00,02:00,150.0
24112022,02:00,03:00,151.0
24112022,03:00,04:00,152.0
24112022,04:00,05:00,162.0
24112022,05:00,06:00,375.0
24112022,06:00,07:00,654.0
24112022,07:00,08:00,678.0
24112022,08:00,09:00,681.0
24112022,09:00,10:00,680.0
24112022,10:00,11:00,681.0
24112022,11:00,12:00,678.0
24112022,12:00,13:00,687.0
24112022,13:00,14:00,688.0
24112022,14:00,15:00,689.0
24112022,15:00,16:00,691.0
24112022,16:00,17:00,690.0
24112022,17:00,18:00,690.0
24112022,18:00,19:00,690.0
24112022,19:00,20:00,690.0
24112022,20:00,21:00,690.0
24112022,21:00,22:00,691.0
24112022,22:00,23:00,677.0
24112022,23:00,00:00,437.0
25112022,00:00,01:00,156.0
25112022,01:00,02:00,155.0
25112022,02:00,03:00,155.0
25112022,03:00,04:00,156.0
25112022,04:00,05:00,197.0
25112022,05:00,06:00,546.0
25112022,06:00,07:00,677.0
25112022,07:00,08:00,679.0
25112022,08:00,09:00,671.0
25112022,09:00,10:00,672.0
25112022,10:00,11:00,674.0
25112022,11:00,12:00,670.0
25112022,12:00,13:00,678.0
25112022,13:00,14:00,686.0
25112022,14:00,15:00,690.0
25112022,15:00,16:00,690.0
25112022,16:00,17:00,690.0
25112022,17:00,18:00,688.0
25112022,18:00,19:00,689.0
25112022,19:00,20:00,690.0
25112022,20:00,21:00,689.0
25112022,21:00,22:00,691.0
25112022,22:00,23:00,687.0
25112022,23:00,00:00,683.0
26112022,00:00,01:00,682.0
26112022,01:00,02:00,684.0
26112022,02:00,03:00,686.0
26112022,03:00,04:00,682.0
26112022,04:00,05:00,685.0
26112022,05:00,06:00,683.0
26112022,06:00,07:00,685.0
26112022,07:00,08:00,682.0
26112022,08:00,09:00,680.0
26112022,09:00,10:00,680.0
26112022,10:00,11:00,681.0
26112022,11:00,12:00,675.0
26112022,12:00,13:00,677.0
26112022,13:00,14:00,680.0
26112022,14:00,15:00,685.0
26112022,15:00,16:00,690.0
26112022,16:00,17:00,689.0
26112022,17:00,18:00,680.0
26112022,18:00,19:00,680.0
26112022,19:00,20:00,681.0
26112022,20:00,21:00,680.0
26112022,21:00,22:00,678.0
26112022,22:00,23:00,670.0
26112022,23:00,00:00,429.0
27112022,00:00,01:00,154.0
27112022,01:00,02:00,153.0
27112022,02:00,03:00,153.0
27112022,03:00,04:00,167.0
27112022,04:00,05:00,340.0
27112022,05:00,06:00,343.0
27112022,06:00,07:00,175.0
27112022,07:00,08:00,150.0
27112022,08:00,09:00,150.0
27112022,09:00,10:00,150.0
27112022,10:00,11:00,150.0
27112022,11:00,12:00,150.0
27112022,12:00,13:00,150.0
27112022,13:00,14:00,157.0
27112022,14:00,15:00,254.0
27112022,15:00,16:00,440.0
27112022,16:00,17:00,670.0
27112022,17:00,18:00,679.0
27112022,18:00,19:00,683.0
27112022,19:00,20:00,683.0
27112022,20:00,21:00,481.0
27112022,21:00,22:00,301.0
27112022,22:00,23:00,251.0
27112022,23:00,00:00,240.0
28112022,00:00,01:00,154.0
28112022,01:00,02:00,154.0
28112022,02:00,03:00,156.0
28112022,03:00,04:00,155.0
28112022,04:00,05:00,155.0
28112022,05:00,06:00,180.0
28112022,06:00,07:00,442.0
28112022,07:00,08:00,644.0
28112022,08:00,09:00,671.0
28112022,09:00,10:00,670.0
28112022,10:00,11:00,671.0
28112022,11:00,12:00,670.0
28112022,12:00,13:00,669.0
28112022,13:00,14:00,668.0
28112022,14:00,15:00,670.0
28112022,15:00,16:00,667.0
28112022,16:00,17:00,636.0
28112022,17:00,18:00,634.0
28112022,18:00,19:00,635.0
28112022,19:00,20:00,633.0
28112022,20:00,21:00,505.0
28112022,21:00,22:00,500.0
28112022,22:00,23:00,500.0
28112022,23:00,00:00,509.0
29112022,00:00,01:00,635.0
29112022,01:00,02:00,640.0
29112022,02:00,03:00,639.0
29112022,03:00,04:00,639.0
29112022,04:00,05:00,640.0
29112022,05:00,06:00,639.0
29112022,06:00,07:00,640.0
29112022,07:00,08:00,641.0
29112022,08:00,09:00,621.0
29112022,09:00,10:00,590.0
29112022,10:00,11:00,591.0
29112022,11:00,12:00,590.0
29112022,12:00,13:00,591.0
29112022,13:00,14:00,589.0
29112022,14:00,15:00,589.0
29112022,15:00,16:00,590.0
29112022,16:00,17:00,591.0
29112022,17:00,18:00,589.0
29112022,18:00,19:00,589.0
29112022,19:00,20:00,589.0
29112022,20:00,21:00,590.0
29112022,21:00,22:00,590.0
29112022,22:00,23:00,590.0
29112022,23:00,00:00,590.0
30112022,00:00,01:00,591.0
30112022,01:00,02:00,589.0
30112022,02:00,03:00,589.0
30112022,03:00,04:00,590.0
30112022,04:00,05:00,590.0
30112022,05:00,06:00,591.0
30112022,06:00,07:00,590.0
30112022,07:00,08:00,594.0
30112022,08:00,09:00,640.0
30112022,09:00,10:00,641.0
30112022,10:00,11:00,641.0
30112022,11:00,12:00,639.0
30112022,12:00,13:00,640.0
30112022,13:00,14:00,640.0
30112022,14:00,15:00,640.0
30112022,15:00,16:00,640.0
30112022,16:00,17:00,640.0
30112022,17:00,18:00,639.0
30112022,18:00,19:00,639.0
30112022,19:00,20:00,641.0
30112022,20:00,21:00,639.0
30112022,21:00,22:00,641.0
30112022,22:00,23:00,640.0
30112022,23:00,00:00,640.0
1122022,00:00,01:00,640.0
1122022,01:00,02:00,639.0
1122022,02:00,03:00,639.0
1122022,03:00,04:00,639.0
1122022,04:00,05:00,639.0
1122022,05:00,06:00,641.0
1122022,06:00,07:00,641.0
1122022,07:00,08:00,646.0
1122022,08:00,09:00,656.0
1122022,09:00,10:00,658.0
1122022,10:00,11:00,660.0
1122022,11:00,12:00,660.0
1122022,12:00,13:00,660.0
1122022,13:00,14:00,658.0
1122022,14:00,15:00,659.0
1122022,15:00,16:00,660.0
1122022,16:00,17:00,660.0
1122022,17:00,18:00,659.0
1122022,18:00,19:00,661.0
1122022,19:00,20:00,660.0
1122022,20:00,21:00,659.0
1122022,21:00,22:00,659.0
1122022,22:00,23:00,660.0
1122022,23:00,00:00,660.0
2122022,00:00,01:00,659.0
2122022,01:00,02:00,659.0
2122022,02:00,03:00,661.0
2122022,03:00,04:00,661.0
2122022,04:00,05:00,661.0
2122022,05:00,06:00,658.0
2122022,06:00,07:00,661.0
2122022,07:00,08:00,659.0
2122022,08:00,09:00,660.0
2122022,09:00,10:00,659.0
2122022,10:00,11:00,660.0
2122022,11:00,12:00,659.0
2122022,12:00,13:00,661.0
2122022,13:00,14:00,659.0
2122022,14:00,15:00,659.0
2122022,15:00,16:00,661.0
2122022,16:00,17:00,660.0
2122022,17:00,18:00,659.0
2122022,18:00,19:00,660.0
2122022,19:00,20:00,660.0
2122022,20:00,21:00,659.0
2122022,21:00,22:00,660.0
2122022,22:00,23:00,661.0
2122022,23:00,00:00,661.0
3122022,00:00,01:00,659.0
3122022,01:00,02:00,661.0
3122022,02:00,03:00,660.0
3122022,03:00,04:00,659.0
3122022,04:00,05:00,661.0
3122022,05:00,06:00,659.0
3122022,06:00,07:00,660.0
3122022,07:00,08:00,660.0
3122022,08:00,09:00,661.0
3122022,09:00,10:00,659.0
3122022,10:00,11:00,659.0
3122022,11:00,12:00,660.0
3122022,12:00,13:00,661.0
3122022,13:00,14:00,659.0
3122022,14:00,15:00,660.0
3122022,15:00,16:00,661.0
3122022,16:00,17:00,661.0
3122022,17:00,18:00,659.0
3122022,18:00,19:00,659.0
3122022,19:00,20:00,660.0
3122022,20:00,21:00,660.0
3122022,21:00,22:00,660.0
3122022,22:00,23:00,660.0
3122022,23:00,00:00,660.0
4122022,00:00,01:00,659.0
4122022,01:00,02:00,661.0
4122022,02:00,03:00,659.0
4122022,03:00,04:00,659.0
4122022,04:00,05:00,661.0
4122022,05:00,06:00,661.0
4122022,06:00,07:00,659.0
4122022,07:00,08:00,659.0
4122022,08:00,09:00,661.0
4122022,09:00,10:00,661.0
4122022,10:00,11:00,659.0
4122022,11:00,12:00,660.0
4122022,12:00,13:00,661.0
4122022,13:00,14:00,660.0
4122022,14:00,15:00,660.0
4122022,15:00,16:00,660.0
4122022,16:00,17:00,659.0
4122022,17:00,18:00,660.0
4122022,18:00,19:00,661.0
4122022,19:00,20:00,659.0
4122022,20:00,21:00,660.0
4122022,21:00,22:00,660.0
4122022,22:00,23:00,660.0
4122022,23:00,00:00,659.0
5122022,00:00,01:00,653.0
5122022,01:00,02:00,516.0
5122022,02:00,03:00,361.0
5122022,03:00,04:00,360.0
5122022,04:00,05:00,451.0
5122022,05:00,06:00,637.0
5122022,06:00,07:00,660.0
5122022,07:00,08:00,670.0
5122022,08:00,09:00,669.0
5122022,09:00,10:00,670.0
5122022,10:00,11:00,671.0
5122022,11:00,12:00,671.0
5122022,12:00,13:00,669.0
5122022,13:00,14:00,672.0
5122022,14:00,15:00,670.0
5122022,15:00,16:00,670.0
5122022,16:00,17:00,669.0
5122022,17:00,18:00,670.0
5122022,18:00,19:00,670.0
5122022,19:00,20:00,669.0
5122022,20:00,21:00,670.0
5122022,21:00,22:00,668.0
5122022,22:00,23:00,670.0
5122022,23:00,00:00,670.0
6122022,00:00,01:00,670.0
6122022,01:00,02:00,671.0
6122022,02:00,03:00,668.0
6122022,03:00,04:00,670.0
6122022,04:00,05:00,670.0
6122022,05:00,06:00,671.0
6122022,06:00,07:00,668.0
6122022,07:00,08:00,669.0
6122022,08:00,09:00,671.0
6122022,09:00,10:00,670.0
6122022,10:00,11:00,672.0
6122022,11:00,12:00,670.0
6122022,12:00,13:00,670.0
6122022,13:00,14:00,669.0
6122022,14:00,15:00,668.0
6122022,15:00,16:00,669.0
6122022,16:00,17:00,670.0
6122022,17:00,18:00,669.0
6122022,18:00,19:00,669.0
6122022,19:00,20:00,670.0
6122022,20:00,21:00,670.0
6122022,21:00,22:00,670.0
6122022,22:00,23:00,670.0
6122022,23:00,00:00,670.0
7122022,00:00,01:00,662.0
7122022,01:00,02:00,504.0
7122022,02:00,03:00,550.0
7122022,03:00,04:00,478.0
7122022,04:00,05:00,301.0
7122022,05:00,06:00,256.0
7122022,06:00,07:00,243.0
7122022,07:00,08:00,0.0
7122022,08:00,09:00,0.0
7122022,09:00,10:00,0.0
7122022,10:00,11:00,0.0
7122022,11:00,12:00,0.0
7122022,12:00,13:00,0.0
7122022,13:00,14:00,0.0
7122022,14:00,15:00,0.0
7122022,15:00,16:00,0.0
7122022,16:00,17:00,196.0
7122022,17:00,18:00,475.0
7122022,18:00,19:00,591.0
7122022,19:00,20:00,665.0
7122022,20:00,21:00,670.0
7122022,21:00,22:00,671.0
7122022,22:00,23:00,669.0
7122022,23:00,00:00,671.0
8122022,00:00,01:00,670.0
8122022,01:00,02:00,669.0
8122022,02:00,03:00,670.0
8122022,03:00,04:00,670.0
8122022,04:00,05:00,670.0
8122022,05:00,06:00,669.0
8122022,06:00,07:00,670.0
8122022,07:00,08:00,671.0
8122022,08:00,09:00,669.0
8122022,09:00,10:00,669.0
8122022,10:00,11:00,670.0
8122022,11:00,12:00,671.0
8122022,12:00,13:00,670.0
8122022,13:00,14:00,669.0
8122022,14:00,15:00,670.0
8122022,15:00,16:00,670.0
8122022,16:00,17:00,671.0
8122022,17:00,18:00,669.0
8122022,18:00,19:00,670.0
8122022,19:00,20:00,670.0
8122022,20:00,21:00,671.0
8122022,21:00,22:00,670.0
8122022,22:00,23:00,669.0
8122022,23:00,00:00,670.0
9122022,00:00,01:00,670.0
9122022,01:00,02:00,668.0
9122022,02:00,03:00,670.0
9122022,03:00,04:00,669.0
9122022,04:00,05:00,670.0
9122022,05:00,06:00,670.0
9122022,06:00,07:00,670.0
9122022,07:00,08:00,668.0
9122022,08:00,09:00,669.0
9122022,09:00,10:00,669.0
9122022,10:00,11:00,671.0
9122022,11:00,12:00,671.0
9122022,12:00,13:00,670.0
9122022,13:00,14:00,668.0
9122022,14:00,15:00,669.0
9122022,15:00,16:00,669.0
9122022,16:00,17:00,671.0
9122022,17:00,18:00,672.0
9122022,18:00,19:00,670.0
9122022,19:00,20:00,669.0
9122022,20:00,21:00,669.0
9122022,21:00,22:00,668.0
9122022,22:00,23:00,670.0
9122022,23:00,00:00,671.0
10122022,00:00,01:00,669.0
10122022,01:00,02:00,668.0
10122022,02:00,03:00,669.0
10122022,03:00,04:00,670.0
10122022,04:00,05:00,670.0
10122022,05:00,06:00,670.0
10122022,06:00,07:00,669.0
10122022,07:00,08:00,670.0
10122022,08:00,09:00,671.0
10122022,09:00,10:00,670.0
10122022,10:00,11:00,668.0
10122022,11:00,12:00,670.0
10122022,12:00,13:00,670.0
10122022,13:00,14:00,670.0
10122022,14:00,15:00,669.0
10122022,15:00,16:00,669.0
10122022,16:00,17:00,671.0
10122022,17:00,18:00,670.0
10122022,18:00,19:00,670.0
10122022,19:00,20:00,671.0
10122022,20:00,21:00,670.0
10122022,21:00,22:00,670.0
10122022,22:00,23:00,670.0
10122022,23:00,00:00,670.0
11122022,00:00,01:00,669.0
11122022,01:00,02:00,669.0
11122022,02:00,03:00,670.0
11122022,03:00,04:00,670.0
11122022,04:00,05:00,670.0
11122022,05:00,06:00,669.0
11122022,06:00,07:00,670.0
11122022,07:00,08:00,669.0
11122022,08:00,09:00,670.0
11122022,09:00,10:00,668.0
11122022,10:00,11:00,669.0
11122022,11:00,12:00,671.0
11122022,12:00,13:00,670.0
11122022,13:00,14:00,668.0
11122022,14:00,15:00,668.0
11122022,15:00,16:00,669.0
11122022,16:00,17:00,671.0
11122022,17:00,18:00,670.0
11122022,18:00,19:00,671.0
11122022,19:00,20:00,670.0
11122022,20:00,21:00,671.0
11122022,21:00,22:00,669.0
11122022,22:00,23:00,670.0
11122022,23:00,00:00,662.0
12122022,00:00,01:00,543.0
12122022,01:00,02:00,540.0
12122022,02:00,03:00,493.0
12122022,03:00,04:00,454.0
12122022,04:00,05:00,83.0
12122022,05:00,06:00,166.0
12122022,06:00,07:00,480.0
12122022,07:00,08:00,622.0
12122022,08:00,09:00,590.0
12122022,09:00,10:00,589.0
12122022,10:00,11:00,592.0
12122022,11:00,12:00,643.0
12122022,12:00,13:00,669.0
12122022,13:00,14:00,669.0
12122022,14:00,15:00,670.0
12122022,15:00,16:00,666.0
12122022,16:00,17:00,666.0
12122022,17:00,18:00,663.0
12122022,18:00,19:00,663.0
12122022,19:00,20:00,661.0
12122022,20:00,21:00,659.0
12122022,21:00,22:00,664.0
12122022,22:00,23:00,670.0
12122022,23:00,00:00,670.0
13122022,00:00,01:00,669.0
13122022,01:00,02:00,670.0
13122022,02:00,03:00,670.0
13122022,03:00,04:00,671.0
13122022,04:00,05:00,669.0
13122022,05:00,06:00,669.0
13122022,06:00,07:00,670.0
13122022,07:00,08:00,670.0
13122022,08:00,09:00,670.0
13122022,09:00,10:00,669.0
13122022,10:00,11:00,82.0
13122022,11:00,12:00,0.0
13122022,12:00,13:00,174.0
13122022,13:00,14:00,668.0
13122022,14:00,15:00,670.0
13122022,15:00,16:00,670.0
13122022,16:00,17:00,660.0
13122022,17:00,18:00,665.0
13122022,18:00,19:00,659.0
13122022,19:00,20:00,661.0
13122022,20:00,21:00,664.0
13122022,21:00,22:00,670.0
13122022,22:00,23:00,670.0
13122022,23:00,00:00,670.0
14122022,00:00,01:00,669.0
14122022,01:00,02:00,669.0
14122022,02:00,03:00,668.0
14122022,03:00,04:00,520.0
14122022,04:00,05:00,606.0
14122022,05:00,06:00,669.0
14122022,06:00,07:00,670.0
14122022,07:00,08:00,671.0
14122022,08:00,09:00,670.0
14122022,09:00,10:00,669.0
14122022,10:00,11:00,670.0
14122022,11:00,12:00,671.0
14122022,12:00,13:00,670.0
14122022,13:00,14:00,668.0
14122022,14:00,15:00,670.0
14122022,15:00,16:00,670.0
14122022,16:00,17:00,670.0
14122022,17:00,18:00,664.0
14122022,18:00,19:00,660.0
14122022,19:00,20:00,658.0
14122022,20:00,21:00,663.0
14122022,21:00,22:00,669.0
14122022,22:00,23:00,670.0
14122022,23:00,00:00,670.0
15122022,00:00,01:00,669.0
15122022,01:00,02:00,669.0
15122022,02:00,03:00,669.0
15122022,03:00,04:00,671.0
15122022,04:00,05:00,670.0
15122022,05:00,06:00,669.0
15122022,06:00,07:00,669.0
15122022,07:00,08:00,672.0
15122022,08:00,09:00,669.0
15122022,09:00,10:00,671.0
15122022,10:00,11:00,668.0
15122022,11:00,12:00,669.0
15122022,12:00,13:00,665.0
15122022,13:00,14:00,670.0
15122022,14:00,15:00,671.0
15122022,15:00,16:00,670.0
15122022,16:00,17:00,671.0
15122022,17:00,18:00,670.0
15122022,18:00,19:00,670.0
15122022,19:00,20:00,670.0
15122022,20:00,21:00,669.0
15122022,21:00,22:00,669.0
15122022,22:00,23:00,669.0
15122022,23:00,00:00,670.0
16122022,00:00,01:00,671.0
16122022,01:00,02:00,662.0
16122022,02:00,03:00,658.0
16122022,03:00,04:00,659.0
16122022,04:00,05:00,667.0
16122022,05:00,06:00,670.0
16122022,06:00,07:00,669.0
16122022,07:00,08:00,670.0
16122022,08:00,09:00,671.0
16122022,09:00,10:00,668.0
16122022,10:00,11:00,670.0
16122022,11:00,12:00,670.0
16122022,12:00,13:00,670.0
16122022,13:00,14:00,670.0
16122022,14:00,15:00,670.0
16122022,15:00,16:00,669.0
16122022,16:00,17:00,671.0
16122022,17:00,18:00,669.0
16122022,18:00,19:00,668.0
16122022,19:00,20:00,670.0
16122022,20:00,21:00,672.0
16122022,21:00,22:00,669.0
16122022,22:00,23:00,670.0
16122022,23:00,00:00,670.0
17122022,00:00,01:00,670.0
17122022,01:00,02:00,668.0
17122022,02:00,03:00,670.0
17122022,03:00,04:00,669.0
17122022,04:00,05:00,669.0
17122022,05:00,06:00,670.0
17122022,06:00,07:00,665.0
17122022,07:00,08:00,660.0
17122022,08:00,09:00,656.0
17122022,09:00,10:00,661.0
17122022,10:00,11:00,669.0
17122022,11:00,12:00,670.0
17122022,12:00,13:00,671.0
17122022,13:00,14:00,671.0
17122022,14:00,15:00,670.0
17122022,15:00,16:00,669.0
17122022,16:00,17:00,670.0
17122022,17:00,18:00,668.0
17122022,18:00,19:00,670.0
17122022,19:00,20:00,669.0
17122022,20:00,21:00,670.0
17122022,21:00,22:00,669.0
17122022,22:00,23:00,670.0
17122022,23:00,00:00,669.0
18122022,00:00,01:00,665.0
18122022,01:00,02:00,668.0
18122022,02:00,03:00,668.0
18122022,03:00,04:00,669.0
18122022,04:00,05:00,672.0
18122022,05:00,06:00,669.0
18122022,06:00,07:00,668.0
18122022,07:00,08:00,670.0
18122022,08:00,09:00,671.0
18122022,09:00,10:00,669.0
18122022,10:00,11:00,671.0
18122022,11:00,12:00,669.0
18122022,12:00,13:00,671.0
18122022,13:00,14:00,668.0
18122022,14:00,15:00,667.0
18122022,15:00,16:00,662.0
18122022,16:00,17:00,656.0
18122022,17:00,18:00,307.0
18122022,18:00,19:00,0.0
18122022,19:00,20:00,0.0
18122022,20:00,21:00,0.0
18122022,21:00,22:00,0.0
18122022,22:00,23:00,0.0
18122022,23:00,00:00,0.0
19122022,00:00,01:00,0.0
19122022,01:00,02:00,0.0
19122022,02:00,03:00,0.0
19122022,03:00,04:00,0.0
19122022,04:00,05:00,0.0
19122022,05:00,06:00,0.0
19122022,06:00,07:00,0.0
19122022,07:00,08:00,0.0
19122022,08:00,09:00,0.0
19122022,09:00,10:00,0.0
19122022,10:00,11:00,0.0
19122022,11:00,12:00,0.0
19122022,12:00,13:00,0.0
19122022,13:00,14:00,0.0
19122022,14:00,15:00,0.0
19122022,15:00,16:00,0.0
19122022,16:00,17:00,0.0
19122022,17:00,18:00,0.0
19122022,18:00,19:00,0.0
19122022,19:00,20:00,0.0
19122022,20:00,21:00,0.0
19122022,21:00,22:00,0.0
19122022,22:00,23:00,0.0
19122022,23:00,00:00,0.0
20122022,00:00,01:00,0.0
20122022,01:00,02:00,0.0
20122022,02:00,03:00,0.0
20122022,03:00,04:00,0.0
20122022,04:00,05:00,0.0
20122022,05:00,06:00,0.0
20122022,06:00,07:00,0.0
20122022,07:00,08:00,0.0
20122022,08:00,09:00,0.0
20122022,09:00,10:00,0.0
20122022,10:00,11:00,0.0
20122022,11:00,12:00,0.0
20122022,12:00,13:00,0.0
20122022,13:00,14:00,0.0
20122022,14:00,15:00,0.0
20122022,15:00,16:00,0.0
20122022,16:00,17:00,0.0
20122022,17:00,18:00,0.0
20122022,18:00,19:00,0.0
20122022,19:00,20:00,0.0
20122022,20:00,21:00,0.0
20122022,21:00,22:00,0.0
20122022,22:00,23:00,0.0
20122022,23:00,00:00,0.0
21122022,00:00,01:00,0.0
21122022,01:00,02:00,0.0
21122022,02:00,03:00,0.0
21122022,03:00,04:00,0.0
21122022,04:00,05:00,0.0
21122022,05:00,06:00,0.0
21122022,06:00,07:00,0.0
21122022,07:00,08:00,0.0
21122022,08:00,09:00,0.0
21122022,09:00,10:00,0.0
21122022,10:00,11:00,0.0
21122022,11:00,12:00,0.0
21122022,12:00,13:00,0.0
21122022,13:00,14:00,0.0
21122022,14:00,15:00,0.0
21122022,15:00,16:00,0.0
21122022,16:00,17:00,0.0
21122022,17:00,18:00,0.0
21122022,18:00,19:00,0.0
21122022,19:00,20:00,0.0
21122022,20:00,21:00,0.0
21122022,21:00,22:00,0.0
21122022,22:00,23:00,0.0
21122022,23:00,00:00,0.0
22122022,00:00,01:00,0.0
22122022,01:00,02:00,0.0
22122022,02:00,03:00,0.0
22122022,03:00,04:00,0.0
22122022,04:00,05:00,0.0
22122022,05:00,06:00,0.0
22122022,06:00,07:00,0.0
22122022,07:00,08:00,0.0
22122022,08:00,09:00,0.0
22122022,09:00,10:00,0.0
22122022,10:00,11:00,0.0
22122022,11:00,12:00,0.0
22122022,12:00,13:00,0.0
22122022,13:00,14:00,0.0
22122022,14:00,15:00,0.0
22122022,15:00,16:00,0.0
22122022,16:00,17:00,0.0
22122022,17:00,18:00,0.0
22122022,18:00,19:00,0.0
22122022,19:00,20:00,0.0
22122022,20:00,21:00,0.0
22122022,21:00,22:00,0.0
22122022,22:00,23:00,0.0
22122022,23:00,00:00,0.0
23122022,00:00,01:00,0.0
23122022,01:00,02:00,0.0
23122022,02:00,03:00,0.0
23122022,03:00,04:00,0.0
23122022,04:00,05:00,0.0
23122022,05:00,06:00,0.0
23122022,06:00,07:00,0.0
23122022,07:00,08:00,0.0
23122022,08:00,09:00,0.0
23122022,09:00,10:00,0.0
23122022,10:00,11:00,0.0
23122022,11:00,12:00,0.0
23122022,12:00,13:00,0.0
23122022,13:00,14:00,0.0
23122022,14:00,15:00,0.0
23122022,15:00,16:00,0.0
23122022,16:00,17:00,0.0
23122022,17:00,18:00,0.0
23122022,18:00,19:00,0.0
23122022,19:00,20:00,0.0
23122022,20:00,21:00,0.0
23122022,21:00,22:00,0.0
23122022,22:00,23:00,0.0
23122022,23:00,00:00,0.0
24122022,00:00,01:00,0.0
24122022,01:00,02:00,0.0
24122022,02:00,03:00,0.0
24122022,03:00,04:00,0.0
24122022,04:00,05:00,0.0
24122022,05:00,06:00,0.0
24122022,06:00,07:00,0.0
24122022,07:00,08:00,0.0
24122022,08:00,09:00,0.0
24122022,09:00,10:00,0.0
24122022,10:00,11:00,0.0
24122022,11:00,12:00,0.0
24122022,12:00,13:00,0.0
24122022,13:00,14:00,0.0
24122022,14:00,15:00,0.0
24122022,15:00,16:00,0.0
24122022,16:00,17:00,0.0
24122022,17:00,18:00,0.0
24122022,18:00,19:00,0.0
24122022,19:00,20:00,0.0
24122022,20:00,21:00,0.0
24122022,21:00,22:00,0.0
24122022,22:00,23:00,0.0
24122022,23:00,00:00,0.0
25122022,00:00,01:00,0.0
25122022,01:00,02:00,0.0
25122022,02:00,03:00,0.0
25122022,03:00,04:00,0.0
25122022,04:00,05:00,0.0
25122022,05:00,06:00,0.0
25122022,06:00,07:00,0.0
25122022,07:00,08:00,0.0
25122022,08:00,09:00,0.0
25122022,09:00,10:00,0.0
25122022,10:00,11:00,0.0
25122022,11:00,12:00,0.0
25122022,12:00,13:00,0.0
25122022,13:00,14:00,0.0
25122022,14:00,15:00,0.0
25122022,15:00,16:00,0.0
25122022,16:00,17:00,0.0
25122022,17:00,18:00,0.0
25122022,18:00,19:00,0.0
25122022,19:00,20:00,0.0
25122022,20:00,21:00,0.0
25122022,21:00,22:00,0.0
25122022,22:00,23:00,0.0
25122022,23:00,00:00,0.0
26122022,00:00,01:00,0.0
26122022,01:00,02:00,0.0
26122022,02:00,03:00,0.0
26122022,03:00,04:00,0.0
26122022,04:00,05:00,0.0
26122022,05:00,06:00,0.0
26122022,06:00,07:00,0.0
26122022,07:00,08:00,0.0
26122022,08:00,09:00,0.0
26122022,09:00,10:00,0.0
26122022,10:00,11:00,0.0
26122022,11:00,12:00,0.0
26122022,12:00,13:00,0.0
26122022,13:00,14:00,0.0
26122022,14:00,15:00,0.0
26122022,15:00,16:00,0.0
26122022,16:00,17:00,0.0
26122022,17:00,18:00,0.0
26122022,18:00,19:00,0.0
26122022,19:00,20:00,0.0
26122022,20:00,21:00,0.0
26122022,21:00,22:00,0.0
26122022,22:00,23:00,0.0
26122022,23:00,00:00,0.0
27122022,00:00,01:00,0.0
27122022,01:00,02:00,0.0
27122022,02:00,03:00,0.0
27122022,03:00,04:00,0.0
27122022,04:00,05:00,0.0
27122022,05:00,06:00,0.0
27122022,06:00,07:00,0.0
27122022,07:00,08:00,0.0
27122022,08:00,09:00,0.0
27122022,09:00,10:00,0.0
27122022,10:00,11:00,0.0
27122022,11:00,12:00,0.0
27122022,12:00,13:00,0.0
27122022,13:00,14:00,0.0
27122022,14:00,15:00,0.0
27122022,15:00,16:00,0.0
27122022,16:00,17:00,0.0
27122022,17:00,18:00,0.0
27122022,18:00,19:00,0.0
27122022,19:00,20:00,0.0
27122022,20:00,21:00,0.0
27122022,21:00,22:00,0.0
27122022,22:00,23:00,0.0
27122022,23:00,00:00,0.0
28122022,00:00,01:00,0.0
28122022,01:00,02:00,0.0
28122022,02:00,03:00,0.0
28122022,03:00,04:00,0.0
28122022,04:00,05:00,0.0
28122022,05:00,06:00,0.0
28122022,06:00,07:00,0.0
28122022,07:00,08:00,0.0
28122022,08:00,09:00,0.0
28122022,09:00,10:00,0.0
28122022,10:00,11:00,0.0
28122022,11:00,12:00,0.0
28122022,12:00,13:00,0.0
28122022,13:00,14:00,0.0
28122022,14:00,15:00,0.0
28122022,15:00,16:00,0.0
28122022,16:00,17:00,0.0
28122022,17:00,18:00,0.0
28122022,18:00,19:00,0.0
28122022,19:00,20:00,0.0
28122022,20:00,21:00,0.0
28122022,21:00,22:00,0.0
28122022,22:00,23:00,0.0
28122022,23:00,00:00,0.0
29122022,00:00,01:00,0.0
29122022,01:00,02:00,0.0
29122022,02:00,03:00,0.0
29122022,03:00,04:00,0.0
29122022,04:00,05:00,0.0
29122022,05:00,06:00,0.0
29122022,06:00,07:00,0.0
29122022,07:00,08:00,0.0
29122022,08:00,09:00,0.0
29122022,09:00,10:00,0.0
29122022,10:00,11:00,0.0
29122022,11:00,12:00,0.0
29122022,12:00,13:00,0.0
29122022,13:00,14:00,0.0
29122022,14:00,15:00,0.0
29122022,15:00,16:00,0.0
29122022,16:00,17:00,0.0
29122022,17:00,18:00,0.0
29122022,18:00,19:00,0.0
29122022,19:00,20:00,0.0
29122022,20:00,21:00,0.0
29122022,21:00,22:00,0.0
29122022,22:00,23:00,0.0
29122022,23:00,00:00,0.0
30122022,00:00,01:00,0.0
30122022,01:00,02:00,0.0
30122022,02:00,03:00,0.0
30122022,03:00,04:00,0.0
30122022,04:00,05:00,0.0
30122022,05:00,06:00,0.0
30122022,06:00,07:00,0.0
30122022,07:00,08:00,0.0
30122022,08:00,09:00,0.0
30122022,09:00,10:00,0.0
30122022,10:00,11:00,0.0
30122022,11:00,12:00,0.0
30122022,12:00,13:00,0.0
30122022,13:00,14:00,0.0
30122022,14:00,15:00,0.0
30122022,15:00,16:00,0.0
30122022,16:00,17:00,0.0
30122022,17:00,18:00,0.0
30122022,18:00,19:00,0.0
30122022,19:00,20:00,0.0
30122022,20:00,21:00,0.0
30122022,21:00,22:00,0.0
30122022,22:00,23:00,0.0
30122022,23:00,00:00,0.0
31122022,00:00,01:00,0.0
31122022,01:00,02:00,0.0
31122022,02:00,03:00,0.0
31122022,03:00,04:00,0.0
31122022,04:00,05:00,0.0
31122022,05:00,06:00,0.0
31122022,06:00,07:00,0.0
31122022,07:00,08:00,0.0
31122022,08:00,09:00,0.0
31122022,09:00,10:00,0.0
31122022,10:00,11:00,0.0
31122022,11:00,12:00,0.0
31122022,12:00,13:00,0.0
31122022,13:00,14:00,0.0
31122022,14:00,15:00,0.0
31122022,15:00,16:00,0.0
31122022,16:00,17:00,0.0
31122022,17:00,18:00,0.0
31122022,18:00,19:00,0.0
31122022,19:00,20:00,0.0
31122022,20:00,21:00,0.0
31122022,21:00,22:00,0.0
31122022,22:00,23:00,0.0
31122022,23:00,00:00,0.0
