date,start,end,11WD7VOER1S--A-1,11WD7VOER1S--B-Z
01.01.2017,00:00,01:00,0.0,0.0
01.01.2017,01:00,02:00,0.0,0.0
01.01.2017,02:00,03:00,0.0,0.0
01.01.2017,03:00,04:00,0.0,0.0
01.01.2017,04:00,05:00,0.0,0.0
01.01.2017,05:00,06:00,0.0,0.0
01.01.2017,06:00,07:00,0.0,0.0
01.01.2017,07:00,08:00,0.0,0.0
01.01.2017,08:00,09:00,0.0,0.0
01.01.2017,09:00,10:00,0.0,0.0
01.01.2017,10:00,11:00,0.0,0.0
01.01.2017,11:00,12:00,0.0,0.0
01.01.2017,12:00,13:00,0.0,0.0
01.01.2017,13:00,14:00,0.0,0.0
01.01.2017,14:00,15:00,0.0,0.0
01.01.2017,15:00,16:00,0.0,0.0
01.01.2017,16:00,17:00,0.0,0.0
01.01.2017,17:00,18:00,0.0,0.0
01.01.2017,18:00,19:00,0.0,0.0
01.01.2017,19:00,20:00,0.0,0.0
01.01.2017,20:00,21:00,0.0,0.0
01.01.2017,21:00,22:00,0.0,0.0
01.01.2017,22:00,23:00,0.0,0.0
01.01.2017,23:00,00:00,0.0,0.0
02.01.2017,00:00,01:00,0.0,0.0
02.01.2017,01:00,02:00,0.0,0.0
02.01.2017,02:00,03:00,0.0,0.0
02.01.2017,03:00,04:00,30.0,0.0
02.01.2017,04:00,05:00,211.0,44.0
02.01.2017,05:00,06:00,277.0,266.0
02.01.2017,06:00,07:00,262.0,303.0
02.01.2017,07:00,08:00,320.0,413.0
02.01.2017,08:00,09:00,628.0,642.0
02.01.2017,09:00,10:00,662.0,715.0
02.01.2017,10:00,11:00,664.0,716.0
02.01.2017,11:00,12:00,664.0,716.0
02.01.2017,12:00,13:00,664.0,715.0
02.01.2017,13:00,14:00,664.0,716.0
02.01.2017,14:00,15:00,663.0,720.0
02.01.2017,15:00,16:00,659.0,720.0
02.01.2017,16:00,17:00,660.0,720.0
02.01.2017,17:00,18:00,660.0,720.0
02.01.2017,18:00,19:00,660.0,720.0
02.01.2017,19:00,20:00,660.0,720.0
02.01.2017,20:00,21:00,660.0,720.0
02.01.2017,21:00,22:00,660.0,623.0
02.01.2017,22:00,23:00,545.0,444.0
02.01.2017,23:00,00:00,224.0,235.0
03.01.2017,00:00,01:00,133.0,170.0
03.01.2017,01:00,02:00,124.0,167.0
03.01.2017,02:00,03:00,119.0,165.0
03.01.2017,03:00,04:00,118.0,169.0
03.01.2017,04:00,05:00,118.0,170.0
03.01.2017,05:00,06:00,119.0,170.0
03.01.2017,06:00,07:00,132.0,191.0
03.01.2017,07:00,08:00,363.0,387.0
03.01.2017,08:00,09:00,651.0,533.0
03.01.2017,09:00,10:00,659.0,673.0
03.01.2017,10:00,11:00,627.0,680.0
03.01.2017,11:00,12:00,618.0,522.0
03.01.2017,12:00,13:00,625.0,144.0
03.01.2017,13:00,14:00,332.0,0.0
03.01.2017,14:00,15:00,158.0,0.0
03.01.2017,15:00,16:00,146.0,0.0
03.01.2017,16:00,17:00,183.0,0.0
03.01.2017,17:00,18:00,390.0,0.0
03.01.2017,18:00,19:00,324.0,0.0
03.01.2017,19:00,20:00,46.0,0.0
03.01.2017,20:00,21:00,0.0,0.0
03.01.2017,21:00,22:00,0.0,0.0
03.01.2017,22:00,23:00,0.0,0.0
03.01.2017,23:00,00:00,0.0,0.0
04.01.2017,00:00,01:00,0.0,0.0
04.01.2017,01:00,02:00,0.0,0.0
04.01.2017,02:00,03:00,0.0,0.0
04.01.2017,03:00,04:00,0.0,0.0
04.01.2017,04:00,05:00,0.0,0.0
04.01.2017,05:00,06:00,0.0,0.0
04.01.2017,06:00,07:00,0.0,0.0
04.01.2017,07:00,08:00,0.0,0.0
04.01.2017,08:00,09:00,0.0,0.0
04.01.2017,09:00,10:00,0.0,0.0
04.01.2017,10:00,11:00,0.0,0.0
04.01.2017,11:00,12:00,0.0,0.0
04.01.2017,12:00,13:00,0.0,0.0
04.01.2017,13:00,14:00,203.0,0.0
04.01.2017,14:00,15:00,429.0,204.0
04.01.2017,15:00,16:00,657.0,314.0
04.01.2017,16:00,17:00,659.0,426.0
04.01.2017,17:00,18:00,663.0,700.0
04.01.2017,18:00,19:00,663.0,718.0
04.01.2017,19:00,20:00,602.0,663.0
04.01.2017,20:00,21:00,464.0,583.0
04.01.2017,21:00,22:00,197.0,566.0
04.01.2017,22:00,23:00,256.0,363.0
04.01.2017,23:00,00:00,295.0,293.0
05.01.2017,00:00,01:00,572.0,583.0
05.01.2017,01:00,02:00,513.0,576.0
05.01.2017,02:00,03:00,515.0,574.0
05.01.2017,03:00,04:00,505.0,547.0
05.01.2017,04:00,05:00,471.0,513.0
05.01.2017,05:00,06:00,421.0,492.0
05.01.2017,06:00,07:00,574.0,683.0
05.01.2017,07:00,08:00,665.0,707.0
05.01.2017,08:00,09:00,659.0,706.0
05.01.2017,09:00,10:00,660.0,705.0
05.01.2017,10:00,11:00,661.0,711.0
05.01.2017,11:00,12:00,659.0,709.0
05.01.2017,12:00,13:00,660.0,714.0
05.01.2017,13:00,14:00,658.0,714.0
05.01.2017,14:00,15:00,662.0,713.0
05.01.2017,15:00,16:00,661.0,713.0
05.01.2017,16:00,17:00,659.0,712.0
05.01.2017,17:00,18:00,660.0,713.0
05.01.2017,18:00,19:00,660.0,713.0
05.01.2017,19:00,20:00,660.0,714.0
05.01.2017,20:00,21:00,660.0,716.0
05.01.2017,21:00,22:00,660.0,717.0
05.01.2017,22:00,23:00,660.0,717.0
05.01.2017,23:00,00:00,533.0,567.0
06.01.2017,00:00,01:00,549.0,552.0
06.01.2017,01:00,02:00,514.0,562.0
06.01.2017,02:00,03:00,454.0,500.0
06.01.2017,03:00,04:00,500.0,499.0
06.01.2017,04:00,05:00,503.0,524.0
06.01.2017,05:00,06:00,640.0,703.0
06.01.2017,06:00,07:00,666.0,711.0
06.01.2017,07:00,08:00,666.0,711.0
06.01.2017,08:00,09:00,664.0,710.0
06.01.2017,09:00,10:00,664.0,711.0
06.01.2017,10:00,11:00,665.0,710.0
06.01.2017,11:00,12:00,666.0,712.0
06.01.2017,12:00,13:00,668.0,713.0
06.01.2017,13:00,14:00,663.0,719.0
06.01.2017,14:00,15:00,663.0,719.0
06.01.2017,15:00,16:00,663.0,719.0
06.01.2017,16:00,17:00,660.0,718.0
06.01.2017,17:00,18:00,662.0,719.0
06.01.2017,18:00,19:00,666.0,720.0
06.01.2017,19:00,20:00,664.0,721.0
06.01.2017,20:00,21:00,663.0,686.0
06.01.2017,21:00,22:00,663.0,706.0
06.01.2017,22:00,23:00,643.0,709.0
06.01.2017,23:00,00:00,361.0,464.0
07.01.2017,00:00,01:00,477.0,449.0
07.01.2017,01:00,02:00,474.0,501.0
07.01.2017,02:00,03:00,405.0,490.0
07.01.2017,03:00,04:00,402.0,499.0
07.01.2017,04:00,05:00,336.0,484.0
07.01.2017,05:00,06:00,273.0,411.0
07.01.2017,06:00,07:00,129.0,247.0
07.01.2017,07:00,08:00,118.0,172.0
07.01.2017,08:00,09:00,119.0,193.0
07.01.2017,09:00,10:00,272.0,334.0
07.01.2017,10:00,11:00,553.0,610.0
07.01.2017,11:00,12:00,658.0,720.0
07.01.2017,12:00,13:00,659.0,720.0
07.01.2017,13:00,14:00,660.0,719.0
07.01.2017,14:00,15:00,659.0,719.0
07.01.2017,15:00,16:00,659.0,719.0
07.01.2017,16:00,17:00,659.0,719.0
07.01.2017,17:00,18:00,662.0,719.0
07.01.2017,18:00,19:00,660.0,721.0
07.01.2017,19:00,20:00,660.0,722.0
07.01.2017,20:00,21:00,661.0,720.0
07.01.2017,21:00,22:00,541.0,563.0
07.01.2017,22:00,23:00,550.0,595.0
07.01.2017,23:00,00:00,577.0,605.0
08.01.2017,00:00,01:00,616.0,660.0
08.01.2017,01:00,02:00,461.0,526.0
08.01.2017,02:00,03:00,466.0,525.0
08.01.2017,03:00,04:00,452.0,514.0
08.01.2017,04:00,05:00,428.0,498.0
08.01.2017,05:00,06:00,421.0,479.0
08.01.2017,06:00,07:00,421.0,479.0
08.01.2017,07:00,08:00,523.0,526.0
08.01.2017,08:00,09:00,662.0,685.0
08.01.2017,09:00,10:00,656.0,720.0
08.01.2017,10:00,11:00,657.0,720.0
08.01.2017,11:00,12:00,657.0,720.0
08.01.2017,12:00,13:00,655.0,719.0
08.01.2017,13:00,14:00,655.0,720.0
08.01.2017,14:00,15:00,660.0,719.0
08.01.2017,15:00,16:00,660.0,719.0
08.01.2017,16:00,17:00,659.0,723.0
08.01.2017,17:00,18:00,661.0,721.0
08.01.2017,18:00,19:00,657.0,719.0
08.01.2017,19:00,20:00,661.0,721.0
08.01.2017,20:00,21:00,664.0,721.0
08.01.2017,21:00,22:00,664.0,720.0
08.01.2017,22:00,23:00,665.0,721.0
08.01.2017,23:00,00:00,663.0,720.0
09.01.2017,00:00,01:00,592.0,662.0
09.01.2017,01:00,02:00,442.0,509.0
09.01.2017,02:00,03:00,444.0,504.0
09.01.2017,03:00,04:00,444.0,504.0
09.01.2017,04:00,05:00,443.0,500.0
09.01.2017,05:00,06:00,494.0,503.0
09.01.2017,06:00,07:00,582.0,619.0
09.01.2017,07:00,08:00,650.0,705.0
09.01.2017,08:00,09:00,645.0,707.0
09.01.2017,09:00,10:00,644.0,706.0
09.01.2017,10:00,11:00,644.0,705.0
09.01.2017,11:00,12:00,645.0,705.0
09.01.2017,12:00,13:00,645.0,706.0
09.01.2017,13:00,14:00,645.0,706.0
09.01.2017,14:00,15:00,645.0,705.0
09.01.2017,15:00,16:00,645.0,705.0
09.01.2017,16:00,17:00,645.0,705.0
09.01.2017,17:00,18:00,645.0,705.0
09.01.2017,18:00,19:00,645.0,706.0
09.01.2017,19:00,20:00,644.0,706.0
09.01.2017,20:00,21:00,642.0,671.0
09.01.2017,21:00,22:00,361.0,400.0
09.01.2017,22:00,23:00,307.0,370.0
09.01.2017,23:00,00:00,307.0,370.0
10.01.2017,00:00,01:00,202.0,271.0
10.01.2017,01:00,02:00,120.0,177.0
10.01.2017,02:00,03:00,116.0,170.0
10.01.2017,03:00,04:00,117.0,168.0
10.01.2017,04:00,05:00,117.0,170.0
10.01.2017,05:00,06:00,187.0,231.0
10.01.2017,06:00,07:00,463.0,524.0
10.01.2017,07:00,08:00,642.0,689.0
10.01.2017,08:00,09:00,642.0,699.0
10.01.2017,09:00,10:00,643.0,698.0
10.01.2017,10:00,11:00,644.0,703.0
10.01.2017,11:00,12:00,644.0,704.0
10.01.2017,12:00,13:00,643.0,705.0
10.01.2017,13:00,14:00,643.0,705.0
10.01.2017,14:00,15:00,644.0,704.0
10.01.2017,15:00,16:00,645.0,704.0
10.01.2017,16:00,17:00,648.0,703.0
10.01.2017,17:00,18:00,648.0,704.0
10.01.2017,18:00,19:00,648.0,704.0
10.01.2017,19:00,20:00,648.0,705.0
10.01.2017,20:00,21:00,648.0,703.0
10.01.2017,21:00,22:00,647.0,702.0
10.01.2017,22:00,23:00,648.0,703.0
10.01.2017,23:00,00:00,646.0,702.0
11.01.2017,00:00,01:00,563.0,616.0
11.01.2017,01:00,02:00,490.0,528.0
11.01.2017,02:00,03:00,419.0,478.0
11.01.2017,03:00,04:00,449.0,468.0
11.01.2017,04:00,05:00,497.0,535.0
11.01.2017,05:00,06:00,527.0,595.0
11.01.2017,06:00,07:00,647.0,660.0
11.01.2017,07:00,08:00,648.0,707.0
11.01.2017,08:00,09:00,649.0,704.0
11.01.2017,09:00,10:00,648.0,703.0
11.01.2017,10:00,11:00,649.0,702.0
11.01.2017,11:00,12:00,649.0,703.0
11.01.2017,12:00,13:00,648.0,703.0
11.01.2017,13:00,14:00,648.0,693.0
11.01.2017,14:00,15:00,648.0,701.0
11.01.2017,15:00,16:00,649.0,705.0
11.01.2017,16:00,17:00,648.0,671.0
11.01.2017,17:00,18:00,648.0,704.0
11.01.2017,18:00,19:00,647.0,705.0
11.01.2017,19:00,20:00,469.0,539.0
11.01.2017,20:00,21:00,261.0,321.0
11.01.2017,21:00,22:00,0.0,205.0
11.01.2017,22:00,23:00,0.0,0.0
11.01.2017,23:00,00:00,0.0,0.0
12.01.2017,00:00,01:00,0.0,0.0
12.01.2017,01:00,02:00,0.0,0.0
12.01.2017,02:00,03:00,0.0,0.0
12.01.2017,03:00,04:00,0.0,0.0
12.01.2017,04:00,05:00,0.0,0.0
12.01.2017,05:00,06:00,0.0,0.0
12.01.2017,06:00,07:00,0.0,0.0
12.01.2017,07:00,08:00,116.0,0.0
12.01.2017,08:00,09:00,323.0,0.0
12.01.2017,09:00,10:00,423.0,0.0
12.01.2017,10:00,11:00,591.0,0.0
12.01.2017,11:00,12:00,563.0,0.0
12.01.2017,12:00,13:00,423.0,0.0
12.01.2017,13:00,14:00,424.0,0.0
12.01.2017,14:00,15:00,474.0,267.0
12.01.2017,15:00,16:00,653.0,344.0
12.01.2017,16:00,17:00,648.0,496.0
12.01.2017,17:00,18:00,648.0,675.0
12.01.2017,18:00,19:00,649.0,700.0
12.01.2017,19:00,20:00,646.0,702.0
12.01.2017,20:00,21:00,646.0,704.0
12.01.2017,21:00,22:00,645.0,705.0
12.01.2017,22:00,23:00,644.0,683.0
12.01.2017,23:00,00:00,352.0,340.0
13.01.2017,00:00,01:00,170.0,176.0
13.01.2017,01:00,02:00,133.0,166.0
13.01.2017,02:00,03:00,129.0,168.0
13.01.2017,03:00,04:00,126.0,170.0
13.01.2017,04:00,05:00,126.0,171.0
13.01.2017,05:00,06:00,130.0,170.0
13.01.2017,06:00,07:00,175.0,243.0
13.01.2017,07:00,08:00,376.0,465.0
13.01.2017,08:00,09:00,635.0,689.0
13.01.2017,09:00,10:00,643.0,700.0
13.01.2017,10:00,11:00,638.0,696.0
13.01.2017,11:00,12:00,494.0,557.0
13.01.2017,12:00,13:00,346.0,480.0
13.01.2017,13:00,14:00,348.0,481.0
13.01.2017,14:00,15:00,348.0,481.0
13.01.2017,15:00,16:00,348.0,481.0
13.01.2017,16:00,17:00,347.0,481.0
13.01.2017,17:00,18:00,345.0,475.0
13.01.2017,18:00,19:00,326.0,245.0
13.01.2017,19:00,20:00,328.0,0.0
13.01.2017,20:00,21:00,250.0,0.0
13.01.2017,21:00,22:00,80.0,0.0
13.01.2017,22:00,23:00,0.0,0.0
13.01.2017,23:00,00:00,0.0,0.0
14.01.2017,00:00,01:00,0.0,0.0
14.01.2017,01:00,02:00,0.0,0.0
14.01.2017,02:00,03:00,0.0,0.0
14.01.2017,03:00,04:00,0.0,0.0
14.01.2017,04:00,05:00,0.0,0.0
14.01.2017,05:00,06:00,0.0,0.0
14.01.2017,06:00,07:00,0.0,0.0
14.01.2017,07:00,08:00,0.0,0.0
14.01.2017,08:00,09:00,0.0,0.0
14.01.2017,09:00,10:00,0.0,0.0
14.01.2017,10:00,11:00,0.0,0.0
14.01.2017,11:00,12:00,0.0,0.0
14.01.2017,12:00,13:00,0.0,0.0
14.01.2017,13:00,14:00,0.0,0.0
14.01.2017,14:00,15:00,0.0,0.0
14.01.2017,15:00,16:00,0.0,0.0
14.01.2017,16:00,17:00,0.0,0.0
14.01.2017,17:00,18:00,0.0,0.0
14.01.2017,18:00,19:00,0.0,0.0
14.01.2017,19:00,20:00,0.0,0.0
14.01.2017,20:00,21:00,0.0,0.0
14.01.2017,21:00,22:00,0.0,0.0
14.01.2017,22:00,23:00,0.0,0.0
14.01.2017,23:00,00:00,0.0,0.0
15.01.2017,00:00,01:00,0.0,0.0
15.01.2017,01:00,02:00,0.0,0.0
15.01.2017,02:00,03:00,0.0,0.0
15.01.2017,03:00,04:00,0.0,0.0
15.01.2017,04:00,05:00,0.0,0.0
15.01.2017,05:00,06:00,0.0,0.0
15.01.2017,06:00,07:00,0.0,0.0
15.01.2017,07:00,08:00,0.0,0.0
15.01.2017,08:00,09:00,0.0,0.0
15.01.2017,09:00,10:00,0.0,0.0
15.01.2017,10:00,11:00,0.0,0.0
15.01.2017,11:00,12:00,0.0,0.0
15.01.2017,12:00,13:00,0.0,0.0
15.01.2017,13:00,14:00,0.0,0.0
15.01.2017,14:00,15:00,15.0,0.0
15.01.2017,15:00,16:00,258.0,164.0
15.01.2017,16:00,17:00,428.0,323.0
15.01.2017,17:00,18:00,623.0,610.0
15.01.2017,18:00,19:00,641.0,706.0
15.01.2017,19:00,20:00,641.0,702.0
15.01.2017,20:00,21:00,626.0,655.0
15.01.2017,21:00,22:00,430.0,388.0
15.01.2017,22:00,23:00,369.0,401.0
15.01.2017,23:00,00:00,339.0,395.0
16.01.2017,00:00,01:00,562.0,618.0
16.01.2017,01:00,02:00,545.0,605.0
16.01.2017,02:00,03:00,545.0,550.0
16.01.2017,03:00,04:00,545.0,602.0
16.01.2017,04:00,05:00,548.0,606.0
16.01.2017,05:00,06:00,636.0,694.0
16.01.2017,06:00,07:00,645.0,703.0
16.01.2017,07:00,08:00,645.0,706.0
16.01.2017,08:00,09:00,645.0,704.0
16.01.2017,09:00,10:00,645.0,706.0
16.01.2017,10:00,11:00,645.0,706.0
16.01.2017,11:00,12:00,646.0,706.0
16.01.2017,12:00,13:00,647.0,706.0
16.01.2017,13:00,14:00,645.0,705.0
16.01.2017,14:00,15:00,645.0,705.0
16.01.2017,15:00,16:00,645.0,706.0
16.01.2017,16:00,17:00,645.0,705.0
16.01.2017,17:00,18:00,642.0,705.0
16.01.2017,18:00,19:00,642.0,706.0
16.01.2017,19:00,20:00,640.0,707.0
16.01.2017,20:00,21:00,640.0,704.0
16.01.2017,21:00,22:00,643.0,703.0
16.01.2017,22:00,23:00,646.0,705.0
16.01.2017,23:00,00:00,635.0,702.0
17.01.2017,00:00,01:00,414.0,571.0
17.01.2017,01:00,02:00,298.0,379.0
17.01.2017,02:00,03:00,171.0,209.0
17.01.2017,03:00,04:00,143.0,170.0
17.01.2017,04:00,05:00,183.0,217.0
17.01.2017,05:00,06:00,366.0,364.0
17.01.2017,06:00,07:00,451.0,506.0
17.01.2017,07:00,08:00,452.0,509.0
17.01.2017,08:00,09:00,450.0,504.0
17.01.2017,09:00,10:00,450.0,503.0
17.01.2017,10:00,11:00,451.0,503.0
17.01.2017,11:00,12:00,451.0,502.0
17.01.2017,12:00,13:00,450.0,496.0
17.01.2017,13:00,14:00,450.0,497.0
17.01.2017,14:00,15:00,450.0,497.0
17.01.2017,15:00,16:00,450.0,498.0
17.01.2017,16:00,17:00,450.0,556.0
17.01.2017,17:00,18:00,450.0,369.0
17.01.2017,18:00,19:00,450.0,341.0
17.01.2017,19:00,20:00,450.0,341.0
17.01.2017,20:00,21:00,449.0,342.0
17.01.2017,21:00,22:00,448.0,342.0
17.01.2017,22:00,23:00,444.0,343.0
17.01.2017,23:00,00:00,311.0,342.0
18.01.2017,00:00,01:00,306.0,342.0
18.01.2017,01:00,02:00,306.0,337.0
18.01.2017,02:00,03:00,181.0,213.0
18.01.2017,03:00,04:00,123.0,170.0
18.01.2017,04:00,05:00,121.0,168.0
18.01.2017,05:00,06:00,162.0,221.0
18.01.2017,06:00,07:00,405.0,375.0
18.01.2017,07:00,08:00,449.0,402.0
18.01.2017,08:00,09:00,451.0,402.0
18.01.2017,09:00,10:00,450.0,401.0
18.01.2017,10:00,11:00,450.0,401.0
18.01.2017,11:00,12:00,450.0,401.0
18.01.2017,12:00,13:00,450.0,401.0
18.01.2017,13:00,14:00,450.0,401.0
18.01.2017,14:00,15:00,450.0,401.0
18.01.2017,15:00,16:00,450.0,401.0
18.01.2017,16:00,17:00,450.0,401.0
18.01.2017,17:00,18:00,449.0,400.0
18.01.2017,18:00,19:00,450.0,401.0
18.01.2017,19:00,20:00,450.0,401.0
18.01.2017,20:00,21:00,451.0,402.0
18.01.2017,21:00,22:00,449.0,427.0
18.01.2017,22:00,23:00,450.0,401.0
18.01.2017,23:00,00:00,450.0,400.0
19.01.2017,00:00,01:00,428.0,379.0
19.01.2017,01:00,02:00,436.0,464.0
19.01.2017,02:00,03:00,460.0,396.0
19.01.2017,03:00,04:00,431.0,414.0
19.01.2017,04:00,05:00,500.0,547.0
19.01.2017,05:00,06:00,464.0,508.0
19.01.2017,06:00,07:00,625.0,691.0
19.01.2017,07:00,08:00,645.0,704.0
19.01.2017,08:00,09:00,645.0,704.0
19.01.2017,09:00,10:00,645.0,705.0
19.01.2017,10:00,11:00,646.0,704.0
19.01.2017,11:00,12:00,646.0,706.0
19.01.2017,12:00,13:00,646.0,705.0
19.01.2017,13:00,14:00,647.0,705.0
19.01.2017,14:00,15:00,646.0,702.0
19.01.2017,15:00,16:00,646.0,706.0
19.01.2017,16:00,17:00,646.0,709.0
19.01.2017,17:00,18:00,646.0,709.0
19.01.2017,18:00,19:00,646.0,707.0
19.01.2017,19:00,20:00,647.0,706.0
19.01.2017,20:00,21:00,647.0,706.0
19.01.2017,21:00,22:00,647.0,705.0
19.01.2017,22:00,23:00,646.0,704.0
19.01.2017,23:00,00:00,640.0,703.0
20.01.2017,00:00,01:00,535.0,569.0
20.01.2017,01:00,02:00,418.0,478.0
20.01.2017,02:00,03:00,419.0,478.0
20.01.2017,03:00,04:00,419.0,478.0
20.01.2017,04:00,05:00,420.0,479.0
20.01.2017,05:00,06:00,491.0,478.0
20.01.2017,06:00,07:00,608.0,585.0
20.01.2017,07:00,08:00,645.0,704.0
20.01.2017,08:00,09:00,646.0,707.0
20.01.2017,09:00,10:00,646.0,705.0
20.01.2017,10:00,11:00,645.0,705.0
20.01.2017,11:00,12:00,646.0,705.0
20.01.2017,12:00,13:00,646.0,705.0
20.01.2017,13:00,14:00,646.0,705.0
20.01.2017,14:00,15:00,646.0,705.0
20.01.2017,15:00,16:00,647.0,707.0
20.01.2017,16:00,17:00,646.0,708.0
20.01.2017,17:00,18:00,644.0,705.0
20.01.2017,18:00,19:00,645.0,704.0
20.01.2017,19:00,20:00,646.0,703.0
20.01.2017,20:00,21:00,614.0,675.0
20.01.2017,21:00,22:00,419.0,473.0
20.01.2017,22:00,23:00,421.0,481.0
20.01.2017,23:00,00:00,342.0,400.0
21.01.2017,00:00,01:00,311.0,370.0
21.01.2017,01:00,02:00,311.0,371.0
21.01.2017,02:00,03:00,310.0,370.0
21.01.2017,03:00,04:00,311.0,370.0
21.01.2017,04:00,05:00,317.0,376.0
21.01.2017,05:00,06:00,560.0,624.0
21.01.2017,06:00,07:00,629.0,703.0
21.01.2017,07:00,08:00,574.0,635.0
21.01.2017,08:00,09:00,644.0,705.0
21.01.2017,09:00,10:00,643.0,706.0
21.01.2017,10:00,11:00,643.0,705.0
21.01.2017,11:00,12:00,646.0,705.0
21.01.2017,12:00,13:00,646.0,689.0
21.01.2017,13:00,14:00,645.0,638.0
21.01.2017,14:00,15:00,645.0,699.0
21.01.2017,15:00,16:00,646.0,704.0
21.01.2017,16:00,17:00,645.0,703.0
21.01.2017,17:00,18:00,645.0,704.0
21.01.2017,18:00,19:00,646.0,704.0
21.01.2017,19:00,20:00,645.0,704.0
21.01.2017,20:00,21:00,646.0,705.0
21.01.2017,21:00,22:00,646.0,703.0
21.01.2017,22:00,23:00,645.0,703.0
21.01.2017,23:00,00:00,646.0,706.0
22.01.2017,00:00,01:00,392.0,440.0
22.01.2017,01:00,02:00,155.0,194.0
22.01.2017,02:00,03:00,121.0,168.0
22.01.2017,03:00,04:00,121.0,167.0
22.01.2017,04:00,05:00,120.0,167.0
22.01.2017,05:00,06:00,121.0,168.0
22.01.2017,06:00,07:00,121.0,169.0
22.01.2017,07:00,08:00,121.0,169.0
22.01.2017,08:00,09:00,202.0,250.0
22.01.2017,09:00,10:00,457.0,622.0
22.01.2017,10:00,11:00,544.0,557.0
22.01.2017,11:00,12:00,616.0,626.0
22.01.2017,12:00,13:00,303.0,302.0
22.01.2017,13:00,14:00,125.0,178.0
22.01.2017,14:00,15:00,137.0,294.0
22.01.2017,15:00,16:00,328.0,400.0
22.01.2017,16:00,17:00,640.0,697.0
22.01.2017,17:00,18:00,642.0,705.0
22.01.2017,18:00,19:00,645.0,704.0
22.01.2017,19:00,20:00,646.0,703.0
22.01.2017,20:00,21:00,646.0,706.0
22.01.2017,21:00,22:00,646.0,706.0
22.01.2017,22:00,23:00,645.0,705.0
22.01.2017,23:00,00:00,645.0,704.0
23.01.2017,00:00,01:00,616.0,675.0
23.01.2017,01:00,02:00,483.0,544.0
23.01.2017,02:00,03:00,486.0,544.0
23.01.2017,03:00,04:00,486.0,545.0
23.01.2017,04:00,05:00,479.0,545.0
23.01.2017,05:00,06:00,596.0,644.0
23.01.2017,06:00,07:00,648.0,705.0
23.01.2017,07:00,08:00,648.0,707.0
23.01.2017,08:00,09:00,646.0,707.0
23.01.2017,09:00,10:00,646.0,706.0
23.01.2017,10:00,11:00,646.0,705.0
23.01.2017,11:00,12:00,647.0,706.0
23.01.2017,12:00,13:00,647.0,706.0
23.01.2017,13:00,14:00,646.0,706.0
23.01.2017,14:00,15:00,646.0,707.0
23.01.2017,15:00,16:00,647.0,706.0
23.01.2017,16:00,17:00,647.0,706.0
23.01.2017,17:00,18:00,647.0,706.0
23.01.2017,18:00,19:00,647.0,706.0
23.01.2017,19:00,20:00,647.0,706.0
23.01.2017,20:00,21:00,647.0,706.0
23.01.2017,21:00,22:00,646.0,706.0
23.01.2017,22:00,23:00,646.0,706.0
23.01.2017,23:00,00:00,646.0,706.0
24.01.2017,00:00,01:00,535.0,632.0
24.01.2017,01:00,02:00,471.0,542.0
24.01.2017,02:00,03:00,420.0,480.0
24.01.2017,03:00,04:00,420.0,480.0
24.01.2017,04:00,05:00,447.0,490.0
24.01.2017,05:00,06:00,603.0,656.0
24.01.2017,06:00,07:00,648.0,706.0
24.01.2017,07:00,08:00,645.0,707.0
24.01.2017,08:00,09:00,645.0,706.0
24.01.2017,09:00,10:00,645.0,705.0
24.01.2017,10:00,11:00,645.0,705.0
24.01.2017,11:00,12:00,645.0,705.0
24.01.2017,12:00,13:00,645.0,705.0
24.01.2017,13:00,14:00,645.0,705.0
24.01.2017,14:00,15:00,644.0,704.0
24.01.2017,15:00,16:00,645.0,704.0
24.01.2017,16:00,17:00,645.0,705.0
24.01.2017,17:00,18:00,645.0,704.0
24.01.2017,18:00,19:00,645.0,705.0
24.01.2017,19:00,20:00,646.0,706.0
24.01.2017,20:00,21:00,646.0,705.0
24.01.2017,21:00,22:00,645.0,706.0
24.01.2017,22:00,23:00,646.0,707.0
24.01.2017,23:00,00:00,447.0,523.0
25.01.2017,00:00,01:00,189.0,270.0
25.01.2017,01:00,02:00,124.0,177.0
25.01.2017,02:00,03:00,121.0,170.0
25.01.2017,03:00,04:00,122.0,169.0
25.01.2017,04:00,05:00,121.0,170.0
25.01.2017,05:00,06:00,146.0,208.0
25.01.2017,06:00,07:00,370.0,514.0
25.01.2017,07:00,08:00,644.0,708.0
25.01.2017,08:00,09:00,648.0,707.0
25.01.2017,09:00,10:00,646.0,706.0
25.01.2017,10:00,11:00,646.0,706.0
25.01.2017,11:00,12:00,646.0,706.0
25.01.2017,12:00,13:00,645.0,705.0
25.01.2017,13:00,14:00,646.0,706.0
25.01.2017,14:00,15:00,646.0,706.0
25.01.2017,15:00,16:00,646.0,706.0
25.01.2017,16:00,17:00,645.0,706.0
25.01.2017,17:00,18:00,645.0,704.0
25.01.2017,18:00,19:00,644.0,703.0
25.01.2017,19:00,20:00,644.0,703.0
25.01.2017,20:00,21:00,645.0,705.0
25.01.2017,21:00,22:00,645.0,706.0
25.01.2017,22:00,23:00,646.0,705.0
25.01.2017,23:00,00:00,596.0,664.0
26.01.2017,00:00,01:00,291.0,425.0
26.01.2017,01:00,02:00,128.0,230.0
26.01.2017,02:00,03:00,120.0,177.0
26.01.2017,03:00,04:00,121.0,175.0
26.01.2017,04:00,05:00,121.0,175.0
26.01.2017,05:00,06:00,244.0,272.0
26.01.2017,06:00,07:00,557.0,612.0
26.01.2017,07:00,08:00,649.0,707.0
26.01.2017,08:00,09:00,647.0,707.0
26.01.2017,09:00,10:00,646.0,706.0
26.01.2017,10:00,11:00,646.0,706.0
26.01.2017,11:00,12:00,649.0,705.0
26.01.2017,12:00,13:00,646.0,655.0
26.01.2017,13:00,14:00,474.0,498.0
26.01.2017,14:00,15:00,422.0,480.0
26.01.2017,15:00,16:00,454.0,519.0
26.01.2017,16:00,17:00,646.0,691.0
26.01.2017,17:00,18:00,646.0,705.0
26.01.2017,18:00,19:00,646.0,705.0
26.01.2017,19:00,20:00,645.0,704.0
26.01.2017,20:00,21:00,624.0,704.0
26.01.2017,21:00,22:00,439.0,698.0
26.01.2017,22:00,23:00,350.0,515.0
26.01.2017,23:00,00:00,333.0,385.0
27.01.2017,00:00,01:00,180.0,210.0
27.01.2017,01:00,02:00,125.0,174.0
27.01.2017,02:00,03:00,122.0,173.0
27.01.2017,03:00,04:00,122.0,175.0
27.01.2017,04:00,05:00,122.0,177.0
27.01.2017,05:00,06:00,149.0,190.0
27.01.2017,06:00,07:00,362.0,406.0
27.01.2017,07:00,08:00,648.0,692.0
27.01.2017,08:00,09:00,650.0,708.0
27.01.2017,09:00,10:00,647.0,706.0
27.01.2017,10:00,11:00,637.0,693.0
27.01.2017,11:00,12:00,551.0,593.0
27.01.2017,12:00,13:00,458.0,508.0
27.01.2017,13:00,14:00,451.0,500.0
27.01.2017,14:00,15:00,455.0,502.0
27.01.2017,15:00,16:00,612.0,660.0
27.01.2017,16:00,17:00,648.0,700.0
27.01.2017,17:00,18:00,645.0,707.0
27.01.2017,18:00,19:00,645.0,704.0
27.01.2017,19:00,20:00,646.0,704.0
27.01.2017,20:00,21:00,648.0,704.0
27.01.2017,21:00,22:00,647.0,706.0
27.01.2017,22:00,23:00,631.0,454.0
27.01.2017,23:00,00:00,360.0,90.0
28.01.2017,00:00,01:00,208.0,0.0
28.01.2017,01:00,02:00,252.0,0.0
28.01.2017,02:00,03:00,300.0,0.0
28.01.2017,03:00,04:00,300.0,0.0
28.01.2017,04:00,05:00,210.0,0.0
28.01.2017,05:00,06:00,129.0,0.0
28.01.2017,06:00,07:00,232.0,0.0
28.01.2017,07:00,08:00,535.0,0.0
28.01.2017,08:00,09:00,647.0,0.0
28.01.2017,09:00,10:00,644.0,0.0
28.01.2017,10:00,11:00,647.0,0.0
28.01.2017,11:00,12:00,646.0,0.0
28.01.2017,12:00,13:00,647.0,0.0
28.01.2017,13:00,14:00,646.0,0.0
28.01.2017,14:00,15:00,646.0,0.0
28.01.2017,15:00,16:00,646.0,0.0
28.01.2017,16:00,17:00,645.0,0.0
28.01.2017,17:00,18:00,646.0,0.0
28.01.2017,18:00,19:00,645.0,0.0
28.01.2017,19:00,20:00,613.0,0.0
28.01.2017,20:00,21:00,289.0,0.0
28.01.2017,21:00,22:00,29.0,0.0
28.01.2017,22:00,23:00,0.0,0.0
28.01.2017,23:00,00:00,0.0,0.0
29.01.2017,00:00,01:00,0.0,0.0
29.01.2017,01:00,02:00,0.0,0.0
29.01.2017,02:00,03:00,0.0,0.0
29.01.2017,03:00,04:00,0.0,0.0
29.01.2017,04:00,05:00,0.0,0.0
29.01.2017,05:00,06:00,0.0,0.0
29.01.2017,06:00,07:00,0.0,0.0
29.01.2017,07:00,08:00,0.0,0.0
29.01.2017,08:00,09:00,0.0,0.0
29.01.2017,09:00,10:00,0.0,0.0
29.01.2017,10:00,11:00,0.0,0.0
29.01.2017,11:00,12:00,0.0,0.0
29.01.2017,12:00,13:00,0.0,0.0
29.01.2017,13:00,14:00,0.0,0.0
29.01.2017,14:00,15:00,0.0,0.0
29.01.2017,15:00,16:00,0.0,0.0
29.01.2017,16:00,17:00,0.0,0.0
29.01.2017,17:00,18:00,0.0,0.0
29.01.2017,18:00,19:00,0.0,0.0
29.01.2017,19:00,20:00,0.0,0.0
29.01.2017,20:00,21:00,0.0,0.0
29.01.2017,21:00,22:00,0.0,0.0
29.01.2017,22:00,23:00,0.0,0.0
29.01.2017,23:00,00:00,0.0,0.0
30.01.2017,00:00,01:00,0.0,0.0
30.01.2017,01:00,02:00,0.0,0.0
30.01.2017,02:00,03:00,0.0,0.0
30.01.2017,03:00,04:00,0.0,0.0
30.01.2017,04:00,05:00,3.0,42.0
30.01.2017,05:00,06:00,256.0,303.0
30.01.2017,06:00,07:00,345.0,326.0
30.01.2017,07:00,08:00,598.0,521.0
30.01.2017,08:00,09:00,644.0,667.0
30.01.2017,09:00,10:00,642.0,685.0
30.01.2017,10:00,11:00,644.0,686.0
30.01.2017,11:00,12:00,646.0,685.0
30.01.2017,12:00,13:00,647.0,685.0
30.01.2017,13:00,14:00,646.0,685.0
30.01.2017,14:00,15:00,646.0,685.0
30.01.2017,15:00,16:00,647.0,686.0
30.01.2017,16:00,17:00,645.0,685.0
30.01.2017,17:00,18:00,646.0,685.0
30.01.2017,18:00,19:00,645.0,685.0
30.01.2017,19:00,20:00,646.0,685.0
30.01.2017,20:00,21:00,589.0,676.0
30.01.2017,21:00,22:00,294.0,668.0
30.01.2017,22:00,23:00,160.0,565.0
30.01.2017,23:00,00:00,121.0,425.0
31.01.2017,00:00,01:00,120.0,392.0
31.01.2017,01:00,02:00,123.0,388.0
31.01.2017,02:00,03:00,125.0,406.0
31.01.2017,03:00,04:00,120.0,351.0
31.01.2017,04:00,05:00,120.0,340.0
31.01.2017,05:00,06:00,237.0,442.0
31.01.2017,06:00,07:00,581.0,611.0
31.01.2017,07:00,08:00,645.0,659.0
31.01.2017,08:00,09:00,644.0,685.0
31.01.2017,09:00,10:00,643.0,686.0
31.01.2017,10:00,11:00,644.0,685.0
31.01.2017,11:00,12:00,643.0,685.0
31.01.2017,12:00,13:00,644.0,685.0
31.01.2017,13:00,14:00,644.0,685.0
31.01.2017,14:00,15:00,647.0,685.0
31.01.2017,15:00,16:00,647.0,686.0
31.01.2017,16:00,17:00,647.0,686.0
31.01.2017,17:00,18:00,646.0,686.0
31.01.2017,18:00,19:00,647.0,685.0
31.01.2017,19:00,20:00,648.0,685.0
31.01.2017,20:00,21:00,646.0,684.0
31.01.2017,21:00,22:00,647.0,685.0
31.01.2017,22:00,23:00,618.0,683.0
31.01.2017,23:00,00:00,306.0,486.0
01.02.2017,00:00,01:00,144.0,350.0
01.02.2017,01:00,02:00,125.0,352.0
01.02.2017,02:00,03:00,121.0,351.0
01.02.2017,03:00,04:00,121.0,351.0
01.02.2017,04:00,05:00,119.0,351.0
01.02.2017,05:00,06:00,170.0,351.0
01.02.2017,06:00,07:00,412.0,453.0
01.02.2017,07:00,08:00,607.0,622.0
01.02.2017,08:00,09:00,642.0,688.0
01.02.2017,09:00,10:00,642.0,689.0
01.02.2017,10:00,11:00,640.0,683.0
01.02.2017,11:00,12:00,497.0,520.0
01.02.2017,12:00,13:00,589.0,665.0
01.02.2017,13:00,14:00,428.0,500.0
01.02.2017,14:00,15:00,421.0,483.0
01.02.2017,15:00,16:00,416.0,482.0
01.02.2017,16:00,17:00,318.0,501.0
01.02.2017,17:00,18:00,377.0,653.0
01.02.2017,18:00,19:00,387.0,656.0
01.02.2017,19:00,20:00,339.0,558.0
01.02.2017,20:00,21:00,302.0,402.0
01.02.2017,21:00,22:00,204.0,391.0
01.02.2017,22:00,23:00,131.0,394.0
01.02.2017,23:00,00:00,121.0,386.0
02.02.2017,00:00,01:00,0.0,140.0
02.02.2017,01:00,02:00,0.0,0.0
02.02.2017,02:00,03:00,0.0,0.0
02.02.2017,03:00,04:00,0.0,0.0
02.02.2017,04:00,05:00,0.0,0.0
02.02.2017,05:00,06:00,0.0,0.0
02.02.2017,06:00,07:00,0.0,0.0
02.02.2017,07:00,08:00,0.0,0.0
02.02.2017,08:00,09:00,0.0,0.0
02.02.2017,09:00,10:00,0.0,0.0
02.02.2017,10:00,11:00,0.0,0.0
02.02.2017,11:00,12:00,0.0,0.0
02.02.2017,12:00,13:00,0.0,0.0
02.02.2017,13:00,14:00,0.0,0.0
02.02.2017,14:00,15:00,0.0,0.0
02.02.2017,15:00,16:00,0.0,0.0
02.02.2017,16:00,17:00,0.0,0.0
02.02.2017,17:00,18:00,0.0,0.0
02.02.2017,18:00,19:00,0.0,0.0
02.02.2017,19:00,20:00,0.0,0.0
02.02.2017,20:00,21:00,0.0,0.0
02.02.2017,21:00,22:00,0.0,0.0
02.02.2017,22:00,23:00,0.0,0.0
02.02.2017,23:00,00:00,0.0,0.0
03.02.2017,00:00,01:00,0.0,0.0
03.02.2017,01:00,02:00,0.0,0.0
03.02.2017,02:00,03:00,0.0,0.0
03.02.2017,03:00,04:00,0.0,0.0
03.02.2017,04:00,05:00,0.0,0.0
03.02.2017,05:00,06:00,0.0,0.0
03.02.2017,06:00,07:00,0.0,0.0
03.02.2017,07:00,08:00,127.0,0.0
03.02.2017,08:00,09:00,372.0,0.0
03.02.2017,09:00,10:00,599.0,0.0
03.02.2017,10:00,11:00,650.0,0.0
03.02.2017,11:00,12:00,673.0,0.0
03.02.2017,12:00,13:00,670.0,0.0
03.02.2017,13:00,14:00,670.0,0.0
03.02.2017,14:00,15:00,626.0,0.0
03.02.2017,15:00,16:00,671.0,0.0
03.02.2017,16:00,17:00,668.0,0.0
03.02.2017,17:00,18:00,608.0,0.0
03.02.2017,18:00,19:00,667.0,0.0
03.02.2017,19:00,20:00,627.0,0.0
03.02.2017,20:00,21:00,324.0,0.0
03.02.2017,21:00,22:00,0.0,0.0
03.02.2017,22:00,23:00,0.0,0.0
03.02.2017,23:00,00:00,0.0,0.0
04.02.2017,00:00,01:00,0.0,0.0
04.02.2017,01:00,02:00,0.0,0.0
04.02.2017,02:00,03:00,0.0,0.0
04.02.2017,03:00,04:00,0.0,0.0
04.02.2017,04:00,05:00,0.0,0.0
04.02.2017,05:00,06:00,0.0,0.0
04.02.2017,06:00,07:00,0.0,0.0
04.02.2017,07:00,08:00,0.0,0.0
04.02.2017,08:00,09:00,0.0,0.0
04.02.2017,09:00,10:00,0.0,0.0
04.02.2017,10:00,11:00,0.0,0.0
04.02.2017,11:00,12:00,0.0,0.0
04.02.2017,12:00,13:00,0.0,0.0
04.02.2017,13:00,14:00,0.0,0.0
04.02.2017,14:00,15:00,0.0,0.0
04.02.2017,15:00,16:00,0.0,0.0
04.02.2017,16:00,17:00,0.0,0.0
04.02.2017,17:00,18:00,0.0,0.0
04.02.2017,18:00,19:00,0.0,0.0
04.02.2017,19:00,20:00,0.0,0.0
04.02.2017,20:00,21:00,0.0,0.0
04.02.2017,21:00,22:00,0.0,0.0
04.02.2017,22:00,23:00,0.0,0.0
04.02.2017,23:00,00:00,0.0,0.0
05.02.2017,00:00,01:00,0.0,0.0
05.02.2017,01:00,02:00,0.0,0.0
05.02.2017,02:00,03:00,0.0,0.0
05.02.2017,03:00,04:00,0.0,0.0
05.02.2017,04:00,05:00,0.0,0.0
05.02.2017,05:00,06:00,0.0,0.0
05.02.2017,06:00,07:00,0.0,0.0
05.02.2017,07:00,08:00,0.0,0.0
05.02.2017,08:00,09:00,0.0,0.0
05.02.2017,09:00,10:00,0.0,0.0
05.02.2017,10:00,11:00,0.0,0.0
05.02.2017,11:00,12:00,0.0,0.0
05.02.2017,12:00,13:00,0.0,0.0
05.02.2017,13:00,14:00,0.0,0.0
05.02.2017,14:00,15:00,33.0,245.0
05.02.2017,15:00,16:00,262.0,313.0
05.02.2017,16:00,17:00,388.0,360.0
05.02.2017,17:00,18:00,631.0,550.0
05.02.2017,18:00,19:00,639.0,704.0
05.02.2017,19:00,20:00,646.0,703.0
05.02.2017,20:00,21:00,641.0,705.0
05.02.2017,21:00,22:00,641.0,705.0
05.02.2017,22:00,23:00,641.0,704.0
05.02.2017,23:00,00:00,361.0,490.0
06.02.2017,00:00,01:00,197.0,416.0
06.02.2017,01:00,02:00,133.0,380.0
06.02.2017,02:00,03:00,134.0,385.0
06.02.2017,03:00,04:00,121.0,380.0
06.02.2017,04:00,05:00,122.0,381.0
06.02.2017,05:00,06:00,193.0,381.0
06.02.2017,06:00,07:00,477.0,555.0
06.02.2017,07:00,08:00,649.0,693.0
06.02.2017,08:00,09:00,647.0,700.0
06.02.2017,09:00,10:00,646.0,700.0
06.02.2017,10:00,11:00,646.0,701.0
06.02.2017,11:00,12:00,646.0,699.0
06.02.2017,12:00,13:00,646.0,699.0
06.02.2017,13:00,14:00,647.0,701.0
06.02.2017,14:00,15:00,646.0,700.0
06.02.2017,15:00,16:00,646.0,700.0
06.02.2017,16:00,17:00,646.0,700.0
06.02.2017,17:00,18:00,646.0,699.0
06.02.2017,18:00,19:00,646.0,700.0
06.02.2017,19:00,20:00,646.0,700.0
06.02.2017,20:00,21:00,645.0,698.0
06.02.2017,21:00,22:00,646.0,699.0
06.02.2017,22:00,23:00,645.0,698.0
06.02.2017,23:00,00:00,515.0,465.0
07.02.2017,00:00,01:00,233.0,383.0
07.02.2017,01:00,02:00,130.0,384.0
07.02.2017,02:00,03:00,121.0,384.0
07.02.2017,03:00,04:00,122.0,385.0
07.02.2017,04:00,05:00,122.0,384.0
07.02.2017,05:00,06:00,189.0,405.0
07.02.2017,06:00,07:00,558.0,623.0
07.02.2017,07:00,08:00,653.0,702.0
07.02.2017,08:00,09:00,647.0,701.0
07.02.2017,09:00,10:00,647.0,702.0
07.02.2017,10:00,11:00,647.0,701.0
07.02.2017,11:00,12:00,647.0,557.0
07.02.2017,12:00,13:00,647.0,157.0
07.02.2017,13:00,14:00,651.0,0.0
07.02.2017,14:00,15:00,667.0,0.0
07.02.2017,15:00,16:00,667.0,0.0
07.02.2017,16:00,17:00,667.0,0.0
07.02.2017,17:00,18:00,667.0,0.0
07.02.2017,18:00,19:00,666.0,0.0
07.02.2017,19:00,20:00,667.0,0.0
07.02.2017,20:00,21:00,645.0,0.0
07.02.2017,21:00,22:00,463.0,0.0
07.02.2017,22:00,23:00,375.0,0.0
07.02.2017,23:00,00:00,403.0,0.0
08.02.2017,00:00,01:00,313.0,0.0
08.02.2017,01:00,02:00,312.0,0.0
08.02.2017,02:00,03:00,313.0,0.0
08.02.2017,03:00,04:00,313.0,0.0
08.02.2017,04:00,05:00,312.0,0.0
08.02.2017,05:00,06:00,313.0,0.0
08.02.2017,06:00,07:00,341.0,0.0
08.02.2017,07:00,08:00,409.0,0.0
08.02.2017,08:00,09:00,649.0,280.0
08.02.2017,09:00,10:00,645.0,385.0
08.02.2017,10:00,11:00,647.0,553.0
08.02.2017,11:00,12:00,650.0,702.0
08.02.2017,12:00,13:00,649.0,703.0
08.02.2017,13:00,14:00,649.0,701.0
08.02.2017,14:00,15:00,647.0,702.0
08.02.2017,15:00,16:00,647.0,701.0
08.02.2017,16:00,17:00,646.0,699.0
08.02.2017,17:00,18:00,646.0,701.0
08.02.2017,18:00,19:00,646.0,700.0
08.02.2017,19:00,20:00,646.0,701.0
08.02.2017,20:00,21:00,646.0,700.0
08.02.2017,21:00,22:00,611.0,653.0
08.02.2017,22:00,23:00,328.0,402.0
08.02.2017,23:00,00:00,318.0,379.0
09.02.2017,00:00,01:00,568.0,472.0
09.02.2017,01:00,02:00,552.0,482.0
09.02.2017,02:00,03:00,555.0,595.0
09.02.2017,03:00,04:00,554.0,483.0
09.02.2017,04:00,05:00,379.0,411.0
09.02.2017,05:00,06:00,440.0,521.0
09.02.2017,06:00,07:00,643.0,699.0
09.02.2017,07:00,08:00,646.0,701.0
09.02.2017,08:00,09:00,646.0,701.0
09.02.2017,09:00,10:00,647.0,701.0
09.02.2017,10:00,11:00,646.0,700.0
09.02.2017,11:00,12:00,647.0,699.0
09.02.2017,12:00,13:00,647.0,694.0
09.02.2017,13:00,14:00,623.0,698.0
09.02.2017,14:00,15:00,448.0,697.0
09.02.2017,15:00,16:00,446.0,697.0
09.02.2017,16:00,17:00,446.0,696.0
09.02.2017,17:00,18:00,446.0,696.0
09.02.2017,18:00,19:00,446.0,695.0
09.02.2017,19:00,20:00,446.0,694.0
09.02.2017,20:00,21:00,446.0,695.0
09.02.2017,21:00,22:00,446.0,696.0
09.02.2017,22:00,23:00,369.0,578.0
09.02.2017,23:00,00:00,315.0,383.0
10.02.2017,00:00,01:00,233.0,380.0
10.02.2017,01:00,02:00,130.0,380.0
10.02.2017,02:00,03:00,120.0,380.0
10.02.2017,03:00,04:00,121.0,380.0
10.02.2017,04:00,05:00,120.0,380.0
10.02.2017,05:00,06:00,214.0,381.0
10.02.2017,06:00,07:00,522.0,494.0
10.02.2017,07:00,08:00,645.0,527.0
10.02.2017,08:00,09:00,640.0,526.0
10.02.2017,09:00,10:00,641.0,523.0
10.02.2017,10:00,11:00,641.0,525.0
10.02.2017,11:00,12:00,642.0,527.0
10.02.2017,12:00,13:00,641.0,537.0
10.02.2017,13:00,14:00,646.0,687.0
10.02.2017,14:00,15:00,646.0,700.0
10.02.2017,15:00,16:00,646.0,701.0
10.02.2017,16:00,17:00,646.0,701.0
10.02.2017,17:00,18:00,646.0,706.0
10.02.2017,18:00,19:00,646.0,706.0
10.02.2017,19:00,20:00,646.0,669.0
10.02.2017,20:00,21:00,646.0,494.0
10.02.2017,21:00,22:00,585.0,437.0
10.02.2017,22:00,23:00,481.0,436.0
10.02.2017,23:00,00:00,534.0,460.0
11.02.2017,00:00,01:00,166.0,185.0
11.02.2017,01:00,02:00,0.0,0.0
11.02.2017,02:00,03:00,0.0,0.0
11.02.2017,03:00,04:00,0.0,0.0
11.02.2017,04:00,05:00,0.0,0.0
11.02.2017,05:00,06:00,0.0,0.0
11.02.2017,06:00,07:00,0.0,0.0
11.02.2017,07:00,08:00,0.0,0.0
11.02.2017,08:00,09:00,0.0,0.0
11.02.2017,09:00,10:00,0.0,0.0
11.02.2017,10:00,11:00,0.0,0.0
11.02.2017,11:00,12:00,0.0,0.0
11.02.2017,12:00,13:00,0.0,0.0
11.02.2017,13:00,14:00,0.0,0.0
11.02.2017,14:00,15:00,0.0,0.0
11.02.2017,15:00,16:00,0.0,0.0
11.02.2017,16:00,17:00,,
11.02.2017,17:00,18:00,0.0,0.0
11.02.2017,18:00,19:00,0.0,0.0
11.02.2017,19:00,20:00,0.0,0.0
11.02.2017,20:00,21:00,0.0,0.0
11.02.2017,21:00,22:00,0.0,0.0
11.02.2017,22:00,23:00,0.0,0.0
11.02.2017,23:00,00:00,0.0,0.0
12.02.2017,00:00,01:00,0.0,0.0
12.02.2017,01:00,02:00,0.0,0.0
12.02.2017,02:00,03:00,0.0,0.0
12.02.2017,03:00,04:00,0.0,0.0
12.02.2017,04:00,05:00,0.0,0.0
12.02.2017,05:00,06:00,0.0,0.0
12.02.2017,06:00,07:00,0.0,0.0
12.02.2017,07:00,08:00,0.0,0.0
12.02.2017,08:00,09:00,0.0,0.0
12.02.2017,09:00,10:00,0.0,0.0
12.02.2017,10:00,11:00,0.0,0.0
12.02.2017,11:00,12:00,0.0,0.0
12.02.2017,12:00,13:00,0.0,0.0
12.02.2017,13:00,14:00,0.0,0.0
12.02.2017,14:00,15:00,0.0,0.0
12.02.2017,15:00,16:00,0.0,0.0
12.02.2017,16:00,17:00,,
12.02.2017,17:00,18:00,0.0,0.0
12.02.2017,18:00,19:00,0.0,0.0
12.02.2017,19:00,20:00,0.0,0.0
12.02.2017,20:00,21:00,,
12.02.2017,21:00,22:00,0.0,0.0
12.02.2017,22:00,23:00,0.0,0.0
12.02.2017,23:00,00:00,0.0,0.0
13.02.2017,00:00,01:00,0.0,0.0
13.02.2017,01:00,02:00,0.0,0.0
13.02.2017,02:00,03:00,0.0,0.0
13.02.2017,03:00,04:00,0.0,0.0
13.02.2017,04:00,05:00,237.0,0.0
13.02.2017,05:00,06:00,268.0,279.0
13.02.2017,06:00,07:00,328.0,347.0
13.02.2017,07:00,08:00,608.0,554.0
13.02.2017,08:00,09:00,647.0,702.0
13.02.2017,09:00,10:00,645.0,697.0
13.02.2017,10:00,11:00,646.0,697.0
13.02.2017,11:00,12:00,646.0,698.0
13.02.2017,12:00,13:00,598.0,630.0
13.02.2017,13:00,14:00,420.0,483.0
13.02.2017,14:00,15:00,433.0,480.0
13.02.2017,15:00,16:00,629.0,647.0
13.02.2017,16:00,17:00,,
13.02.2017,17:00,18:00,646.0,703.0
13.02.2017,18:00,19:00,646.0,701.0
13.02.2017,19:00,20:00,647.0,480.0
13.02.2017,20:00,21:00,525.0,395.0
13.02.2017,21:00,22:00,202.0,385.0
13.02.2017,22:00,23:00,119.0,380.0
13.02.2017,23:00,00:00,116.0,380.0
14.02.2017,00:00,01:00,117.0,380.0
14.02.2017,01:00,02:00,118.0,379.0
14.02.2017,02:00,03:00,117.0,379.0
14.02.2017,03:00,04:00,118.0,380.0
14.02.2017,04:00,05:00,118.0,398.0
14.02.2017,05:00,06:00,197.0,476.0
14.02.2017,06:00,07:00,488.0,558.0
14.02.2017,07:00,08:00,644.0,694.0
14.02.2017,08:00,09:00,644.0,700.0
14.02.2017,09:00,10:00,647.0,697.0
14.02.2017,10:00,11:00,606.0,612.0
14.02.2017,11:00,12:00,496.0,486.0
14.02.2017,12:00,13:00,425.0,480.0
14.02.2017,13:00,14:00,434.0,481.0
14.02.2017,14:00,15:00,421.0,481.0
14.02.2017,15:00,16:00,421.0,481.0
14.02.2017,16:00,17:00,,
14.02.2017,17:00,18:00,570.0,652.0
14.02.2017,18:00,19:00,573.0,706.0
14.02.2017,19:00,20:00,560.0,705.0
14.02.2017,20:00,21:00,444.0,533.0
14.02.2017,21:00,22:00,519.0,480.0
14.02.2017,22:00,23:00,437.0,431.0
14.02.2017,23:00,00:00,296.0,385.0
15.02.2017,00:00,01:00,134.0,384.0
15.02.2017,01:00,02:00,119.0,387.0
15.02.2017,02:00,03:00,115.0,384.0
15.02.2017,03:00,04:00,116.0,385.0
15.02.2017,04:00,05:00,116.0,385.0
15.02.2017,05:00,06:00,203.0,388.0
15.02.2017,06:00,07:00,559.0,594.0
15.02.2017,07:00,08:00,650.0,705.0
15.02.2017,08:00,09:00,648.0,707.0
15.02.2017,09:00,10:00,639.0,696.0
15.02.2017,10:00,11:00,382.0,429.0
15.02.2017,11:00,12:00,314.0,384.0
15.02.2017,12:00,13:00,330.0,383.0
15.02.2017,13:00,14:00,395.0,395.0
15.02.2017,14:00,15:00,637.0,637.0
15.02.2017,15:00,16:00,647.0,701.0
15.02.2017,16:00,17:00,,
15.02.2017,17:00,18:00,646.0,701.0
15.02.2017,18:00,19:00,645.0,701.0
15.02.2017,19:00,20:00,646.0,700.0
15.02.2017,20:00,21:00,646.0,701.0
15.02.2017,21:00,22:00,646.0,701.0
15.02.2017,22:00,23:00,485.0,632.0
15.02.2017,23:00,00:00,185.0,406.0
16.02.2017,00:00,01:00,124.0,389.0
16.02.2017,01:00,02:00,121.0,390.0
16.02.2017,02:00,03:00,119.0,390.0
16.02.2017,03:00,04:00,121.0,390.0
16.02.2017,04:00,05:00,125.0,390.0
16.02.2017,05:00,06:00,195.0,401.0
16.02.2017,06:00,07:00,504.0,493.0
16.02.2017,07:00,08:00,636.0,603.0
16.02.2017,08:00,09:00,648.0,619.0
16.02.2017,09:00,10:00,572.0,545.0
16.02.2017,10:00,11:00,299.0,384.0
16.02.2017,11:00,12:00,0.0,384.0
16.02.2017,12:00,13:00,0.0,381.0
16.02.2017,13:00,14:00,0.0,381.0
16.02.2017,14:00,15:00,0.0,385.0
16.02.2017,15:00,16:00,0.0,545.0
16.02.2017,16:00,17:00,0.0,678.0
16.02.2017,17:00,18:00,0.0,699.0
16.02.2017,18:00,19:00,0.0,695.0
16.02.2017,19:00,20:00,0.0,695.0
16.02.2017,20:00,21:00,0.0,631.0
16.02.2017,21:00,22:00,0.0,394.0
16.02.2017,22:00,23:00,0.0,382.0
16.02.2017,23:00,00:00,0.0,380.0
17.02.2017,00:00,01:00,0.0,379.0
17.02.2017,01:00,02:00,0.0,384.0
17.02.2017,02:00,03:00,0.0,382.0
17.02.2017,03:00,04:00,0.0,383.0
17.02.2017,04:00,05:00,0.0,382.0
17.02.2017,05:00,06:00,0.0,385.0
17.02.2017,06:00,07:00,0.0,606.0
17.02.2017,07:00,08:00,0.0,705.0
17.02.2017,08:00,09:00,0.0,707.0
17.02.2017,09:00,10:00,0.0,706.0
17.02.2017,10:00,11:00,0.0,706.0
17.02.2017,11:00,12:00,0.0,706.0
17.02.2017,12:00,13:00,0.0,706.0
17.02.2017,13:00,14:00,0.0,707.0
17.02.2017,14:00,15:00,0.0,706.0
17.02.2017,15:00,16:00,0.0,706.0
17.02.2017,16:00,17:00,0.0,705.0
17.02.2017,17:00,18:00,0.0,704.0
17.02.2017,18:00,19:00,0.0,703.0
17.02.2017,19:00,20:00,0.0,586.0
17.02.2017,20:00,21:00,0.0,650.0
17.02.2017,21:00,22:00,0.0,405.0
17.02.2017,22:00,23:00,0.0,18.0
17.02.2017,23:00,00:00,0.0,0.0
18.02.2017,00:00,01:00,0.0,0.0
18.02.2017,01:00,02:00,0.0,0.0
18.02.2017,02:00,03:00,0.0,0.0
18.02.2017,03:00,04:00,0.0,0.0
18.02.2017,04:00,05:00,0.0,0.0
18.02.2017,05:00,06:00,0.0,0.0
18.02.2017,06:00,07:00,0.0,0.0
18.02.2017,07:00,08:00,0.0,0.0
18.02.2017,08:00,09:00,0.0,0.0
18.02.2017,09:00,10:00,0.0,0.0
18.02.2017,10:00,11:00,0.0,0.0
18.02.2017,11:00,12:00,0.0,0.0
18.02.2017,12:00,13:00,0.0,0.0
18.02.2017,13:00,14:00,0.0,0.0
18.02.2017,14:00,15:00,0.0,0.0
18.02.2017,15:00,16:00,0.0,0.0
18.02.2017,16:00,17:00,0.0,0.0
18.02.2017,17:00,18:00,0.0,0.0
18.02.2017,18:00,19:00,0.0,0.0
18.02.2017,19:00,20:00,0.0,0.0
18.02.2017,20:00,21:00,0.0,0.0
18.02.2017,21:00,22:00,0.0,0.0
18.02.2017,22:00,23:00,0.0,0.0
18.02.2017,23:00,00:00,0.0,0.0
19.02.2017,00:00,01:00,0.0,0.0
19.02.2017,01:00,02:00,0.0,0.0
19.02.2017,02:00,03:00,0.0,0.0
19.02.2017,03:00,04:00,0.0,0.0
19.02.2017,04:00,05:00,0.0,0.0
19.02.2017,05:00,06:00,0.0,0.0
19.02.2017,06:00,07:00,0.0,0.0
19.02.2017,07:00,08:00,0.0,0.0
19.02.2017,08:00,09:00,0.0,0.0
19.02.2017,09:00,10:00,0.0,0.0
19.02.2017,10:00,11:00,0.0,0.0
19.02.2017,11:00,12:00,0.0,0.0
19.02.2017,12:00,13:00,0.0,0.0
19.02.2017,13:00,14:00,0.0,0.0
19.02.2017,14:00,15:00,0.0,0.0
19.02.2017,15:00,16:00,0.0,0.0
19.02.2017,16:00,17:00,0.0,0.0
19.02.2017,17:00,18:00,0.0,0.0
19.02.2017,18:00,19:00,0.0,0.0
19.02.2017,19:00,20:00,0.0,0.0
19.02.2017,20:00,21:00,0.0,0.0
19.02.2017,21:00,22:00,0.0,0.0
19.02.2017,22:00,23:00,0.0,0.0
19.02.2017,23:00,00:00,0.0,0.0
20.02.2017,00:00,01:00,0.0,0.0
20.02.2017,01:00,02:00,0.0,0.0
20.02.2017,02:00,03:00,0.0,0.0
20.02.2017,03:00,04:00,0.0,0.0
20.02.2017,04:00,05:00,0.0,0.0
20.02.2017,05:00,06:00,0.0,0.0
20.02.2017,06:00,07:00,0.0,0.0
20.02.2017,07:00,08:00,0.0,0.0
20.02.2017,08:00,09:00,0.0,0.0
20.02.2017,09:00,10:00,0.0,0.0
20.02.2017,10:00,11:00,0.0,0.0
20.02.2017,11:00,12:00,0.0,0.0
20.02.2017,12:00,13:00,0.0,0.0
20.02.2017,13:00,14:00,0.0,0.0
20.02.2017,14:00,15:00,0.0,0.0
20.02.2017,15:00,16:00,0.0,0.0
20.02.2017,16:00,17:00,0.0,0.0
20.02.2017,17:00,18:00,0.0,0.0
20.02.2017,18:00,19:00,0.0,0.0
20.02.2017,19:00,20:00,0.0,0.0
20.02.2017,20:00,21:00,0.0,0.0
20.02.2017,21:00,22:00,0.0,0.0
20.02.2017,22:00,23:00,0.0,0.0
20.02.2017,23:00,00:00,0.0,0.0
21.02.2017,00:00,01:00,0.0,0.0
21.02.2017,01:00,02:00,0.0,0.0
21.02.2017,02:00,03:00,0.0,0.0
21.02.2017,03:00,04:00,0.0,0.0
21.02.2017,04:00,05:00,0.0,0.0
21.02.2017,05:00,06:00,0.0,0.0
21.02.2017,06:00,07:00,0.0,0.0
21.02.2017,07:00,08:00,0.0,0.0
21.02.2017,08:00,09:00,0.0,0.0
21.02.2017,09:00,10:00,0.0,0.0
21.02.2017,10:00,11:00,0.0,0.0
21.02.2017,11:00,12:00,0.0,0.0
21.02.2017,12:00,13:00,0.0,0.0
21.02.2017,13:00,14:00,0.0,0.0
21.02.2017,14:00,15:00,0.0,0.0
21.02.2017,15:00,16:00,0.0,0.0
21.02.2017,16:00,17:00,0.0,0.0
21.02.2017,17:00,18:00,0.0,0.0
21.02.2017,18:00,19:00,0.0,0.0
21.02.2017,19:00,20:00,0.0,0.0
21.02.2017,20:00,21:00,0.0,0.0
21.02.2017,21:00,22:00,0.0,0.0
21.02.2017,22:00,23:00,0.0,0.0
21.02.2017,23:00,00:00,0.0,0.0
22.02.2017,00:00,01:00,0.0,0.0
22.02.2017,01:00,02:00,0.0,0.0
22.02.2017,02:00,03:00,0.0,0.0
22.02.2017,03:00,04:00,0.0,0.0
22.02.2017,04:00,05:00,0.0,0.0
22.02.2017,05:00,06:00,0.0,0.0
22.02.2017,06:00,07:00,0.0,0.0
22.02.2017,07:00,08:00,0.0,0.0
22.02.2017,08:00,09:00,0.0,0.0
22.02.2017,09:00,10:00,0.0,0.0
22.02.2017,10:00,11:00,0.0,0.0
22.02.2017,11:00,12:00,0.0,0.0
22.02.2017,12:00,13:00,0.0,0.0
22.02.2017,13:00,14:00,0.0,0.0
22.02.2017,14:00,15:00,0.0,0.0
22.02.2017,15:00,16:00,0.0,0.0
22.02.2017,16:00,17:00,0.0,0.0
22.02.2017,17:00,18:00,0.0,0.0
22.02.2017,18:00,19:00,0.0,0.0
22.02.2017,19:00,20:00,0.0,0.0
22.02.2017,20:00,21:00,0.0,0.0
22.02.2017,21:00,22:00,0.0,0.0
22.02.2017,22:00,23:00,0.0,0.0
22.02.2017,23:00,00:00,0.0,0.0
23.02.2017,00:00,01:00,0.0,0.0
23.02.2017,01:00,02:00,0.0,0.0
23.02.2017,02:00,03:00,0.0,0.0
23.02.2017,03:00,04:00,0.0,0.0
23.02.2017,04:00,05:00,0.0,0.0
23.02.2017,05:00,06:00,0.0,0.0
23.02.2017,06:00,07:00,0.0,0.0
23.02.2017,07:00,08:00,0.0,0.0
23.02.2017,08:00,09:00,0.0,0.0
23.02.2017,09:00,10:00,0.0,0.0
23.02.2017,10:00,11:00,0.0,0.0
23.02.2017,11:00,12:00,0.0,0.0
23.02.2017,12:00,13:00,0.0,0.0
23.02.2017,13:00,14:00,0.0,0.0
23.02.2017,14:00,15:00,0.0,0.0
23.02.2017,15:00,16:00,0.0,0.0
23.02.2017,16:00,17:00,0.0,0.0
23.02.2017,17:00,18:00,0.0,0.0
23.02.2017,18:00,19:00,0.0,0.0
23.02.2017,19:00,20:00,0.0,0.0
23.02.2017,20:00,21:00,0.0,0.0
23.02.2017,21:00,22:00,0.0,0.0
23.02.2017,22:00,23:00,0.0,0.0
23.02.2017,23:00,00:00,0.0,0.0
24.02.2017,00:00,01:00,0.0,0.0
24.02.2017,01:00,02:00,0.0,0.0
24.02.2017,02:00,03:00,0.0,0.0
24.02.2017,03:00,04:00,0.0,0.0
24.02.2017,04:00,05:00,0.0,0.0
24.02.2017,05:00,06:00,0.0,0.0
24.02.2017,06:00,07:00,0.0,0.0
24.02.2017,07:00,08:00,0.0,0.0
24.02.2017,08:00,09:00,0.0,0.0
24.02.2017,09:00,10:00,0.0,0.0
24.02.2017,10:00,11:00,0.0,0.0
24.02.2017,11:00,12:00,0.0,0.0
24.02.2017,12:00,13:00,0.0,0.0
24.02.2017,13:00,14:00,0.0,0.0
24.02.2017,14:00,15:00,0.0,0.0
24.02.2017,15:00,16:00,0.0,0.0
24.02.2017,16:00,17:00,0.0,0.0
24.02.2017,17:00,18:00,0.0,0.0
24.02.2017,18:00,19:00,0.0,0.0
24.02.2017,19:00,20:00,0.0,0.0
24.02.2017,20:00,21:00,0.0,0.0
24.02.2017,21:00,22:00,0.0,0.0
24.02.2017,22:00,23:00,0.0,0.0
24.02.2017,23:00,00:00,0.0,0.0
25.02.2017,00:00,01:00,0.0,0.0
25.02.2017,01:00,02:00,0.0,0.0
25.02.2017,02:00,03:00,0.0,0.0
25.02.2017,03:00,04:00,0.0,0.0
25.02.2017,04:00,05:00,0.0,0.0
25.02.2017,05:00,06:00,0.0,0.0
25.02.2017,06:00,07:00,0.0,0.0
25.02.2017,07:00,08:00,0.0,0.0
25.02.2017,08:00,09:00,0.0,0.0
25.02.2017,09:00,10:00,0.0,0.0
25.02.2017,10:00,11:00,0.0,0.0
25.02.2017,11:00,12:00,0.0,0.0
25.02.2017,12:00,13:00,0.0,0.0
25.02.2017,13:00,14:00,0.0,0.0
25.02.2017,14:00,15:00,0.0,0.0
25.02.2017,15:00,16:00,0.0,0.0
25.02.2017,16:00,17:00,0.0,0.0
25.02.2017,17:00,18:00,0.0,0.0
25.02.2017,18:00,19:00,0.0,0.0
25.02.2017,19:00,20:00,0.0,0.0
25.02.2017,20:00,21:00,0.0,0.0
25.02.2017,21:00,22:00,0.0,0.0
25.02.2017,22:00,23:00,0.0,0.0
25.02.2017,23:00,00:00,0.0,0.0
26.02.2017,00:00,01:00,0.0,0.0
26.02.2017,01:00,02:00,0.0,0.0
26.02.2017,02:00,03:00,0.0,0.0
26.02.2017,03:00,04:00,0.0,0.0
26.02.2017,04:00,05:00,0.0,0.0
26.02.2017,05:00,06:00,0.0,0.0
26.02.2017,06:00,07:00,0.0,0.0
26.02.2017,07:00,08:00,0.0,0.0
26.02.2017,08:00,09:00,0.0,0.0
26.02.2017,09:00,10:00,0.0,0.0
26.02.2017,10:00,11:00,0.0,0.0
26.02.2017,11:00,12:00,0.0,0.0
26.02.2017,12:00,13:00,0.0,0.0
26.02.2017,13:00,14:00,0.0,0.0
26.02.2017,14:00,15:00,0.0,0.0
26.02.2017,15:00,16:00,0.0,0.0
26.02.2017,16:00,17:00,0.0,0.0
26.02.2017,17:00,18:00,0.0,0.0
26.02.2017,18:00,19:00,0.0,0.0
26.02.2017,19:00,20:00,0.0,0.0
26.02.2017,20:00,21:00,0.0,0.0
26.02.2017,21:00,22:00,0.0,0.0
26.02.2017,22:00,23:00,0.0,0.0
26.02.2017,23:00,00:00,0.0,0.0
27.02.2017,00:00,01:00,0.0,0.0
27.02.2017,01:00,02:00,0.0,0.0
27.02.2017,02:00,03:00,0.0,0.0
27.02.2017,03:00,04:00,0.0,0.0
27.02.2017,04:00,05:00,0.0,0.0
27.02.2017,05:00,06:00,0.0,0.0
27.02.2017,06:00,07:00,0.0,0.0
27.02.2017,07:00,08:00,0.0,0.0
27.02.2017,08:00,09:00,0.0,0.0
27.02.2017,09:00,10:00,0.0,0.0
27.02.2017,10:00,11:00,0.0,0.0
27.02.2017,11:00,12:00,0.0,0.0
27.02.2017,12:00,13:00,0.0,0.0
27.02.2017,13:00,14:00,0.0,0.0
27.02.2017,14:00,15:00,0.0,0.0
27.02.2017,15:00,16:00,0.0,0.0
27.02.2017,16:00,17:00,0.0,0.0
27.02.2017,17:00,18:00,0.0,0.0
27.02.2017,18:00,19:00,0.0,0.0
27.02.2017,19:00,20:00,0.0,0.0
27.02.2017,20:00,21:00,0.0,0.0
27.02.2017,21:00,22:00,0.0,0.0
27.02.2017,22:00,23:00,0.0,0.0
27.02.2017,23:00,00:00,0.0,0.0
28.02.2017,00:00,01:00,0.0,0.0
28.02.2017,01:00,02:00,0.0,0.0
28.02.2017,02:00,03:00,0.0,0.0
28.02.2017,03:00,04:00,0.0,0.0
28.02.2017,04:00,05:00,0.0,0.0
28.02.2017,05:00,06:00,0.0,0.0
28.02.2017,06:00,07:00,0.0,0.0
28.02.2017,07:00,08:00,0.0,0.0
28.02.2017,08:00,09:00,0.0,0.0
28.02.2017,09:00,10:00,0.0,0.0
28.02.2017,10:00,11:00,0.0,0.0
28.02.2017,11:00,12:00,0.0,0.0
28.02.2017,12:00,13:00,0.0,0.0
28.02.2017,13:00,14:00,0.0,0.0
28.02.2017,14:00,15:00,0.0,0.0
28.02.2017,15:00,16:00,0.0,0.0
28.02.2017,16:00,17:00,0.0,0.0
28.02.2017,17:00,18:00,0.0,0.0
28.02.2017,18:00,19:00,0.0,0.0
28.02.2017,19:00,20:00,0.0,0.0
28.02.2017,20:00,21:00,0.0,0.0
28.02.2017,21:00,22:00,0.0,0.0
28.02.2017,22:00,23:00,0.0,0.0
28.02.2017,23:00,00:00,0.0,0.0
01.03.2017,00:00,01:00,0.0,0.0
01.03.2017,01:00,02:00,0.0,0.0
01.03.2017,02:00,03:00,0.0,0.0
01.03.2017,03:00,04:00,0.0,0.0
01.03.2017,04:00,05:00,0.0,0.0
01.03.2017,05:00,06:00,0.0,0.0
01.03.2017,06:00,07:00,0.0,0.0
01.03.2017,07:00,08:00,0.0,0.0
01.03.2017,08:00,09:00,0.0,0.0
01.03.2017,09:00,10:00,0.0,0.0
01.03.2017,10:00,11:00,0.0,0.0
01.03.2017,11:00,12:00,0.0,0.0
01.03.2017,12:00,13:00,0.0,0.0
01.03.2017,13:00,14:00,0.0,0.0
01.03.2017,14:00,15:00,0.0,0.0
01.03.2017,15:00,16:00,0.0,0.0
01.03.2017,16:00,17:00,0.0,0.0
01.03.2017,17:00,18:00,0.0,0.0
01.03.2017,18:00,19:00,0.0,0.0
01.03.2017,19:00,20:00,0.0,0.0
01.03.2017,20:00,21:00,0.0,0.0
01.03.2017,21:00,22:00,0.0,0.0
01.03.2017,22:00,23:00,0.0,0.0
01.03.2017,23:00,00:00,0.0,0.0
02.03.2017,00:00,01:00,0.0,0.0
02.03.2017,01:00,02:00,0.0,0.0
02.03.2017,02:00,03:00,0.0,0.0
02.03.2017,03:00,04:00,0.0,0.0
02.03.2017,04:00,05:00,0.0,0.0
02.03.2017,05:00,06:00,0.0,0.0
02.03.2017,06:00,07:00,0.0,0.0
02.03.2017,07:00,08:00,0.0,0.0
02.03.2017,08:00,09:00,0.0,0.0
02.03.2017,09:00,10:00,0.0,0.0
02.03.2017,10:00,11:00,0.0,0.0
02.03.2017,11:00,12:00,0.0,0.0
02.03.2017,12:00,13:00,0.0,0.0
02.03.2017,13:00,14:00,0.0,0.0
02.03.2017,14:00,15:00,0.0,0.0
02.03.2017,15:00,16:00,0.0,0.0
02.03.2017,16:00,17:00,0.0,0.0
02.03.2017,17:00,18:00,0.0,0.0
02.03.2017,18:00,19:00,0.0,0.0
02.03.2017,19:00,20:00,0.0,0.0
02.03.2017,20:00,21:00,0.0,0.0
02.03.2017,21:00,22:00,0.0,0.0
02.03.2017,22:00,23:00,0.0,0.0
02.03.2017,23:00,00:00,0.0,0.0
03.03.2017,00:00,01:00,0.0,0.0
03.03.2017,01:00,02:00,0.0,0.0
03.03.2017,02:00,03:00,0.0,0.0
03.03.2017,03:00,04:00,0.0,0.0
03.03.2017,04:00,05:00,0.0,0.0
03.03.2017,05:00,06:00,0.0,0.0
03.03.2017,06:00,07:00,0.0,0.0
03.03.2017,07:00,08:00,0.0,0.0
03.03.2017,08:00,09:00,0.0,0.0
03.03.2017,09:00,10:00,0.0,0.0
03.03.2017,10:00,11:00,0.0,0.0
03.03.2017,11:00,12:00,0.0,0.0
03.03.2017,12:00,13:00,0.0,0.0
03.03.2017,13:00,14:00,0.0,0.0
03.03.2017,14:00,15:00,0.0,0.0
03.03.2017,15:00,16:00,0.0,0.0
03.03.2017,16:00,17:00,0.0,0.0
03.03.2017,17:00,18:00,0.0,0.0
03.03.2017,18:00,19:00,0.0,0.0
03.03.2017,19:00,20:00,0.0,0.0
03.03.2017,20:00,21:00,0.0,0.0
03.03.2017,21:00,22:00,0.0,0.0
03.03.2017,22:00,23:00,0.0,0.0
03.03.2017,23:00,00:00,0.0,0.0
04.03.2017,00:00,01:00,0.0,0.0
04.03.2017,01:00,02:00,0.0,0.0
04.03.2017,02:00,03:00,0.0,0.0
04.03.2017,03:00,04:00,0.0,0.0
04.03.2017,04:00,05:00,0.0,0.0
04.03.2017,05:00,06:00,0.0,0.0
04.03.2017,06:00,07:00,0.0,0.0
04.03.2017,07:00,08:00,0.0,0.0
04.03.2017,08:00,09:00,0.0,0.0
04.03.2017,09:00,10:00,0.0,0.0
04.03.2017,10:00,11:00,0.0,0.0
04.03.2017,11:00,12:00,0.0,0.0
04.03.2017,12:00,13:00,0.0,0.0
04.03.2017,13:00,14:00,0.0,0.0
04.03.2017,14:00,15:00,0.0,0.0
04.03.2017,15:00,16:00,0.0,0.0
04.03.2017,16:00,17:00,0.0,0.0
04.03.2017,17:00,18:00,0.0,0.0
04.03.2017,18:00,19:00,0.0,0.0
04.03.2017,19:00,20:00,0.0,0.0
04.03.2017,20:00,21:00,0.0,0.0
04.03.2017,21:00,22:00,0.0,0.0
04.03.2017,22:00,23:00,0.0,0.0
04.03.2017,23:00,00:00,0.0,0.0
05.03.2017,00:00,01:00,0.0,0.0
05.03.2017,01:00,02:00,0.0,0.0
05.03.2017,02:00,03:00,0.0,0.0
05.03.2017,03:00,04:00,0.0,0.0
05.03.2017,04:00,05:00,0.0,0.0
05.03.2017,05:00,06:00,0.0,0.0
05.03.2017,06:00,07:00,0.0,0.0
05.03.2017,07:00,08:00,0.0,0.0
05.03.2017,08:00,09:00,0.0,0.0
05.03.2017,09:00,10:00,0.0,0.0
05.03.2017,10:00,11:00,0.0,0.0
05.03.2017,11:00,12:00,0.0,0.0
05.03.2017,12:00,13:00,0.0,0.0
05.03.2017,13:00,14:00,0.0,0.0
05.03.2017,14:00,15:00,0.0,0.0
05.03.2017,15:00,16:00,0.0,0.0
05.03.2017,16:00,17:00,0.0,0.0
05.03.2017,17:00,18:00,0.0,0.0
05.03.2017,18:00,19:00,0.0,0.0
05.03.2017,19:00,20:00,0.0,0.0
05.03.2017,20:00,21:00,0.0,0.0
05.03.2017,21:00,22:00,0.0,0.0
05.03.2017,22:00,23:00,0.0,0.0
05.03.2017,23:00,00:00,0.0,0.0
06.03.2017,00:00,01:00,0.0,0.0
06.03.2017,01:00,02:00,0.0,0.0
06.03.2017,02:00,03:00,0.0,0.0
06.03.2017,03:00,04:00,0.0,0.0
06.03.2017,04:00,05:00,0.0,0.0
06.03.2017,05:00,06:00,16.0,21.0
06.03.2017,06:00,07:00,137.0,102.0
06.03.2017,07:00,08:00,257.0,300.0
06.03.2017,08:00,09:00,351.0,307.0
06.03.2017,09:00,10:00,569.0,462.0
06.03.2017,10:00,11:00,633.0,650.0
06.03.2017,11:00,12:00,650.0,627.0
06.03.2017,12:00,13:00,594.0,665.0
06.03.2017,13:00,14:00,485.0,682.0
06.03.2017,14:00,15:00,486.0,691.0
06.03.2017,15:00,16:00,610.0,627.0
06.03.2017,16:00,17:00,505.0,544.0
06.03.2017,17:00,18:00,475.0,516.0
06.03.2017,18:00,19:00,660.0,633.0
06.03.2017,19:00,20:00,619.0,687.0
06.03.2017,20:00,21:00,334.0,426.0
06.03.2017,21:00,22:00,151.0,357.0
06.03.2017,22:00,23:00,126.0,358.0
06.03.2017,23:00,00:00,124.0,359.0
07.03.2017,00:00,01:00,124.0,359.0
07.03.2017,01:00,02:00,123.0,359.0
07.03.2017,02:00,03:00,124.0,359.0
07.03.2017,03:00,04:00,124.0,360.0
07.03.2017,04:00,05:00,125.0,361.0
07.03.2017,05:00,06:00,160.0,396.0
07.03.2017,06:00,07:00,490.0,645.0
07.03.2017,07:00,08:00,663.0,717.0
07.03.2017,08:00,09:00,662.0,711.0
07.03.2017,09:00,10:00,662.0,711.0
07.03.2017,10:00,11:00,662.0,712.0
07.03.2017,11:00,12:00,663.0,712.0
07.03.2017,12:00,13:00,663.0,711.0
07.03.2017,13:00,14:00,663.0,711.0
07.03.2017,14:00,15:00,661.0,711.0
07.03.2017,15:00,16:00,663.0,712.0
07.03.2017,16:00,17:00,662.0,712.0
07.03.2017,17:00,18:00,661.0,711.0
07.03.2017,18:00,19:00,662.0,711.0
07.03.2017,19:00,20:00,662.0,711.0
07.03.2017,20:00,21:00,661.0,711.0
07.03.2017,21:00,22:00,660.0,710.0
07.03.2017,22:00,23:00,604.0,634.0
07.03.2017,23:00,00:00,299.0,308.0
08.03.2017,00:00,01:00,1.0,0.0
08.03.2017,01:00,02:00,0.0,0.0
08.03.2017,02:00,03:00,0.0,0.0
08.03.2017,03:00,04:00,0.0,0.0
08.03.2017,04:00,05:00,0.0,0.0
08.03.2017,05:00,06:00,0.0,0.0
08.03.2017,06:00,07:00,0.0,0.0
08.03.2017,07:00,08:00,0.0,0.0
08.03.2017,08:00,09:00,0.0,0.0
08.03.2017,09:00,10:00,0.0,0.0
08.03.2017,10:00,11:00,0.0,0.0
08.03.2017,11:00,12:00,0.0,0.0
08.03.2017,12:00,13:00,0.0,0.0
08.03.2017,13:00,14:00,0.0,0.0
08.03.2017,14:00,15:00,0.0,0.0
08.03.2017,15:00,16:00,0.0,0.0
08.03.2017,16:00,17:00,0.0,0.0
08.03.2017,17:00,18:00,0.0,0.0
08.03.2017,18:00,19:00,0.0,0.0
08.03.2017,19:00,20:00,0.0,0.0
08.03.2017,20:00,21:00,0.0,0.0
08.03.2017,21:00,22:00,0.0,0.0
08.03.2017,22:00,23:00,0.0,0.0
08.03.2017,23:00,00:00,0.0,0.0
09.03.2017,00:00,01:00,0.0,0.0
09.03.2017,01:00,02:00,0.0,0.0
09.03.2017,02:00,03:00,0.0,0.0
09.03.2017,03:00,04:00,0.0,0.0
09.03.2017,04:00,05:00,195.0,0.0
09.03.2017,05:00,06:00,289.0,0.0
09.03.2017,06:00,07:00,314.0,0.0
09.03.2017,07:00,08:00,597.0,0.0
09.03.2017,08:00,09:00,663.0,0.0
09.03.2017,09:00,10:00,666.0,0.0
09.03.2017,10:00,11:00,669.0,0.0
09.03.2017,11:00,12:00,667.0,0.0
09.03.2017,12:00,13:00,668.0,0.0
09.03.2017,13:00,14:00,669.0,0.0
09.03.2017,14:00,15:00,450.0,0.0
09.03.2017,15:00,16:00,183.0,0.0
09.03.2017,16:00,17:00,0.0,0.0
09.03.2017,17:00,18:00,0.0,0.0
09.03.2017,18:00,19:00,0.0,0.0
09.03.2017,19:00,20:00,0.0,0.0
09.03.2017,20:00,21:00,0.0,0.0
09.03.2017,21:00,22:00,0.0,0.0
09.03.2017,22:00,23:00,0.0,0.0
09.03.2017,23:00,00:00,0.0,0.0
10.03.2017,00:00,01:00,0.0,0.0
10.03.2017,01:00,02:00,0.0,0.0
10.03.2017,02:00,03:00,0.0,0.0
10.03.2017,03:00,04:00,0.0,0.0
10.03.2017,04:00,05:00,0.0,0.0
10.03.2017,05:00,06:00,0.0,0.0
10.03.2017,06:00,07:00,0.0,0.0
10.03.2017,07:00,08:00,0.0,0.0
10.03.2017,08:00,09:00,0.0,0.0
10.03.2017,09:00,10:00,0.0,0.0
10.03.2017,10:00,11:00,0.0,0.0
10.03.2017,11:00,12:00,0.0,0.0
10.03.2017,12:00,13:00,0.0,0.0
10.03.2017,13:00,14:00,0.0,0.0
10.03.2017,14:00,15:00,0.0,0.0
10.03.2017,15:00,16:00,0.0,0.0
10.03.2017,16:00,17:00,102.0,0.0
10.03.2017,17:00,18:00,287.0,0.0
10.03.2017,18:00,19:00,395.0,0.0
10.03.2017,19:00,20:00,663.0,0.0
10.03.2017,20:00,21:00,653.0,0.0
10.03.2017,21:00,22:00,554.0,0.0
10.03.2017,22:00,23:00,338.0,0.0
10.03.2017,23:00,00:00,291.0,0.0
11.03.2017,00:00,01:00,66.0,0.0
11.03.2017,01:00,02:00,0.0,0.0
11.03.2017,02:00,03:00,0.0,0.0
11.03.2017,03:00,04:00,0.0,0.0
11.03.2017,04:00,05:00,0.0,0.0
11.03.2017,05:00,06:00,0.0,0.0
11.03.2017,06:00,07:00,0.0,0.0
11.03.2017,07:00,08:00,0.0,0.0
11.03.2017,08:00,09:00,0.0,0.0
11.03.2017,09:00,10:00,0.0,0.0
11.03.2017,10:00,11:00,0.0,0.0
11.03.2017,11:00,12:00,0.0,0.0
11.03.2017,12:00,13:00,0.0,0.0
11.03.2017,13:00,14:00,0.0,0.0
11.03.2017,14:00,15:00,0.0,0.0
11.03.2017,15:00,16:00,0.0,0.0
11.03.2017,16:00,17:00,0.0,0.0
11.03.2017,17:00,18:00,0.0,0.0
11.03.2017,18:00,19:00,0.0,0.0
11.03.2017,19:00,20:00,0.0,0.0
11.03.2017,20:00,21:00,0.0,0.0
11.03.2017,21:00,22:00,0.0,0.0
11.03.2017,22:00,23:00,0.0,0.0
11.03.2017,23:00,00:00,0.0,0.0
12.03.2017,00:00,01:00,0.0,0.0
12.03.2017,01:00,02:00,0.0,0.0
12.03.2017,02:00,03:00,0.0,0.0
12.03.2017,03:00,04:00,0.0,0.0
12.03.2017,04:00,05:00,0.0,0.0
12.03.2017,05:00,06:00,0.0,0.0
12.03.2017,06:00,07:00,0.0,0.0
12.03.2017,07:00,08:00,0.0,0.0
12.03.2017,08:00,09:00,0.0,0.0
12.03.2017,09:00,10:00,0.0,0.0
12.03.2017,10:00,11:00,0.0,0.0
12.03.2017,11:00,12:00,0.0,0.0
12.03.2017,12:00,13:00,0.0,0.0
12.03.2017,13:00,14:00,0.0,0.0
12.03.2017,14:00,15:00,0.0,0.0
12.03.2017,15:00,16:00,0.0,0.0
12.03.2017,16:00,17:00,0.0,0.0
12.03.2017,17:00,18:00,0.0,0.0
12.03.2017,18:00,19:00,0.0,0.0
12.03.2017,19:00,20:00,0.0,0.0
12.03.2017,20:00,21:00,0.0,0.0
12.03.2017,21:00,22:00,0.0,0.0
12.03.2017,22:00,23:00,0.0,0.0
12.03.2017,23:00,00:00,0.0,0.0
13.03.2017,00:00,01:00,0.0,0.0
13.03.2017,01:00,02:00,0.0,0.0
13.03.2017,02:00,03:00,0.0,0.0
13.03.2017,03:00,04:00,96.0,0.0
13.03.2017,04:00,05:00,274.0,167.0
13.03.2017,05:00,06:00,306.0,316.0
13.03.2017,06:00,07:00,584.0,319.0
13.03.2017,07:00,08:00,638.0,530.0
13.03.2017,08:00,09:00,644.0,701.0
13.03.2017,09:00,10:00,646.0,701.0
13.03.2017,10:00,11:00,641.0,690.0
13.03.2017,11:00,12:00,506.0,512.0
13.03.2017,12:00,13:00,420.0,480.0
13.03.2017,13:00,14:00,429.0,481.0
13.03.2017,14:00,15:00,618.0,539.0
13.03.2017,15:00,16:00,646.0,652.0
13.03.2017,16:00,17:00,644.0,690.0
13.03.2017,17:00,18:00,644.0,700.0
13.03.2017,18:00,19:00,645.0,700.0
13.03.2017,19:00,20:00,646.0,700.0
13.03.2017,20:00,21:00,646.0,700.0
13.03.2017,21:00,22:00,644.0,704.0
13.03.2017,22:00,23:00,583.0,532.0
13.03.2017,23:00,00:00,309.0,383.0
14.03.2017,00:00,01:00,181.0,379.0
14.03.2017,01:00,02:00,122.0,380.0
14.03.2017,02:00,03:00,121.0,384.0
14.03.2017,03:00,04:00,121.0,381.0
14.03.2017,04:00,05:00,131.0,385.0
14.03.2017,05:00,06:00,373.0,479.0
14.03.2017,06:00,07:00,642.0,654.0
14.03.2017,07:00,08:00,646.0,706.0
14.03.2017,08:00,09:00,646.0,706.0
14.03.2017,09:00,10:00,646.0,705.0
14.03.2017,10:00,11:00,646.0,706.0
14.03.2017,11:00,12:00,639.0,696.0
14.03.2017,12:00,13:00,435.0,501.0
14.03.2017,13:00,14:00,427.0,467.0
14.03.2017,14:00,15:00,437.0,482.0
14.03.2017,15:00,16:00,421.0,481.0
14.03.2017,16:00,17:00,523.0,534.0
14.03.2017,17:00,18:00,647.0,696.0
14.03.2017,18:00,19:00,647.0,702.0
14.03.2017,19:00,20:00,616.0,658.0
14.03.2017,20:00,21:00,339.0,420.0
14.03.2017,21:00,22:00,314.0,380.0
14.03.2017,22:00,23:00,206.0,381.0
14.03.2017,23:00,00:00,150.0,382.0
15.03.2017,00:00,01:00,156.0,383.0
15.03.2017,01:00,02:00,155.0,384.0
15.03.2017,02:00,03:00,155.0,382.0
15.03.2017,03:00,04:00,158.0,383.0
15.03.2017,04:00,05:00,157.0,381.0
15.03.2017,05:00,06:00,218.0,382.0
15.03.2017,06:00,07:00,536.0,513.0
15.03.2017,07:00,08:00,648.0,657.0
15.03.2017,08:00,09:00,647.0,701.0
15.03.2017,09:00,10:00,640.0,667.0
15.03.2017,10:00,11:00,490.0,494.0
15.03.2017,11:00,12:00,458.0,481.0
15.03.2017,12:00,13:00,383.0,481.0
15.03.2017,13:00,14:00,318.0,481.0
15.03.2017,14:00,15:00,319.0,350.0
15.03.2017,15:00,16:00,334.0,391.0
15.03.2017,16:00,17:00,591.0,559.0
15.03.2017,17:00,18:00,647.0,704.0
15.03.2017,18:00,19:00,602.0,705.0
15.03.2017,19:00,20:00,312.0,702.0
15.03.2017,20:00,21:00,0.0,705.0
15.03.2017,21:00,22:00,0.0,704.0
15.03.2017,22:00,23:00,0.0,697.0
15.03.2017,23:00,00:00,0.0,481.0
16.03.2017,00:00,01:00,0.0,385.0
16.03.2017,01:00,02:00,0.0,382.0
16.03.2017,02:00,03:00,0.0,382.0
16.03.2017,03:00,04:00,0.0,382.0
16.03.2017,04:00,05:00,0.0,381.0
16.03.2017,05:00,06:00,0.0,395.0
16.03.2017,06:00,07:00,0.0,582.0
16.03.2017,07:00,08:00,0.0,607.0
16.03.2017,08:00,09:00,0.0,607.0
16.03.2017,09:00,10:00,0.0,607.0
16.03.2017,10:00,11:00,0.0,535.0
16.03.2017,11:00,12:00,0.0,480.0
16.03.2017,12:00,13:00,0.0,481.0
16.03.2017,13:00,14:00,0.0,480.0
16.03.2017,14:00,15:00,0.0,481.0
16.03.2017,15:00,16:00,0.0,481.0
16.03.2017,16:00,17:00,0.0,511.0
16.03.2017,17:00,18:00,0.0,693.0
16.03.2017,18:00,19:00,0.0,706.0
16.03.2017,19:00,20:00,0.0,706.0
16.03.2017,20:00,21:00,0.0,705.0
16.03.2017,21:00,22:00,0.0,708.0
16.03.2017,22:00,23:00,0.0,576.0
16.03.2017,23:00,00:00,0.0,334.0
17.03.2017,00:00,01:00,0.0,58.0
17.03.2017,01:00,02:00,0.0,0.0
17.03.2017,02:00,03:00,0.0,0.0
17.03.2017,03:00,04:00,0.0,0.0
17.03.2017,04:00,05:00,0.0,0.0
17.03.2017,05:00,06:00,0.0,0.0
17.03.2017,06:00,07:00,0.0,0.0
17.03.2017,07:00,08:00,0.0,0.0
17.03.2017,08:00,09:00,0.0,0.0
17.03.2017,09:00,10:00,0.0,0.0
17.03.2017,10:00,11:00,0.0,0.0
17.03.2017,11:00,12:00,0.0,0.0
17.03.2017,12:00,13:00,0.0,0.0
17.03.2017,13:00,14:00,0.0,0.0
17.03.2017,14:00,15:00,0.0,0.0
17.03.2017,15:00,16:00,0.0,0.0
17.03.2017,16:00,17:00,0.0,0.0
17.03.2017,17:00,18:00,0.0,0.0
17.03.2017,18:00,19:00,0.0,0.0
17.03.2017,19:00,20:00,0.0,0.0
17.03.2017,20:00,21:00,0.0,0.0
17.03.2017,21:00,22:00,0.0,0.0
17.03.2017,22:00,23:00,0.0,0.0
17.03.2017,23:00,00:00,0.0,0.0
18.03.2017,00:00,01:00,0.0,0.0
18.03.2017,01:00,02:00,0.0,0.0
18.03.2017,02:00,03:00,0.0,0.0
18.03.2017,03:00,04:00,0.0,0.0
18.03.2017,04:00,05:00,0.0,0.0
18.03.2017,05:00,06:00,0.0,0.0
18.03.2017,06:00,07:00,0.0,0.0
18.03.2017,07:00,08:00,0.0,0.0
18.03.2017,08:00,09:00,0.0,0.0
18.03.2017,09:00,10:00,0.0,0.0
18.03.2017,10:00,11:00,0.0,0.0
18.03.2017,11:00,12:00,0.0,0.0
18.03.2017,12:00,13:00,0.0,0.0
18.03.2017,13:00,14:00,0.0,0.0
18.03.2017,14:00,15:00,0.0,0.0
18.03.2017,15:00,16:00,0.0,0.0
18.03.2017,16:00,17:00,0.0,0.0
18.03.2017,17:00,18:00,0.0,0.0
18.03.2017,18:00,19:00,0.0,0.0
18.03.2017,19:00,20:00,0.0,0.0
18.03.2017,20:00,21:00,0.0,0.0
18.03.2017,21:00,22:00,0.0,0.0
18.03.2017,22:00,23:00,0.0,0.0
18.03.2017,23:00,00:00,0.0,0.0
19.03.2017,00:00,01:00,0.0,0.0
19.03.2017,01:00,02:00,0.0,0.0
19.03.2017,02:00,03:00,0.0,0.0
19.03.2017,03:00,04:00,0.0,0.0
19.03.2017,04:00,05:00,0.0,0.0
19.03.2017,05:00,06:00,0.0,0.0
19.03.2017,06:00,07:00,0.0,0.0
19.03.2017,07:00,08:00,0.0,0.0
19.03.2017,08:00,09:00,0.0,0.0
19.03.2017,09:00,10:00,0.0,0.0
19.03.2017,10:00,11:00,0.0,0.0
19.03.2017,11:00,12:00,0.0,0.0
19.03.2017,12:00,13:00,0.0,0.0
19.03.2017,13:00,14:00,0.0,0.0
19.03.2017,14:00,15:00,0.0,0.0
19.03.2017,15:00,16:00,0.0,0.0
19.03.2017,16:00,17:00,0.0,0.0
19.03.2017,17:00,18:00,0.0,0.0
19.03.2017,18:00,19:00,0.0,0.0
19.03.2017,19:00,20:00,0.0,0.0
19.03.2017,20:00,21:00,0.0,0.0
19.03.2017,21:00,22:00,0.0,0.0
19.03.2017,22:00,23:00,0.0,0.0
19.03.2017,23:00,00:00,0.0,0.0
20.03.2017,00:00,01:00,0.0,0.0
20.03.2017,01:00,02:00,0.0,0.0
20.03.2017,02:00,03:00,0.0,0.0
20.03.2017,03:00,04:00,0.0,0.0
20.03.2017,04:00,05:00,0.0,0.0
20.03.2017,05:00,06:00,0.0,0.0
20.03.2017,06:00,07:00,168.0,0.0
20.03.2017,07:00,08:00,284.0,0.0
20.03.2017,08:00,09:00,384.0,0.0
20.03.2017,09:00,10:00,653.0,0.0
20.03.2017,10:00,11:00,637.0,0.0
20.03.2017,11:00,12:00,599.0,0.0
20.03.2017,12:00,13:00,348.0,0.0
20.03.2017,13:00,14:00,312.0,0.0
20.03.2017,14:00,15:00,314.0,0.0
20.03.2017,15:00,16:00,332.0,0.0
20.03.2017,16:00,17:00,386.0,0.0
20.03.2017,17:00,18:00,331.0,0.0
20.03.2017,18:00,19:00,312.0,0.0
20.03.2017,19:00,20:00,313.0,0.0
20.03.2017,20:00,21:00,309.0,0.0
20.03.2017,21:00,22:00,198.0,0.0
20.03.2017,22:00,23:00,196.0,0.0
20.03.2017,23:00,00:00,287.0,0.0
21.03.2017,00:00,01:00,288.0,0.0
21.03.2017,01:00,02:00,288.0,0.0
21.03.2017,02:00,03:00,287.0,0.0
21.03.2017,03:00,04:00,287.0,0.0
21.03.2017,04:00,05:00,287.0,0.0
21.03.2017,05:00,06:00,344.0,264.0
21.03.2017,06:00,07:00,479.0,296.0
21.03.2017,07:00,08:00,621.0,406.0
21.03.2017,08:00,09:00,646.0,645.0
21.03.2017,09:00,10:00,640.0,666.0
21.03.2017,10:00,11:00,373.0,443.0
21.03.2017,11:00,12:00,438.0,481.0
21.03.2017,12:00,13:00,648.0,679.0
21.03.2017,13:00,14:00,648.0,699.0
21.03.2017,14:00,15:00,647.0,696.0
21.03.2017,15:00,16:00,647.0,695.0
21.03.2017,16:00,17:00,647.0,699.0
21.03.2017,17:00,18:00,647.0,700.0
21.03.2017,18:00,19:00,647.0,701.0
21.03.2017,19:00,20:00,646.0,700.0
21.03.2017,20:00,21:00,646.0,699.0
21.03.2017,21:00,22:00,647.0,701.0
21.03.2017,22:00,23:00,647.0,699.0
21.03.2017,23:00,00:00,645.0,687.0
22.03.2017,00:00,01:00,599.0,593.0
22.03.2017,01:00,02:00,540.0,596.0
22.03.2017,02:00,03:00,443.0,482.0
22.03.2017,03:00,04:00,421.0,480.0
22.03.2017,04:00,05:00,437.0,491.0
22.03.2017,05:00,06:00,633.0,679.0
22.03.2017,06:00,07:00,647.0,701.0
22.03.2017,07:00,08:00,646.0,701.0
22.03.2017,08:00,09:00,646.0,703.0
22.03.2017,09:00,10:00,645.0,706.0
22.03.2017,10:00,11:00,647.0,705.0
22.03.2017,11:00,12:00,647.0,705.0
22.03.2017,12:00,13:00,647.0,706.0
22.03.2017,13:00,14:00,647.0,705.0
22.03.2017,14:00,15:00,647.0,706.0
22.03.2017,15:00,16:00,647.0,706.0
22.03.2017,16:00,17:00,646.0,705.0
22.03.2017,17:00,18:00,646.0,706.0
22.03.2017,18:00,19:00,648.0,707.0
22.03.2017,19:00,20:00,647.0,706.0
22.03.2017,20:00,21:00,647.0,706.0
22.03.2017,21:00,22:00,647.0,706.0
22.03.2017,22:00,23:00,646.0,703.0
22.03.2017,23:00,00:00,624.0,507.0
23.03.2017,00:00,01:00,527.0,480.0
23.03.2017,01:00,02:00,421.0,480.0
23.03.2017,02:00,03:00,421.0,480.0
23.03.2017,03:00,04:00,421.0,480.0
23.03.2017,04:00,05:00,499.0,572.0
23.03.2017,05:00,06:00,638.0,664.0
23.03.2017,06:00,07:00,643.0,702.0
23.03.2017,07:00,08:00,641.0,706.0
23.03.2017,08:00,09:00,642.0,707.0
23.03.2017,09:00,10:00,642.0,706.0
23.03.2017,10:00,11:00,643.0,707.0
23.03.2017,11:00,12:00,642.0,707.0
23.03.2017,12:00,13:00,642.0,708.0
23.03.2017,13:00,14:00,645.0,708.0
23.03.2017,14:00,15:00,647.0,707.0
23.03.2017,15:00,16:00,647.0,706.0
23.03.2017,16:00,17:00,647.0,706.0
23.03.2017,17:00,18:00,647.0,706.0
23.03.2017,18:00,19:00,646.0,705.0
23.03.2017,19:00,20:00,646.0,705.0
23.03.2017,20:00,21:00,647.0,706.0
23.03.2017,21:00,22:00,646.0,706.0
23.03.2017,22:00,23:00,646.0,706.0
23.03.2017,23:00,00:00,643.0,705.0
24.03.2017,00:00,01:00,451.0,532.0
24.03.2017,01:00,02:00,420.0,479.0
24.03.2017,02:00,03:00,420.0,479.0
24.03.2017,03:00,04:00,420.0,479.0
24.03.2017,04:00,05:00,420.0,479.0
24.03.2017,05:00,06:00,456.0,492.0
24.03.2017,06:00,07:00,637.0,674.0
24.03.2017,07:00,08:00,646.0,700.0
24.03.2017,08:00,09:00,645.0,705.0
24.03.2017,09:00,10:00,646.0,706.0
24.03.2017,10:00,11:00,646.0,706.0
24.03.2017,11:00,12:00,646.0,706.0
24.03.2017,12:00,13:00,646.0,706.0
24.03.2017,13:00,14:00,645.0,705.0
24.03.2017,14:00,15:00,647.0,705.0
24.03.2017,15:00,16:00,646.0,685.0
24.03.2017,16:00,17:00,646.0,551.0
24.03.2017,17:00,18:00,646.0,528.0
24.03.2017,18:00,19:00,612.0,527.0
24.03.2017,19:00,20:00,477.0,500.0
24.03.2017,20:00,21:00,431.0,478.0
24.03.2017,21:00,22:00,325.0,73.0
24.03.2017,22:00,23:00,161.0,0.0
24.03.2017,23:00,00:00,0.0,0.0
25.03.2017,00:00,01:00,0.0,0.0
25.03.2017,01:00,02:00,0.0,0.0
25.03.2017,02:00,03:00,0.0,0.0
25.03.2017,03:00,04:00,0.0,0.0
25.03.2017,04:00,05:00,0.0,0.0
25.03.2017,05:00,06:00,0.0,0.0
25.03.2017,06:00,07:00,0.0,0.0
25.03.2017,07:00,08:00,0.0,0.0
25.03.2017,08:00,09:00,0.0,0.0
25.03.2017,09:00,10:00,0.0,0.0
25.03.2017,10:00,11:00,0.0,0.0
25.03.2017,11:00,12:00,0.0,0.0
25.03.2017,12:00,13:00,0.0,0.0
25.03.2017,13:00,14:00,0.0,0.0
25.03.2017,14:00,15:00,0.0,0.0
25.03.2017,15:00,16:00,0.0,0.0
25.03.2017,16:00,17:00,0.0,0.0
25.03.2017,17:00,18:00,0.0,0.0
25.03.2017,18:00,19:00,0.0,0.0
25.03.2017,19:00,20:00,0.0,0.0
25.03.2017,20:00,21:00,0.0,0.0
25.03.2017,21:00,22:00,0.0,0.0
25.03.2017,22:00,23:00,0.0,0.0
25.03.2017,23:00,00:00,0.0,0.0
26.03.2017,00:00,01:00,0.0,0.0
26.03.2017,01:00,02:00,0.0,0.0
26.03.2017,03:00,04:00,0.0,0.0
26.03.2017,04:00,05:00,0.0,0.0
26.03.2017,05:00,06:00,0.0,0.0
26.03.2017,06:00,07:00,0.0,0.0
26.03.2017,07:00,08:00,0.0,0.0
26.03.2017,08:00,09:00,0.0,0.0
26.03.2017,09:00,10:00,0.0,0.0
26.03.2017,10:00,11:00,0.0,0.0
26.03.2017,11:00,12:00,0.0,0.0
26.03.2017,12:00,13:00,0.0,0.0
26.03.2017,13:00,14:00,0.0,0.0
26.03.2017,14:00,15:00,0.0,0.0
26.03.2017,15:00,16:00,0.0,0.0
26.03.2017,16:00,17:00,0.0,0.0
26.03.2017,17:00,18:00,0.0,0.0
26.03.2017,18:00,19:00,0.0,0.0
26.03.2017,19:00,20:00,0.0,0.0
26.03.2017,20:00,21:00,0.0,0.0
26.03.2017,21:00,22:00,0.0,0.0
26.03.2017,22:00,23:00,0.0,0.0
26.03.2017,23:00,00:00,0.0,0.0
27.03.2017,00:00,01:00,0.0,0.0
27.03.2017,01:00,02:00,0.0,0.0
27.03.2017,02:00,03:00,0.0,0.0
27.03.2017,03:00,04:00,0.0,0.0
27.03.2017,04:00,05:00,0.0,0.0
27.03.2017,05:00,06:00,0.0,0.0
27.03.2017,06:00,07:00,0.0,0.0
27.03.2017,07:00,08:00,0.0,0.0
27.03.2017,08:00,09:00,0.0,0.0
27.03.2017,09:00,10:00,0.0,0.0
27.03.2017,10:00,11:00,0.0,0.0
27.03.2017,11:00,12:00,0.0,0.0
27.03.2017,12:00,13:00,0.0,0.0
27.03.2017,13:00,14:00,0.0,0.0
27.03.2017,14:00,15:00,0.0,0.0
27.03.2017,15:00,16:00,0.0,0.0
27.03.2017,16:00,17:00,0.0,0.0
27.03.2017,17:00,18:00,0.0,0.0
27.03.2017,18:00,19:00,0.0,0.0
27.03.2017,19:00,20:00,0.0,0.0
27.03.2017,20:00,21:00,0.0,0.0
27.03.2017,21:00,22:00,0.0,0.0
27.03.2017,22:00,23:00,0.0,0.0
27.03.2017,23:00,00:00,0.0,0.0
28.03.2017,00:00,01:00,0.0,0.0
28.03.2017,01:00,02:00,0.0,0.0
28.03.2017,02:00,03:00,0.0,0.0
28.03.2017,03:00,04:00,0.0,0.0
28.03.2017,04:00,05:00,0.0,0.0
28.03.2017,05:00,06:00,0.0,0.0
28.03.2017,06:00,07:00,0.0,0.0
28.03.2017,07:00,08:00,0.0,0.0
28.03.2017,08:00,09:00,0.0,0.0
28.03.2017,09:00,10:00,0.0,0.0
28.03.2017,10:00,11:00,0.0,0.0
28.03.2017,11:00,12:00,0.0,0.0
28.03.2017,12:00,13:00,0.0,0.0
28.03.2017,13:00,14:00,0.0,0.0
28.03.2017,14:00,15:00,0.0,0.0
28.03.2017,15:00,16:00,0.0,0.0
28.03.2017,16:00,17:00,0.0,0.0
28.03.2017,17:00,18:00,0.0,0.0
28.03.2017,18:00,19:00,0.0,0.0
28.03.2017,19:00,20:00,0.0,0.0
28.03.2017,20:00,21:00,0.0,0.0
28.03.2017,21:00,22:00,0.0,0.0
28.03.2017,22:00,23:00,0.0,0.0
28.03.2017,23:00,00:00,0.0,0.0
29.03.2017,00:00,01:00,0.0,0.0
29.03.2017,01:00,02:00,0.0,0.0
29.03.2017,02:00,03:00,0.0,0.0
29.03.2017,03:00,04:00,0.0,0.0
29.03.2017,04:00,05:00,0.0,0.0
29.03.2017,05:00,06:00,0.0,0.0
29.03.2017,06:00,07:00,0.0,0.0
29.03.2017,07:00,08:00,0.0,0.0
29.03.2017,08:00,09:00,0.0,0.0
29.03.2017,09:00,10:00,0.0,0.0
29.03.2017,10:00,11:00,0.0,0.0
29.03.2017,11:00,12:00,0.0,0.0
29.03.2017,12:00,13:00,0.0,0.0
29.03.2017,13:00,14:00,0.0,0.0
29.03.2017,14:00,15:00,0.0,0.0
29.03.2017,15:00,16:00,0.0,0.0
29.03.2017,16:00,17:00,0.0,0.0
29.03.2017,17:00,18:00,0.0,0.0
29.03.2017,18:00,19:00,0.0,0.0
29.03.2017,19:00,20:00,0.0,0.0
29.03.2017,20:00,21:00,0.0,0.0
29.03.2017,21:00,22:00,0.0,0.0
29.03.2017,22:00,23:00,0.0,0.0
29.03.2017,23:00,00:00,0.0,0.0
30.03.2017,00:00,01:00,0.0,0.0
30.03.2017,01:00,02:00,0.0,0.0
30.03.2017,02:00,03:00,0.0,0.0
30.03.2017,03:00,04:00,0.0,0.0
30.03.2017,04:00,05:00,0.0,0.0
30.03.2017,05:00,06:00,0.0,0.0
30.03.2017,06:00,07:00,0.0,0.0
30.03.2017,07:00,08:00,0.0,0.0
30.03.2017,08:00,09:00,0.0,0.0
30.03.2017,09:00,10:00,0.0,0.0
30.03.2017,10:00,11:00,0.0,0.0
30.03.2017,11:00,12:00,0.0,0.0
30.03.2017,12:00,13:00,0.0,0.0
30.03.2017,13:00,14:00,0.0,0.0
30.03.2017,14:00,15:00,0.0,0.0
30.03.2017,15:00,16:00,0.0,0.0
30.03.2017,16:00,17:00,0.0,0.0
30.03.2017,17:00,18:00,0.0,0.0
30.03.2017,18:00,19:00,0.0,0.0
30.03.2017,19:00,20:00,0.0,0.0
30.03.2017,20:00,21:00,0.0,0.0
30.03.2017,21:00,22:00,0.0,0.0
30.03.2017,22:00,23:00,0.0,0.0
30.03.2017,23:00,00:00,0.0,0.0
31.03.2017,00:00,01:00,0.0,0.0
31.03.2017,01:00,02:00,0.0,0.0
31.03.2017,02:00,03:00,0.0,0.0
31.03.2017,03:00,04:00,0.0,0.0
31.03.2017,04:00,05:00,0.0,0.0
31.03.2017,05:00,06:00,0.0,0.0
31.03.2017,06:00,07:00,0.0,0.0
31.03.2017,07:00,08:00,0.0,0.0
31.03.2017,08:00,09:00,0.0,0.0
31.03.2017,09:00,10:00,0.0,0.0
31.03.2017,10:00,11:00,0.0,0.0
31.03.2017,11:00,12:00,0.0,0.0
31.03.2017,12:00,13:00,0.0,0.0
31.03.2017,13:00,14:00,0.0,0.0
31.03.2017,14:00,15:00,0.0,0.0
31.03.2017,15:00,16:00,0.0,0.0
31.03.2017,16:00,17:00,0.0,0.0
31.03.2017,17:00,18:00,0.0,0.0
31.03.2017,18:00,19:00,0.0,0.0
31.03.2017,19:00,20:00,0.0,0.0
31.03.2017,20:00,21:00,0.0,0.0
31.03.2017,21:00,22:00,0.0,0.0
31.03.2017,22:00,23:00,0.0,0.0
31.03.2017,23:00,00:00,0.0,0.0
01.04.2017,00:00,01:00,,
01.04.2017,01:00,02:00,,
01.04.2017,02:00,03:00,,
01.04.2017,03:00,04:00,,
01.04.2017,04:00,05:00,,
01.04.2017,05:00,06:00,,
01.04.2017,06:00,07:00,,
01.04.2017,07:00,08:00,,
01.04.2017,08:00,09:00,,
01.04.2017,09:00,10:00,,
01.04.2017,10:00,11:00,,
01.04.2017,11:00,12:00,,
01.04.2017,12:00,13:00,,
01.04.2017,13:00,14:00,,
01.04.2017,14:00,15:00,,
01.04.2017,15:00,16:00,,
01.04.2017,16:00,17:00,,
01.04.2017,17:00,18:00,,
01.04.2017,18:00,19:00,,
01.04.2017,19:00,20:00,,
01.04.2017,20:00,21:00,,
01.04.2017,21:00,22:00,,
01.04.2017,22:00,23:00,,
01.04.2017,23:00,00:00,,
02.04.2017,00:00,01:00,,
02.04.2017,01:00,02:00,,
02.04.2017,02:00,03:00,,
02.04.2017,03:00,04:00,,
02.04.2017,04:00,05:00,,
02.04.2017,05:00,06:00,,
02.04.2017,06:00,07:00,,
02.04.2017,07:00,08:00,,
02.04.2017,08:00,09:00,,
02.04.2017,09:00,10:00,,
02.04.2017,10:00,11:00,,
02.04.2017,11:00,12:00,,
02.04.2017,12:00,13:00,,
02.04.2017,13:00,14:00,,
02.04.2017,14:00,15:00,,
02.04.2017,15:00,16:00,,
02.04.2017,16:00,17:00,,
02.04.2017,17:00,18:00,,
02.04.2017,18:00,19:00,,
02.04.2017,19:00,20:00,,
02.04.2017,20:00,21:00,,
02.04.2017,21:00,22:00,,
02.04.2017,22:00,23:00,,
02.04.2017,23:00,00:00,,
03.04.2017,00:00,01:00,,
03.04.2017,01:00,02:00,,
03.04.2017,02:00,03:00,,
03.04.2017,03:00,04:00,,
03.04.2017,04:00,05:00,,
03.04.2017,05:00,06:00,,
03.04.2017,06:00,07:00,,
03.04.2017,07:00,08:00,,
03.04.2017,08:00,09:00,,
03.04.2017,09:00,10:00,,
03.04.2017,10:00,11:00,,
03.04.2017,11:00,12:00,,
03.04.2017,12:00,13:00,,
03.04.2017,13:00,14:00,,
03.04.2017,14:00,15:00,,
03.04.2017,15:00,16:00,,
03.04.2017,16:00,17:00,,
03.04.2017,17:00,18:00,,
03.04.2017,18:00,19:00,,
03.04.2017,19:00,20:00,,
03.04.2017,20:00,21:00,,
03.04.2017,21:00,22:00,,
03.04.2017,22:00,23:00,,
03.04.2017,23:00,00:00,,
04.04.2017,00:00,01:00,,
04.04.2017,01:00,02:00,,
04.04.2017,02:00,03:00,,
04.04.2017,03:00,04:00,,
04.04.2017,04:00,05:00,,
04.04.2017,05:00,06:00,,
04.04.2017,06:00,07:00,,
04.04.2017,07:00,08:00,,
04.04.2017,08:00,09:00,,
04.04.2017,09:00,10:00,,
04.04.2017,10:00,11:00,,
04.04.2017,11:00,12:00,,
04.04.2017,12:00,13:00,,
04.04.2017,13:00,14:00,,
04.04.2017,14:00,15:00,,
04.04.2017,15:00,16:00,,
04.04.2017,16:00,17:00,,
04.04.2017,17:00,18:00,,
04.04.2017,18:00,19:00,,
04.04.2017,19:00,20:00,,
04.04.2017,20:00,21:00,,
04.04.2017,21:00,22:00,,
04.04.2017,22:00,23:00,,
04.04.2017,23:00,00:00,,
05.04.2017,00:00,01:00,,
05.04.2017,01:00,02:00,,
05.04.2017,02:00,03:00,,
05.04.2017,03:00,04:00,,
05.04.2017,04:00,05:00,,
05.04.2017,05:00,06:00,,
05.04.2017,06:00,07:00,,
05.04.2017,07:00,08:00,,
05.04.2017,08:00,09:00,,
05.04.2017,09:00,10:00,,
05.04.2017,10:00,11:00,,
05.04.2017,11:00,12:00,,
05.04.2017,12:00,13:00,,
05.04.2017,13:00,14:00,,
05.04.2017,14:00,15:00,,
05.04.2017,15:00,16:00,,
05.04.2017,16:00,17:00,,
05.04.2017,17:00,18:00,,
05.04.2017,18:00,19:00,,
05.04.2017,19:00,20:00,,
05.04.2017,20:00,21:00,,
05.04.2017,21:00,22:00,,
05.04.2017,22:00,23:00,,
05.04.2017,23:00,00:00,,
06.04.2017,00:00,01:00,,
06.04.2017,01:00,02:00,,
06.04.2017,02:00,03:00,,
06.04.2017,03:00,04:00,,
06.04.2017,04:00,05:00,,
06.04.2017,05:00,06:00,,
06.04.2017,06:00,07:00,,
06.04.2017,07:00,08:00,,
06.04.2017,08:00,09:00,,
06.04.2017,09:00,10:00,,
06.04.2017,10:00,11:00,,
06.04.2017,11:00,12:00,,
06.04.2017,12:00,13:00,,
06.04.2017,13:00,14:00,,
06.04.2017,14:00,15:00,,
06.04.2017,15:00,16:00,,
06.04.2017,16:00,17:00,,
06.04.2017,17:00,18:00,,
06.04.2017,18:00,19:00,,
06.04.2017,19:00,20:00,,
06.04.2017,20:00,21:00,,
06.04.2017,21:00,22:00,,
06.04.2017,22:00,23:00,,
06.04.2017,23:00,00:00,,
07.04.2017,00:00,01:00,,
07.04.2017,01:00,02:00,,
07.04.2017,02:00,03:00,,
07.04.2017,03:00,04:00,,
07.04.2017,04:00,05:00,,
07.04.2017,05:00,06:00,,
07.04.2017,06:00,07:00,,
07.04.2017,07:00,08:00,,
07.04.2017,08:00,09:00,,
07.04.2017,09:00,10:00,,
07.04.2017,10:00,11:00,,
07.04.2017,11:00,12:00,,
07.04.2017,12:00,13:00,,
07.04.2017,13:00,14:00,,
07.04.2017,14:00,15:00,,
07.04.2017,15:00,16:00,,
07.04.2017,16:00,17:00,,
07.04.2017,17:00,18:00,,
07.04.2017,18:00,19:00,,
07.04.2017,19:00,20:00,,
07.04.2017,20:00,21:00,,
07.04.2017,21:00,22:00,,
07.04.2017,22:00,23:00,,
07.04.2017,23:00,00:00,,
08.04.2017,00:00,01:00,,
08.04.2017,01:00,02:00,,
08.04.2017,02:00,03:00,,
08.04.2017,03:00,04:00,,
08.04.2017,04:00,05:00,,
08.04.2017,05:00,06:00,,
08.04.2017,06:00,07:00,,
08.04.2017,07:00,08:00,,
08.04.2017,08:00,09:00,,
08.04.2017,09:00,10:00,,
08.04.2017,10:00,11:00,,
08.04.2017,11:00,12:00,,
08.04.2017,12:00,13:00,,
08.04.2017,13:00,14:00,,
08.04.2017,14:00,15:00,,
08.04.2017,15:00,16:00,,
08.04.2017,16:00,17:00,,
08.04.2017,17:00,18:00,,
08.04.2017,18:00,19:00,,
08.04.2017,19:00,20:00,,
08.04.2017,20:00,21:00,,
08.04.2017,21:00,22:00,,
08.04.2017,22:00,23:00,,
08.04.2017,23:00,00:00,,
09.04.2017,00:00,01:00,,
09.04.2017,01:00,02:00,,
09.04.2017,02:00,03:00,,
09.04.2017,03:00,04:00,,
09.04.2017,04:00,05:00,,
09.04.2017,05:00,06:00,,
09.04.2017,06:00,07:00,,
09.04.2017,07:00,08:00,,
09.04.2017,08:00,09:00,,
09.04.2017,09:00,10:00,,
09.04.2017,10:00,11:00,,
09.04.2017,11:00,12:00,,
09.04.2017,12:00,13:00,,
09.04.2017,13:00,14:00,,
09.04.2017,14:00,15:00,,
09.04.2017,15:00,16:00,,
09.04.2017,16:00,17:00,,
09.04.2017,17:00,18:00,,
09.04.2017,18:00,19:00,,
09.04.2017,19:00,20:00,,
09.04.2017,20:00,21:00,,
09.04.2017,21:00,22:00,,
09.04.2017,22:00,23:00,,
09.04.2017,23:00,00:00,,
