date,start,end,11WD2HEY40000638
29082022,00:00,01:00,0
29082022,01:00,02:00,0
29082022,02:00,03:00,0
29082022,03:00,04:00,0
29082022,04:00,05:00,0
29082022,05:00,06:00,0
29082022,06:00,07:00,0
29082022,07:00,08:00,0
29082022,08:00,09:00,0
29082022,09:00,10:00,0
29082022,10:00,11:00,0
29082022,11:00,12:00,0
29082022,12:00,13:00,0
29082022,13:00,14:00,0
29082022,14:00,15:00,0
29082022,15:00,16:00,0
29082022,16:00,17:00,0
29082022,17:00,18:00,0
29082022,18:00,19:00,0
29082022,19:00,20:00,0
29082022,20:00,21:00,0
29082022,21:00,22:00,0
29082022,22:00,23:00,0
29082022,23:00,00:00,0
30082022,00:00,01:00,0
30082022,01:00,02:00,0
30082022,02:00,03:00,0
30082022,03:00,04:00,0
30082022,04:00,05:00,0
30082022,05:00,06:00,0
30082022,06:00,07:00,0
30082022,07:00,08:00,0
30082022,08:00,09:00,0
30082022,09:00,10:00,0
30082022,10:00,11:00,0
30082022,11:00,12:00,0
30082022,12:00,13:00,0
30082022,13:00,14:00,0
30082022,14:00,15:00,0
30082022,15:00,16:00,0
30082022,16:00,17:00,0
30082022,17:00,18:00,0
30082022,18:00,19:00,0
30082022,19:00,20:00,0
30082022,20:00,21:00,151
30082022,21:00,22:00,151
30082022,22:00,23:00,0
30082022,23:00,00:00,0
31082022,00:00,01:00,604
31082022,01:00,02:00,588
31082022,02:00,03:00,501
31082022,03:00,04:00,467
31082022,04:00,05:00,509
31082022,05:00,06:00,603
31082022,06:00,07:00,606
31082022,07:00,08:00,606
31082022,08:00,09:00,602
31082022,09:00,10:00,605
31082022,10:00,11:00,603
31082022,11:00,12:00,603
31082022,12:00,13:00,588
31082022,13:00,14:00,401
31082022,14:00,15:00,239
31082022,15:00,16:00,201
31082022,16:00,17:00,196
31082022,17:00,18:00,207
31082022,18:00,19:00,210
31082022,19:00,20:00,293
31082022,20:00,21:00,539
31082022,21:00,22:00,599
31082022,22:00,23:00,605
31082022,23:00,00:00,609
1092022,00:00,01:00,607
1092022,01:00,02:00,611
1092022,02:00,03:00,0
1092022,03:00,04:00,0
1092022,04:00,05:00,0
1092022,05:00,06:00,0
1092022,06:00,07:00,0
1092022,07:00,08:00,0
1092022,08:00,09:00,0
1092022,09:00,10:00,0
1092022,10:00,11:00,0
1092022,11:00,12:00,0
1092022,12:00,13:00,0
1092022,13:00,14:00,0
1092022,14:00,15:00,0
1092022,15:00,16:00,0
1092022,16:00,17:00,0
1092022,17:00,18:00,0
1092022,18:00,19:00,0
1092022,19:00,20:00,0
1092022,20:00,21:00,0
1092022,21:00,22:00,0
1092022,22:00,23:00,0
1092022,23:00,00:00,0
2092022,00:00,01:00,0
2092022,01:00,02:00,0
2092022,02:00,03:00,0
2092022,03:00,04:00,0
2092022,04:00,05:00,0
2092022,05:00,06:00,0
2092022,06:00,07:00,0
2092022,07:00,08:00,0
2092022,08:00,09:00,0
2092022,09:00,10:00,0
2092022,10:00,11:00,0
2092022,11:00,12:00,0
2092022,12:00,13:00,0
2092022,13:00,14:00,0
2092022,14:00,15:00,0
2092022,15:00,16:00,0
2092022,16:00,17:00,0
2092022,17:00,18:00,0
2092022,18:00,19:00,0
2092022,19:00,20:00,0
2092022,20:00,21:00,0
2092022,21:00,22:00,0
2092022,22:00,23:00,0
2092022,23:00,00:00,0
3092022,00:00,01:00,0
3092022,01:00,02:00,0
3092022,02:00,03:00,0
3092022,03:00,04:00,0
3092022,04:00,05:00,0
3092022,05:00,06:00,0
3092022,06:00,07:00,0
3092022,07:00,08:00,0
3092022,08:00,09:00,0
3092022,09:00,10:00,0
3092022,10:00,11:00,0
3092022,11:00,12:00,0
3092022,12:00,13:00,0
3092022,13:00,14:00,0
3092022,14:00,15:00,0
3092022,15:00,16:00,0
3092022,16:00,17:00,0
3092022,17:00,18:00,0
3092022,18:00,19:00,0
3092022,19:00,20:00,0
3092022,20:00,21:00,0
3092022,21:00,22:00,0
3092022,22:00,23:00,0
3092022,23:00,00:00,0
4092022,00:00,01:00,0
4092022,01:00,02:00,0
4092022,02:00,03:00,0
4092022,03:00,04:00,0
4092022,04:00,05:00,0
4092022,05:00,06:00,0
4092022,06:00,07:00,0
4092022,07:00,08:00,0
4092022,08:00,09:00,0
4092022,09:00,10:00,0
4092022,10:00,11:00,0
4092022,11:00,12:00,0
4092022,12:00,13:00,0
4092022,13:00,14:00,0
4092022,14:00,15:00,0
4092022,15:00,16:00,0
4092022,16:00,17:00,0
4092022,17:00,18:00,0
4092022,18:00,19:00,0
4092022,19:00,20:00,0
4092022,20:00,21:00,0
4092022,21:00,22:00,0
4092022,22:00,23:00,0
4092022,23:00,00:00,0
5092022,00:00,01:00,0
5092022,01:00,02:00,0
5092022,02:00,03:00,0
5092022,03:00,04:00,0
5092022,04:00,05:00,0
5092022,05:00,06:00,0
5092022,06:00,07:00,0
5092022,07:00,08:00,0
5092022,08:00,09:00,0
5092022,09:00,10:00,0
5092022,10:00,11:00,0
5092022,11:00,12:00,0
5092022,12:00,13:00,0
5092022,13:00,14:00,0
5092022,14:00,15:00,0
5092022,15:00,16:00,0
5092022,16:00,17:00,0
5092022,17:00,18:00,0
5092022,18:00,19:00,0
5092022,19:00,20:00,0
5092022,20:00,21:00,0
5092022,21:00,22:00,0
5092022,22:00,23:00,0
5092022,23:00,00:00,0
6092022,00:00,01:00,0
6092022,01:00,02:00,0
6092022,02:00,03:00,0
6092022,03:00,04:00,0
6092022,04:00,05:00,0
6092022,05:00,06:00,0
6092022,06:00,07:00,0
6092022,07:00,08:00,0
6092022,08:00,09:00,0
6092022,09:00,10:00,0
6092022,10:00,11:00,0
6092022,11:00,12:00,0
6092022,12:00,13:00,0
6092022,13:00,14:00,0
6092022,14:00,15:00,0
6092022,15:00,16:00,0
6092022,16:00,17:00,0
6092022,17:00,18:00,0
6092022,18:00,19:00,0
6092022,19:00,20:00,0
6092022,20:00,21:00,0
6092022,21:00,22:00,0
6092022,22:00,23:00,0
6092022,23:00,00:00,0
7092022,00:00,01:00,0
7092022,01:00,02:00,0
7092022,02:00,03:00,0
7092022,03:00,04:00,0
7092022,04:00,05:00,0
7092022,05:00,06:00,0
7092022,06:00,07:00,0
7092022,07:00,08:00,0
7092022,08:00,09:00,0
7092022,09:00,10:00,0
7092022,10:00,11:00,0
7092022,11:00,12:00,0
7092022,12:00,13:00,0
7092022,13:00,14:00,0
7092022,14:00,15:00,0
7092022,15:00,16:00,0
7092022,16:00,17:00,0
7092022,17:00,18:00,0
7092022,18:00,19:00,0
7092022,19:00,20:00,0
7092022,20:00,21:00,0
7092022,21:00,22:00,0
7092022,22:00,23:00,0
7092022,23:00,00:00,0
8092022,00:00,01:00,615
8092022,01:00,02:00,576
8092022,02:00,03:00,558
8092022,03:00,04:00,465
8092022,04:00,05:00,426
8092022,05:00,06:00,493
8092022,06:00,07:00,522
8092022,07:00,08:00,617
8092022,08:00,09:00,629
8092022,09:00,10:00,632
8092022,10:00,11:00,632
8092022,11:00,12:00,631
8092022,12:00,13:00,592
8092022,13:00,14:00,491
8092022,14:00,15:00,464
8092022,15:00,16:00,358
8092022,16:00,17:00,427
8092022,17:00,18:00,484
8092022,18:00,19:00,512
8092022,19:00,20:00,557
8092022,20:00,21:00,484
8092022,21:00,22:00,524
8092022,22:00,23:00,553
8092022,23:00,00:00,478
9092022,00:00,01:00,325
9092022,01:00,02:00,213
9092022,02:00,03:00,205
9092022,03:00,04:00,188
9092022,04:00,05:00,194
9092022,05:00,06:00,238
9092022,06:00,07:00,486
9092022,07:00,08:00,619
9092022,08:00,09:00,624
9092022,09:00,10:00,627
9092022,10:00,11:00,579
9092022,11:00,12:00,507
9092022,12:00,13:00,476
9092022,13:00,14:00,474
9092022,14:00,15:00,474
9092022,15:00,16:00,508
9092022,16:00,17:00,540
9092022,17:00,18:00,615
9092022,18:00,19:00,612
9092022,19:00,20:00,612
9092022,20:00,21:00,624
9092022,21:00,22:00,632
9092022,22:00,23:00,631
9092022,23:00,00:00,629
10092022,00:00,01:00,632
10092022,01:00,02:00,631
10092022,02:00,03:00,609
10092022,03:00,04:00,620
10092022,04:00,05:00,627
10092022,05:00,06:00,630
10092022,06:00,07:00,629
10092022,07:00,08:00,625
10092022,08:00,09:00,626
10092022,09:00,10:00,626
10092022,10:00,11:00,629
10092022,11:00,12:00,627
10092022,12:00,13:00,626
10092022,13:00,14:00,597
10092022,14:00,15:00,621
10092022,15:00,16:00,629
10092022,16:00,17:00,629
10092022,17:00,18:00,624
10092022,18:00,19:00,623
10092022,19:00,20:00,626
10092022,20:00,21:00,624
10092022,21:00,22:00,624
10092022,22:00,23:00,627
10092022,23:00,00:00,625
11092022,00:00,01:00,603
11092022,01:00,02:00,624
11092022,02:00,03:00,627
11092022,03:00,04:00,631
11092022,04:00,05:00,628
11092022,05:00,06:00,592
11092022,06:00,07:00,619
11092022,07:00,08:00,633
11092022,08:00,09:00,630
11092022,09:00,10:00,629
11092022,10:00,11:00,630
11092022,11:00,12:00,627
11092022,12:00,13:00,576
11092022,13:00,14:00,301
11092022,14:00,15:00,186
11092022,15:00,16:00,183
11092022,16:00,17:00,319
11092022,17:00,18:00,576
11092022,18:00,19:00,622
11092022,19:00,20:00,623
11092022,20:00,21:00,619
11092022,21:00,22:00,624
11092022,22:00,23:00,628
11092022,23:00,00:00,630
12092022,00:00,01:00,621
12092022,01:00,02:00,555
12092022,02:00,03:00,528
12092022,03:00,04:00,522
12092022,04:00,05:00,549
12092022,05:00,06:00,613
12092022,06:00,07:00,641
12092022,07:00,08:00,627
12092022,08:00,09:00,636
12092022,09:00,10:00,633
12092022,10:00,11:00,624
12092022,11:00,12:00,625
12092022,12:00,13:00,614
12092022,13:00,14:00,523
12092022,14:00,15:00,527
12092022,15:00,16:00,597
12092022,16:00,17:00,599
12092022,17:00,18:00,592
12092022,18:00,19:00,591
12092022,19:00,20:00,479
12092022,20:00,21:00,256
12092022,21:00,22:00,0
12092022,22:00,23:00,0
12092022,23:00,00:00,0
13092022,00:00,01:00,0
13092022,01:00,02:00,0
13092022,02:00,03:00,2
13092022,03:00,04:00,272
13092022,04:00,05:00,324
13092022,05:00,06:00,330
13092022,06:00,07:00,512
13092022,07:00,08:00,617
13092022,08:00,09:00,618
13092022,09:00,10:00,631
13092022,10:00,11:00,627
13092022,11:00,12:00,629
13092022,12:00,13:00,602
13092022,13:00,14:00,588
13092022,14:00,15:00,560
13092022,15:00,16:00,561
13092022,16:00,17:00,626
13092022,17:00,18:00,631
13092022,18:00,19:00,628
13092022,19:00,20:00,628
13092022,20:00,21:00,632
13092022,21:00,22:00,633
13092022,22:00,23:00,628
13092022,23:00,00:00,627
14092022,00:00,01:00,632
14092022,01:00,02:00,638
14092022,02:00,03:00,623
14092022,03:00,04:00,529
14092022,04:00,05:00,544
14092022,05:00,06:00,593
14092022,06:00,07:00,641
14092022,07:00,08:00,635
14092022,08:00,09:00,633
14092022,09:00,10:00,633
14092022,10:00,11:00,633
14092022,11:00,12:00,635
14092022,12:00,13:00,636
14092022,13:00,14:00,635
14092022,14:00,15:00,638
14092022,15:00,16:00,625
14092022,16:00,17:00,634
14092022,17:00,18:00,633
14092022,18:00,19:00,635
14092022,19:00,20:00,635
14092022,20:00,21:00,638
14092022,21:00,22:00,641
14092022,22:00,23:00,639
14092022,23:00,00:00,639
15092022,00:00,01:00,586
15092022,01:00,02:00,532
15092022,02:00,03:00,364
15092022,03:00,04:00,191
15092022,04:00,05:00,186
15092022,05:00,06:00,256
15092022,06:00,07:00,585
15092022,07:00,08:00,633
15092022,08:00,09:00,634
15092022,09:00,10:00,630
15092022,10:00,11:00,630
15092022,11:00,12:00,606
15092022,12:00,13:00,616
15092022,13:00,14:00,458
15092022,14:00,15:00,278
15092022,15:00,16:00,285
15092022,16:00,17:00,311
15092022,17:00,18:00,450
15092022,18:00,19:00,607
15092022,19:00,20:00,637
15092022,20:00,21:00,635
15092022,21:00,22:00,601
15092022,22:00,23:00,360
15092022,23:00,00:00,83
16092022,00:00,01:00,0
16092022,01:00,02:00,0
16092022,02:00,03:00,0
16092022,03:00,04:00,0
16092022,04:00,05:00,0
16092022,05:00,06:00,0
16092022,06:00,07:00,0
16092022,07:00,08:00,0
16092022,08:00,09:00,0
16092022,09:00,10:00,0
16092022,10:00,11:00,0
16092022,11:00,12:00,0
16092022,12:00,13:00,0
16092022,13:00,14:00,0
16092022,14:00,15:00,0
16092022,15:00,16:00,0
16092022,16:00,17:00,0
16092022,17:00,18:00,0
16092022,18:00,19:00,0
16092022,19:00,20:00,0
16092022,20:00,21:00,0
16092022,21:00,22:00,0
16092022,22:00,23:00,0
16092022,23:00,00:00,0
17092022,00:00,01:00,0
17092022,01:00,02:00,0
17092022,02:00,03:00,0
17092022,03:00,04:00,0
17092022,04:00,05:00,0
17092022,05:00,06:00,0
17092022,06:00,07:00,0
17092022,07:00,08:00,0
17092022,08:00,09:00,0
17092022,09:00,10:00,0
17092022,10:00,11:00,0
17092022,11:00,12:00,0
17092022,12:00,13:00,0
17092022,13:00,14:00,0
17092022,14:00,15:00,0
17092022,15:00,16:00,0
17092022,16:00,17:00,0
17092022,17:00,18:00,0
17092022,18:00,19:00,0
17092022,19:00,20:00,0
17092022,20:00,21:00,0
17092022,21:00,22:00,0
17092022,22:00,23:00,0
17092022,23:00,00:00,0
18092022,00:00,01:00,0
18092022,01:00,02:00,0
18092022,02:00,03:00,0
18092022,03:00,04:00,0
18092022,04:00,05:00,0
18092022,05:00,06:00,0
18092022,06:00,07:00,0
18092022,07:00,08:00,0
18092022,08:00,09:00,0
18092022,09:00,10:00,0
18092022,10:00,11:00,0
18092022,11:00,12:00,0
18092022,12:00,13:00,0
18092022,13:00,14:00,0
18092022,14:00,15:00,0
18092022,15:00,16:00,0
18092022,16:00,17:00,0
18092022,17:00,18:00,0
18092022,18:00,19:00,0
18092022,19:00,20:00,0
18092022,20:00,21:00,0
18092022,21:00,22:00,0
18092022,22:00,23:00,0
18092022,23:00,00:00,0
19092022,00:00,01:00,0
19092022,01:00,02:00,0
19092022,02:00,03:00,0
19092022,03:00,04:00,0
19092022,04:00,05:00,0
19092022,05:00,06:00,0
19092022,06:00,07:00,0
19092022,07:00,08:00,0
19092022,08:00,09:00,0
19092022,09:00,10:00,0
19092022,10:00,11:00,0
19092022,11:00,12:00,0
19092022,12:00,13:00,0
19092022,13:00,14:00,0
19092022,14:00,15:00,0
19092022,15:00,16:00,0
19092022,16:00,17:00,0
19092022,17:00,18:00,0
19092022,18:00,19:00,0
19092022,19:00,20:00,0
19092022,20:00,21:00,0
19092022,21:00,22:00,0
19092022,22:00,23:00,0
19092022,23:00,00:00,0
20092022,00:00,01:00,0
20092022,01:00,02:00,0
20092022,02:00,03:00,0
20092022,03:00,04:00,0
20092022,04:00,05:00,3
20092022,05:00,06:00,222
20092022,06:00,07:00,455
20092022,07:00,08:00,611
20092022,08:00,09:00,629
20092022,09:00,10:00,624
20092022,10:00,11:00,517
20092022,11:00,12:00,278
20092022,12:00,13:00,190
20092022,13:00,14:00,186
20092022,14:00,15:00,184
20092022,15:00,16:00,234
20092022,16:00,17:00,316
20092022,17:00,18:00,531
20092022,18:00,19:00,626
20092022,19:00,20:00,631
20092022,20:00,21:00,632
20092022,21:00,22:00,634
20092022,22:00,23:00,640
20092022,23:00,00:00,641
21092022,00:00,01:00,639
21092022,01:00,02:00,636
21092022,02:00,03:00,636
21092022,03:00,04:00,636
21092022,04:00,05:00,640
21092022,05:00,06:00,641
21092022,06:00,07:00,643
21092022,07:00,08:00,645
21092022,08:00,09:00,646
21092022,09:00,10:00,644
21092022,10:00,11:00,604
21092022,11:00,12:00,378
21092022,12:00,13:00,198
21092022,13:00,14:00,186
21092022,14:00,15:00,266
21092022,15:00,16:00,418
21092022,16:00,17:00,480
21092022,17:00,18:00,571
21092022,18:00,19:00,629
21092022,19:00,20:00,631
21092022,20:00,21:00,632
21092022,21:00,22:00,634
21092022,22:00,23:00,634
21092022,23:00,00:00,638
22092022,00:00,01:00,632
22092022,01:00,02:00,630
22092022,02:00,03:00,634
22092022,03:00,04:00,636
22092022,04:00,05:00,631
22092022,05:00,06:00,610
22092022,06:00,07:00,637
22092022,07:00,08:00,631
22092022,08:00,09:00,637
22092022,09:00,10:00,626
22092022,10:00,11:00,551
22092022,11:00,12:00,409
22092022,12:00,13:00,271
22092022,13:00,14:00,185
22092022,14:00,15:00,278
22092022,15:00,16:00,611
22092022,16:00,17:00,623
22092022,17:00,18:00,631
22092022,18:00,19:00,637
22092022,19:00,20:00,640
22092022,20:00,21:00,640
22092022,21:00,22:00,641
22092022,22:00,23:00,632
22092022,23:00,00:00,631
23092022,00:00,01:00,639
23092022,01:00,02:00,640
23092022,02:00,03:00,639
23092022,03:00,04:00,638
23092022,04:00,05:00,637
23092022,05:00,06:00,640
23092022,06:00,07:00,643
23092022,07:00,08:00,639
23092022,08:00,09:00,637
23092022,09:00,10:00,636
23092022,10:00,11:00,635
23092022,11:00,12:00,636
23092022,12:00,13:00,636
23092022,13:00,14:00,635
23092022,14:00,15:00,632
23092022,15:00,16:00,632
23092022,16:00,17:00,633
23092022,17:00,18:00,633
23092022,18:00,19:00,633
23092022,19:00,20:00,635
23092022,20:00,21:00,596
23092022,21:00,22:00,314
23092022,22:00,23:00,0
23092022,23:00,00:00,0
24092022,00:00,01:00,0
24092022,01:00,02:00,0
24092022,02:00,03:00,0
24092022,03:00,04:00,0
24092022,04:00,05:00,0
24092022,05:00,06:00,0
24092022,06:00,07:00,0
24092022,07:00,08:00,0
24092022,08:00,09:00,0
24092022,09:00,10:00,0
24092022,10:00,11:00,0
24092022,11:00,12:00,0
24092022,12:00,13:00,0
24092022,13:00,14:00,0
24092022,14:00,15:00,0
24092022,15:00,16:00,0
24092022,16:00,17:00,0
24092022,17:00,18:00,0
24092022,18:00,19:00,0
24092022,19:00,20:00,0
24092022,20:00,21:00,0
24092022,21:00,22:00,0
24092022,22:00,23:00,0
24092022,23:00,00:00,0
25092022,00:00,01:00,0
25092022,01:00,02:00,0
25092022,02:00,03:00,0
25092022,03:00,04:00,0
25092022,04:00,05:00,0
25092022,05:00,06:00,0
25092022,06:00,07:00,0
25092022,07:00,08:00,0
25092022,08:00,09:00,0
25092022,09:00,10:00,0
25092022,10:00,11:00,0
25092022,11:00,12:00,0
25092022,12:00,13:00,0
25092022,13:00,14:00,0
25092022,14:00,15:00,0
25092022,15:00,16:00,0
25092022,16:00,17:00,0
25092022,17:00,18:00,0
25092022,18:00,19:00,0
25092022,19:00,20:00,0
25092022,20:00,21:00,0
25092022,21:00,22:00,0
25092022,22:00,23:00,0
25092022,23:00,00:00,0
26092022,00:00,01:00,0
26092022,01:00,02:00,0
26092022,02:00,03:00,0
26092022,03:00,04:00,0
26092022,04:00,05:00,0
26092022,05:00,06:00,0
26092022,06:00,07:00,0
26092022,07:00,08:00,0
26092022,08:00,09:00,0
26092022,09:00,10:00,0
26092022,10:00,11:00,0
26092022,11:00,12:00,0
26092022,12:00,13:00,0
26092022,13:00,14:00,0
26092022,14:00,15:00,0
26092022,15:00,16:00,0
26092022,16:00,17:00,0
26092022,17:00,18:00,16
26092022,18:00,19:00,220
26092022,19:00,20:00,377
26092022,20:00,21:00,370
26092022,21:00,22:00,302
26092022,22:00,23:00,332
26092022,23:00,00:00,311
27092022,00:00,01:00,238
27092022,01:00,02:00,205
27092022,02:00,03:00,204
27092022,03:00,04:00,207
27092022,04:00,05:00,202
27092022,05:00,06:00,238
27092022,06:00,07:00,377
27092022,07:00,08:00,644
27092022,08:00,09:00,676
27092022,09:00,10:00,667
27092022,10:00,11:00,663
27092022,11:00,12:00,669
27092022,12:00,13:00,623
27092022,13:00,14:00,614
27092022,14:00,15:00,670
27092022,15:00,16:00,694
27092022,16:00,17:00,692
27092022,17:00,18:00,689
27092022,18:00,19:00,694
27092022,19:00,20:00,698
27092022,20:00,21:00,695
27092022,21:00,22:00,693
27092022,22:00,23:00,580
27092022,23:00,00:00,638
28092022,00:00,01:00,694
28092022,01:00,02:00,685
28092022,02:00,03:00,429
28092022,03:00,04:00,408
28092022,04:00,05:00,584
28092022,05:00,06:00,675
28092022,06:00,07:00,689
28092022,07:00,08:00,694
28092022,08:00,09:00,692
28092022,09:00,10:00,688
28092022,10:00,11:00,689
28092022,11:00,12:00,692
28092022,12:00,13:00,695
28092022,13:00,14:00,690
28092022,14:00,15:00,643
28092022,15:00,16:00,586
28092022,16:00,17:00,687
28092022,17:00,18:00,690
28092022,18:00,19:00,694
28092022,19:00,20:00,696
28092022,20:00,21:00,695
28092022,21:00,22:00,693
28092022,22:00,23:00,693
28092022,23:00,00:00,691
29092022,00:00,01:00,688
29092022,01:00,02:00,687
29092022,02:00,03:00,693
29092022,03:00,04:00,691
29092022,04:00,05:00,691
29092022,05:00,06:00,691
29092022,06:00,07:00,688
29092022,07:00,08:00,695
29092022,08:00,09:00,699
29092022,09:00,10:00,704
29092022,10:00,11:00,703
29092022,11:00,12:00,667
29092022,12:00,13:00,659
29092022,13:00,14:00,629
29092022,14:00,15:00,690
29092022,15:00,16:00,693
29092022,16:00,17:00,637
29092022,17:00,18:00,638
29092022,18:00,19:00,655
29092022,19:00,20:00,691
29092022,20:00,21:00,691
29092022,21:00,22:00,694
29092022,22:00,23:00,693
29092022,23:00,00:00,673
30092022,00:00,01:00,652
30092022,01:00,02:00,631
30092022,02:00,03:00,606
30092022,03:00,04:00,449
30092022,04:00,05:00,538
30092022,05:00,06:00,690
30092022,06:00,07:00,693
30092022,07:00,08:00,694
30092022,08:00,09:00,696
30092022,09:00,10:00,695
30092022,10:00,11:00,628
30092022,11:00,12:00,334
30092022,12:00,13:00,98
30092022,13:00,14:00,0
30092022,14:00,15:00,0
30092022,15:00,16:00,0
30092022,16:00,17:00,0
30092022,17:00,18:00,0
30092022,18:00,19:00,0
30092022,19:00,20:00,0
30092022,20:00,21:00,0
30092022,21:00,22:00,0
30092022,22:00,23:00,0
30092022,23:00,00:00,0
1102022,00:00,01:00,0
1102022,01:00,02:00,0
1102022,02:00,03:00,0
1102022,03:00,04:00,0
1102022,04:00,05:00,0
1102022,05:00,06:00,0
1102022,06:00,07:00,0
1102022,07:00,08:00,0
1102022,08:00,09:00,0
1102022,09:00,10:00,0
1102022,10:00,11:00,0
1102022,11:00,12:00,0
1102022,12:00,13:00,0
1102022,13:00,14:00,0
1102022,14:00,15:00,0
1102022,15:00,16:00,0
1102022,16:00,17:00,0
1102022,17:00,18:00,0
1102022,18:00,19:00,0
1102022,19:00,20:00,0
1102022,20:00,21:00,0
1102022,21:00,22:00,0
1102022,22:00,23:00,0
1102022,23:00,00:00,0
2102022,00:00,01:00,0
2102022,01:00,02:00,0
2102022,02:00,03:00,0
2102022,03:00,04:00,0
2102022,04:00,05:00,0
2102022,05:00,06:00,0
2102022,06:00,07:00,0
2102022,07:00,08:00,0
2102022,08:00,09:00,0
2102022,09:00,10:00,0
2102022,10:00,11:00,0
2102022,11:00,12:00,0
2102022,12:00,13:00,0
2102022,13:00,14:00,0
2102022,14:00,15:00,0
2102022,15:00,16:00,0
2102022,16:00,17:00,0
2102022,17:00,18:00,0
2102022,18:00,19:00,0
2102022,19:00,20:00,0
2102022,20:00,21:00,0
2102022,21:00,22:00,0
2102022,22:00,23:00,0
2102022,23:00,00:00,0
3102022,00:00,01:00,0
3102022,01:00,02:00,0
3102022,02:00,03:00,0
3102022,03:00,04:00,0
3102022,04:00,05:00,0
3102022,05:00,06:00,0
3102022,06:00,07:00,0
3102022,07:00,08:00,0
3102022,08:00,09:00,0
3102022,09:00,10:00,0
3102022,10:00,11:00,0
3102022,11:00,12:00,0
3102022,12:00,13:00,0
3102022,13:00,14:00,0
3102022,14:00,15:00,0
3102022,15:00,16:00,0
3102022,16:00,17:00,0
3102022,17:00,18:00,0
3102022,18:00,19:00,0
3102022,19:00,20:00,0
3102022,20:00,21:00,0
3102022,21:00,22:00,0
3102022,22:00,23:00,0
3102022,23:00,00:00,0
4102022,00:00,01:00,0
4102022,01:00,02:00,0
4102022,02:00,03:00,0
4102022,03:00,04:00,0
4102022,04:00,05:00,0
4102022,05:00,06:00,0
4102022,06:00,07:00,0
4102022,07:00,08:00,0
4102022,08:00,09:00,0
4102022,09:00,10:00,0
4102022,10:00,11:00,0
4102022,11:00,12:00,0
4102022,12:00,13:00,0
4102022,13:00,14:00,0
4102022,14:00,15:00,0
4102022,15:00,16:00,0
4102022,16:00,17:00,0
4102022,17:00,18:00,0
4102022,18:00,19:00,0
4102022,19:00,20:00,0
4102022,20:00,21:00,0
4102022,21:00,22:00,0
4102022,22:00,23:00,0
4102022,23:00,00:00,0
5102022,00:00,01:00,0
5102022,01:00,02:00,0
5102022,02:00,03:00,0
5102022,03:00,04:00,0
5102022,04:00,05:00,0
5102022,05:00,06:00,0
5102022,06:00,07:00,0
5102022,07:00,08:00,0
5102022,08:00,09:00,0
5102022,09:00,10:00,0
5102022,10:00,11:00,0
5102022,11:00,12:00,0
5102022,12:00,13:00,0
5102022,13:00,14:00,0
5102022,14:00,15:00,0
5102022,15:00,16:00,0
5102022,16:00,17:00,0
5102022,17:00,18:00,0
5102022,18:00,19:00,0
5102022,19:00,20:00,0
5102022,20:00,21:00,0
5102022,21:00,22:00,0
5102022,22:00,23:00,0
5102022,23:00,00:00,0
6102022,00:00,01:00,0
6102022,01:00,02:00,0
6102022,02:00,03:00,0
6102022,03:00,04:00,0
6102022,04:00,05:00,0
6102022,05:00,06:00,0
6102022,06:00,07:00,0
6102022,07:00,08:00,0
6102022,08:00,09:00,0
6102022,09:00,10:00,0
6102022,10:00,11:00,0
6102022,11:00,12:00,0
6102022,12:00,13:00,0
6102022,13:00,14:00,0
6102022,14:00,15:00,0
6102022,15:00,16:00,0
6102022,16:00,17:00,0
6102022,17:00,18:00,0
6102022,18:00,19:00,0
6102022,19:00,20:00,0
6102022,20:00,21:00,0
6102022,21:00,22:00,0
6102022,22:00,23:00,0
6102022,23:00,00:00,0
7102022,00:00,01:00,0
7102022,01:00,02:00,0
7102022,02:00,03:00,0
7102022,03:00,04:00,0
7102022,04:00,05:00,0
7102022,05:00,06:00,0
7102022,06:00,07:00,0
7102022,07:00,08:00,0
7102022,08:00,09:00,0
7102022,09:00,10:00,0
7102022,10:00,11:00,0
7102022,11:00,12:00,0
7102022,12:00,13:00,0
7102022,13:00,14:00,0
7102022,14:00,15:00,0
7102022,15:00,16:00,0
7102022,16:00,17:00,0
7102022,17:00,18:00,0
7102022,18:00,19:00,0
7102022,19:00,20:00,0
7102022,20:00,21:00,0
7102022,21:00,22:00,0
7102022,22:00,23:00,0
7102022,23:00,00:00,0
8102022,00:00,01:00,0
8102022,01:00,02:00,0
8102022,02:00,03:00,0
8102022,03:00,04:00,0
8102022,04:00,05:00,0
8102022,05:00,06:00,0
8102022,06:00,07:00,0
8102022,07:00,08:00,0
8102022,08:00,09:00,0
8102022,09:00,10:00,0
8102022,10:00,11:00,0
8102022,11:00,12:00,0
8102022,12:00,13:00,0
8102022,13:00,14:00,0
8102022,14:00,15:00,0
8102022,15:00,16:00,0
8102022,16:00,17:00,0
8102022,17:00,18:00,0
8102022,18:00,19:00,0
8102022,19:00,20:00,0
8102022,20:00,21:00,0
8102022,21:00,22:00,0
8102022,22:00,23:00,0
8102022,23:00,00:00,0
9102022,00:00,01:00,0
9102022,01:00,02:00,0
9102022,02:00,03:00,0
9102022,03:00,04:00,0
9102022,04:00,05:00,0
9102022,05:00,06:00,0
9102022,06:00,07:00,0
9102022,07:00,08:00,0
9102022,08:00,09:00,0
9102022,09:00,10:00,0
9102022,10:00,11:00,0
9102022,11:00,12:00,0
9102022,12:00,13:00,0
9102022,13:00,14:00,0
9102022,14:00,15:00,0
9102022,15:00,16:00,0
9102022,16:00,17:00,0
9102022,17:00,18:00,0
9102022,18:00,19:00,0
9102022,19:00,20:00,0
9102022,20:00,21:00,0
9102022,21:00,22:00,0
9102022,22:00,23:00,0
9102022,23:00,00:00,0
10102022,00:00,01:00,0
10102022,01:00,02:00,161
10102022,02:00,03:00,298
10102022,03:00,04:00,305
10102022,04:00,05:00,329
10102022,05:00,06:00,392
10102022,06:00,07:00,533
10102022,07:00,08:00,688
10102022,08:00,09:00,705
10102022,09:00,10:00,660
10102022,10:00,11:00,612
10102022,11:00,12:00,507
10102022,12:00,13:00,273
10102022,13:00,14:00,204
10102022,14:00,15:00,183
10102022,15:00,16:00,180
10102022,16:00,17:00,281
10102022,17:00,18:00,506
10102022,18:00,19:00,586
10102022,19:00,20:00,695
10102022,20:00,21:00,694
10102022,21:00,22:00,676
10102022,22:00,23:00,618
10102022,23:00,00:00,694
11102022,00:00,01:00,696
11102022,01:00,02:00,696
11102022,02:00,03:00,696
11102022,03:00,04:00,675
11102022,04:00,05:00,661
11102022,05:00,06:00,697
11102022,06:00,07:00,693
11102022,07:00,08:00,706
11102022,08:00,09:00,702
11102022,09:00,10:00,699
11102022,10:00,11:00,701
11102022,11:00,12:00,677
11102022,12:00,13:00,429
11102022,13:00,14:00,207
11102022,14:00,15:00,193
11102022,15:00,16:00,204
11102022,16:00,17:00,205
11102022,17:00,18:00,411
11102022,18:00,19:00,696
11102022,19:00,20:00,691
11102022,20:00,21:00,692
11102022,21:00,22:00,698
11102022,22:00,23:00,701
11102022,23:00,00:00,703
12102022,00:00,01:00,707
12102022,01:00,02:00,705
12102022,02:00,03:00,706
12102022,03:00,04:00,707
12102022,04:00,05:00,706
12102022,05:00,06:00,706
12102022,06:00,07:00,704
12102022,07:00,08:00,705
12102022,08:00,09:00,725
12102022,09:00,10:00,724
12102022,10:00,11:00,724
12102022,11:00,12:00,724
12102022,12:00,13:00,724
12102022,13:00,14:00,725
12102022,14:00,15:00,704
12102022,15:00,16:00,720
12102022,16:00,17:00,721
12102022,17:00,18:00,720
12102022,18:00,19:00,721
12102022,19:00,20:00,723
12102022,20:00,21:00,725
12102022,21:00,22:00,723
12102022,22:00,23:00,725
12102022,23:00,00:00,725
13102022,00:00,01:00,727
13102022,01:00,02:00,729
13102022,02:00,03:00,728
13102022,03:00,04:00,726
13102022,04:00,05:00,722
13102022,05:00,06:00,726
13102022,06:00,07:00,724
13102022,07:00,08:00,722
13102022,08:00,09:00,723
13102022,09:00,10:00,723
13102022,10:00,11:00,722
13102022,11:00,12:00,722
13102022,12:00,13:00,719
13102022,13:00,14:00,720
13102022,14:00,15:00,719
13102022,15:00,16:00,717
13102022,16:00,17:00,715
13102022,17:00,18:00,714
13102022,18:00,19:00,716
13102022,19:00,20:00,714
13102022,20:00,21:00,713
13102022,21:00,22:00,713
13102022,22:00,23:00,715
13102022,23:00,00:00,715
14102022,00:00,01:00,715
14102022,01:00,02:00,714
14102022,02:00,03:00,713
14102022,03:00,04:00,715
14102022,04:00,05:00,719
14102022,05:00,06:00,717
14102022,06:00,07:00,717
14102022,07:00,08:00,715
14102022,08:00,09:00,711
14102022,09:00,10:00,718
14102022,10:00,11:00,723
14102022,11:00,12:00,720
14102022,12:00,13:00,725
14102022,13:00,14:00,717
14102022,14:00,15:00,709
14102022,15:00,16:00,717
14102022,16:00,17:00,720
14102022,17:00,18:00,718
14102022,18:00,19:00,717
14102022,19:00,20:00,718
14102022,20:00,21:00,719
14102022,21:00,22:00,718
14102022,22:00,23:00,718
14102022,23:00,00:00,719
15102022,00:00,01:00,714
15102022,01:00,02:00,543
15102022,02:00,03:00,247
15102022,03:00,04:00,194
15102022,04:00,05:00,234
15102022,05:00,06:00,314
15102022,06:00,07:00,596
15102022,07:00,08:00,725
15102022,08:00,09:00,719
15102022,09:00,10:00,715
15102022,10:00,11:00,635
15102022,11:00,12:00,419
15102022,12:00,13:00,124
15102022,13:00,14:00,0
15102022,14:00,15:00,0
15102022,15:00,16:00,0
15102022,16:00,17:00,0
15102022,17:00,18:00,0
15102022,18:00,19:00,0
15102022,19:00,20:00,0
15102022,20:00,21:00,0
15102022,21:00,22:00,0
15102022,22:00,23:00,0
15102022,23:00,00:00,0
16102022,00:00,01:00,0
16102022,01:00,02:00,0
16102022,02:00,03:00,0
16102022,03:00,04:00,0
16102022,04:00,05:00,0
16102022,05:00,06:00,0
16102022,06:00,07:00,0
16102022,07:00,08:00,0
16102022,08:00,09:00,0
16102022,09:00,10:00,0
16102022,10:00,11:00,0
16102022,11:00,12:00,0
16102022,12:00,13:00,0
16102022,13:00,14:00,0
16102022,14:00,15:00,0
16102022,15:00,16:00,0
16102022,16:00,17:00,0
16102022,17:00,18:00,0
16102022,18:00,19:00,0
16102022,19:00,20:00,0
16102022,20:00,21:00,0
16102022,21:00,22:00,0
16102022,22:00,23:00,0
16102022,23:00,00:00,0
17102022,00:00,01:00,0
17102022,01:00,02:00,0
17102022,02:00,03:00,0
17102022,03:00,04:00,0
17102022,04:00,05:00,0
17102022,05:00,06:00,0
17102022,06:00,07:00,0
17102022,07:00,08:00,0
17102022,08:00,09:00,174
17102022,09:00,10:00,259
17102022,10:00,11:00,201
17102022,11:00,12:00,180
17102022,12:00,13:00,183
17102022,13:00,14:00,185
17102022,14:00,15:00,184
17102022,15:00,16:00,187
17102022,16:00,17:00,186
17102022,17:00,18:00,184
17102022,18:00,19:00,182
17102022,19:00,20:00,183
17102022,20:00,21:00,186
17102022,21:00,22:00,188
17102022,22:00,23:00,185
17102022,23:00,00:00,183
18102022,00:00,01:00,184
18102022,01:00,02:00,220
18102022,02:00,03:00,231
18102022,03:00,04:00,243
18102022,04:00,05:00,268
18102022,05:00,06:00,461
18102022,06:00,07:00,691
18102022,07:00,08:00,718
18102022,08:00,09:00,713
18102022,09:00,10:00,714
18102022,10:00,11:00,717
18102022,11:00,12:00,685
18102022,12:00,13:00,632
18102022,13:00,14:00,617
18102022,14:00,15:00,504
18102022,15:00,16:00,472
18102022,16:00,17:00,414
18102022,17:00,18:00,522
18102022,18:00,19:00,568
18102022,19:00,20:00,711
18102022,20:00,21:00,723
18102022,21:00,22:00,723
18102022,22:00,23:00,563
18102022,23:00,00:00,400
19102022,00:00,01:00,0
19102022,01:00,02:00,0
19102022,02:00,03:00,0
19102022,03:00,04:00,0
19102022,04:00,05:00,0
19102022,05:00,06:00,0
19102022,06:00,07:00,0
19102022,07:00,08:00,0
19102022,08:00,09:00,0
19102022,09:00,10:00,0
19102022,10:00,11:00,0
19102022,11:00,12:00,0
19102022,12:00,13:00,0
19102022,13:00,14:00,0
19102022,14:00,15:00,0
19102022,15:00,16:00,0
19102022,16:00,17:00,0
19102022,17:00,18:00,0
19102022,18:00,19:00,0
19102022,19:00,20:00,0
19102022,20:00,21:00,0
19102022,21:00,22:00,0
19102022,22:00,23:00,0
19102022,23:00,00:00,0
20102022,00:00,01:00,0
20102022,01:00,02:00,0
20102022,02:00,03:00,0
20102022,03:00,04:00,0
20102022,04:00,05:00,0
20102022,05:00,06:00,0
20102022,06:00,07:00,0
20102022,07:00,08:00,0
20102022,08:00,09:00,0
20102022,09:00,10:00,0
20102022,10:00,11:00,0
20102022,11:00,12:00,0
20102022,12:00,13:00,0
20102022,13:00,14:00,0
20102022,14:00,15:00,0
20102022,15:00,16:00,0
20102022,16:00,17:00,0
20102022,17:00,18:00,0
20102022,18:00,19:00,0
20102022,19:00,20:00,0
20102022,20:00,21:00,0
20102022,21:00,22:00,0
20102022,22:00,23:00,0
20102022,23:00,00:00,0
21102022,00:00,01:00,0
21102022,01:00,02:00,0
21102022,02:00,03:00,0
21102022,03:00,04:00,0
21102022,04:00,05:00,0
21102022,05:00,06:00,0
21102022,06:00,07:00,0
21102022,07:00,08:00,0
21102022,08:00,09:00,0
21102022,09:00,10:00,0
21102022,10:00,11:00,0
21102022,11:00,12:00,0
21102022,12:00,13:00,0
21102022,13:00,14:00,0
21102022,14:00,15:00,0
21102022,15:00,16:00,0
21102022,16:00,17:00,0
21102022,17:00,18:00,0
21102022,18:00,19:00,0
21102022,19:00,20:00,0
21102022,20:00,21:00,0
21102022,21:00,22:00,0
21102022,22:00,23:00,0
21102022,23:00,00:00,0
22102022,00:00,01:00,0
22102022,01:00,02:00,0
22102022,02:00,03:00,0
22102022,03:00,04:00,0
22102022,04:00,05:00,0
22102022,05:00,06:00,0
22102022,06:00,07:00,0
22102022,07:00,08:00,0
22102022,08:00,09:00,0
22102022,09:00,10:00,0
22102022,10:00,11:00,0
22102022,11:00,12:00,0
22102022,12:00,13:00,0
22102022,13:00,14:00,0
22102022,14:00,15:00,0
22102022,15:00,16:00,0
22102022,16:00,17:00,0
22102022,17:00,18:00,0
22102022,18:00,19:00,0
22102022,19:00,20:00,0
22102022,20:00,21:00,0
22102022,21:00,22:00,0
22102022,22:00,23:00,0
22102022,23:00,00:00,0
23102022,00:00,01:00,0
23102022,01:00,02:00,0
23102022,02:00,03:00,0
23102022,03:00,04:00,0
23102022,04:00,05:00,0
23102022,05:00,06:00,0
23102022,06:00,07:00,0
23102022,07:00,08:00,0
23102022,08:00,09:00,0
23102022,09:00,10:00,0
23102022,10:00,11:00,0
23102022,11:00,12:00,0
23102022,12:00,13:00,0
23102022,13:00,14:00,0
23102022,14:00,15:00,0
23102022,15:00,16:00,0
23102022,16:00,17:00,0
23102022,17:00,18:00,0
23102022,18:00,19:00,0
23102022,19:00,20:00,0
23102022,20:00,21:00,0
23102022,21:00,22:00,0
23102022,22:00,23:00,0
23102022,23:00,00:00,0
24102022,00:00,01:00,0
24102022,01:00,02:00,0
24102022,02:00,03:00,0
24102022,03:00,04:00,0
24102022,04:00,05:00,0
24102022,05:00,06:00,0
24102022,06:00,07:00,0
24102022,07:00,08:00,0
24102022,08:00,09:00,0
24102022,09:00,10:00,0
24102022,10:00,11:00,0
24102022,11:00,12:00,0
24102022,12:00,13:00,0
24102022,13:00,14:00,0
24102022,14:00,15:00,0
24102022,15:00,16:00,0
24102022,16:00,17:00,0
24102022,17:00,18:00,0
24102022,18:00,19:00,0
24102022,19:00,20:00,0
24102022,20:00,21:00,0
24102022,21:00,22:00,0
24102022,22:00,23:00,0
24102022,23:00,00:00,0
25102022,00:00,01:00,0
25102022,01:00,02:00,0
25102022,02:00,03:00,0
25102022,03:00,04:00,0
25102022,04:00,05:00,0
25102022,05:00,06:00,0
25102022,06:00,07:00,0
25102022,07:00,08:00,0
25102022,08:00,09:00,0
25102022,09:00,10:00,0
25102022,10:00,11:00,0
25102022,11:00,12:00,0
25102022,12:00,13:00,0
25102022,13:00,14:00,0
25102022,14:00,15:00,0
25102022,15:00,16:00,0
25102022,16:00,17:00,0
25102022,17:00,18:00,0
25102022,18:00,19:00,0
25102022,19:00,20:00,0
25102022,20:00,21:00,0
25102022,21:00,22:00,0
25102022,22:00,23:00,0
25102022,23:00,00:00,0
26102022,00:00,01:00,0
26102022,01:00,02:00,0
26102022,02:00,03:00,0
26102022,03:00,04:00,0
26102022,04:00,05:00,0
26102022,05:00,06:00,0
26102022,06:00,07:00,0
26102022,07:00,08:00,0
26102022,08:00,09:00,0
26102022,09:00,10:00,0
26102022,10:00,11:00,0
26102022,11:00,12:00,0
26102022,12:00,13:00,0
26102022,13:00,14:00,0
26102022,14:00,15:00,0
26102022,15:00,16:00,0
26102022,16:00,17:00,0
26102022,17:00,18:00,0
26102022,18:00,19:00,0
26102022,19:00,20:00,0
26102022,20:00,21:00,0
26102022,21:00,22:00,0
26102022,22:00,23:00,0
26102022,23:00,00:00,0
27102022,00:00,01:00,0
27102022,01:00,02:00,0
27102022,02:00,03:00,0
27102022,03:00,04:00,0
27102022,04:00,05:00,0
27102022,05:00,06:00,0
27102022,06:00,07:00,0
27102022,07:00,08:00,0
27102022,08:00,09:00,0
27102022,09:00,10:00,0
27102022,10:00,11:00,0
27102022,11:00,12:00,0
27102022,12:00,13:00,0
27102022,13:00,14:00,0
27102022,14:00,15:00,0
27102022,15:00,16:00,0
27102022,16:00,17:00,0
27102022,17:00,18:00,0
27102022,18:00,19:00,0
27102022,19:00,20:00,0
27102022,20:00,21:00,0
27102022,21:00,22:00,0
27102022,22:00,23:00,0
27102022,23:00,00:00,0
28102022,00:00,01:00,0
28102022,01:00,02:00,0
28102022,02:00,03:00,0
28102022,03:00,04:00,0
28102022,04:00,05:00,0
28102022,05:00,06:00,0
28102022,06:00,07:00,0
28102022,07:00,08:00,0
28102022,08:00,09:00,0
28102022,09:00,10:00,0
28102022,10:00,11:00,0
28102022,11:00,12:00,0
28102022,12:00,13:00,0
28102022,13:00,14:00,0
28102022,14:00,15:00,0
28102022,15:00,16:00,0
28102022,16:00,17:00,0
28102022,17:00,18:00,0
28102022,18:00,19:00,0
28102022,19:00,20:00,0
28102022,20:00,21:00,0
28102022,21:00,22:00,0
28102022,22:00,23:00,0
28102022,23:00,00:00,0
29102022,00:00,01:00,0
29102022,01:00,02:00,0
29102022,02:00,03:00,0
29102022,03:00,04:00,0
29102022,04:00,05:00,0
29102022,05:00,06:00,0
29102022,06:00,07:00,0
29102022,07:00,08:00,0
29102022,08:00,09:00,0
29102022,09:00,10:00,0
29102022,10:00,11:00,0
29102022,11:00,12:00,0
29102022,12:00,13:00,0
29102022,13:00,14:00,0
29102022,14:00,15:00,0
29102022,15:00,16:00,0
29102022,16:00,17:00,0
29102022,17:00,18:00,0
29102022,18:00,19:00,0
29102022,19:00,20:00,0
29102022,20:00,21:00,0
29102022,21:00,22:00,0
29102022,22:00,23:00,0
29102022,23:00,00:00,0
30102022,00:00,01:00,0
30102022,01:00,02:00,0
30102022,02:00,03:00,0
30102022,02:00,03:00,0
30102022,03:00,04:00,0
30102022,04:00,05:00,0
30102022,05:00,06:00,0
30102022,06:00,07:00,0
30102022,07:00,08:00,0
30102022,08:00,09:00,0
30102022,09:00,10:00,0
30102022,10:00,11:00,0
30102022,11:00,12:00,0
30102022,12:00,13:00,0
30102022,13:00,14:00,0
30102022,14:00,15:00,0
30102022,15:00,16:00,0
30102022,16:00,17:00,0
30102022,17:00,18:00,0
30102022,18:00,19:00,0
30102022,19:00,20:00,0
30102022,20:00,21:00,0
30102022,21:00,22:00,0
30102022,22:00,23:00,0
30102022,23:00,00:00,0
31102022,00:00,01:00,0
31102022,01:00,02:00,0
31102022,02:00,03:00,0
31102022,03:00,04:00,0
31102022,04:00,05:00,0
31102022,05:00,06:00,0
31102022,06:00,07:00,0
31102022,07:00,08:00,0
31102022,08:00,09:00,0
31102022,09:00,10:00,0
31102022,10:00,11:00,0
31102022,11:00,12:00,0
31102022,12:00,13:00,0
31102022,13:00,14:00,0
31102022,14:00,15:00,0
31102022,15:00,16:00,0
31102022,16:00,17:00,0
31102022,17:00,18:00,0
31102022,18:00,19:00,0
31102022,19:00,20:00,0
31102022,20:00,21:00,0
31102022,21:00,22:00,0
31102022,22:00,23:00,0
31102022,23:00,00:00,0
1112022,00:00,01:00,0
1112022,01:00,02:00,0
1112022,02:00,03:00,0
1112022,03:00,04:00,0
1112022,04:00,05:00,0
1112022,05:00,06:00,0
1112022,06:00,07:00,0
1112022,07:00,08:00,0
1112022,08:00,09:00,0
1112022,09:00,10:00,0
1112022,10:00,11:00,0
1112022,11:00,12:00,0
1112022,12:00,13:00,0
1112022,13:00,14:00,0
1112022,14:00,15:00,0
1112022,15:00,16:00,0
1112022,16:00,17:00,0
1112022,17:00,18:00,0
1112022,18:00,19:00,0
1112022,19:00,20:00,0
1112022,20:00,21:00,0
1112022,21:00,22:00,0
1112022,22:00,23:00,0
1112022,23:00,00:00,0
2112022,00:00,01:00,0
2112022,01:00,02:00,0
2112022,02:00,03:00,0
2112022,03:00,04:00,0
2112022,04:00,05:00,0
2112022,05:00,06:00,0
2112022,06:00,07:00,0
2112022,07:00,08:00,0
2112022,08:00,09:00,0
2112022,09:00,10:00,0
2112022,10:00,11:00,0
2112022,11:00,12:00,0
2112022,12:00,13:00,0
2112022,13:00,14:00,0
2112022,14:00,15:00,0
2112022,15:00,16:00,0
2112022,16:00,17:00,0
2112022,17:00,18:00,0
2112022,18:00,19:00,0
2112022,19:00,20:00,0
2112022,20:00,21:00,0
2112022,21:00,22:00,0
2112022,22:00,23:00,0
2112022,23:00,00:00,0
3112022,00:00,01:00,0
3112022,01:00,02:00,0
3112022,02:00,03:00,0
3112022,03:00,04:00,0
3112022,04:00,05:00,0
3112022,05:00,06:00,0
3112022,06:00,07:00,0
3112022,07:00,08:00,0
3112022,08:00,09:00,0
3112022,09:00,10:00,0
3112022,10:00,11:00,0
3112022,11:00,12:00,0
3112022,12:00,13:00,0
3112022,13:00,14:00,0
3112022,14:00,15:00,0
3112022,15:00,16:00,0
3112022,16:00,17:00,0
3112022,17:00,18:00,0
3112022,18:00,19:00,0
3112022,19:00,20:00,0
3112022,20:00,21:00,0
3112022,21:00,22:00,0
3112022,22:00,23:00,0
3112022,23:00,00:00,0
4112022,00:00,01:00,0
4112022,01:00,02:00,0
4112022,02:00,03:00,0
4112022,03:00,04:00,0
4112022,04:00,05:00,0
4112022,05:00,06:00,0
4112022,06:00,07:00,0
4112022,07:00,08:00,0
4112022,08:00,09:00,0
4112022,09:00,10:00,0
4112022,10:00,11:00,0
4112022,11:00,12:00,0
4112022,12:00,13:00,0
4112022,13:00,14:00,0
4112022,14:00,15:00,0
4112022,15:00,16:00,0
4112022,16:00,17:00,0
4112022,17:00,18:00,0
4112022,18:00,19:00,0
4112022,19:00,20:00,0
4112022,20:00,21:00,0
4112022,21:00,22:00,0
4112022,22:00,23:00,0
4112022,23:00,00:00,0
5112022,00:00,01:00,0
5112022,01:00,02:00,0
5112022,02:00,03:00,0
5112022,03:00,04:00,0
5112022,04:00,05:00,0
5112022,05:00,06:00,0
5112022,06:00,07:00,0
5112022,07:00,08:00,0
5112022,08:00,09:00,0
5112022,09:00,10:00,0
5112022,10:00,11:00,0
5112022,11:00,12:00,0
5112022,12:00,13:00,0
5112022,13:00,14:00,0
5112022,14:00,15:00,0
5112022,15:00,16:00,0
5112022,16:00,17:00,0
5112022,17:00,18:00,0
5112022,18:00,19:00,0
5112022,19:00,20:00,0
5112022,20:00,21:00,0
5112022,21:00,22:00,0
5112022,22:00,23:00,0
5112022,23:00,00:00,0
6112022,00:00,01:00,0
6112022,01:00,02:00,0
6112022,02:00,03:00,0
6112022,03:00,04:00,0
6112022,04:00,05:00,0
6112022,05:00,06:00,0
6112022,06:00,07:00,0
6112022,07:00,08:00,0
6112022,08:00,09:00,0
6112022,09:00,10:00,0
6112022,10:00,11:00,0
6112022,11:00,12:00,0
6112022,12:00,13:00,0
6112022,13:00,14:00,0
6112022,14:00,15:00,0
6112022,15:00,16:00,0
6112022,16:00,17:00,0
6112022,17:00,18:00,0
6112022,18:00,19:00,0
6112022,19:00,20:00,0
6112022,20:00,21:00,0
6112022,21:00,22:00,0
6112022,22:00,23:00,0
6112022,23:00,00:00,0
7112022,00:00,01:00,0
7112022,01:00,02:00,0
7112022,02:00,03:00,0
7112022,03:00,04:00,0
7112022,04:00,05:00,0
7112022,05:00,06:00,0
7112022,06:00,07:00,0
7112022,07:00,08:00,0
7112022,08:00,09:00,0
7112022,09:00,10:00,0
7112022,10:00,11:00,0
7112022,11:00,12:00,0
7112022,12:00,13:00,0
7112022,13:00,14:00,0
7112022,14:00,15:00,0
7112022,15:00,16:00,0
7112022,16:00,17:00,0
7112022,17:00,18:00,0
7112022,18:00,19:00,0
7112022,19:00,20:00,0
7112022,20:00,21:00,0
7112022,21:00,22:00,0
7112022,22:00,23:00,0
7112022,23:00,00:00,0
8112022,00:00,01:00,0
8112022,01:00,02:00,0
8112022,02:00,03:00,0
8112022,03:00,04:00,0
8112022,04:00,05:00,0
8112022,05:00,06:00,0
8112022,06:00,07:00,0
8112022,07:00,08:00,0
8112022,08:00,09:00,0
8112022,09:00,10:00,0
8112022,10:00,11:00,0
8112022,11:00,12:00,0
8112022,12:00,13:00,0
8112022,13:00,14:00,0
8112022,14:00,15:00,0
8112022,15:00,16:00,0
8112022,16:00,17:00,0
8112022,17:00,18:00,0
8112022,18:00,19:00,0
8112022,19:00,20:00,0
8112022,20:00,21:00,0
8112022,21:00,22:00,0
8112022,22:00,23:00,0
8112022,23:00,00:00,0
9112022,00:00,01:00,0
9112022,01:00,02:00,0
9112022,02:00,03:00,0
9112022,03:00,04:00,0
9112022,04:00,05:00,0
9112022,05:00,06:00,0
9112022,06:00,07:00,0
9112022,07:00,08:00,0
9112022,08:00,09:00,0
9112022,09:00,10:00,0
9112022,10:00,11:00,0
9112022,11:00,12:00,0
9112022,12:00,13:00,0
9112022,13:00,14:00,0
9112022,14:00,15:00,0
9112022,15:00,16:00,0
9112022,16:00,17:00,0
9112022,17:00,18:00,0
9112022,18:00,19:00,0
9112022,19:00,20:00,0
9112022,20:00,21:00,0
9112022,21:00,22:00,0
9112022,22:00,23:00,0
9112022,23:00,00:00,0
10112022,00:00,01:00,0
10112022,01:00,02:00,0
10112022,02:00,03:00,0
10112022,03:00,04:00,0
10112022,04:00,05:00,0
10112022,05:00,06:00,0
10112022,06:00,07:00,0
10112022,07:00,08:00,0
10112022,08:00,09:00,0
10112022,09:00,10:00,0
10112022,10:00,11:00,0
10112022,11:00,12:00,0
10112022,12:00,13:00,0
10112022,13:00,14:00,0
10112022,14:00,15:00,0
10112022,15:00,16:00,0
10112022,16:00,17:00,0
10112022,17:00,18:00,0
10112022,18:00,19:00,0
10112022,19:00,20:00,0
10112022,20:00,21:00,0
10112022,21:00,22:00,0
10112022,22:00,23:00,0
10112022,23:00,00:00,0
11112022,00:00,01:00,0
11112022,01:00,02:00,0
11112022,02:00,03:00,0
11112022,03:00,04:00,0
11112022,04:00,05:00,0
11112022,05:00,06:00,0
11112022,06:00,07:00,0
11112022,07:00,08:00,0
11112022,08:00,09:00,0
11112022,09:00,10:00,0
11112022,10:00,11:00,0
11112022,11:00,12:00,0
11112022,12:00,13:00,0
11112022,13:00,14:00,0
11112022,14:00,15:00,0
11112022,15:00,16:00,0
11112022,16:00,17:00,0
11112022,17:00,18:00,0
11112022,18:00,19:00,0
11112022,19:00,20:00,0
11112022,20:00,21:00,0
11112022,21:00,22:00,0
11112022,22:00,23:00,0
11112022,23:00,00:00,0
12112022,00:00,01:00,0
12112022,01:00,02:00,0
12112022,02:00,03:00,0
12112022,03:00,04:00,0
12112022,04:00,05:00,0
12112022,05:00,06:00,0
12112022,06:00,07:00,0
12112022,07:00,08:00,0
12112022,08:00,09:00,0
12112022,09:00,10:00,0
12112022,10:00,11:00,0
12112022,11:00,12:00,0
12112022,12:00,13:00,0
12112022,13:00,14:00,0
12112022,14:00,15:00,0
12112022,15:00,16:00,0
12112022,16:00,17:00,0
12112022,17:00,18:00,0
12112022,18:00,19:00,0
12112022,19:00,20:00,0
12112022,20:00,21:00,0
12112022,21:00,22:00,0
12112022,22:00,23:00,0
12112022,23:00,00:00,0
13112022,00:00,01:00,0
13112022,01:00,02:00,0
13112022,02:00,03:00,0
13112022,03:00,04:00,0
13112022,04:00,05:00,0
13112022,05:00,06:00,0
13112022,06:00,07:00,0
13112022,07:00,08:00,0
13112022,08:00,09:00,0
13112022,09:00,10:00,0
13112022,10:00,11:00,0
13112022,11:00,12:00,0
13112022,12:00,13:00,0
13112022,13:00,14:00,0
13112022,14:00,15:00,0
13112022,15:00,16:00,0
13112022,16:00,17:00,0
13112022,17:00,18:00,0
13112022,18:00,19:00,0
13112022,19:00,20:00,0
13112022,20:00,21:00,0
13112022,21:00,22:00,0
13112022,22:00,23:00,0
13112022,23:00,00:00,0
14112022,00:00,01:00,0
14112022,01:00,02:00,0
14112022,02:00,03:00,0
14112022,03:00,04:00,0
14112022,04:00,05:00,0
14112022,05:00,06:00,0
14112022,06:00,07:00,0
14112022,07:00,08:00,0
14112022,08:00,09:00,0
14112022,09:00,10:00,0
14112022,10:00,11:00,0
14112022,11:00,12:00,0
14112022,12:00,13:00,0
14112022,13:00,14:00,0
14112022,14:00,15:00,0
14112022,15:00,16:00,0
14112022,16:00,17:00,0
14112022,17:00,18:00,0
14112022,18:00,19:00,0
14112022,19:00,20:00,0
14112022,20:00,21:00,0
14112022,21:00,22:00,0
14112022,22:00,23:00,0
14112022,23:00,00:00,0
15112022,00:00,01:00,0
15112022,01:00,02:00,0
15112022,02:00,03:00,0
15112022,03:00,04:00,0
15112022,04:00,05:00,0
15112022,05:00,06:00,0
15112022,06:00,07:00,0
15112022,07:00,08:00,0
15112022,08:00,09:00,0
15112022,09:00,10:00,0
15112022,10:00,11:00,0
15112022,11:00,12:00,0
15112022,12:00,13:00,0
15112022,13:00,14:00,0
15112022,14:00,15:00,0
15112022,15:00,16:00,0
15112022,16:00,17:00,0
15112022,17:00,18:00,0
15112022,18:00,19:00,0
15112022,19:00,20:00,0
15112022,20:00,21:00,0
15112022,21:00,22:00,0
15112022,22:00,23:00,0
15112022,23:00,00:00,0
16112022,00:00,01:00,0
16112022,01:00,02:00,0
16112022,02:00,03:00,0
16112022,03:00,04:00,0
16112022,04:00,05:00,0
16112022,05:00,06:00,0
16112022,06:00,07:00,0
16112022,07:00,08:00,0
16112022,08:00,09:00,0
16112022,09:00,10:00,0
16112022,10:00,11:00,0
16112022,11:00,12:00,0
16112022,12:00,13:00,0
16112022,13:00,14:00,0
16112022,14:00,15:00,0
16112022,15:00,16:00,0
16112022,16:00,17:00,0
16112022,17:00,18:00,0
16112022,18:00,19:00,0
16112022,19:00,20:00,0
16112022,20:00,21:00,0
16112022,21:00,22:00,0
16112022,22:00,23:00,0
16112022,23:00,00:00,0
17112022,00:00,01:00,0
17112022,01:00,02:00,0
17112022,02:00,03:00,0
17112022,03:00,04:00,0
17112022,04:00,05:00,0
17112022,05:00,06:00,0
17112022,06:00,07:00,0
17112022,07:00,08:00,0
17112022,08:00,09:00,0
17112022,09:00,10:00,0
17112022,10:00,11:00,0
17112022,11:00,12:00,0
17112022,12:00,13:00,0
17112022,13:00,14:00,0
17112022,14:00,15:00,0
17112022,15:00,16:00,0
17112022,16:00,17:00,0
17112022,17:00,18:00,0
17112022,18:00,19:00,0
17112022,19:00,20:00,0
17112022,20:00,21:00,0
17112022,21:00,22:00,0
17112022,22:00,23:00,0
17112022,23:00,00:00,0
18112022,00:00,01:00,0
18112022,01:00,02:00,0
18112022,02:00,03:00,0
18112022,03:00,04:00,0
18112022,04:00,05:00,0
18112022,05:00,06:00,0
18112022,06:00,07:00,0
18112022,07:00,08:00,0
18112022,08:00,09:00,0
18112022,09:00,10:00,0
18112022,10:00,11:00,0
18112022,11:00,12:00,0
18112022,12:00,13:00,0
18112022,13:00,14:00,0
18112022,14:00,15:00,0
18112022,15:00,16:00,0
18112022,16:00,17:00,0
18112022,17:00,18:00,0
18112022,18:00,19:00,0
18112022,19:00,20:00,0
18112022,20:00,21:00,0
18112022,21:00,22:00,0
18112022,22:00,23:00,0
18112022,23:00,00:00,0
19112022,00:00,01:00,0
19112022,01:00,02:00,0
19112022,02:00,03:00,0
19112022,03:00,04:00,0
19112022,04:00,05:00,0
19112022,05:00,06:00,0
19112022,06:00,07:00,0
19112022,07:00,08:00,0
19112022,08:00,09:00,0
19112022,09:00,10:00,0
19112022,10:00,11:00,0
19112022,11:00,12:00,0
19112022,12:00,13:00,0
19112022,13:00,14:00,0
19112022,14:00,15:00,0
19112022,15:00,16:00,0
19112022,16:00,17:00,0
19112022,17:00,18:00,0
19112022,18:00,19:00,0
19112022,19:00,20:00,0
19112022,20:00,21:00,0
19112022,21:00,22:00,0
19112022,22:00,23:00,0
19112022,23:00,00:00,0
20112022,00:00,01:00,0
20112022,01:00,02:00,0
20112022,02:00,03:00,0
20112022,03:00,04:00,0
20112022,04:00,05:00,0
20112022,05:00,06:00,0
20112022,06:00,07:00,0
20112022,07:00,08:00,0
20112022,08:00,09:00,0
20112022,09:00,10:00,0
20112022,10:00,11:00,0
20112022,11:00,12:00,0
20112022,12:00,13:00,0
20112022,13:00,14:00,0
20112022,14:00,15:00,0
20112022,15:00,16:00,0
20112022,16:00,17:00,0
20112022,17:00,18:00,0
20112022,18:00,19:00,0
20112022,19:00,20:00,0
20112022,20:00,21:00,0
20112022,21:00,22:00,0
20112022,22:00,23:00,0
20112022,23:00,00:00,0
21112022,00:00,01:00,0
21112022,01:00,02:00,0
21112022,02:00,03:00,0
21112022,03:00,04:00,0
21112022,04:00,05:00,0
21112022,05:00,06:00,0
21112022,06:00,07:00,0
21112022,07:00,08:00,0
21112022,08:00,09:00,0
21112022,09:00,10:00,0
21112022,10:00,11:00,0
21112022,11:00,12:00,0
21112022,12:00,13:00,0
21112022,13:00,14:00,0
21112022,14:00,15:00,0
21112022,15:00,16:00,0
21112022,16:00,17:00,0
21112022,17:00,18:00,0
21112022,18:00,19:00,0
21112022,19:00,20:00,0
21112022,20:00,21:00,0
21112022,21:00,22:00,0
21112022,22:00,23:00,0
21112022,23:00,00:00,0
22112022,00:00,01:00,0
22112022,01:00,02:00,0
22112022,02:00,03:00,0
22112022,03:00,04:00,0
22112022,04:00,05:00,0
22112022,05:00,06:00,0
22112022,06:00,07:00,0
22112022,07:00,08:00,0
22112022,08:00,09:00,0
22112022,09:00,10:00,0
22112022,10:00,11:00,0
22112022,11:00,12:00,0
22112022,12:00,13:00,0
22112022,13:00,14:00,0
22112022,14:00,15:00,0
22112022,15:00,16:00,0
22112022,16:00,17:00,0
22112022,17:00,18:00,0
22112022,18:00,19:00,0
22112022,19:00,20:00,0
22112022,20:00,21:00,0
22112022,21:00,22:00,0
22112022,22:00,23:00,0
22112022,23:00,00:00,0
23112022,00:00,01:00,0
23112022,01:00,02:00,0
23112022,02:00,03:00,0
23112022,03:00,04:00,0
23112022,04:00,05:00,0
23112022,05:00,06:00,0
23112022,06:00,07:00,0
23112022,07:00,08:00,0
23112022,08:00,09:00,0
23112022,09:00,10:00,0
23112022,10:00,11:00,0
23112022,11:00,12:00,0
23112022,12:00,13:00,0
23112022,13:00,14:00,0
23112022,14:00,15:00,0
23112022,15:00,16:00,0
23112022,16:00,17:00,0
23112022,17:00,18:00,0
23112022,18:00,19:00,0
23112022,19:00,20:00,0
23112022,20:00,21:00,0
23112022,21:00,22:00,0
23112022,22:00,23:00,0
23112022,23:00,00:00,0
24112022,00:00,01:00,0
24112022,01:00,02:00,0
24112022,02:00,03:00,0
24112022,03:00,04:00,0
24112022,04:00,05:00,0
24112022,05:00,06:00,0
24112022,06:00,07:00,0
24112022,07:00,08:00,0
24112022,08:00,09:00,0
24112022,09:00,10:00,0
24112022,10:00,11:00,0
24112022,11:00,12:00,0
24112022,12:00,13:00,0
24112022,13:00,14:00,0
24112022,14:00,15:00,0
24112022,15:00,16:00,0
24112022,16:00,17:00,0
24112022,17:00,18:00,0
24112022,18:00,19:00,0
24112022,19:00,20:00,0
24112022,20:00,21:00,0
24112022,21:00,22:00,0
24112022,22:00,23:00,0
24112022,23:00,00:00,0
25112022,00:00,01:00,0
25112022,01:00,02:00,0
25112022,02:00,03:00,0
25112022,03:00,04:00,0
25112022,04:00,05:00,0
25112022,05:00,06:00,0
25112022,06:00,07:00,0
25112022,07:00,08:00,0
25112022,08:00,09:00,0
25112022,09:00,10:00,121
25112022,10:00,11:00,171
25112022,11:00,12:00,213
25112022,12:00,13:00,390
25112022,13:00,14:00,516
25112022,14:00,15:00,680
25112022,15:00,16:00,706
25112022,16:00,17:00,782
25112022,17:00,18:00,802
25112022,18:00,19:00,797
25112022,19:00,20:00,799
25112022,20:00,21:00,801
25112022,21:00,22:00,804
25112022,22:00,23:00,804
25112022,23:00,00:00,803
26112022,00:00,01:00,807
26112022,01:00,02:00,808
26112022,02:00,03:00,803
26112022,03:00,04:00,802
26112022,04:00,05:00,803
26112022,05:00,06:00,806
26112022,06:00,07:00,805
26112022,07:00,08:00,805
26112022,08:00,09:00,804
26112022,09:00,10:00,802
26112022,10:00,11:00,805
26112022,11:00,12:00,807
26112022,12:00,13:00,623
26112022,13:00,14:00,681
26112022,14:00,15:00,802
26112022,15:00,16:00,807
26112022,16:00,17:00,806
26112022,17:00,18:00,808
26112022,18:00,19:00,805
26112022,19:00,20:00,804
26112022,20:00,21:00,804
26112022,21:00,22:00,805
26112022,22:00,23:00,805
26112022,23:00,00:00,602
27112022,00:00,01:00,373
27112022,01:00,02:00,79
27112022,02:00,03:00,0
27112022,03:00,04:00,0
27112022,04:00,05:00,0
27112022,05:00,06:00,0
27112022,06:00,07:00,0
27112022,07:00,08:00,0
27112022,08:00,09:00,0
27112022,09:00,10:00,0
27112022,10:00,11:00,0
27112022,11:00,12:00,0
27112022,12:00,13:00,0
27112022,13:00,14:00,0
27112022,14:00,15:00,0
27112022,15:00,16:00,0
27112022,16:00,17:00,0
27112022,17:00,18:00,0
27112022,18:00,19:00,0
27112022,19:00,20:00,0
27112022,20:00,21:00,0
27112022,21:00,22:00,0
27112022,22:00,23:00,0
27112022,23:00,00:00,0
28112022,00:00,01:00,0
28112022,01:00,02:00,0
28112022,02:00,03:00,0
28112022,03:00,04:00,0
28112022,04:00,05:00,0
28112022,05:00,06:00,0
28112022,06:00,07:00,0
28112022,07:00,08:00,0
28112022,08:00,09:00,0
28112022,09:00,10:00,0
28112022,10:00,11:00,0
28112022,11:00,12:00,8
28112022,12:00,13:00,263
28112022,13:00,14:00,305
28112022,14:00,15:00,374
28112022,15:00,16:00,458
28112022,16:00,17:00,563
28112022,17:00,18:00,815
28112022,18:00,19:00,853
28112022,19:00,20:00,858
28112022,20:00,21:00,851
28112022,21:00,22:00,763
28112022,22:00,23:00,756
28112022,23:00,00:00,747
29112022,00:00,01:00,836
29112022,01:00,02:00,868
29112022,02:00,03:00,869
29112022,03:00,04:00,866
29112022,04:00,05:00,855
29112022,05:00,06:00,847
29112022,06:00,07:00,838
29112022,07:00,08:00,843
29112022,08:00,09:00,851
29112022,09:00,10:00,853
29112022,10:00,11:00,778
29112022,11:00,12:00,841
29112022,12:00,13:00,863
29112022,13:00,14:00,867
29112022,14:00,15:00,863
29112022,15:00,16:00,862
29112022,16:00,17:00,863
29112022,17:00,18:00,863
29112022,18:00,19:00,866
29112022,19:00,20:00,865
29112022,20:00,21:00,859
29112022,21:00,22:00,861
29112022,22:00,23:00,864
29112022,23:00,00:00,861
30112022,00:00,01:00,858
30112022,01:00,02:00,861
30112022,02:00,03:00,859
30112022,03:00,04:00,862
30112022,04:00,05:00,861
30112022,05:00,06:00,861
30112022,06:00,07:00,863
30112022,07:00,08:00,862
30112022,08:00,09:00,863
30112022,09:00,10:00,862
30112022,10:00,11:00,859
30112022,11:00,12:00,857
30112022,12:00,13:00,858
30112022,13:00,14:00,861
30112022,14:00,15:00,862
30112022,15:00,16:00,863
30112022,16:00,17:00,864
30112022,17:00,18:00,859
30112022,18:00,19:00,861
30112022,19:00,20:00,862
30112022,20:00,21:00,861
30112022,21:00,22:00,861
30112022,22:00,23:00,861
30112022,23:00,00:00,859
1122022,00:00,01:00,860
1122022,01:00,02:00,858
1122022,02:00,03:00,859
1122022,03:00,04:00,859
1122022,04:00,05:00,861
1122022,05:00,06:00,861
1122022,06:00,07:00,860
1122022,07:00,08:00,858
1122022,08:00,09:00,860
1122022,09:00,10:00,860
1122022,10:00,11:00,860
1122022,11:00,12:00,859
1122022,12:00,13:00,857
1122022,13:00,14:00,859
1122022,14:00,15:00,858
1122022,15:00,16:00,859
1122022,16:00,17:00,859
1122022,17:00,18:00,860
1122022,18:00,19:00,862
1122022,19:00,20:00,861
1122022,20:00,21:00,860
1122022,21:00,22:00,860
1122022,22:00,23:00,858
1122022,23:00,00:00,858
2122022,00:00,01:00,860
2122022,01:00,02:00,859
2122022,02:00,03:00,862
2122022,03:00,04:00,859
2122022,04:00,05:00,856
2122022,05:00,06:00,858
2122022,06:00,07:00,861
2122022,07:00,08:00,861
2122022,08:00,09:00,858
2122022,09:00,10:00,860
2122022,10:00,11:00,859
2122022,11:00,12:00,858
2122022,12:00,13:00,860
2122022,13:00,14:00,861
2122022,14:00,15:00,858
2122022,15:00,16:00,858
2122022,16:00,17:00,859
2122022,17:00,18:00,858
2122022,18:00,19:00,856
2122022,19:00,20:00,850
2122022,20:00,21:00,831
2122022,21:00,22:00,833
2122022,22:00,23:00,801
2122022,23:00,00:00,794
3122022,00:00,01:00,842
3122022,01:00,02:00,861
3122022,02:00,03:00,826
3122022,03:00,04:00,835
3122022,04:00,05:00,852
3122022,05:00,06:00,847
3122022,06:00,07:00,849
3122022,07:00,08:00,849
3122022,08:00,09:00,852
3122022,09:00,10:00,850
3122022,10:00,11:00,841
3122022,11:00,12:00,850
3122022,12:00,13:00,854
3122022,13:00,14:00,848
3122022,14:00,15:00,848
3122022,15:00,16:00,849
3122022,16:00,17:00,853
3122022,17:00,18:00,856
3122022,18:00,19:00,850
3122022,19:00,20:00,849
3122022,20:00,21:00,851
3122022,21:00,22:00,805
3122022,22:00,23:00,670
3122022,23:00,00:00,586
4122022,00:00,01:00,489
4122022,01:00,02:00,377
4122022,02:00,03:00,254
4122022,03:00,04:00,210
4122022,04:00,05:00,235
4122022,05:00,06:00,213
4122022,06:00,07:00,178
4122022,07:00,08:00,175
4122022,08:00,09:00,177
4122022,09:00,10:00,180
4122022,10:00,11:00,182
4122022,11:00,12:00,181
4122022,12:00,13:00,178
4122022,13:00,14:00,179
4122022,14:00,15:00,179
4122022,15:00,16:00,182
4122022,16:00,17:00,186
4122022,17:00,18:00,188
4122022,18:00,19:00,224
4122022,19:00,20:00,250
4122022,20:00,21:00,252
4122022,21:00,22:00,242
4122022,22:00,23:00,240
4122022,23:00,00:00,201
5122022,00:00,01:00,190
5122022,01:00,02:00,198
5122022,02:00,03:00,198
5122022,03:00,04:00,212
5122022,04:00,05:00,204
5122022,05:00,06:00,261
5122022,06:00,07:00,570
5122022,07:00,08:00,818
5122022,08:00,09:00,853
5122022,09:00,10:00,850
5122022,10:00,11:00,846
5122022,11:00,12:00,845
5122022,12:00,13:00,844
5122022,13:00,14:00,829
5122022,14:00,15:00,842
5122022,15:00,16:00,842
5122022,16:00,17:00,850
5122022,17:00,18:00,845
5122022,18:00,19:00,828
5122022,19:00,20:00,837
5122022,20:00,21:00,846
5122022,21:00,22:00,851
5122022,22:00,23:00,856
5122022,23:00,00:00,854
6122022,00:00,01:00,854
6122022,01:00,02:00,852
6122022,02:00,03:00,704
6122022,03:00,04:00,702
6122022,04:00,05:00,854
6122022,05:00,06:00,859
6122022,06:00,07:00,853
6122022,07:00,08:00,856
6122022,08:00,09:00,856
6122022,09:00,10:00,854
6122022,10:00,11:00,857
6122022,11:00,12:00,856
6122022,12:00,13:00,856
6122022,13:00,14:00,856
6122022,14:00,15:00,855
6122022,15:00,16:00,856
6122022,16:00,17:00,858
6122022,17:00,18:00,855
6122022,18:00,19:00,856
6122022,19:00,20:00,860
6122022,20:00,21:00,856
6122022,21:00,22:00,852
6122022,22:00,23:00,843
6122022,23:00,00:00,791
7122022,00:00,01:00,593
7122022,01:00,02:00,298
7122022,02:00,03:00,259
7122022,03:00,04:00,289
7122022,04:00,05:00,260
7122022,05:00,06:00,232
7122022,06:00,07:00,229
7122022,07:00,08:00,21
7122022,08:00,09:00,0
7122022,09:00,10:00,0
7122022,10:00,11:00,0
7122022,11:00,12:00,0
7122022,12:00,13:00,0
7122022,13:00,14:00,0
7122022,14:00,15:00,0
7122022,15:00,16:00,7
7122022,16:00,17:00,304
7122022,17:00,18:00,578
7122022,18:00,19:00,817
7122022,19:00,20:00,863
7122022,20:00,21:00,853
7122022,21:00,22:00,856
7122022,22:00,23:00,856
7122022,23:00,00:00,859
8122022,00:00,01:00,812
8122022,01:00,02:00,713
8122022,02:00,03:00,670
8122022,03:00,04:00,492
8122022,04:00,05:00,487
8122022,05:00,06:00,807
8122022,06:00,07:00,850
8122022,07:00,08:00,849
8122022,08:00,09:00,847
8122022,09:00,10:00,849
8122022,10:00,11:00,849
8122022,11:00,12:00,851
8122022,12:00,13:00,853
8122022,13:00,14:00,851
8122022,14:00,15:00,850
8122022,15:00,16:00,851
8122022,16:00,17:00,851
8122022,17:00,18:00,850
8122022,18:00,19:00,850
8122022,19:00,20:00,848
8122022,20:00,21:00,850
8122022,21:00,22:00,850
8122022,22:00,23:00,849
8122022,23:00,00:00,850
9122022,00:00,01:00,851
9122022,01:00,02:00,851
9122022,02:00,03:00,850
9122022,03:00,04:00,851
9122022,04:00,05:00,852
9122022,05:00,06:00,852
9122022,06:00,07:00,848
9122022,07:00,08:00,846
9122022,08:00,09:00,845
9122022,09:00,10:00,848
9122022,10:00,11:00,850
9122022,11:00,12:00,846
9122022,12:00,13:00,848
9122022,13:00,14:00,848
9122022,14:00,15:00,852
9122022,15:00,16:00,850
9122022,16:00,17:00,850
9122022,17:00,18:00,850
9122022,18:00,19:00,854
9122022,19:00,20:00,855
9122022,20:00,21:00,762
9122022,21:00,22:00,369
9122022,22:00,23:00,28
9122022,23:00,00:00,0
10122022,00:00,01:00,0
10122022,01:00,02:00,0
10122022,02:00,03:00,0
10122022,03:00,04:00,0
10122022,04:00,05:00,0
10122022,05:00,06:00,0
10122022,06:00,07:00,0
10122022,07:00,08:00,0
10122022,08:00,09:00,0
10122022,09:00,10:00,0
10122022,10:00,11:00,0
10122022,11:00,12:00,0
10122022,12:00,13:00,0
10122022,13:00,14:00,0
10122022,14:00,15:00,0
10122022,15:00,16:00,0
10122022,16:00,17:00,0
10122022,17:00,18:00,0
10122022,18:00,19:00,0
10122022,19:00,20:00,0
10122022,20:00,21:00,0
10122022,21:00,22:00,0
10122022,22:00,23:00,0
10122022,23:00,00:00,0
11122022,00:00,01:00,0
11122022,01:00,02:00,0
11122022,02:00,03:00,0
11122022,03:00,04:00,0
11122022,04:00,05:00,0
11122022,05:00,06:00,0
11122022,06:00,07:00,0
11122022,07:00,08:00,33
11122022,08:00,09:00,267
11122022,09:00,10:00,353
11122022,10:00,11:00,368
11122022,11:00,12:00,368
11122022,12:00,13:00,379
11122022,13:00,14:00,372
11122022,14:00,15:00,376
11122022,15:00,16:00,378
11122022,16:00,17:00,403
11122022,17:00,18:00,515
11122022,18:00,19:00,546
11122022,19:00,20:00,555
11122022,20:00,21:00,553
11122022,21:00,22:00,464
11122022,22:00,23:00,455
11122022,23:00,00:00,391
12122022,00:00,01:00,389
12122022,01:00,02:00,514
12122022,02:00,03:00,512
12122022,03:00,04:00,508
12122022,04:00,05:00,439
12122022,05:00,06:00,562
12122022,06:00,07:00,816
12122022,07:00,08:00,856
12122022,08:00,09:00,856
12122022,09:00,10:00,859
12122022,10:00,11:00,854
12122022,11:00,12:00,863
12122022,12:00,13:00,868
12122022,13:00,14:00,862
12122022,14:00,15:00,861
12122022,15:00,16:00,860
12122022,16:00,17:00,857
12122022,17:00,18:00,861
12122022,18:00,19:00,857
12122022,19:00,20:00,862
12122022,20:00,21:00,856
12122022,21:00,22:00,852
12122022,22:00,23:00,852
12122022,23:00,00:00,847
13122022,00:00,01:00,851
13122022,01:00,02:00,850
13122022,02:00,03:00,855
13122022,03:00,04:00,860
13122022,04:00,05:00,856
13122022,05:00,06:00,854
13122022,06:00,07:00,855
13122022,07:00,08:00,854
13122022,08:00,09:00,852
13122022,09:00,10:00,856
13122022,10:00,11:00,859
13122022,11:00,12:00,861
13122022,12:00,13:00,862
13122022,13:00,14:00,863
13122022,14:00,15:00,861
13122022,15:00,16:00,854
13122022,16:00,17:00,859
13122022,17:00,18:00,851
13122022,18:00,19:00,842
13122022,19:00,20:00,845
13122022,20:00,21:00,837
13122022,21:00,22:00,850
13122022,22:00,23:00,852
13122022,23:00,00:00,847
14122022,00:00,01:00,850
14122022,01:00,02:00,824
14122022,02:00,03:00,717
14122022,03:00,04:00,744
14122022,04:00,05:00,794
14122022,05:00,06:00,841
14122022,06:00,07:00,836
14122022,07:00,08:00,856
14122022,08:00,09:00,850
14122022,09:00,10:00,846
14122022,10:00,11:00,850
14122022,11:00,12:00,855
14122022,12:00,13:00,854
14122022,13:00,14:00,855
14122022,14:00,15:00,854
14122022,15:00,16:00,858
14122022,16:00,17:00,856
14122022,17:00,18:00,859
14122022,18:00,19:00,848
14122022,19:00,20:00,843
14122022,20:00,21:00,834
14122022,21:00,22:00,822
14122022,22:00,23:00,827
14122022,23:00,00:00,829
15122022,00:00,01:00,831
15122022,01:00,02:00,832
15122022,02:00,03:00,835
15122022,03:00,04:00,831
15122022,04:00,05:00,829
15122022,05:00,06:00,830
15122022,06:00,07:00,833
15122022,07:00,08:00,838
15122022,08:00,09:00,836
15122022,09:00,10:00,845
15122022,10:00,11:00,858
15122022,11:00,12:00,857
15122022,12:00,13:00,857
15122022,13:00,14:00,859
15122022,14:00,15:00,863
15122022,15:00,16:00,860
15122022,16:00,17:00,861
15122022,17:00,18:00,860
15122022,18:00,19:00,862
15122022,19:00,20:00,865
15122022,20:00,21:00,860
15122022,21:00,22:00,849
15122022,22:00,23:00,850
15122022,23:00,00:00,842
16122022,00:00,01:00,851
16122022,01:00,02:00,852
16122022,02:00,03:00,855
16122022,03:00,04:00,855
16122022,04:00,05:00,855
16122022,05:00,06:00,857
16122022,06:00,07:00,852
16122022,07:00,08:00,852
16122022,08:00,09:00,851
16122022,09:00,10:00,852
16122022,10:00,11:00,853
16122022,11:00,12:00,853
16122022,12:00,13:00,852
16122022,13:00,14:00,852
16122022,14:00,15:00,855
16122022,15:00,16:00,854
16122022,16:00,17:00,856
16122022,17:00,18:00,856
16122022,18:00,19:00,853
16122022,19:00,20:00,852
16122022,20:00,21:00,852
16122022,21:00,22:00,853
16122022,22:00,23:00,854
16122022,23:00,00:00,853
17122022,00:00,01:00,852
17122022,01:00,02:00,854
17122022,02:00,03:00,852
17122022,03:00,04:00,849
17122022,04:00,05:00,851
17122022,05:00,06:00,810
17122022,06:00,07:00,828
17122022,07:00,08:00,849
17122022,08:00,09:00,847
17122022,09:00,10:00,845
17122022,10:00,11:00,848
17122022,11:00,12:00,848
17122022,12:00,13:00,852
17122022,13:00,14:00,851
17122022,14:00,15:00,851
17122022,15:00,16:00,757
17122022,16:00,17:00,737
17122022,17:00,18:00,735
17122022,18:00,19:00,737
17122022,19:00,20:00,735
17122022,20:00,21:00,735
17122022,21:00,22:00,714
17122022,22:00,23:00,551
17122022,23:00,00:00,206
18122022,00:00,01:00,0
18122022,01:00,02:00,0
18122022,02:00,03:00,0
18122022,03:00,04:00,0
18122022,04:00,05:00,0
18122022,05:00,06:00,0
18122022,06:00,07:00,0
18122022,07:00,08:00,0
18122022,08:00,09:00,0
18122022,09:00,10:00,0
18122022,10:00,11:00,0
18122022,11:00,12:00,0
18122022,12:00,13:00,0
18122022,13:00,14:00,0
18122022,14:00,15:00,0
18122022,15:00,16:00,0
18122022,16:00,17:00,0
18122022,17:00,18:00,0
18122022,18:00,19:00,0
18122022,19:00,20:00,0
18122022,20:00,21:00,0
18122022,21:00,22:00,0
18122022,22:00,23:00,0
18122022,23:00,00:00,0
19122022,00:00,01:00,0
19122022,01:00,02:00,0
19122022,02:00,03:00,0
19122022,03:00,04:00,0
19122022,04:00,05:00,0
19122022,05:00,06:00,0
19122022,06:00,07:00,0
19122022,07:00,08:00,0
19122022,08:00,09:00,0
19122022,09:00,10:00,0
19122022,10:00,11:00,0
19122022,11:00,12:00,0
19122022,12:00,13:00,0
19122022,13:00,14:00,0
19122022,14:00,15:00,0
19122022,15:00,16:00,0
19122022,16:00,17:00,0
19122022,17:00,18:00,0
19122022,18:00,19:00,0
19122022,19:00,20:00,0
19122022,20:00,21:00,0
19122022,21:00,22:00,0
19122022,22:00,23:00,0
19122022,23:00,00:00,0
20122022,00:00,01:00,0
20122022,01:00,02:00,0
20122022,02:00,03:00,0
20122022,03:00,04:00,0
20122022,04:00,05:00,0
20122022,05:00,06:00,0
20122022,06:00,07:00,0
20122022,07:00,08:00,0
20122022,08:00,09:00,0
20122022,09:00,10:00,0
20122022,10:00,11:00,0
20122022,11:00,12:00,0
20122022,12:00,13:00,0
20122022,13:00,14:00,0
20122022,14:00,15:00,0
20122022,15:00,16:00,0
20122022,16:00,17:00,0
20122022,17:00,18:00,0
20122022,18:00,19:00,0
20122022,19:00,20:00,0
20122022,20:00,21:00,0
20122022,21:00,22:00,0
20122022,22:00,23:00,0
20122022,23:00,00:00,162
21122022,00:00,01:00,277
21122022,01:00,02:00,246
21122022,02:00,03:00,224
21122022,03:00,04:00,229
21122022,04:00,05:00,271
21122022,05:00,06:00,472
21122022,06:00,07:00,598
21122022,07:00,08:00,746
21122022,08:00,09:00,840
21122022,09:00,10:00,853
21122022,10:00,11:00,855
21122022,11:00,12:00,855
21122022,12:00,13:00,855
21122022,13:00,14:00,794
21122022,14:00,15:00,754
21122022,15:00,16:00,822
21122022,16:00,17:00,857
21122022,17:00,18:00,855
21122022,18:00,19:00,777
21122022,19:00,20:00,522
21122022,20:00,21:00,213
21122022,21:00,22:00,0
21122022,22:00,23:00,0
21122022,23:00,00:00,0
22122022,00:00,01:00,0
22122022,01:00,02:00,0
22122022,02:00,03:00,0
22122022,03:00,04:00,0
22122022,04:00,05:00,0
22122022,05:00,06:00,157
22122022,06:00,07:00,403
22122022,07:00,08:00,458
22122022,08:00,09:00,679
22122022,09:00,10:00,793
22122022,10:00,11:00,735
22122022,11:00,12:00,786
22122022,12:00,13:00,757
22122022,13:00,14:00,788
22122022,14:00,15:00,733
22122022,15:00,16:00,692
22122022,16:00,17:00,698
22122022,17:00,18:00,828
22122022,18:00,19:00,858
22122022,19:00,20:00,727
22122022,20:00,21:00,525
22122022,21:00,22:00,247
22122022,22:00,23:00,0
22122022,23:00,00:00,0
23122022,00:00,01:00,0
23122022,01:00,02:00,0
23122022,02:00,03:00,0
23122022,03:00,04:00,0
23122022,04:00,05:00,0
23122022,05:00,06:00,0
23122022,06:00,07:00,0
23122022,07:00,08:00,0
23122022,08:00,09:00,0
23122022,09:00,10:00,0
23122022,10:00,11:00,0
23122022,11:00,12:00,0
23122022,12:00,13:00,0
23122022,13:00,14:00,0
23122022,14:00,15:00,0
23122022,15:00,16:00,0
23122022,16:00,17:00,0
23122022,17:00,18:00,0
23122022,18:00,19:00,0
23122022,19:00,20:00,0
23122022,20:00,21:00,0
23122022,21:00,22:00,0
23122022,22:00,23:00,0
23122022,23:00,00:00,0
24122022,00:00,01:00,0
24122022,01:00,02:00,0
24122022,02:00,03:00,0
24122022,03:00,04:00,0
24122022,04:00,05:00,0
24122022,05:00,06:00,0
24122022,06:00,07:00,0
24122022,07:00,08:00,0
24122022,08:00,09:00,0
24122022,09:00,10:00,0
24122022,10:00,11:00,0
24122022,11:00,12:00,0
24122022,12:00,13:00,0
24122022,13:00,14:00,0
24122022,14:00,15:00,0
24122022,15:00,16:00,0
24122022,16:00,17:00,0
24122022,17:00,18:00,0
24122022,18:00,19:00,0
24122022,19:00,20:00,0
24122022,20:00,21:00,0
24122022,21:00,22:00,0
24122022,22:00,23:00,0
24122022,23:00,00:00,0
25122022,00:00,01:00,0
25122022,01:00,02:00,0
25122022,02:00,03:00,0
25122022,03:00,04:00,0
25122022,04:00,05:00,0
25122022,05:00,06:00,0
25122022,06:00,07:00,0
25122022,07:00,08:00,0
25122022,08:00,09:00,0
25122022,09:00,10:00,0
25122022,10:00,11:00,0
25122022,11:00,12:00,0
25122022,12:00,13:00,0
25122022,13:00,14:00,0
25122022,14:00,15:00,0
25122022,15:00,16:00,0
25122022,16:00,17:00,0
25122022,17:00,18:00,0
25122022,18:00,19:00,0
25122022,19:00,20:00,0
25122022,20:00,21:00,0
25122022,21:00,22:00,0
25122022,22:00,23:00,0
25122022,23:00,00:00,0
26122022,00:00,01:00,0
26122022,01:00,02:00,0
26122022,02:00,03:00,0
26122022,03:00,04:00,0
26122022,04:00,05:00,0
26122022,05:00,06:00,0
26122022,06:00,07:00,0
26122022,07:00,08:00,0
26122022,08:00,09:00,0
26122022,09:00,10:00,0
26122022,10:00,11:00,0
26122022,11:00,12:00,0
26122022,12:00,13:00,0
26122022,13:00,14:00,0
26122022,14:00,15:00,0
26122022,15:00,16:00,0
26122022,16:00,17:00,0
26122022,17:00,18:00,0
26122022,18:00,19:00,0
26122022,19:00,20:00,0
26122022,20:00,21:00,0
26122022,21:00,22:00,0
26122022,22:00,23:00,0
26122022,23:00,00:00,0
27122022,00:00,01:00,0
27122022,01:00,02:00,0
27122022,02:00,03:00,0
27122022,03:00,04:00,0
27122022,04:00,05:00,0
27122022,05:00,06:00,0
27122022,06:00,07:00,0
27122022,07:00,08:00,0
27122022,08:00,09:00,0
27122022,09:00,10:00,0
27122022,10:00,11:00,0
27122022,11:00,12:00,0
27122022,12:00,13:00,0
27122022,13:00,14:00,0
27122022,14:00,15:00,0
27122022,15:00,16:00,0
27122022,16:00,17:00,0
27122022,17:00,18:00,0
27122022,18:00,19:00,0
27122022,19:00,20:00,0
27122022,20:00,21:00,0
27122022,21:00,22:00,0
27122022,22:00,23:00,0
27122022,23:00,00:00,0
28122022,00:00,01:00,0
28122022,01:00,02:00,0
28122022,02:00,03:00,0
28122022,03:00,04:00,0
28122022,04:00,05:00,0
28122022,05:00,06:00,0
28122022,06:00,07:00,0
28122022,07:00,08:00,0
28122022,08:00,09:00,0
28122022,09:00,10:00,0
28122022,10:00,11:00,0
28122022,11:00,12:00,0
28122022,12:00,13:00,0
28122022,13:00,14:00,0
28122022,14:00,15:00,0
28122022,15:00,16:00,0
28122022,16:00,17:00,0
28122022,17:00,18:00,0
28122022,18:00,19:00,0
28122022,19:00,20:00,0
28122022,20:00,21:00,0
28122022,21:00,22:00,0
28122022,22:00,23:00,0
28122022,23:00,00:00,0
29122022,00:00,01:00,0
29122022,01:00,02:00,0
29122022,02:00,03:00,0
29122022,03:00,04:00,0
29122022,04:00,05:00,0
29122022,05:00,06:00,0
29122022,06:00,07:00,0
29122022,07:00,08:00,0
29122022,08:00,09:00,0
29122022,09:00,10:00,0
29122022,10:00,11:00,0
29122022,11:00,12:00,0
29122022,12:00,13:00,0
29122022,13:00,14:00,0
29122022,14:00,15:00,0
29122022,15:00,16:00,0
29122022,16:00,17:00,0
29122022,17:00,18:00,0
29122022,18:00,19:00,0
29122022,19:00,20:00,0
29122022,20:00,21:00,0
29122022,21:00,22:00,0
29122022,22:00,23:00,0
29122022,23:00,00:00,0
30122022,00:00,01:00,0
30122022,01:00,02:00,0
30122022,02:00,03:00,0
30122022,03:00,04:00,0
30122022,04:00,05:00,0
30122022,05:00,06:00,0
30122022,06:00,07:00,0
30122022,07:00,08:00,0
30122022,08:00,09:00,0
30122022,09:00,10:00,0
30122022,10:00,11:00,0
30122022,11:00,12:00,0
30122022,12:00,13:00,0
30122022,13:00,14:00,0
30122022,14:00,15:00,0
30122022,15:00,16:00,0
30122022,16:00,17:00,0
30122022,17:00,18:00,0
30122022,18:00,19:00,0
30122022,19:00,20:00,0
30122022,20:00,21:00,0
30122022,21:00,22:00,0
30122022,22:00,23:00,0
30122022,23:00,00:00,0
31122022,00:00,01:00,0
31122022,01:00,02:00,0
31122022,02:00,03:00,0
31122022,03:00,04:00,0
31122022,04:00,05:00,0
31122022,05:00,06:00,0
31122022,06:00,07:00,0
31122022,07:00,08:00,0
31122022,08:00,09:00,0
31122022,09:00,10:00,0
31122022,10:00,11:00,0
31122022,11:00,12:00,0
31122022,12:00,13:00,0
31122022,13:00,14:00,0
31122022,14:00,15:00,0
31122022,15:00,16:00,0
31122022,16:00,17:00,0
31122022,17:00,18:00,0
31122022,18:00,19:00,0
31122022,19:00,20:00,0
31122022,20:00,21:00,0
31122022,21:00,22:00,0
31122022,22:00,23:00,0
31122022,23:00,00:00,0
