Timestamp,11WD7VOER1S--A-1,11WD7VOER1S--B-Z
2017-01-01 00:00:00,0.0,0.0
2017-01-01 01:00:00,0.0,0.0
2017-01-01 02:00:00,0.0,0.0
2017-01-01 03:00:00,0.0,0.0
2017-01-01 04:00:00,0.0,0.0
2017-01-01 05:00:00,0.0,0.0
2017-01-01 06:00:00,0.0,0.0
2017-01-01 07:00:00,0.0,0.0
2017-01-01 08:00:00,0.0,0.0
2017-01-01 09:00:00,0.0,0.0
2017-01-01 10:00:00,0.0,0.0
2017-01-01 11:00:00,0.0,0.0
2017-01-01 12:00:00,0.0,0.0
2017-01-01 13:00:00,0.0,0.0
2017-01-01 14:00:00,0.0,0.0
2017-01-01 15:00:00,0.0,0.0
2017-01-01 16:00:00,0.0,0.0
2017-01-01 17:00:00,0.0,0.0
2017-01-01 18:00:00,0.0,0.0
2017-01-01 19:00:00,0.0,0.0
2017-01-01 20:00:00,0.0,0.0
2017-01-01 21:00:00,0.0,0.0
2017-01-01 22:00:00,0.0,0.0
2017-01-01 23:00:00,0.0,0.0
2017-01-02 00:00:00,0.0,0.0
2017-01-02 01:00:00,0.0,0.0
2017-01-02 02:00:00,0.0,0.0
2017-01-02 03:00:00,30.0,0.0
2017-01-02 04:00:00,211.0,44.0
2017-01-02 05:00:00,277.0,266.0
2017-01-02 06:00:00,262.0,303.0
2017-01-02 07:00:00,320.0,413.0
2017-01-02 08:00:00,628.0,642.0
2017-01-02 09:00:00,662.0,715.0
2017-01-02 10:00:00,664.0,716.0
2017-01-02 11:00:00,664.0,716.0
2017-01-02 12:00:00,664.0,715.0
2017-01-02 13:00:00,664.0,716.0
2017-01-02 14:00:00,663.0,720.0
2017-01-02 15:00:00,659.0,720.0
2017-01-02 16:00:00,660.0,720.0
2017-01-02 17:00:00,660.0,720.0
2017-01-02 18:00:00,660.0,720.0
2017-01-02 19:00:00,660.0,720.0
2017-01-02 20:00:00,660.0,720.0
2017-01-02 21:00:00,660.0,623.0
2017-01-02 22:00:00,545.0,444.0
2017-01-02 23:00:00,224.0,235.0
2017-01-03 00:00:00,133.0,170.0
2017-01-03 01:00:00,124.0,167.0
2017-01-03 02:00:00,119.0,165.0
2017-01-03 03:00:00,118.0,169.0
2017-01-03 04:00:00,118.0,170.0
2017-01-03 05:00:00,119.0,170.0
2017-01-03 06:00:00,132.0,191.0
2017-01-03 07:00:00,363.0,387.0
2017-01-03 08:00:00,651.0,533.0
2017-01-03 09:00:00,659.0,673.0
2017-01-03 10:00:00,627.0,680.0
2017-01-03 11:00:00,618.0,522.0
2017-01-03 12:00:00,625.0,144.0
2017-01-03 13:00:00,332.0,0.0
2017-01-03 14:00:00,158.0,0.0
2017-01-03 15:00:00,146.0,0.0
2017-01-03 16:00:00,183.0,0.0
2017-01-03 17:00:00,390.0,0.0
2017-01-03 18:00:00,324.0,0.0
2017-01-03 19:00:00,46.0,0.0
2017-01-03 20:00:00,0.0,0.0
2017-01-03 21:00:00,0.0,0.0
2017-01-03 22:00:00,0.0,0.0
2017-01-03 23:00:00,0.0,0.0
2017-01-04 00:00:00,0.0,0.0
2017-01-04 01:00:00,0.0,0.0
2017-01-04 02:00:00,0.0,0.0
2017-01-04 03:00:00,0.0,0.0
2017-01-04 04:00:00,0.0,0.0
2017-01-04 05:00:00,0.0,0.0
2017-01-04 06:00:00,0.0,0.0
2017-01-04 07:00:00,0.0,0.0
2017-01-04 08:00:00,0.0,0.0
2017-01-04 09:00:00,0.0,0.0
2017-01-04 10:00:00,0.0,0.0
2017-01-04 11:00:00,0.0,0.0
2017-01-04 12:00:00,0.0,0.0
2017-01-04 13:00:00,203.0,0.0
2017-01-04 14:00:00,429.0,204.0
2017-01-04 15:00:00,657.0,314.0
2017-01-04 16:00:00,659.0,426.0
2017-01-04 17:00:00,663.0,700.0
2017-01-04 18:00:00,663.0,718.0
2017-01-04 19:00:00,602.0,663.0
2017-01-04 20:00:00,464.0,583.0
2017-01-04 21:00:00,197.0,566.0
2017-01-04 22:00:00,256.0,363.0
2017-01-04 23:00:00,295.0,293.0
2017-01-05 00:00:00,572.0,583.0
2017-01-05 01:00:00,513.0,576.0
2017-01-05 02:00:00,515.0,574.0
2017-01-05 03:00:00,505.0,547.0
2017-01-05 04:00:00,471.0,513.0
2017-01-05 05:00:00,421.0,492.0
2017-01-05 06:00:00,574.0,683.0
2017-01-05 07:00:00,665.0,707.0
2017-01-05 08:00:00,659.0,706.0
2017-01-05 09:00:00,660.0,705.0
2017-01-05 10:00:00,661.0,711.0
2017-01-05 11:00:00,659.0,709.0
2017-01-05 12:00:00,660.0,714.0
2017-01-05 13:00:00,658.0,714.0
2017-01-05 14:00:00,662.0,713.0
2017-01-05 15:00:00,661.0,713.0
2017-01-05 16:00:00,659.0,712.0
2017-01-05 17:00:00,660.0,713.0
2017-01-05 18:00:00,660.0,713.0
2017-01-05 19:00:00,660.0,714.0
2017-01-05 20:00:00,660.0,716.0
2017-01-05 21:00:00,660.0,717.0
2017-01-05 22:00:00,660.0,717.0
2017-01-05 23:00:00,533.0,567.0
2017-01-06 00:00:00,549.0,552.0
2017-01-06 01:00:00,514.0,562.0
2017-01-06 02:00:00,454.0,500.0
2017-01-06 03:00:00,500.0,499.0
2017-01-06 04:00:00,503.0,524.0
2017-01-06 05:00:00,640.0,703.0
2017-01-06 06:00:00,666.0,711.0
2017-01-06 07:00:00,666.0,711.0
2017-01-06 08:00:00,664.0,710.0
2017-01-06 09:00:00,664.0,711.0
2017-01-06 10:00:00,665.0,710.0
2017-01-06 11:00:00,666.0,712.0
2017-01-06 12:00:00,668.0,713.0
2017-01-06 13:00:00,663.0,719.0
2017-01-06 14:00:00,663.0,719.0
2017-01-06 15:00:00,663.0,719.0
2017-01-06 16:00:00,660.0,718.0
2017-01-06 17:00:00,662.0,719.0
2017-01-06 18:00:00,666.0,720.0
2017-01-06 19:00:00,664.0,721.0
2017-01-06 20:00:00,663.0,686.0
2017-01-06 21:00:00,663.0,706.0
2017-01-06 22:00:00,643.0,709.0
2017-01-06 23:00:00,361.0,464.0
2017-01-07 00:00:00,477.0,449.0
2017-01-07 01:00:00,474.0,501.0
2017-01-07 02:00:00,405.0,490.0
2017-01-07 03:00:00,402.0,499.0
2017-01-07 04:00:00,336.0,484.0
2017-01-07 05:00:00,273.0,411.0
2017-01-07 06:00:00,129.0,247.0
2017-01-07 07:00:00,118.0,172.0
2017-01-07 08:00:00,119.0,193.0
2017-01-07 09:00:00,272.0,334.0
2017-01-07 10:00:00,553.0,610.0
2017-01-07 11:00:00,658.0,720.0
2017-01-07 12:00:00,659.0,720.0
2017-01-07 13:00:00,660.0,719.0
2017-01-07 14:00:00,659.0,719.0
2017-01-07 15:00:00,659.0,719.0
2017-01-07 16:00:00,659.0,719.0
2017-01-07 17:00:00,662.0,719.0
2017-01-07 18:00:00,660.0,721.0
2017-01-07 19:00:00,660.0,722.0
2017-01-07 20:00:00,661.0,720.0
2017-01-07 21:00:00,541.0,563.0
2017-01-07 22:00:00,550.0,595.0
2017-01-07 23:00:00,577.0,605.0
2017-01-08 00:00:00,616.0,660.0
2017-01-08 01:00:00,461.0,526.0
2017-01-08 02:00:00,466.0,525.0
2017-01-08 03:00:00,452.0,514.0
2017-01-08 04:00:00,428.0,498.0
2017-01-08 05:00:00,421.0,479.0
2017-01-08 06:00:00,421.0,479.0
2017-01-08 07:00:00,523.0,526.0
2017-01-08 08:00:00,662.0,685.0
2017-01-08 09:00:00,656.0,720.0
2017-01-08 10:00:00,657.0,720.0
2017-01-08 11:00:00,657.0,720.0
2017-01-08 12:00:00,655.0,719.0
2017-01-08 13:00:00,655.0,720.0
2017-01-08 14:00:00,660.0,719.0
2017-01-08 15:00:00,660.0,719.0
2017-01-08 16:00:00,659.0,723.0
2017-01-08 17:00:00,661.0,721.0
2017-01-08 18:00:00,657.0,719.0
2017-01-08 19:00:00,661.0,721.0
2017-01-08 20:00:00,664.0,721.0
2017-01-08 21:00:00,664.0,720.0
2017-01-08 22:00:00,665.0,721.0
2017-01-08 23:00:00,663.0,720.0
2017-01-09 00:00:00,592.0,662.0
2017-01-09 01:00:00,442.0,509.0
2017-01-09 02:00:00,444.0,504.0
2017-01-09 03:00:00,444.0,504.0
2017-01-09 04:00:00,443.0,500.0
2017-01-09 05:00:00,494.0,503.0
2017-01-09 06:00:00,582.0,619.0
2017-01-09 07:00:00,650.0,705.0
2017-01-09 08:00:00,645.0,707.0
2017-01-09 09:00:00,644.0,706.0
2017-01-09 10:00:00,644.0,705.0
2017-01-09 11:00:00,645.0,705.0
2017-01-09 12:00:00,645.0,706.0
2017-01-09 13:00:00,645.0,706.0
2017-01-09 14:00:00,645.0,705.0
2017-01-09 15:00:00,645.0,705.0
2017-01-09 16:00:00,645.0,705.0
2017-01-09 17:00:00,645.0,705.0
2017-01-09 18:00:00,645.0,706.0
2017-01-09 19:00:00,644.0,706.0
2017-01-09 20:00:00,642.0,671.0
2017-01-09 21:00:00,361.0,400.0
2017-01-09 22:00:00,307.0,370.0
2017-01-09 23:00:00,307.0,370.0
2017-01-10 00:00:00,202.0,271.0
2017-01-10 01:00:00,120.0,177.0
2017-01-10 02:00:00,116.0,170.0
2017-01-10 03:00:00,117.0,168.0
2017-01-10 04:00:00,117.0,170.0
2017-01-10 05:00:00,187.0,231.0
2017-01-10 06:00:00,463.0,524.0
2017-01-10 07:00:00,642.0,689.0
2017-01-10 08:00:00,642.0,699.0
2017-01-10 09:00:00,643.0,698.0
2017-01-10 10:00:00,644.0,703.0
2017-01-10 11:00:00,644.0,704.0
2017-01-10 12:00:00,643.0,705.0
2017-01-10 13:00:00,643.0,705.0
2017-01-10 14:00:00,644.0,704.0
2017-01-10 15:00:00,645.0,704.0
2017-01-10 16:00:00,648.0,703.0
2017-01-10 17:00:00,648.0,704.0
2017-01-10 18:00:00,648.0,704.0
2017-01-10 19:00:00,648.0,705.0
2017-01-10 20:00:00,648.0,703.0
2017-01-10 21:00:00,647.0,702.0
2017-01-10 22:00:00,648.0,703.0
2017-01-10 23:00:00,646.0,702.0
2017-01-11 00:00:00,563.0,616.0
2017-01-11 01:00:00,490.0,528.0
2017-01-11 02:00:00,419.0,478.0
2017-01-11 03:00:00,449.0,468.0
2017-01-11 04:00:00,497.0,535.0
2017-01-11 05:00:00,527.0,595.0
2017-01-11 06:00:00,647.0,660.0
2017-01-11 07:00:00,648.0,707.0
2017-01-11 08:00:00,649.0,704.0
2017-01-11 09:00:00,648.0,703.0
2017-01-11 10:00:00,649.0,702.0
2017-01-11 11:00:00,649.0,703.0
2017-01-11 12:00:00,648.0,703.0
2017-01-11 13:00:00,648.0,693.0
2017-01-11 14:00:00,648.0,701.0
2017-01-11 15:00:00,649.0,705.0
2017-01-11 16:00:00,648.0,671.0
2017-01-11 17:00:00,648.0,704.0
2017-01-11 18:00:00,647.0,705.0
2017-01-11 19:00:00,469.0,539.0
2017-01-11 20:00:00,261.0,321.0
2017-01-11 21:00:00,0.0,205.0
2017-01-11 22:00:00,0.0,0.0
2017-01-11 23:00:00,0.0,0.0
2017-01-12 00:00:00,0.0,0.0
2017-01-12 01:00:00,0.0,0.0
2017-01-12 02:00:00,0.0,0.0
2017-01-12 03:00:00,0.0,0.0
2017-01-12 04:00:00,0.0,0.0
2017-01-12 05:00:00,0.0,0.0
2017-01-12 06:00:00,0.0,0.0
2017-01-12 07:00:00,116.0,0.0
2017-01-12 08:00:00,323.0,0.0
2017-01-12 09:00:00,423.0,0.0
2017-01-12 10:00:00,591.0,0.0
2017-01-12 11:00:00,563.0,0.0
2017-01-12 12:00:00,423.0,0.0
2017-01-12 13:00:00,424.0,0.0
2017-01-12 14:00:00,474.0,267.0
2017-01-12 15:00:00,653.0,344.0
2017-01-12 16:00:00,648.0,496.0
2017-01-12 17:00:00,648.0,675.0
2017-01-12 18:00:00,649.0,700.0
2017-01-12 19:00:00,646.0,702.0
2017-01-12 20:00:00,646.0,704.0
2017-01-12 21:00:00,645.0,705.0
2017-01-12 22:00:00,644.0,683.0
2017-01-12 23:00:00,352.0,340.0
2017-01-13 00:00:00,170.0,176.0
2017-01-13 01:00:00,133.0,166.0
2017-01-13 02:00:00,129.0,168.0
2017-01-13 03:00:00,126.0,170.0
2017-01-13 04:00:00,126.0,171.0
2017-01-13 05:00:00,130.0,170.0
2017-01-13 06:00:00,175.0,243.0
2017-01-13 07:00:00,376.0,465.0
2017-01-13 08:00:00,635.0,689.0
2017-01-13 09:00:00,643.0,700.0
2017-01-13 10:00:00,638.0,696.0
2017-01-13 11:00:00,494.0,557.0
2017-01-13 12:00:00,346.0,480.0
2017-01-13 13:00:00,348.0,481.0
2017-01-13 14:00:00,348.0,481.0
2017-01-13 15:00:00,348.0,481.0
2017-01-13 16:00:00,347.0,481.0
2017-01-13 17:00:00,345.0,475.0
2017-01-13 18:00:00,326.0,245.0
2017-01-13 19:00:00,328.0,0.0
2017-01-13 20:00:00,250.0,0.0
2017-01-13 21:00:00,80.0,0.0
2017-01-13 22:00:00,0.0,0.0
2017-01-13 23:00:00,0.0,0.0
2017-01-14 00:00:00,0.0,0.0
2017-01-14 01:00:00,0.0,0.0
2017-01-14 02:00:00,0.0,0.0
2017-01-14 03:00:00,0.0,0.0
2017-01-14 04:00:00,0.0,0.0
2017-01-14 05:00:00,0.0,0.0
2017-01-14 06:00:00,0.0,0.0
2017-01-14 07:00:00,0.0,0.0
2017-01-14 08:00:00,0.0,0.0
2017-01-14 09:00:00,0.0,0.0
2017-01-14 10:00:00,0.0,0.0
2017-01-14 11:00:00,0.0,0.0
2017-01-14 12:00:00,0.0,0.0
2017-01-14 13:00:00,0.0,0.0
2017-01-14 14:00:00,0.0,0.0
2017-01-14 15:00:00,0.0,0.0
2017-01-14 16:00:00,0.0,0.0
2017-01-14 17:00:00,0.0,0.0
2017-01-14 18:00:00,0.0,0.0
2017-01-14 19:00:00,0.0,0.0
2017-01-14 20:00:00,0.0,0.0
2017-01-14 21:00:00,0.0,0.0
2017-01-14 22:00:00,0.0,0.0
2017-01-14 23:00:00,0.0,0.0
2017-01-15 00:00:00,0.0,0.0
2017-01-15 01:00:00,0.0,0.0
2017-01-15 02:00:00,0.0,0.0
2017-01-15 03:00:00,0.0,0.0
2017-01-15 04:00:00,0.0,0.0
2017-01-15 05:00:00,0.0,0.0
2017-01-15 06:00:00,0.0,0.0
2017-01-15 07:00:00,0.0,0.0
2017-01-15 08:00:00,0.0,0.0
2017-01-15 09:00:00,0.0,0.0
2017-01-15 10:00:00,0.0,0.0
2017-01-15 11:00:00,0.0,0.0
2017-01-15 12:00:00,0.0,0.0
2017-01-15 13:00:00,0.0,0.0
2017-01-15 14:00:00,15.0,0.0
2017-01-15 15:00:00,258.0,164.0
2017-01-15 16:00:00,428.0,323.0
2017-01-15 17:00:00,623.0,610.0
2017-01-15 18:00:00,641.0,706.0
2017-01-15 19:00:00,641.0,702.0
2017-01-15 20:00:00,626.0,655.0
2017-01-15 21:00:00,430.0,388.0
2017-01-15 22:00:00,369.0,401.0
2017-01-15 23:00:00,339.0,395.0
2017-01-16 00:00:00,562.0,618.0
2017-01-16 01:00:00,545.0,605.0
2017-01-16 02:00:00,545.0,550.0
2017-01-16 03:00:00,545.0,602.0
2017-01-16 04:00:00,548.0,606.0
2017-01-16 05:00:00,636.0,694.0
2017-01-16 06:00:00,645.0,703.0
2017-01-16 07:00:00,645.0,706.0
2017-01-16 08:00:00,645.0,704.0
2017-01-16 09:00:00,645.0,706.0
2017-01-16 10:00:00,645.0,706.0
2017-01-16 11:00:00,646.0,706.0
2017-01-16 12:00:00,647.0,706.0
2017-01-16 13:00:00,645.0,705.0
2017-01-16 14:00:00,645.0,705.0
2017-01-16 15:00:00,645.0,706.0
2017-01-16 16:00:00,645.0,705.0
2017-01-16 17:00:00,642.0,705.0
2017-01-16 18:00:00,642.0,706.0
2017-01-16 19:00:00,640.0,707.0
2017-01-16 20:00:00,640.0,704.0
2017-01-16 21:00:00,643.0,703.0
2017-01-16 22:00:00,646.0,705.0
2017-01-16 23:00:00,635.0,702.0
2017-01-17 00:00:00,414.0,571.0
2017-01-17 01:00:00,298.0,379.0
2017-01-17 02:00:00,171.0,209.0
2017-01-17 03:00:00,143.0,170.0
2017-01-17 04:00:00,183.0,217.0
2017-01-17 05:00:00,366.0,364.0
2017-01-17 06:00:00,451.0,506.0
2017-01-17 07:00:00,452.0,509.0
2017-01-17 08:00:00,450.0,504.0
2017-01-17 09:00:00,450.0,503.0
2017-01-17 10:00:00,451.0,503.0
2017-01-17 11:00:00,451.0,502.0
2017-01-17 12:00:00,450.0,496.0
2017-01-17 13:00:00,450.0,497.0
2017-01-17 14:00:00,450.0,497.0
2017-01-17 15:00:00,450.0,498.0
2017-01-17 16:00:00,450.0,556.0
2017-01-17 17:00:00,450.0,369.0
2017-01-17 18:00:00,450.0,341.0
2017-01-17 19:00:00,450.0,341.0
2017-01-17 20:00:00,449.0,342.0
2017-01-17 21:00:00,448.0,342.0
2017-01-17 22:00:00,444.0,343.0
2017-01-17 23:00:00,311.0,342.0
2017-01-18 00:00:00,306.0,342.0
2017-01-18 01:00:00,306.0,337.0
2017-01-18 02:00:00,181.0,213.0
2017-01-18 03:00:00,123.0,170.0
2017-01-18 04:00:00,121.0,168.0
2017-01-18 05:00:00,162.0,221.0
2017-01-18 06:00:00,405.0,375.0
2017-01-18 07:00:00,449.0,402.0
2017-01-18 08:00:00,451.0,402.0
2017-01-18 09:00:00,450.0,401.0
2017-01-18 10:00:00,450.0,401.0
2017-01-18 11:00:00,450.0,401.0
2017-01-18 12:00:00,450.0,401.0
2017-01-18 13:00:00,450.0,401.0
2017-01-18 14:00:00,450.0,401.0
2017-01-18 15:00:00,450.0,401.0
2017-01-18 16:00:00,450.0,401.0
2017-01-18 17:00:00,449.0,400.0
2017-01-18 18:00:00,450.0,401.0
2017-01-18 19:00:00,450.0,401.0
2017-01-18 20:00:00,451.0,402.0
2017-01-18 21:00:00,449.0,427.0
2017-01-18 22:00:00,450.0,401.0
2017-01-18 23:00:00,450.0,400.0
2017-01-19 00:00:00,428.0,379.0
2017-01-19 01:00:00,436.0,464.0
2017-01-19 02:00:00,460.0,396.0
2017-01-19 03:00:00,431.0,414.0
2017-01-19 04:00:00,500.0,547.0
2017-01-19 05:00:00,464.0,508.0
2017-01-19 06:00:00,625.0,691.0
2017-01-19 07:00:00,645.0,704.0
2017-01-19 08:00:00,645.0,704.0
2017-01-19 09:00:00,645.0,705.0
2017-01-19 10:00:00,646.0,704.0
2017-01-19 11:00:00,646.0,706.0
2017-01-19 12:00:00,646.0,705.0
2017-01-19 13:00:00,647.0,705.0
2017-01-19 14:00:00,646.0,702.0
2017-01-19 15:00:00,646.0,706.0
2017-01-19 16:00:00,646.0,709.0
2017-01-19 17:00:00,646.0,709.0
2017-01-19 18:00:00,646.0,707.0
2017-01-19 19:00:00,647.0,706.0
2017-01-19 20:00:00,647.0,706.0
2017-01-19 21:00:00,647.0,705.0
2017-01-19 22:00:00,646.0,704.0
2017-01-19 23:00:00,640.0,703.0
2017-01-20 00:00:00,535.0,569.0
2017-01-20 01:00:00,418.0,478.0
2017-01-20 02:00:00,419.0,478.0
2017-01-20 03:00:00,419.0,478.0
2017-01-20 04:00:00,420.0,479.0
2017-01-20 05:00:00,491.0,478.0
2017-01-20 06:00:00,608.0,585.0
2017-01-20 07:00:00,645.0,704.0
2017-01-20 08:00:00,646.0,707.0
2017-01-20 09:00:00,646.0,705.0
2017-01-20 10:00:00,645.0,705.0
2017-01-20 11:00:00,646.0,705.0
2017-01-20 12:00:00,646.0,705.0
2017-01-20 13:00:00,646.0,705.0
2017-01-20 14:00:00,646.0,705.0
2017-01-20 15:00:00,647.0,707.0
2017-01-20 16:00:00,646.0,708.0
2017-01-20 17:00:00,644.0,705.0
2017-01-20 18:00:00,645.0,704.0
2017-01-20 19:00:00,646.0,703.0
2017-01-20 20:00:00,614.0,675.0
2017-01-20 21:00:00,419.0,473.0
2017-01-20 22:00:00,421.0,481.0
2017-01-20 23:00:00,342.0,400.0
2017-01-21 00:00:00,311.0,370.0
2017-01-21 01:00:00,311.0,371.0
2017-01-21 02:00:00,310.0,370.0
2017-01-21 03:00:00,311.0,370.0
2017-01-21 04:00:00,317.0,376.0
2017-01-21 05:00:00,560.0,624.0
2017-01-21 06:00:00,629.0,703.0
2017-01-21 07:00:00,574.0,635.0
2017-01-21 08:00:00,644.0,705.0
2017-01-21 09:00:00,643.0,706.0
2017-01-21 10:00:00,643.0,705.0
2017-01-21 11:00:00,646.0,705.0
2017-01-21 12:00:00,646.0,689.0
2017-01-21 13:00:00,645.0,638.0
2017-01-21 14:00:00,645.0,699.0
2017-01-21 15:00:00,646.0,704.0
2017-01-21 16:00:00,645.0,703.0
2017-01-21 17:00:00,645.0,704.0
2017-01-21 18:00:00,646.0,704.0
2017-01-21 19:00:00,645.0,704.0
2017-01-21 20:00:00,646.0,705.0
2017-01-21 21:00:00,646.0,703.0
2017-01-21 22:00:00,645.0,703.0
2017-01-21 23:00:00,646.0,706.0
2017-01-22 00:00:00,392.0,440.0
2017-01-22 01:00:00,155.0,194.0
2017-01-22 02:00:00,121.0,168.0
2017-01-22 03:00:00,121.0,167.0
2017-01-22 04:00:00,120.0,167.0
2017-01-22 05:00:00,121.0,168.0
2017-01-22 06:00:00,121.0,169.0
2017-01-22 07:00:00,121.0,169.0
2017-01-22 08:00:00,202.0,250.0
2017-01-22 09:00:00,457.0,622.0
2017-01-22 10:00:00,544.0,557.0
2017-01-22 11:00:00,616.0,626.0
2017-01-22 12:00:00,303.0,302.0
2017-01-22 13:00:00,125.0,178.0
2017-01-22 14:00:00,137.0,294.0
2017-01-22 15:00:00,328.0,400.0
2017-01-22 16:00:00,640.0,697.0
2017-01-22 17:00:00,642.0,705.0
2017-01-22 18:00:00,645.0,704.0
2017-01-22 19:00:00,646.0,703.0
2017-01-22 20:00:00,646.0,706.0
2017-01-22 21:00:00,646.0,706.0
2017-01-22 22:00:00,645.0,705.0
2017-01-22 23:00:00,645.0,704.0
2017-01-23 00:00:00,616.0,675.0
2017-01-23 01:00:00,483.0,544.0
2017-01-23 02:00:00,486.0,544.0
2017-01-23 03:00:00,486.0,545.0
2017-01-23 04:00:00,479.0,545.0
2017-01-23 05:00:00,596.0,644.0
2017-01-23 06:00:00,648.0,705.0
2017-01-23 07:00:00,648.0,707.0
2017-01-23 08:00:00,646.0,707.0
2017-01-23 09:00:00,646.0,706.0
2017-01-23 10:00:00,646.0,705.0
2017-01-23 11:00:00,647.0,706.0
2017-01-23 12:00:00,647.0,706.0
2017-01-23 13:00:00,646.0,706.0
2017-01-23 14:00:00,646.0,707.0
2017-01-23 15:00:00,647.0,706.0
2017-01-23 16:00:00,647.0,706.0
2017-01-23 17:00:00,647.0,706.0
2017-01-23 18:00:00,647.0,706.0
2017-01-23 19:00:00,647.0,706.0
2017-01-23 20:00:00,647.0,706.0
2017-01-23 21:00:00,646.0,706.0
2017-01-23 22:00:00,646.0,706.0
2017-01-23 23:00:00,646.0,706.0
2017-01-24 00:00:00,535.0,632.0
2017-01-24 01:00:00,471.0,542.0
2017-01-24 02:00:00,420.0,480.0
2017-01-24 03:00:00,420.0,480.0
2017-01-24 04:00:00,447.0,490.0
2017-01-24 05:00:00,603.0,656.0
2017-01-24 06:00:00,648.0,706.0
2017-01-24 07:00:00,645.0,707.0
2017-01-24 08:00:00,645.0,706.0
2017-01-24 09:00:00,645.0,705.0
2017-01-24 10:00:00,645.0,705.0
2017-01-24 11:00:00,645.0,705.0
2017-01-24 12:00:00,645.0,705.0
2017-01-24 13:00:00,645.0,705.0
2017-01-24 14:00:00,644.0,704.0
2017-01-24 15:00:00,645.0,704.0
2017-01-24 16:00:00,645.0,705.0
2017-01-24 17:00:00,645.0,704.0
2017-01-24 18:00:00,645.0,705.0
2017-01-24 19:00:00,646.0,706.0
2017-01-24 20:00:00,646.0,705.0
2017-01-24 21:00:00,645.0,706.0
2017-01-24 22:00:00,646.0,707.0
2017-01-24 23:00:00,447.0,523.0
2017-01-25 00:00:00,189.0,270.0
2017-01-25 01:00:00,124.0,177.0
2017-01-25 02:00:00,121.0,170.0
2017-01-25 03:00:00,122.0,169.0
2017-01-25 04:00:00,121.0,170.0
2017-01-25 05:00:00,146.0,208.0
2017-01-25 06:00:00,370.0,514.0
2017-01-25 07:00:00,644.0,708.0
2017-01-25 08:00:00,648.0,707.0
2017-01-25 09:00:00,646.0,706.0
2017-01-25 10:00:00,646.0,706.0
2017-01-25 11:00:00,646.0,706.0
2017-01-25 12:00:00,645.0,705.0
2017-01-25 13:00:00,646.0,706.0
2017-01-25 14:00:00,646.0,706.0
2017-01-25 15:00:00,646.0,706.0
2017-01-25 16:00:00,645.0,706.0
2017-01-25 17:00:00,645.0,704.0
2017-01-25 18:00:00,644.0,703.0
2017-01-25 19:00:00,644.0,703.0
2017-01-25 20:00:00,645.0,705.0
2017-01-25 21:00:00,645.0,706.0
2017-01-25 22:00:00,646.0,705.0
2017-01-25 23:00:00,596.0,664.0
2017-01-26 00:00:00,291.0,425.0
2017-01-26 01:00:00,128.0,230.0
2017-01-26 02:00:00,120.0,177.0
2017-01-26 03:00:00,121.0,175.0
2017-01-26 04:00:00,121.0,175.0
2017-01-26 05:00:00,244.0,272.0
2017-01-26 06:00:00,557.0,612.0
2017-01-26 07:00:00,649.0,707.0
2017-01-26 08:00:00,647.0,707.0
2017-01-26 09:00:00,646.0,706.0
2017-01-26 10:00:00,646.0,706.0
2017-01-26 11:00:00,649.0,705.0
2017-01-26 12:00:00,646.0,655.0
2017-01-26 13:00:00,474.0,498.0
2017-01-26 14:00:00,422.0,480.0
2017-01-26 15:00:00,454.0,519.0
2017-01-26 16:00:00,646.0,691.0
2017-01-26 17:00:00,646.0,705.0
2017-01-26 18:00:00,646.0,705.0
2017-01-26 19:00:00,645.0,704.0
2017-01-26 20:00:00,624.0,704.0
2017-01-26 21:00:00,439.0,698.0
2017-01-26 22:00:00,350.0,515.0
2017-01-26 23:00:00,333.0,385.0
2017-01-27 00:00:00,180.0,210.0
2017-01-27 01:00:00,125.0,174.0
2017-01-27 02:00:00,122.0,173.0
2017-01-27 03:00:00,122.0,175.0
2017-01-27 04:00:00,122.0,177.0
2017-01-27 05:00:00,149.0,190.0
2017-01-27 06:00:00,362.0,406.0
2017-01-27 07:00:00,648.0,692.0
2017-01-27 08:00:00,650.0,708.0
2017-01-27 09:00:00,647.0,706.0
2017-01-27 10:00:00,637.0,693.0
2017-01-27 11:00:00,551.0,593.0
2017-01-27 12:00:00,458.0,508.0
2017-01-27 13:00:00,451.0,500.0
2017-01-27 14:00:00,455.0,502.0
2017-01-27 15:00:00,612.0,660.0
2017-01-27 16:00:00,648.0,700.0
2017-01-27 17:00:00,645.0,707.0
2017-01-27 18:00:00,645.0,704.0
2017-01-27 19:00:00,646.0,704.0
2017-01-27 20:00:00,648.0,704.0
2017-01-27 21:00:00,647.0,706.0
2017-01-27 22:00:00,631.0,454.0
2017-01-27 23:00:00,360.0,90.0
2017-01-28 00:00:00,208.0,0.0
2017-01-28 01:00:00,252.0,0.0
2017-01-28 02:00:00,300.0,0.0
2017-01-28 03:00:00,300.0,0.0
2017-01-28 04:00:00,210.0,0.0
2017-01-28 05:00:00,129.0,0.0
2017-01-28 06:00:00,232.0,0.0
2017-01-28 07:00:00,535.0,0.0
2017-01-28 08:00:00,647.0,0.0
2017-01-28 09:00:00,644.0,0.0
2017-01-28 10:00:00,647.0,0.0
2017-01-28 11:00:00,646.0,0.0
2017-01-28 12:00:00,647.0,0.0
2017-01-28 13:00:00,646.0,0.0
2017-01-28 14:00:00,646.0,0.0
2017-01-28 15:00:00,646.0,0.0
2017-01-28 16:00:00,645.0,0.0
2017-01-28 17:00:00,646.0,0.0
2017-01-28 18:00:00,645.0,0.0
2017-01-28 19:00:00,613.0,0.0
2017-01-28 20:00:00,289.0,0.0
2017-01-28 21:00:00,29.0,0.0
2017-01-28 22:00:00,0.0,0.0
2017-01-28 23:00:00,0.0,0.0
2017-01-29 00:00:00,0.0,0.0
2017-01-29 01:00:00,0.0,0.0
2017-01-29 02:00:00,0.0,0.0
2017-01-29 03:00:00,0.0,0.0
2017-01-29 04:00:00,0.0,0.0
2017-01-29 05:00:00,0.0,0.0
2017-01-29 06:00:00,0.0,0.0
2017-01-29 07:00:00,0.0,0.0
2017-01-29 08:00:00,0.0,0.0
2017-01-29 09:00:00,0.0,0.0
2017-01-29 10:00:00,0.0,0.0
2017-01-29 11:00:00,0.0,0.0
2017-01-29 12:00:00,0.0,0.0
2017-01-29 13:00:00,0.0,0.0
2017-01-29 14:00:00,0.0,0.0
2017-01-29 15:00:00,0.0,0.0
2017-01-29 16:00:00,0.0,0.0
2017-01-29 17:00:00,0.0,0.0
2017-01-29 18:00:00,0.0,0.0
2017-01-29 19:00:00,0.0,0.0
2017-01-29 20:00:00,0.0,0.0
2017-01-29 21:00:00,0.0,0.0
2017-01-29 22:00:00,0.0,0.0
2017-01-29 23:00:00,0.0,0.0
2017-01-30 00:00:00,0.0,0.0
2017-01-30 01:00:00,0.0,0.0
2017-01-30 02:00:00,0.0,0.0
2017-01-30 03:00:00,0.0,0.0
2017-01-30 04:00:00,3.0,42.0
2017-01-30 05:00:00,256.0,303.0
2017-01-30 06:00:00,345.0,326.0
2017-01-30 07:00:00,598.0,521.0
2017-01-30 08:00:00,644.0,667.0
2017-01-30 09:00:00,642.0,685.0
2017-01-30 10:00:00,644.0,686.0
2017-01-30 11:00:00,646.0,685.0
2017-01-30 12:00:00,647.0,685.0
2017-01-30 13:00:00,646.0,685.0
2017-01-30 14:00:00,646.0,685.0
2017-01-30 15:00:00,647.0,686.0
2017-01-30 16:00:00,645.0,685.0
2017-01-30 17:00:00,646.0,685.0
2017-01-30 18:00:00,645.0,685.0
2017-01-30 19:00:00,646.0,685.0
2017-01-30 20:00:00,589.0,676.0
2017-01-30 21:00:00,294.0,668.0
2017-01-30 22:00:00,160.0,565.0
2017-01-30 23:00:00,121.0,425.0
2017-01-31 00:00:00,120.0,392.0
2017-01-31 01:00:00,123.0,388.0
2017-01-31 02:00:00,125.0,406.0
2017-01-31 03:00:00,120.0,351.0
2017-01-31 04:00:00,120.0,340.0
2017-01-31 05:00:00,237.0,442.0
2017-01-31 06:00:00,581.0,611.0
2017-01-31 07:00:00,645.0,659.0
2017-01-31 08:00:00,644.0,685.0
2017-01-31 09:00:00,643.0,686.0
2017-01-31 10:00:00,644.0,685.0
2017-01-31 11:00:00,643.0,685.0
2017-01-31 12:00:00,644.0,685.0
2017-01-31 13:00:00,644.0,685.0
2017-01-31 14:00:00,647.0,685.0
2017-01-31 15:00:00,647.0,686.0
2017-01-31 16:00:00,647.0,686.0
2017-01-31 17:00:00,646.0,686.0
2017-01-31 18:00:00,647.0,685.0
2017-01-31 19:00:00,648.0,685.0
2017-01-31 20:00:00,646.0,684.0
2017-01-31 21:00:00,647.0,685.0
2017-01-31 22:00:00,618.0,683.0
2017-01-31 23:00:00,306.0,486.0
2017-02-01 00:00:00,144.0,350.0
2017-02-01 01:00:00,125.0,352.0
2017-02-01 02:00:00,121.0,351.0
2017-02-01 03:00:00,121.0,351.0
2017-02-01 04:00:00,119.0,351.0
2017-02-01 05:00:00,170.0,351.0
2017-02-01 06:00:00,412.0,453.0
2017-02-01 07:00:00,607.0,622.0
2017-02-01 08:00:00,642.0,688.0
2017-02-01 09:00:00,642.0,689.0
2017-02-01 10:00:00,640.0,683.0
2017-02-01 11:00:00,497.0,520.0
2017-02-01 12:00:00,589.0,665.0
2017-02-01 13:00:00,428.0,500.0
2017-02-01 14:00:00,421.0,483.0
2017-02-01 15:00:00,416.0,482.0
2017-02-01 16:00:00,318.0,501.0
2017-02-01 17:00:00,377.0,653.0
2017-02-01 18:00:00,387.0,656.0
2017-02-01 19:00:00,339.0,558.0
2017-02-01 20:00:00,302.0,402.0
2017-02-01 21:00:00,204.0,391.0
2017-02-01 22:00:00,131.0,394.0
2017-02-01 23:00:00,121.0,386.0
2017-02-02 00:00:00,0.0,140.0
2017-02-02 01:00:00,0.0,0.0
2017-02-02 02:00:00,0.0,0.0
2017-02-02 03:00:00,0.0,0.0
2017-02-02 04:00:00,0.0,0.0
2017-02-02 05:00:00,0.0,0.0
2017-02-02 06:00:00,0.0,0.0
2017-02-02 07:00:00,0.0,0.0
2017-02-02 08:00:00,0.0,0.0
2017-02-02 09:00:00,0.0,0.0
2017-02-02 10:00:00,0.0,0.0
2017-02-02 11:00:00,0.0,0.0
2017-02-02 12:00:00,0.0,0.0
2017-02-02 13:00:00,0.0,0.0
2017-02-02 14:00:00,0.0,0.0
2017-02-02 15:00:00,0.0,0.0
2017-02-02 16:00:00,0.0,0.0
2017-02-02 17:00:00,0.0,0.0
2017-02-02 18:00:00,0.0,0.0
2017-02-02 19:00:00,0.0,0.0
2017-02-02 20:00:00,0.0,0.0
2017-02-02 21:00:00,0.0,0.0
2017-02-02 22:00:00,0.0,0.0
2017-02-02 23:00:00,0.0,0.0
2017-02-03 00:00:00,0.0,0.0
2017-02-03 01:00:00,0.0,0.0
2017-02-03 02:00:00,0.0,0.0
2017-02-03 03:00:00,0.0,0.0
2017-02-03 04:00:00,0.0,0.0
2017-02-03 05:00:00,0.0,0.0
2017-02-03 06:00:00,0.0,0.0
2017-02-03 07:00:00,127.0,0.0
2017-02-03 08:00:00,372.0,0.0
2017-02-03 09:00:00,599.0,0.0
2017-02-03 10:00:00,650.0,0.0
2017-02-03 11:00:00,673.0,0.0
2017-02-03 12:00:00,670.0,0.0
2017-02-03 13:00:00,670.0,0.0
2017-02-03 14:00:00,626.0,0.0
2017-02-03 15:00:00,671.0,0.0
2017-02-03 16:00:00,668.0,0.0
2017-02-03 17:00:00,608.0,0.0
2017-02-03 18:00:00,667.0,0.0
2017-02-03 19:00:00,627.0,0.0
2017-02-03 20:00:00,324.0,0.0
2017-02-03 21:00:00,0.0,0.0
2017-02-03 22:00:00,0.0,0.0
2017-02-03 23:00:00,0.0,0.0
2017-02-04 00:00:00,0.0,0.0
2017-02-04 01:00:00,0.0,0.0
2017-02-04 02:00:00,0.0,0.0
2017-02-04 03:00:00,0.0,0.0
2017-02-04 04:00:00,0.0,0.0
2017-02-04 05:00:00,0.0,0.0
2017-02-04 06:00:00,0.0,0.0
2017-02-04 07:00:00,0.0,0.0
2017-02-04 08:00:00,0.0,0.0
2017-02-04 09:00:00,0.0,0.0
2017-02-04 10:00:00,0.0,0.0
2017-02-04 11:00:00,0.0,0.0
2017-02-04 12:00:00,0.0,0.0
2017-02-04 13:00:00,0.0,0.0
2017-02-04 14:00:00,0.0,0.0
2017-02-04 15:00:00,0.0,0.0
2017-02-04 16:00:00,0.0,0.0
2017-02-04 17:00:00,0.0,0.0
2017-02-04 18:00:00,0.0,0.0
2017-02-04 19:00:00,0.0,0.0
2017-02-04 20:00:00,0.0,0.0
2017-02-04 21:00:00,0.0,0.0
2017-02-04 22:00:00,0.0,0.0
2017-02-04 23:00:00,0.0,0.0
2017-02-05 00:00:00,0.0,0.0
2017-02-05 01:00:00,0.0,0.0
2017-02-05 02:00:00,0.0,0.0
2017-02-05 03:00:00,0.0,0.0
2017-02-05 04:00:00,0.0,0.0
2017-02-05 05:00:00,0.0,0.0
2017-02-05 06:00:00,0.0,0.0
2017-02-05 07:00:00,0.0,0.0
2017-02-05 08:00:00,0.0,0.0
2017-02-05 09:00:00,0.0,0.0
2017-02-05 10:00:00,0.0,0.0
2017-02-05 11:00:00,0.0,0.0
2017-02-05 12:00:00,0.0,0.0
2017-02-05 13:00:00,0.0,0.0
2017-02-05 14:00:00,33.0,245.0
2017-02-05 15:00:00,262.0,313.0
2017-02-05 16:00:00,388.0,360.0
2017-02-05 17:00:00,631.0,550.0
2017-02-05 18:00:00,639.0,704.0
2017-02-05 19:00:00,646.0,703.0
2017-02-05 20:00:00,641.0,705.0
2017-02-05 21:00:00,641.0,705.0
2017-02-05 22:00:00,641.0,704.0
2017-02-05 23:00:00,361.0,490.0
2017-02-06 00:00:00,197.0,416.0
2017-02-06 01:00:00,133.0,380.0
2017-02-06 02:00:00,134.0,385.0
2017-02-06 03:00:00,121.0,380.0
2017-02-06 04:00:00,122.0,381.0
2017-02-06 05:00:00,193.0,381.0
2017-02-06 06:00:00,477.0,555.0
2017-02-06 07:00:00,649.0,693.0
2017-02-06 08:00:00,647.0,700.0
2017-02-06 09:00:00,646.0,700.0
2017-02-06 10:00:00,646.0,701.0
2017-02-06 11:00:00,646.0,699.0
2017-02-06 12:00:00,646.0,699.0
2017-02-06 13:00:00,647.0,701.0
2017-02-06 14:00:00,646.0,700.0
2017-02-06 15:00:00,646.0,700.0
2017-02-06 16:00:00,646.0,700.0
2017-02-06 17:00:00,646.0,699.0
2017-02-06 18:00:00,646.0,700.0
2017-02-06 19:00:00,646.0,700.0
2017-02-06 20:00:00,645.0,698.0
2017-02-06 21:00:00,646.0,699.0
2017-02-06 22:00:00,645.0,698.0
2017-02-06 23:00:00,515.0,465.0
2017-02-07 00:00:00,233.0,383.0
2017-02-07 01:00:00,130.0,384.0
2017-02-07 02:00:00,121.0,384.0
2017-02-07 03:00:00,122.0,385.0
2017-02-07 04:00:00,122.0,384.0
2017-02-07 05:00:00,189.0,405.0
2017-02-07 06:00:00,558.0,623.0
2017-02-07 07:00:00,653.0,702.0
2017-02-07 08:00:00,647.0,701.0
2017-02-07 09:00:00,647.0,702.0
2017-02-07 10:00:00,647.0,701.0
2017-02-07 11:00:00,647.0,557.0
2017-02-07 12:00:00,647.0,157.0
2017-02-07 13:00:00,651.0,0.0
2017-02-07 14:00:00,667.0,0.0
2017-02-07 15:00:00,667.0,0.0
2017-02-07 16:00:00,667.0,0.0
2017-02-07 17:00:00,667.0,0.0
2017-02-07 18:00:00,666.0,0.0
2017-02-07 19:00:00,667.0,0.0
2017-02-07 20:00:00,645.0,0.0
2017-02-07 21:00:00,463.0,0.0
2017-02-07 22:00:00,375.0,0.0
2017-02-07 23:00:00,403.0,0.0
2017-02-08 00:00:00,313.0,0.0
2017-02-08 01:00:00,312.0,0.0
2017-02-08 02:00:00,313.0,0.0
2017-02-08 03:00:00,313.0,0.0
2017-02-08 04:00:00,312.0,0.0
2017-02-08 05:00:00,313.0,0.0
2017-02-08 06:00:00,341.0,0.0
2017-02-08 07:00:00,409.0,0.0
2017-02-08 08:00:00,649.0,280.0
2017-02-08 09:00:00,645.0,385.0
2017-02-08 10:00:00,647.0,553.0
2017-02-08 11:00:00,650.0,702.0
2017-02-08 12:00:00,649.0,703.0
2017-02-08 13:00:00,649.0,701.0
2017-02-08 14:00:00,647.0,702.0
2017-02-08 15:00:00,647.0,701.0
2017-02-08 16:00:00,646.0,699.0
2017-02-08 17:00:00,646.0,701.0
2017-02-08 18:00:00,646.0,700.0
2017-02-08 19:00:00,646.0,701.0
2017-02-08 20:00:00,646.0,700.0
2017-02-08 21:00:00,611.0,653.0
2017-02-08 22:00:00,328.0,402.0
2017-02-08 23:00:00,318.0,379.0
2017-02-09 00:00:00,568.0,472.0
2017-02-09 01:00:00,552.0,482.0
2017-02-09 02:00:00,555.0,595.0
2017-02-09 03:00:00,554.0,483.0
2017-02-09 04:00:00,379.0,411.0
2017-02-09 05:00:00,440.0,521.0
2017-02-09 06:00:00,643.0,699.0
2017-02-09 07:00:00,646.0,701.0
2017-02-09 08:00:00,646.0,701.0
2017-02-09 09:00:00,647.0,701.0
2017-02-09 10:00:00,646.0,700.0
2017-02-09 11:00:00,647.0,699.0
2017-02-09 12:00:00,647.0,694.0
2017-02-09 13:00:00,623.0,698.0
2017-02-09 14:00:00,448.0,697.0
2017-02-09 15:00:00,446.0,697.0
2017-02-09 16:00:00,446.0,696.0
2017-02-09 17:00:00,446.0,696.0
2017-02-09 18:00:00,446.0,695.0
2017-02-09 19:00:00,446.0,694.0
2017-02-09 20:00:00,446.0,695.0
2017-02-09 21:00:00,446.0,696.0
2017-02-09 22:00:00,369.0,578.0
2017-02-09 23:00:00,315.0,383.0
2017-02-10 00:00:00,233.0,380.0
2017-02-10 01:00:00,130.0,380.0
2017-02-10 02:00:00,120.0,380.0
2017-02-10 03:00:00,121.0,380.0
2017-02-10 04:00:00,120.0,380.0
2017-02-10 05:00:00,214.0,381.0
2017-02-10 06:00:00,522.0,494.0
2017-02-10 07:00:00,645.0,527.0
2017-02-10 08:00:00,640.0,526.0
2017-02-10 09:00:00,641.0,523.0
2017-02-10 10:00:00,641.0,525.0
2017-02-10 11:00:00,642.0,527.0
2017-02-10 12:00:00,641.0,537.0
2017-02-10 13:00:00,646.0,687.0
2017-02-10 14:00:00,646.0,700.0
2017-02-10 15:00:00,646.0,701.0
2017-02-10 16:00:00,646.0,701.0
2017-02-10 17:00:00,646.0,706.0
2017-02-10 18:00:00,646.0,706.0
2017-02-10 19:00:00,646.0,669.0
2017-02-10 20:00:00,646.0,494.0
2017-02-10 21:00:00,585.0,437.0
2017-02-10 22:00:00,481.0,436.0
2017-02-10 23:00:00,534.0,460.0
2017-02-11 00:00:00,166.0,185.0
2017-02-11 01:00:00,0.0,0.0
2017-02-11 02:00:00,0.0,0.0
2017-02-11 03:00:00,0.0,0.0
2017-02-11 04:00:00,0.0,0.0
2017-02-11 05:00:00,0.0,0.0
2017-02-11 06:00:00,0.0,0.0
2017-02-11 07:00:00,0.0,0.0
2017-02-11 08:00:00,0.0,0.0
2017-02-11 09:00:00,0.0,0.0
2017-02-11 10:00:00,0.0,0.0
2017-02-11 11:00:00,0.0,0.0
2017-02-11 12:00:00,0.0,0.0
2017-02-11 13:00:00,0.0,0.0
2017-02-11 14:00:00,0.0,0.0
2017-02-11 15:00:00,0.0,0.0
2017-02-11 16:00:00,,
2017-02-11 17:00:00,0.0,0.0
2017-02-11 18:00:00,0.0,0.0
2017-02-11 19:00:00,0.0,0.0
2017-02-11 20:00:00,0.0,0.0
2017-02-11 21:00:00,0.0,0.0
2017-02-11 22:00:00,0.0,0.0
2017-02-11 23:00:00,0.0,0.0
2017-02-12 00:00:00,0.0,0.0
2017-02-12 01:00:00,0.0,0.0
2017-02-12 02:00:00,0.0,0.0
2017-02-12 03:00:00,0.0,0.0
2017-02-12 04:00:00,0.0,0.0
2017-02-12 05:00:00,0.0,0.0
2017-02-12 06:00:00,0.0,0.0
2017-02-12 07:00:00,0.0,0.0
2017-02-12 08:00:00,0.0,0.0
2017-02-12 09:00:00,0.0,0.0
2017-02-12 10:00:00,0.0,0.0
2017-02-12 11:00:00,0.0,0.0
2017-02-12 12:00:00,0.0,0.0
2017-02-12 13:00:00,0.0,0.0
2017-02-12 14:00:00,0.0,0.0
2017-02-12 15:00:00,0.0,0.0
2017-02-12 16:00:00,,
2017-02-12 17:00:00,0.0,0.0
2017-02-12 18:00:00,0.0,0.0
2017-02-12 19:00:00,0.0,0.0
2017-02-12 20:00:00,,
2017-02-12 21:00:00,0.0,0.0
2017-02-12 22:00:00,0.0,0.0
2017-02-12 23:00:00,0.0,0.0
2017-02-13 00:00:00,0.0,0.0
2017-02-13 01:00:00,0.0,0.0
2017-02-13 02:00:00,0.0,0.0
2017-02-13 03:00:00,0.0,0.0
2017-02-13 04:00:00,237.0,0.0
2017-02-13 05:00:00,268.0,279.0
2017-02-13 06:00:00,328.0,347.0
2017-02-13 07:00:00,608.0,554.0
2017-02-13 08:00:00,647.0,702.0
2017-02-13 09:00:00,645.0,697.0
2017-02-13 10:00:00,646.0,697.0
2017-02-13 11:00:00,646.0,698.0
2017-02-13 12:00:00,598.0,630.0
2017-02-13 13:00:00,420.0,483.0
2017-02-13 14:00:00,433.0,480.0
2017-02-13 15:00:00,629.0,647.0
2017-02-13 16:00:00,,
2017-02-13 17:00:00,646.0,703.0
2017-02-13 18:00:00,646.0,701.0
2017-02-13 19:00:00,647.0,480.0
2017-02-13 20:00:00,525.0,395.0
2017-02-13 21:00:00,202.0,385.0
2017-02-13 22:00:00,119.0,380.0
2017-02-13 23:00:00,116.0,380.0
2017-02-14 00:00:00,117.0,380.0
2017-02-14 01:00:00,118.0,379.0
2017-02-14 02:00:00,117.0,379.0
2017-02-14 03:00:00,118.0,380.0
2017-02-14 04:00:00,118.0,398.0
2017-02-14 05:00:00,197.0,476.0
2017-02-14 06:00:00,488.0,558.0
2017-02-14 07:00:00,644.0,694.0
2017-02-14 08:00:00,644.0,700.0
2017-02-14 09:00:00,647.0,697.0
2017-02-14 10:00:00,606.0,612.0
2017-02-14 11:00:00,496.0,486.0
2017-02-14 12:00:00,425.0,480.0
2017-02-14 13:00:00,434.0,481.0
2017-02-14 14:00:00,421.0,481.0
2017-02-14 15:00:00,421.0,481.0
2017-02-14 16:00:00,,
2017-02-14 17:00:00,570.0,652.0
2017-02-14 18:00:00,573.0,706.0
2017-02-14 19:00:00,560.0,705.0
2017-02-14 20:00:00,444.0,533.0
2017-02-14 21:00:00,519.0,480.0
2017-02-14 22:00:00,437.0,431.0
2017-02-14 23:00:00,296.0,385.0
2017-02-15 00:00:00,134.0,384.0
2017-02-15 01:00:00,119.0,387.0
2017-02-15 02:00:00,115.0,384.0
2017-02-15 03:00:00,116.0,385.0
2017-02-15 04:00:00,116.0,385.0
2017-02-15 05:00:00,203.0,388.0
2017-02-15 06:00:00,559.0,594.0
2017-02-15 07:00:00,650.0,705.0
2017-02-15 08:00:00,648.0,707.0
2017-02-15 09:00:00,639.0,696.0
2017-02-15 10:00:00,382.0,429.0
2017-02-15 11:00:00,314.0,384.0
2017-02-15 12:00:00,330.0,383.0
2017-02-15 13:00:00,395.0,395.0
2017-02-15 14:00:00,637.0,637.0
2017-02-15 15:00:00,647.0,701.0
2017-02-15 16:00:00,,
2017-02-15 17:00:00,646.0,701.0
2017-02-15 18:00:00,645.0,701.0
2017-02-15 19:00:00,646.0,700.0
2017-02-15 20:00:00,646.0,701.0
2017-02-15 21:00:00,646.0,701.0
2017-02-15 22:00:00,485.0,632.0
2017-02-15 23:00:00,185.0,406.0
2017-02-16 00:00:00,124.0,389.0
2017-02-16 01:00:00,121.0,390.0
2017-02-16 02:00:00,119.0,390.0
2017-02-16 03:00:00,121.0,390.0
2017-02-16 04:00:00,125.0,390.0
2017-02-16 05:00:00,195.0,401.0
2017-02-16 06:00:00,504.0,493.0
2017-02-16 07:00:00,636.0,603.0
2017-02-16 08:00:00,648.0,619.0
2017-02-16 09:00:00,572.0,545.0
2017-02-16 10:00:00,299.0,384.0
2017-02-16 11:00:00,0.0,384.0
2017-02-16 12:00:00,0.0,381.0
2017-02-16 13:00:00,0.0,381.0
2017-02-16 14:00:00,0.0,385.0
2017-02-16 15:00:00,0.0,545.0
2017-02-16 16:00:00,0.0,678.0
2017-02-16 17:00:00,0.0,699.0
2017-02-16 18:00:00,0.0,695.0
2017-02-16 19:00:00,0.0,695.0
2017-02-16 20:00:00,0.0,631.0
2017-02-16 21:00:00,0.0,394.0
2017-02-16 22:00:00,0.0,382.0
2017-02-16 23:00:00,0.0,380.0
2017-02-17 00:00:00,0.0,379.0
2017-02-17 01:00:00,0.0,384.0
2017-02-17 02:00:00,0.0,382.0
2017-02-17 03:00:00,0.0,383.0
2017-02-17 04:00:00,0.0,382.0
2017-02-17 05:00:00,0.0,385.0
2017-02-17 06:00:00,0.0,606.0
2017-02-17 07:00:00,0.0,705.0
2017-02-17 08:00:00,0.0,707.0
2017-02-17 09:00:00,0.0,706.0
2017-02-17 10:00:00,0.0,706.0
2017-02-17 11:00:00,0.0,706.0
2017-02-17 12:00:00,0.0,706.0
2017-02-17 13:00:00,0.0,707.0
2017-02-17 14:00:00,0.0,706.0
2017-02-17 15:00:00,0.0,706.0
2017-02-17 16:00:00,0.0,705.0
2017-02-17 17:00:00,0.0,704.0
2017-02-17 18:00:00,0.0,703.0
2017-02-17 19:00:00,0.0,586.0
2017-02-17 20:00:00,0.0,650.0
2017-02-17 21:00:00,0.0,405.0
2017-02-17 22:00:00,0.0,18.0
2017-02-17 23:00:00,0.0,0.0
2017-02-18 00:00:00,0.0,0.0
2017-02-18 01:00:00,0.0,0.0
2017-02-18 02:00:00,0.0,0.0
2017-02-18 03:00:00,0.0,0.0
2017-02-18 04:00:00,0.0,0.0
2017-02-18 05:00:00,0.0,0.0
2017-02-18 06:00:00,0.0,0.0
2017-02-18 07:00:00,0.0,0.0
2017-02-18 08:00:00,0.0,0.0
2017-02-18 09:00:00,0.0,0.0
2017-02-18 10:00:00,0.0,0.0
2017-02-18 11:00:00,0.0,0.0
2017-02-18 12:00:00,0.0,0.0
2017-02-18 13:00:00,0.0,0.0
2017-02-18 14:00:00,0.0,0.0
2017-02-18 15:00:00,0.0,0.0
2017-02-18 16:00:00,0.0,0.0
2017-02-18 17:00:00,0.0,0.0
2017-02-18 18:00:00,0.0,0.0
2017-02-18 19:00:00,0.0,0.0
2017-02-18 20:00:00,0.0,0.0
2017-02-18 21:00:00,0.0,0.0
2017-02-18 22:00:00,0.0,0.0
2017-02-18 23:00:00,0.0,0.0
2017-02-19 00:00:00,0.0,0.0
2017-02-19 01:00:00,0.0,0.0
2017-02-19 02:00:00,0.0,0.0
2017-02-19 03:00:00,0.0,0.0
2017-02-19 04:00:00,0.0,0.0
2017-02-19 05:00:00,0.0,0.0
2017-02-19 06:00:00,0.0,0.0
2017-02-19 07:00:00,0.0,0.0
2017-02-19 08:00:00,0.0,0.0
2017-02-19 09:00:00,0.0,0.0
2017-02-19 10:00:00,0.0,0.0
2017-02-19 11:00:00,0.0,0.0
2017-02-19 12:00:00,0.0,0.0
2017-02-19 13:00:00,0.0,0.0
2017-02-19 14:00:00,0.0,0.0
2017-02-19 15:00:00,0.0,0.0
2017-02-19 16:00:00,0.0,0.0
2017-02-19 17:00:00,0.0,0.0
2017-02-19 18:00:00,0.0,0.0
2017-02-19 19:00:00,0.0,0.0
2017-02-19 20:00:00,0.0,0.0
2017-02-19 21:00:00,0.0,0.0
2017-02-19 22:00:00,0.0,0.0
2017-02-19 23:00:00,0.0,0.0
2017-02-20 00:00:00,0.0,0.0
2017-02-20 01:00:00,0.0,0.0
2017-02-20 02:00:00,0.0,0.0
2017-02-20 03:00:00,0.0,0.0
2017-02-20 04:00:00,0.0,0.0
2017-02-20 05:00:00,0.0,0.0
2017-02-20 06:00:00,0.0,0.0
2017-02-20 07:00:00,0.0,0.0
2017-02-20 08:00:00,0.0,0.0
2017-02-20 09:00:00,0.0,0.0
2017-02-20 10:00:00,0.0,0.0
2017-02-20 11:00:00,0.0,0.0
2017-02-20 12:00:00,0.0,0.0
2017-02-20 13:00:00,0.0,0.0
2017-02-20 14:00:00,0.0,0.0
2017-02-20 15:00:00,0.0,0.0
2017-02-20 16:00:00,0.0,0.0
2017-02-20 17:00:00,0.0,0.0
2017-02-20 18:00:00,0.0,0.0
2017-02-20 19:00:00,0.0,0.0
2017-02-20 20:00:00,0.0,0.0
2017-02-20 21:00:00,0.0,0.0
2017-02-20 22:00:00,0.0,0.0
2017-02-20 23:00:00,0.0,0.0
2017-02-21 00:00:00,0.0,0.0
2017-02-21 01:00:00,0.0,0.0
2017-02-21 02:00:00,0.0,0.0
2017-02-21 03:00:00,0.0,0.0
2017-02-21 04:00:00,0.0,0.0
2017-02-21 05:00:00,0.0,0.0
2017-02-21 06:00:00,0.0,0.0
2017-02-21 07:00:00,0.0,0.0
2017-02-21 08:00:00,0.0,0.0
2017-02-21 09:00:00,0.0,0.0
2017-02-21 10:00:00,0.0,0.0
2017-02-21 11:00:00,0.0,0.0
2017-02-21 12:00:00,0.0,0.0
2017-02-21 13:00:00,0.0,0.0
2017-02-21 14:00:00,0.0,0.0
2017-02-21 15:00:00,0.0,0.0
2017-02-21 16:00:00,0.0,0.0
2017-02-21 17:00:00,0.0,0.0
2017-02-21 18:00:00,0.0,0.0
2017-02-21 19:00:00,0.0,0.0
2017-02-21 20:00:00,0.0,0.0
2017-02-21 21:00:00,0.0,0.0
2017-02-21 22:00:00,0.0,0.0
2017-02-21 23:00:00,0.0,0.0
2017-02-22 00:00:00,0.0,0.0
2017-02-22 01:00:00,0.0,0.0
2017-02-22 02:00:00,0.0,0.0
2017-02-22 03:00:00,0.0,0.0
2017-02-22 04:00:00,0.0,0.0
2017-02-22 05:00:00,0.0,0.0
2017-02-22 06:00:00,0.0,0.0
2017-02-22 07:00:00,0.0,0.0
2017-02-22 08:00:00,0.0,0.0
2017-02-22 09:00:00,0.0,0.0
2017-02-22 10:00:00,0.0,0.0
2017-02-22 11:00:00,0.0,0.0
2017-02-22 12:00:00,0.0,0.0
2017-02-22 13:00:00,0.0,0.0
2017-02-22 14:00:00,0.0,0.0
2017-02-22 15:00:00,0.0,0.0
2017-02-22 16:00:00,0.0,0.0
2017-02-22 17:00:00,0.0,0.0
2017-02-22 18:00:00,0.0,0.0
2017-02-22 19:00:00,0.0,0.0
2017-02-22 20:00:00,0.0,0.0
2017-02-22 21:00:00,0.0,0.0
2017-02-22 22:00:00,0.0,0.0
2017-02-22 23:00:00,0.0,0.0
2017-02-23 00:00:00,0.0,0.0
2017-02-23 01:00:00,0.0,0.0
2017-02-23 02:00:00,0.0,0.0
2017-02-23 03:00:00,0.0,0.0
2017-02-23 04:00:00,0.0,0.0
2017-02-23 05:00:00,0.0,0.0
2017-02-23 06:00:00,0.0,0.0
2017-02-23 07:00:00,0.0,0.0
2017-02-23 08:00:00,0.0,0.0
2017-02-23 09:00:00,0.0,0.0
2017-02-23 10:00:00,0.0,0.0
2017-02-23 11:00:00,0.0,0.0
2017-02-23 12:00:00,0.0,0.0
2017-02-23 13:00:00,0.0,0.0
2017-02-23 14:00:00,0.0,0.0
2017-02-23 15:00:00,0.0,0.0
2017-02-23 16:00:00,0.0,0.0
2017-02-23 17:00:00,0.0,0.0
2017-02-23 18:00:00,0.0,0.0
2017-02-23 19:00:00,0.0,0.0
2017-02-23 20:00:00,0.0,0.0
2017-02-23 21:00:00,0.0,0.0
2017-02-23 22:00:00,0.0,0.0
2017-02-23 23:00:00,0.0,0.0
2017-02-24 00:00:00,0.0,0.0
2017-02-24 01:00:00,0.0,0.0
2017-02-24 02:00:00,0.0,0.0
2017-02-24 03:00:00,0.0,0.0
2017-02-24 04:00:00,0.0,0.0
2017-02-24 05:00:00,0.0,0.0
2017-02-24 06:00:00,0.0,0.0
2017-02-24 07:00:00,0.0,0.0
2017-02-24 08:00:00,0.0,0.0
2017-02-24 09:00:00,0.0,0.0
2017-02-24 10:00:00,0.0,0.0
2017-02-24 11:00:00,0.0,0.0
2017-02-24 12:00:00,0.0,0.0
2017-02-24 13:00:00,0.0,0.0
2017-02-24 14:00:00,0.0,0.0
2017-02-24 15:00:00,0.0,0.0
2017-02-24 16:00:00,0.0,0.0
2017-02-24 17:00:00,0.0,0.0
2017-02-24 18:00:00,0.0,0.0
2017-02-24 19:00:00,0.0,0.0
2017-02-24 20:00:00,0.0,0.0
2017-02-24 21:00:00,0.0,0.0
2017-02-24 22:00:00,0.0,0.0
2017-02-24 23:00:00,0.0,0.0
2017-02-25 00:00:00,0.0,0.0
2017-02-25 01:00:00,0.0,0.0
2017-02-25 02:00:00,0.0,0.0
2017-02-25 03:00:00,0.0,0.0
2017-02-25 04:00:00,0.0,0.0
2017-02-25 05:00:00,0.0,0.0
2017-02-25 06:00:00,0.0,0.0
2017-02-25 07:00:00,0.0,0.0
2017-02-25 08:00:00,0.0,0.0
2017-02-25 09:00:00,0.0,0.0
2017-02-25 10:00:00,0.0,0.0
2017-02-25 11:00:00,0.0,0.0
2017-02-25 12:00:00,0.0,0.0
2017-02-25 13:00:00,0.0,0.0
2017-02-25 14:00:00,0.0,0.0
2017-02-25 15:00:00,0.0,0.0
2017-02-25 16:00:00,0.0,0.0
2017-02-25 17:00:00,0.0,0.0
2017-02-25 18:00:00,0.0,0.0
2017-02-25 19:00:00,0.0,0.0
2017-02-25 20:00:00,0.0,0.0
2017-02-25 21:00:00,0.0,0.0
2017-02-25 22:00:00,0.0,0.0
2017-02-25 23:00:00,0.0,0.0
2017-02-26 00:00:00,0.0,0.0
2017-02-26 01:00:00,0.0,0.0
2017-02-26 02:00:00,0.0,0.0
2017-02-26 03:00:00,0.0,0.0
2017-02-26 04:00:00,0.0,0.0
2017-02-26 05:00:00,0.0,0.0
2017-02-26 06:00:00,0.0,0.0
2017-02-26 07:00:00,0.0,0.0
2017-02-26 08:00:00,0.0,0.0
2017-02-26 09:00:00,0.0,0.0
2017-02-26 10:00:00,0.0,0.0
2017-02-26 11:00:00,0.0,0.0
2017-02-26 12:00:00,0.0,0.0
2017-02-26 13:00:00,0.0,0.0
2017-02-26 14:00:00,0.0,0.0
2017-02-26 15:00:00,0.0,0.0
2017-02-26 16:00:00,0.0,0.0
2017-02-26 17:00:00,0.0,0.0
2017-02-26 18:00:00,0.0,0.0
2017-02-26 19:00:00,0.0,0.0
2017-02-26 20:00:00,0.0,0.0
2017-02-26 21:00:00,0.0,0.0
2017-02-26 22:00:00,0.0,0.0
2017-02-26 23:00:00,0.0,0.0
2017-02-27 00:00:00,0.0,0.0
2017-02-27 01:00:00,0.0,0.0
2017-02-27 02:00:00,0.0,0.0
2017-02-27 03:00:00,0.0,0.0
2017-02-27 04:00:00,0.0,0.0
2017-02-27 05:00:00,0.0,0.0
2017-02-27 06:00:00,0.0,0.0
2017-02-27 07:00:00,0.0,0.0
2017-02-27 08:00:00,0.0,0.0
2017-02-27 09:00:00,0.0,0.0
2017-02-27 10:00:00,0.0,0.0
2017-02-27 11:00:00,0.0,0.0
2017-02-27 12:00:00,0.0,0.0
2017-02-27 13:00:00,0.0,0.0
2017-02-27 14:00:00,0.0,0.0
2017-02-27 15:00:00,0.0,0.0
2017-02-27 16:00:00,0.0,0.0
2017-02-27 17:00:00,0.0,0.0
2017-02-27 18:00:00,0.0,0.0
2017-02-27 19:00:00,0.0,0.0
2017-02-27 20:00:00,0.0,0.0
2017-02-27 21:00:00,0.0,0.0
2017-02-27 22:00:00,0.0,0.0
2017-02-27 23:00:00,0.0,0.0
2017-02-28 00:00:00,0.0,0.0
2017-02-28 01:00:00,0.0,0.0
2017-02-28 02:00:00,0.0,0.0
2017-02-28 03:00:00,0.0,0.0
2017-02-28 04:00:00,0.0,0.0
2017-02-28 05:00:00,0.0,0.0
2017-02-28 06:00:00,0.0,0.0
2017-02-28 07:00:00,0.0,0.0
2017-02-28 08:00:00,0.0,0.0
2017-02-28 09:00:00,0.0,0.0
2017-02-28 10:00:00,0.0,0.0
2017-02-28 11:00:00,0.0,0.0
2017-02-28 12:00:00,0.0,0.0
2017-02-28 13:00:00,0.0,0.0
2017-02-28 14:00:00,0.0,0.0
2017-02-28 15:00:00,0.0,0.0
2017-02-28 16:00:00,0.0,0.0
2017-02-28 17:00:00,0.0,0.0
2017-02-28 18:00:00,0.0,0.0
2017-02-28 19:00:00,0.0,0.0
2017-02-28 20:00:00,0.0,0.0
2017-02-28 21:00:00,0.0,0.0
2017-02-28 22:00:00,0.0,0.0
2017-02-28 23:00:00,0.0,0.0
2017-03-01 00:00:00,0.0,0.0
2017-03-01 01:00:00,0.0,0.0
2017-03-01 02:00:00,0.0,0.0
2017-03-01 03:00:00,0.0,0.0
2017-03-01 04:00:00,0.0,0.0
2017-03-01 05:00:00,0.0,0.0
2017-03-01 06:00:00,0.0,0.0
2017-03-01 07:00:00,0.0,0.0
2017-03-01 08:00:00,0.0,0.0
2017-03-01 09:00:00,0.0,0.0
2017-03-01 10:00:00,0.0,0.0
2017-03-01 11:00:00,0.0,0.0
2017-03-01 12:00:00,0.0,0.0
2017-03-01 13:00:00,0.0,0.0
2017-03-01 14:00:00,0.0,0.0
2017-03-01 15:00:00,0.0,0.0
2017-03-01 16:00:00,0.0,0.0
2017-03-01 17:00:00,0.0,0.0
2017-03-01 18:00:00,0.0,0.0
2017-03-01 19:00:00,0.0,0.0
2017-03-01 20:00:00,0.0,0.0
2017-03-01 21:00:00,0.0,0.0
2017-03-01 22:00:00,0.0,0.0
2017-03-01 23:00:00,0.0,0.0
2017-03-02 00:00:00,0.0,0.0
2017-03-02 01:00:00,0.0,0.0
2017-03-02 02:00:00,0.0,0.0
2017-03-02 03:00:00,0.0,0.0
2017-03-02 04:00:00,0.0,0.0
2017-03-02 05:00:00,0.0,0.0
2017-03-02 06:00:00,0.0,0.0
2017-03-02 07:00:00,0.0,0.0
2017-03-02 08:00:00,0.0,0.0
2017-03-02 09:00:00,0.0,0.0
2017-03-02 10:00:00,0.0,0.0
2017-03-02 11:00:00,0.0,0.0
2017-03-02 12:00:00,0.0,0.0
2017-03-02 13:00:00,0.0,0.0
2017-03-02 14:00:00,0.0,0.0
2017-03-02 15:00:00,0.0,0.0
2017-03-02 16:00:00,0.0,0.0
2017-03-02 17:00:00,0.0,0.0
2017-03-02 18:00:00,0.0,0.0
2017-03-02 19:00:00,0.0,0.0
2017-03-02 20:00:00,0.0,0.0
2017-03-02 21:00:00,0.0,0.0
2017-03-02 22:00:00,0.0,0.0
2017-03-02 23:00:00,0.0,0.0
2017-03-03 00:00:00,0.0,0.0
2017-03-03 01:00:00,0.0,0.0
2017-03-03 02:00:00,0.0,0.0
2017-03-03 03:00:00,0.0,0.0
2017-03-03 04:00:00,0.0,0.0
2017-03-03 05:00:00,0.0,0.0
2017-03-03 06:00:00,0.0,0.0
2017-03-03 07:00:00,0.0,0.0
2017-03-03 08:00:00,0.0,0.0
2017-03-03 09:00:00,0.0,0.0
2017-03-03 10:00:00,0.0,0.0
2017-03-03 11:00:00,0.0,0.0
2017-03-03 12:00:00,0.0,0.0
2017-03-03 13:00:00,0.0,0.0
2017-03-03 14:00:00,0.0,0.0
2017-03-03 15:00:00,0.0,0.0
2017-03-03 16:00:00,0.0,0.0
2017-03-03 17:00:00,0.0,0.0
2017-03-03 18:00:00,0.0,0.0
2017-03-03 19:00:00,0.0,0.0
2017-03-03 20:00:00,0.0,0.0
2017-03-03 21:00:00,0.0,0.0
2017-03-03 22:00:00,0.0,0.0
2017-03-03 23:00:00,0.0,0.0
2017-03-04 00:00:00,0.0,0.0
2017-03-04 01:00:00,0.0,0.0
2017-03-04 02:00:00,0.0,0.0
2017-03-04 03:00:00,0.0,0.0
2017-03-04 04:00:00,0.0,0.0
2017-03-04 05:00:00,0.0,0.0
2017-03-04 06:00:00,0.0,0.0
2017-03-04 07:00:00,0.0,0.0
2017-03-04 08:00:00,0.0,0.0
2017-03-04 09:00:00,0.0,0.0
2017-03-04 10:00:00,0.0,0.0
2017-03-04 11:00:00,0.0,0.0
2017-03-04 12:00:00,0.0,0.0
2017-03-04 13:00:00,0.0,0.0
2017-03-04 14:00:00,0.0,0.0
2017-03-04 15:00:00,0.0,0.0
2017-03-04 16:00:00,0.0,0.0
2017-03-04 17:00:00,0.0,0.0
2017-03-04 18:00:00,0.0,0.0
2017-03-04 19:00:00,0.0,0.0
2017-03-04 20:00:00,0.0,0.0
2017-03-04 21:00:00,0.0,0.0
2017-03-04 22:00:00,0.0,0.0
2017-03-04 23:00:00,0.0,0.0
2017-03-05 00:00:00,0.0,0.0
2017-03-05 01:00:00,0.0,0.0
2017-03-05 02:00:00,0.0,0.0
2017-03-05 03:00:00,0.0,0.0
2017-03-05 04:00:00,0.0,0.0
2017-03-05 05:00:00,0.0,0.0
2017-03-05 06:00:00,0.0,0.0
2017-03-05 07:00:00,0.0,0.0
2017-03-05 08:00:00,0.0,0.0
2017-03-05 09:00:00,0.0,0.0
2017-03-05 10:00:00,0.0,0.0
2017-03-05 11:00:00,0.0,0.0
2017-03-05 12:00:00,0.0,0.0
2017-03-05 13:00:00,0.0,0.0
2017-03-05 14:00:00,0.0,0.0
2017-03-05 15:00:00,0.0,0.0
2017-03-05 16:00:00,0.0,0.0
2017-03-05 17:00:00,0.0,0.0
2017-03-05 18:00:00,0.0,0.0
2017-03-05 19:00:00,0.0,0.0
2017-03-05 20:00:00,0.0,0.0
2017-03-05 21:00:00,0.0,0.0
2017-03-05 22:00:00,0.0,0.0
2017-03-05 23:00:00,0.0,0.0
2017-03-06 00:00:00,0.0,0.0
2017-03-06 01:00:00,0.0,0.0
2017-03-06 02:00:00,0.0,0.0
2017-03-06 03:00:00,0.0,0.0
2017-03-06 04:00:00,0.0,0.0
2017-03-06 05:00:00,16.0,21.0
2017-03-06 06:00:00,137.0,102.0
2017-03-06 07:00:00,257.0,300.0
2017-03-06 08:00:00,351.0,307.0
2017-03-06 09:00:00,569.0,462.0
2017-03-06 10:00:00,633.0,650.0
2017-03-06 11:00:00,650.0,627.0
2017-03-06 12:00:00,594.0,665.0
2017-03-06 13:00:00,485.0,682.0
2017-03-06 14:00:00,486.0,691.0
2017-03-06 15:00:00,610.0,627.0
2017-03-06 16:00:00,505.0,544.0
2017-03-06 17:00:00,475.0,516.0
2017-03-06 18:00:00,660.0,633.0
2017-03-06 19:00:00,619.0,687.0
2017-03-06 20:00:00,334.0,426.0
2017-03-06 21:00:00,151.0,357.0
2017-03-06 22:00:00,126.0,358.0
2017-03-06 23:00:00,124.0,359.0
2017-03-07 00:00:00,124.0,359.0
2017-03-07 01:00:00,123.0,359.0
2017-03-07 02:00:00,124.0,359.0
2017-03-07 03:00:00,124.0,360.0
2017-03-07 04:00:00,125.0,361.0
2017-03-07 05:00:00,160.0,396.0
2017-03-07 06:00:00,490.0,645.0
2017-03-07 07:00:00,663.0,717.0
2017-03-07 08:00:00,662.0,711.0
2017-03-07 09:00:00,662.0,711.0
2017-03-07 10:00:00,662.0,712.0
2017-03-07 11:00:00,663.0,712.0
2017-03-07 12:00:00,663.0,711.0
2017-03-07 13:00:00,663.0,711.0
2017-03-07 14:00:00,661.0,711.0
2017-03-07 15:00:00,663.0,712.0
2017-03-07 16:00:00,662.0,712.0
2017-03-07 17:00:00,661.0,711.0
2017-03-07 18:00:00,662.0,711.0
2017-03-07 19:00:00,662.0,711.0
2017-03-07 20:00:00,661.0,711.0
2017-03-07 21:00:00,660.0,710.0
2017-03-07 22:00:00,604.0,634.0
2017-03-07 23:00:00,299.0,308.0
2017-03-08 00:00:00,1.0,0.0
2017-03-08 01:00:00,0.0,0.0
2017-03-08 02:00:00,0.0,0.0
2017-03-08 03:00:00,0.0,0.0
2017-03-08 04:00:00,0.0,0.0
2017-03-08 05:00:00,0.0,0.0
2017-03-08 06:00:00,0.0,0.0
2017-03-08 07:00:00,0.0,0.0
2017-03-08 08:00:00,0.0,0.0
2017-03-08 09:00:00,0.0,0.0
2017-03-08 10:00:00,0.0,0.0
2017-03-08 11:00:00,0.0,0.0
2017-03-08 12:00:00,0.0,0.0
2017-03-08 13:00:00,0.0,0.0
2017-03-08 14:00:00,0.0,0.0
2017-03-08 15:00:00,0.0,0.0
2017-03-08 16:00:00,0.0,0.0
2017-03-08 17:00:00,0.0,0.0
2017-03-08 18:00:00,0.0,0.0
2017-03-08 19:00:00,0.0,0.0
2017-03-08 20:00:00,0.0,0.0
2017-03-08 21:00:00,0.0,0.0
2017-03-08 22:00:00,0.0,0.0
2017-03-08 23:00:00,0.0,0.0
2017-03-09 00:00:00,0.0,0.0
2017-03-09 01:00:00,0.0,0.0
2017-03-09 02:00:00,0.0,0.0
2017-03-09 03:00:00,0.0,0.0
2017-03-09 04:00:00,195.0,0.0
2017-03-09 05:00:00,289.0,0.0
2017-03-09 06:00:00,314.0,0.0
2017-03-09 07:00:00,597.0,0.0
2017-03-09 08:00:00,663.0,0.0
2017-03-09 09:00:00,666.0,0.0
2017-03-09 10:00:00,669.0,0.0
2017-03-09 11:00:00,667.0,0.0
2017-03-09 12:00:00,668.0,0.0
2017-03-09 13:00:00,669.0,0.0
2017-03-09 14:00:00,450.0,0.0
2017-03-09 15:00:00,183.0,0.0
2017-03-09 16:00:00,0.0,0.0
2017-03-09 17:00:00,0.0,0.0
2017-03-09 18:00:00,0.0,0.0
2017-03-09 19:00:00,0.0,0.0
2017-03-09 20:00:00,0.0,0.0
2017-03-09 21:00:00,0.0,0.0
2017-03-09 22:00:00,0.0,0.0
2017-03-09 23:00:00,0.0,0.0
2017-03-10 00:00:00,0.0,0.0
2017-03-10 01:00:00,0.0,0.0
2017-03-10 02:00:00,0.0,0.0
2017-03-10 03:00:00,0.0,0.0
2017-03-10 04:00:00,0.0,0.0
2017-03-10 05:00:00,0.0,0.0
2017-03-10 06:00:00,0.0,0.0
2017-03-10 07:00:00,0.0,0.0
2017-03-10 08:00:00,0.0,0.0
2017-03-10 09:00:00,0.0,0.0
2017-03-10 10:00:00,0.0,0.0
2017-03-10 11:00:00,0.0,0.0
2017-03-10 12:00:00,0.0,0.0
2017-03-10 13:00:00,0.0,0.0
2017-03-10 14:00:00,0.0,0.0
2017-03-10 15:00:00,0.0,0.0
2017-03-10 16:00:00,102.0,0.0
2017-03-10 17:00:00,287.0,0.0
2017-03-10 18:00:00,395.0,0.0
2017-03-10 19:00:00,663.0,0.0
2017-03-10 20:00:00,653.0,0.0
2017-03-10 21:00:00,554.0,0.0
2017-03-10 22:00:00,338.0,0.0
2017-03-10 23:00:00,291.0,0.0
2017-03-11 00:00:00,66.0,0.0
2017-03-11 01:00:00,0.0,0.0
2017-03-11 02:00:00,0.0,0.0
2017-03-11 03:00:00,0.0,0.0
2017-03-11 04:00:00,0.0,0.0
2017-03-11 05:00:00,0.0,0.0
2017-03-11 06:00:00,0.0,0.0
2017-03-11 07:00:00,0.0,0.0
2017-03-11 08:00:00,0.0,0.0
2017-03-11 09:00:00,0.0,0.0
2017-03-11 10:00:00,0.0,0.0
2017-03-11 11:00:00,0.0,0.0
2017-03-11 12:00:00,0.0,0.0
2017-03-11 13:00:00,0.0,0.0
2017-03-11 14:00:00,0.0,0.0
2017-03-11 15:00:00,0.0,0.0
2017-03-11 16:00:00,0.0,0.0
2017-03-11 17:00:00,0.0,0.0
2017-03-11 18:00:00,0.0,0.0
2017-03-11 19:00:00,0.0,0.0
2017-03-11 20:00:00,0.0,0.0
2017-03-11 21:00:00,0.0,0.0
2017-03-11 22:00:00,0.0,0.0
2017-03-11 23:00:00,0.0,0.0
2017-03-12 00:00:00,0.0,0.0
2017-03-12 01:00:00,0.0,0.0
2017-03-12 02:00:00,0.0,0.0
2017-03-12 03:00:00,0.0,0.0
2017-03-12 04:00:00,0.0,0.0
2017-03-12 05:00:00,0.0,0.0
2017-03-12 06:00:00,0.0,0.0
2017-03-12 07:00:00,0.0,0.0
2017-03-12 08:00:00,0.0,0.0
2017-03-12 09:00:00,0.0,0.0
2017-03-12 10:00:00,0.0,0.0
2017-03-12 11:00:00,0.0,0.0
2017-03-12 12:00:00,0.0,0.0
2017-03-12 13:00:00,0.0,0.0
2017-03-12 14:00:00,0.0,0.0
2017-03-12 15:00:00,0.0,0.0
2017-03-12 16:00:00,0.0,0.0
2017-03-12 17:00:00,0.0,0.0
2017-03-12 18:00:00,0.0,0.0
2017-03-12 19:00:00,0.0,0.0
2017-03-12 20:00:00,0.0,0.0
2017-03-12 21:00:00,0.0,0.0
2017-03-12 22:00:00,0.0,0.0
2017-03-12 23:00:00,0.0,0.0
2017-03-13 00:00:00,0.0,0.0
2017-03-13 01:00:00,0.0,0.0
2017-03-13 02:00:00,0.0,0.0
2017-03-13 03:00:00,96.0,0.0
2017-03-13 04:00:00,274.0,167.0
2017-03-13 05:00:00,306.0,316.0
2017-03-13 06:00:00,584.0,319.0
2017-03-13 07:00:00,638.0,530.0
2017-03-13 08:00:00,644.0,701.0
2017-03-13 09:00:00,646.0,701.0
2017-03-13 10:00:00,641.0,690.0
2017-03-13 11:00:00,506.0,512.0
2017-03-13 12:00:00,420.0,480.0
2017-03-13 13:00:00,429.0,481.0
2017-03-13 14:00:00,618.0,539.0
2017-03-13 15:00:00,646.0,652.0
2017-03-13 16:00:00,644.0,690.0
2017-03-13 17:00:00,644.0,700.0
2017-03-13 18:00:00,645.0,700.0
2017-03-13 19:00:00,646.0,700.0
2017-03-13 20:00:00,646.0,700.0
2017-03-13 21:00:00,644.0,704.0
2017-03-13 22:00:00,583.0,532.0
2017-03-13 23:00:00,309.0,383.0
2017-03-14 00:00:00,181.0,379.0
2017-03-14 01:00:00,122.0,380.0
2017-03-14 02:00:00,121.0,384.0
2017-03-14 03:00:00,121.0,381.0
2017-03-14 04:00:00,131.0,385.0
2017-03-14 05:00:00,373.0,479.0
2017-03-14 06:00:00,642.0,654.0
2017-03-14 07:00:00,646.0,706.0
2017-03-14 08:00:00,646.0,706.0
2017-03-14 09:00:00,646.0,705.0
2017-03-14 10:00:00,646.0,706.0
2017-03-14 11:00:00,639.0,696.0
2017-03-14 12:00:00,435.0,501.0
2017-03-14 13:00:00,427.0,467.0
2017-03-14 14:00:00,437.0,482.0
2017-03-14 15:00:00,421.0,481.0
2017-03-14 16:00:00,523.0,534.0
2017-03-14 17:00:00,647.0,696.0
2017-03-14 18:00:00,647.0,702.0
2017-03-14 19:00:00,616.0,658.0
2017-03-14 20:00:00,339.0,420.0
2017-03-14 21:00:00,314.0,380.0
2017-03-14 22:00:00,206.0,381.0
2017-03-14 23:00:00,150.0,382.0
2017-03-15 00:00:00,156.0,383.0
2017-03-15 01:00:00,155.0,384.0
2017-03-15 02:00:00,155.0,382.0
2017-03-15 03:00:00,158.0,383.0
2017-03-15 04:00:00,157.0,381.0
2017-03-15 05:00:00,218.0,382.0
2017-03-15 06:00:00,536.0,513.0
2017-03-15 07:00:00,648.0,657.0
2017-03-15 08:00:00,647.0,701.0
2017-03-15 09:00:00,640.0,667.0
2017-03-15 10:00:00,490.0,494.0
2017-03-15 11:00:00,458.0,481.0
2017-03-15 12:00:00,383.0,481.0
2017-03-15 13:00:00,318.0,481.0
2017-03-15 14:00:00,319.0,350.0
2017-03-15 15:00:00,334.0,391.0
2017-03-15 16:00:00,591.0,559.0
2017-03-15 17:00:00,647.0,704.0
2017-03-15 18:00:00,602.0,705.0
2017-03-15 19:00:00,312.0,702.0
2017-03-15 20:00:00,0.0,705.0
2017-03-15 21:00:00,0.0,704.0
2017-03-15 22:00:00,0.0,697.0
2017-03-15 23:00:00,0.0,481.0
2017-03-16 00:00:00,0.0,385.0
2017-03-16 01:00:00,0.0,382.0
2017-03-16 02:00:00,0.0,382.0
2017-03-16 03:00:00,0.0,382.0
2017-03-16 04:00:00,0.0,381.0
2017-03-16 05:00:00,0.0,395.0
2017-03-16 06:00:00,0.0,582.0
2017-03-16 07:00:00,0.0,607.0
2017-03-16 08:00:00,0.0,607.0
2017-03-16 09:00:00,0.0,607.0
2017-03-16 10:00:00,0.0,535.0
2017-03-16 11:00:00,0.0,480.0
2017-03-16 12:00:00,0.0,481.0
2017-03-16 13:00:00,0.0,480.0
2017-03-16 14:00:00,0.0,481.0
2017-03-16 15:00:00,0.0,481.0
2017-03-16 16:00:00,0.0,511.0
2017-03-16 17:00:00,0.0,693.0
2017-03-16 18:00:00,0.0,706.0
2017-03-16 19:00:00,0.0,706.0
2017-03-16 20:00:00,0.0,705.0
2017-03-16 21:00:00,0.0,708.0
2017-03-16 22:00:00,0.0,576.0
2017-03-16 23:00:00,0.0,334.0
2017-03-17 00:00:00,0.0,58.0
2017-03-17 01:00:00,0.0,0.0
2017-03-17 02:00:00,0.0,0.0
2017-03-17 03:00:00,0.0,0.0
2017-03-17 04:00:00,0.0,0.0
2017-03-17 05:00:00,0.0,0.0
2017-03-17 06:00:00,0.0,0.0
2017-03-17 07:00:00,0.0,0.0
2017-03-17 08:00:00,0.0,0.0
2017-03-17 09:00:00,0.0,0.0
2017-03-17 10:00:00,0.0,0.0
2017-03-17 11:00:00,0.0,0.0
2017-03-17 12:00:00,0.0,0.0
2017-03-17 13:00:00,0.0,0.0
2017-03-17 14:00:00,0.0,0.0
2017-03-17 15:00:00,0.0,0.0
2017-03-17 16:00:00,0.0,0.0
2017-03-17 17:00:00,0.0,0.0
2017-03-17 18:00:00,0.0,0.0
2017-03-17 19:00:00,0.0,0.0
2017-03-17 20:00:00,0.0,0.0
2017-03-17 21:00:00,0.0,0.0
2017-03-17 22:00:00,0.0,0.0
2017-03-17 23:00:00,0.0,0.0
2017-03-18 00:00:00,0.0,0.0
2017-03-18 01:00:00,0.0,0.0
2017-03-18 02:00:00,0.0,0.0
2017-03-18 03:00:00,0.0,0.0
2017-03-18 04:00:00,0.0,0.0
2017-03-18 05:00:00,0.0,0.0
2017-03-18 06:00:00,0.0,0.0
2017-03-18 07:00:00,0.0,0.0
2017-03-18 08:00:00,0.0,0.0
2017-03-18 09:00:00,0.0,0.0
2017-03-18 10:00:00,0.0,0.0
2017-03-18 11:00:00,0.0,0.0
2017-03-18 12:00:00,0.0,0.0
2017-03-18 13:00:00,0.0,0.0
2017-03-18 14:00:00,0.0,0.0
2017-03-18 15:00:00,0.0,0.0
2017-03-18 16:00:00,0.0,0.0
2017-03-18 17:00:00,0.0,0.0
2017-03-18 18:00:00,0.0,0.0
2017-03-18 19:00:00,0.0,0.0
2017-03-18 20:00:00,0.0,0.0
2017-03-18 21:00:00,0.0,0.0
2017-03-18 22:00:00,0.0,0.0
2017-03-18 23:00:00,0.0,0.0
2017-03-19 00:00:00,0.0,0.0
2017-03-19 01:00:00,0.0,0.0
2017-03-19 02:00:00,0.0,0.0
2017-03-19 03:00:00,0.0,0.0
2017-03-19 04:00:00,0.0,0.0
2017-03-19 05:00:00,0.0,0.0
2017-03-19 06:00:00,0.0,0.0
2017-03-19 07:00:00,0.0,0.0
2017-03-19 08:00:00,0.0,0.0
2017-03-19 09:00:00,0.0,0.0
2017-03-19 10:00:00,0.0,0.0
2017-03-19 11:00:00,0.0,0.0
2017-03-19 12:00:00,0.0,0.0
2017-03-19 13:00:00,0.0,0.0
2017-03-19 14:00:00,0.0,0.0
2017-03-19 15:00:00,0.0,0.0
2017-03-19 16:00:00,0.0,0.0
2017-03-19 17:00:00,0.0,0.0
2017-03-19 18:00:00,0.0,0.0
2017-03-19 19:00:00,0.0,0.0
2017-03-19 20:00:00,0.0,0.0
2017-03-19 21:00:00,0.0,0.0
2017-03-19 22:00:00,0.0,0.0
2017-03-19 23:00:00,0.0,0.0
2017-03-20 00:00:00,0.0,0.0
2017-03-20 01:00:00,0.0,0.0
2017-03-20 02:00:00,0.0,0.0
2017-03-20 03:00:00,0.0,0.0
2017-03-20 04:00:00,0.0,0.0
2017-03-20 05:00:00,0.0,0.0
2017-03-20 06:00:00,168.0,0.0
2017-03-20 07:00:00,284.0,0.0
2017-03-20 08:00:00,384.0,0.0
2017-03-20 09:00:00,653.0,0.0
2017-03-20 10:00:00,637.0,0.0
2017-03-20 11:00:00,599.0,0.0
2017-03-20 12:00:00,348.0,0.0
2017-03-20 13:00:00,312.0,0.0
2017-03-20 14:00:00,314.0,0.0
2017-03-20 15:00:00,332.0,0.0
2017-03-20 16:00:00,386.0,0.0
2017-03-20 17:00:00,331.0,0.0
2017-03-20 18:00:00,312.0,0.0
2017-03-20 19:00:00,313.0,0.0
2017-03-20 20:00:00,309.0,0.0
2017-03-20 21:00:00,198.0,0.0
2017-03-20 22:00:00,196.0,0.0
2017-03-20 23:00:00,287.0,0.0
2017-03-21 00:00:00,288.0,0.0
2017-03-21 01:00:00,288.0,0.0
2017-03-21 02:00:00,287.0,0.0
2017-03-21 03:00:00,287.0,0.0
2017-03-21 04:00:00,287.0,0.0
2017-03-21 05:00:00,344.0,264.0
2017-03-21 06:00:00,479.0,296.0
2017-03-21 07:00:00,621.0,406.0
2017-03-21 08:00:00,646.0,645.0
2017-03-21 09:00:00,640.0,666.0
2017-03-21 10:00:00,373.0,443.0
2017-03-21 11:00:00,438.0,481.0
2017-03-21 12:00:00,648.0,679.0
2017-03-21 13:00:00,648.0,699.0
2017-03-21 14:00:00,647.0,696.0
2017-03-21 15:00:00,647.0,695.0
2017-03-21 16:00:00,647.0,699.0
2017-03-21 17:00:00,647.0,700.0
2017-03-21 18:00:00,647.0,701.0
2017-03-21 19:00:00,646.0,700.0
2017-03-21 20:00:00,646.0,699.0
2017-03-21 21:00:00,647.0,701.0
2017-03-21 22:00:00,647.0,699.0
2017-03-21 23:00:00,645.0,687.0
2017-03-22 00:00:00,599.0,593.0
2017-03-22 01:00:00,540.0,596.0
2017-03-22 02:00:00,443.0,482.0
2017-03-22 03:00:00,421.0,480.0
2017-03-22 04:00:00,437.0,491.0
2017-03-22 05:00:00,633.0,679.0
2017-03-22 06:00:00,647.0,701.0
2017-03-22 07:00:00,646.0,701.0
2017-03-22 08:00:00,646.0,703.0
2017-03-22 09:00:00,645.0,706.0
2017-03-22 10:00:00,647.0,705.0
2017-03-22 11:00:00,647.0,705.0
2017-03-22 12:00:00,647.0,706.0
2017-03-22 13:00:00,647.0,705.0
2017-03-22 14:00:00,647.0,706.0
2017-03-22 15:00:00,647.0,706.0
2017-03-22 16:00:00,646.0,705.0
2017-03-22 17:00:00,646.0,706.0
2017-03-22 18:00:00,648.0,707.0
2017-03-22 19:00:00,647.0,706.0
2017-03-22 20:00:00,647.0,706.0
2017-03-22 21:00:00,647.0,706.0
2017-03-22 22:00:00,646.0,703.0
2017-03-22 23:00:00,624.0,507.0
2017-03-23 00:00:00,527.0,480.0
2017-03-23 01:00:00,421.0,480.0
2017-03-23 02:00:00,421.0,480.0
2017-03-23 03:00:00,421.0,480.0
2017-03-23 04:00:00,499.0,572.0
2017-03-23 05:00:00,638.0,664.0
2017-03-23 06:00:00,643.0,702.0
2017-03-23 07:00:00,641.0,706.0
2017-03-23 08:00:00,642.0,707.0
2017-03-23 09:00:00,642.0,706.0
2017-03-23 10:00:00,643.0,707.0
2017-03-23 11:00:00,642.0,707.0
2017-03-23 12:00:00,642.0,708.0
2017-03-23 13:00:00,645.0,708.0
2017-03-23 14:00:00,647.0,707.0
2017-03-23 15:00:00,647.0,706.0
2017-03-23 16:00:00,647.0,706.0
2017-03-23 17:00:00,647.0,706.0
2017-03-23 18:00:00,646.0,705.0
2017-03-23 19:00:00,646.0,705.0
2017-03-23 20:00:00,647.0,706.0
2017-03-23 21:00:00,646.0,706.0
2017-03-23 22:00:00,646.0,706.0
2017-03-23 23:00:00,643.0,705.0
2017-03-24 00:00:00,451.0,532.0
2017-03-24 01:00:00,420.0,479.0
2017-03-24 02:00:00,420.0,479.0
2017-03-24 03:00:00,420.0,479.0
2017-03-24 04:00:00,420.0,479.0
2017-03-24 05:00:00,456.0,492.0
2017-03-24 06:00:00,637.0,674.0
2017-03-24 07:00:00,646.0,700.0
2017-03-24 08:00:00,645.0,705.0
2017-03-24 09:00:00,646.0,706.0
2017-03-24 10:00:00,646.0,706.0
2017-03-24 11:00:00,646.0,706.0
2017-03-24 12:00:00,646.0,706.0
2017-03-24 13:00:00,645.0,705.0
2017-03-24 14:00:00,647.0,705.0
2017-03-24 15:00:00,646.0,685.0
2017-03-24 16:00:00,646.0,551.0
2017-03-24 17:00:00,646.0,528.0
2017-03-24 18:00:00,612.0,527.0
2017-03-24 19:00:00,477.0,500.0
2017-03-24 20:00:00,431.0,478.0
2017-03-24 21:00:00,325.0,73.0
2017-03-24 22:00:00,161.0,0.0
2017-03-24 23:00:00,0.0,0.0
2017-03-25 00:00:00,0.0,0.0
2017-03-25 01:00:00,0.0,0.0
2017-03-25 02:00:00,0.0,0.0
2017-03-25 03:00:00,0.0,0.0
2017-03-25 04:00:00,0.0,0.0
2017-03-25 05:00:00,0.0,0.0
2017-03-25 06:00:00,0.0,0.0
2017-03-25 07:00:00,0.0,0.0
2017-03-25 08:00:00,0.0,0.0
2017-03-25 09:00:00,0.0,0.0
2017-03-25 10:00:00,0.0,0.0
2017-03-25 11:00:00,0.0,0.0
2017-03-25 12:00:00,0.0,0.0
2017-03-25 13:00:00,0.0,0.0
2017-03-25 14:00:00,0.0,0.0
2017-03-25 15:00:00,0.0,0.0
2017-03-25 16:00:00,0.0,0.0
2017-03-25 17:00:00,0.0,0.0
2017-03-25 18:00:00,0.0,0.0
2017-03-25 19:00:00,0.0,0.0
2017-03-25 20:00:00,0.0,0.0
2017-03-25 21:00:00,0.0,0.0
2017-03-25 22:00:00,0.0,0.0
2017-03-25 23:00:00,0.0,0.0
2017-03-26 00:00:00,0.0,0.0
2017-03-26 01:00:00,0.0,0.0
2017-03-26 03:00:00,0.0,0.0
2017-03-26 04:00:00,0.0,0.0
2017-03-26 05:00:00,0.0,0.0
2017-03-26 06:00:00,0.0,0.0
2017-03-26 07:00:00,0.0,0.0
2017-03-26 08:00:00,0.0,0.0
2017-03-26 09:00:00,0.0,0.0
2017-03-26 10:00:00,0.0,0.0
2017-03-26 11:00:00,0.0,0.0
2017-03-26 12:00:00,0.0,0.0
2017-03-26 13:00:00,0.0,0.0
2017-03-26 14:00:00,0.0,0.0
2017-03-26 15:00:00,0.0,0.0
2017-03-26 16:00:00,0.0,0.0
2017-03-26 17:00:00,0.0,0.0
2017-03-26 18:00:00,0.0,0.0
2017-03-26 19:00:00,0.0,0.0
2017-03-26 20:00:00,0.0,0.0
2017-03-26 21:00:00,0.0,0.0
2017-03-26 22:00:00,0.0,0.0
2017-03-26 23:00:00,0.0,0.0
2017-03-27 00:00:00,0.0,0.0
2017-03-27 01:00:00,0.0,0.0
2017-03-27 02:00:00,0.0,0.0
2017-03-27 03:00:00,0.0,0.0
2017-03-27 04:00:00,0.0,0.0
2017-03-27 05:00:00,0.0,0.0
2017-03-27 06:00:00,0.0,0.0
2017-03-27 07:00:00,0.0,0.0
2017-03-27 08:00:00,0.0,0.0
2017-03-27 09:00:00,0.0,0.0
2017-03-27 10:00:00,0.0,0.0
2017-03-27 11:00:00,0.0,0.0
2017-03-27 12:00:00,0.0,0.0
2017-03-27 13:00:00,0.0,0.0
2017-03-27 14:00:00,0.0,0.0
2017-03-27 15:00:00,0.0,0.0
2017-03-27 16:00:00,0.0,0.0
2017-03-27 17:00:00,0.0,0.0
2017-03-27 18:00:00,0.0,0.0
2017-03-27 19:00:00,0.0,0.0
2017-03-27 20:00:00,0.0,0.0
2017-03-27 21:00:00,0.0,0.0
2017-03-27 22:00:00,0.0,0.0
2017-03-27 23:00:00,0.0,0.0
2017-03-28 00:00:00,0.0,0.0
2017-03-28 01:00:00,0.0,0.0
2017-03-28 02:00:00,0.0,0.0
2017-03-28 03:00:00,0.0,0.0
2017-03-28 04:00:00,0.0,0.0
2017-03-28 05:00:00,0.0,0.0
2017-03-28 06:00:00,0.0,0.0
2017-03-28 07:00:00,0.0,0.0
2017-03-28 08:00:00,0.0,0.0
2017-03-28 09:00:00,0.0,0.0
2017-03-28 10:00:00,0.0,0.0
2017-03-28 11:00:00,0.0,0.0
2017-03-28 12:00:00,0.0,0.0
2017-03-28 13:00:00,0.0,0.0
2017-03-28 14:00:00,0.0,0.0
2017-03-28 15:00:00,0.0,0.0
2017-03-28 16:00:00,0.0,0.0
2017-03-28 17:00:00,0.0,0.0
2017-03-28 18:00:00,0.0,0.0
2017-03-28 19:00:00,0.0,0.0
2017-03-28 20:00:00,0.0,0.0
2017-03-28 21:00:00,0.0,0.0
2017-03-28 22:00:00,0.0,0.0
2017-03-28 23:00:00,0.0,0.0
2017-03-29 00:00:00,0.0,0.0
2017-03-29 01:00:00,0.0,0.0
2017-03-29 02:00:00,0.0,0.0
2017-03-29 03:00:00,0.0,0.0
2017-03-29 04:00:00,0.0,0.0
2017-03-29 05:00:00,0.0,0.0
2017-03-29 06:00:00,0.0,0.0
2017-03-29 07:00:00,0.0,0.0
2017-03-29 08:00:00,0.0,0.0
2017-03-29 09:00:00,0.0,0.0
2017-03-29 10:00:00,0.0,0.0
2017-03-29 11:00:00,0.0,0.0
2017-03-29 12:00:00,0.0,0.0
2017-03-29 13:00:00,0.0,0.0
2017-03-29 14:00:00,0.0,0.0
2017-03-29 15:00:00,0.0,0.0
2017-03-29 16:00:00,0.0,0.0
2017-03-29 17:00:00,0.0,0.0
2017-03-29 18:00:00,0.0,0.0
2017-03-29 19:00:00,0.0,0.0
2017-03-29 20:00:00,0.0,0.0
2017-03-29 21:00:00,0.0,0.0
2017-03-29 22:00:00,0.0,0.0
2017-03-29 23:00:00,0.0,0.0
2017-03-30 00:00:00,0.0,0.0
2017-03-30 01:00:00,0.0,0.0
2017-03-30 02:00:00,0.0,0.0
2017-03-30 03:00:00,0.0,0.0
2017-03-30 04:00:00,0.0,0.0
2017-03-30 05:00:00,0.0,0.0
2017-03-30 06:00:00,0.0,0.0
2017-03-30 07:00:00,0.0,0.0
2017-03-30 08:00:00,0.0,0.0
2017-03-30 09:00:00,0.0,0.0
2017-03-30 10:00:00,0.0,0.0
2017-03-30 11:00:00,0.0,0.0
2017-03-30 12:00:00,0.0,0.0
2017-03-30 13:00:00,0.0,0.0
2017-03-30 14:00:00,0.0,0.0
2017-03-30 15:00:00,0.0,0.0
2017-03-30 16:00:00,0.0,0.0
2017-03-30 17:00:00,0.0,0.0
2017-03-30 18:00:00,0.0,0.0
2017-03-30 19:00:00,0.0,0.0
2017-03-30 20:00:00,0.0,0.0
2017-03-30 21:00:00,0.0,0.0
2017-03-30 22:00:00,0.0,0.0
2017-03-30 23:00:00,0.0,0.0
2017-03-31 00:00:00,0.0,0.0
2017-03-31 01:00:00,0.0,0.0
2017-03-31 02:00:00,0.0,0.0
2017-03-31 03:00:00,0.0,0.0
2017-03-31 04:00:00,0.0,0.0
2017-03-31 05:00:00,0.0,0.0
2017-03-31 06:00:00,0.0,0.0
2017-03-31 07:00:00,0.0,0.0
2017-03-31 08:00:00,0.0,0.0
2017-03-31 09:00:00,0.0,0.0
2017-03-31 10:00:00,0.0,0.0
2017-03-31 11:00:00,0.0,0.0
2017-03-31 12:00:00,0.0,0.0
2017-03-31 13:00:00,0.0,0.0
2017-03-31 14:00:00,0.0,0.0
2017-03-31 15:00:00,0.0,0.0
2017-03-31 16:00:00,0.0,0.0
2017-03-31 17:00:00,0.0,0.0
2017-03-31 18:00:00,0.0,0.0
2017-03-31 19:00:00,0.0,0.0
2017-03-31 20:00:00,0.0,0.0
2017-03-31 21:00:00,0.0,0.0
2017-03-31 22:00:00,0.0,0.0
2017-03-31 23:00:00,0.0,0.0
2017-04-01 00:00:00,,
2017-04-01 01:00:00,,
2017-04-01 02:00:00,,
2017-04-01 03:00:00,,
2017-04-01 04:00:00,,
2017-04-01 05:00:00,,
2017-04-01 06:00:00,,
2017-04-01 07:00:00,,
2017-04-01 08:00:00,,
2017-04-01 09:00:00,,
2017-04-01 10:00:00,,
2017-04-01 11:00:00,,
2017-04-01 12:00:00,,
2017-04-01 13:00:00,,
2017-04-01 14:00:00,,
2017-04-01 15:00:00,,
2017-04-01 16:00:00,,
2017-04-01 17:00:00,,
2017-04-01 18:00:00,,
2017-04-01 19:00:00,,
2017-04-01 20:00:00,,
2017-04-01 21:00:00,,
2017-04-01 22:00:00,,
2017-04-01 23:00:00,,
2017-04-02 00:00:00,,
2017-04-02 01:00:00,,
2017-04-02 02:00:00,,
2017-04-02 03:00:00,,
2017-04-02 04:00:00,,
2017-04-02 05:00:00,,
2017-04-02 06:00:00,,
2017-04-02 07:00:00,,
2017-04-02 08:00:00,,
2017-04-02 09:00:00,,
2017-04-02 10:00:00,,
2017-04-02 11:00:00,,
2017-04-02 12:00:00,,
2017-04-02 13:00:00,,
2017-04-02 14:00:00,,
2017-04-02 15:00:00,,
2017-04-02 16:00:00,,
2017-04-02 17:00:00,,
2017-04-02 18:00:00,,
2017-04-02 19:00:00,,
2017-04-02 20:00:00,,
2017-04-02 21:00:00,,
2017-04-02 22:00:00,,
2017-04-02 23:00:00,,
2017-04-03 00:00:00,,
2017-04-03 01:00:00,,
2017-04-03 02:00:00,,
2017-04-03 03:00:00,,
2017-04-03 04:00:00,,
2017-04-03 05:00:00,,
2017-04-03 06:00:00,,
2017-04-03 07:00:00,,
2017-04-03 08:00:00,,
2017-04-03 09:00:00,,
2017-04-03 10:00:00,,
2017-04-03 11:00:00,,
2017-04-03 12:00:00,,
2017-04-03 13:00:00,,
2017-04-03 14:00:00,,
2017-04-03 15:00:00,,
2017-04-03 16:00:00,,
2017-04-03 17:00:00,,
2017-04-03 18:00:00,,
2017-04-03 19:00:00,,
2017-04-03 20:00:00,,
2017-04-03 21:00:00,,
2017-04-03 22:00:00,,
2017-04-03 23:00:00,,
2017-04-04 00:00:00,,
2017-04-04 01:00:00,,
2017-04-04 02:00:00,,
2017-04-04 03:00:00,,
2017-04-04 04:00:00,,
2017-04-04 05:00:00,,
2017-04-04 06:00:00,,
2017-04-04 07:00:00,,
2017-04-04 08:00:00,,
2017-04-04 09:00:00,,
2017-04-04 10:00:00,,
2017-04-04 11:00:00,,
2017-04-04 12:00:00,,
2017-04-04 13:00:00,,
2017-04-04 14:00:00,,
2017-04-04 15:00:00,,
2017-04-04 16:00:00,,
2017-04-04 17:00:00,,
2017-04-04 18:00:00,,
2017-04-04 19:00:00,,
2017-04-04 20:00:00,,
2017-04-04 21:00:00,,
2017-04-04 22:00:00,,
2017-04-04 23:00:00,,
2017-04-05 00:00:00,,
2017-04-05 01:00:00,,
2017-04-05 02:00:00,,
2017-04-05 03:00:00,,
2017-04-05 04:00:00,,
2017-04-05 05:00:00,,
2017-04-05 06:00:00,,
2017-04-05 07:00:00,,
2017-04-05 08:00:00,,
2017-04-05 09:00:00,,
2017-04-05 10:00:00,,
2017-04-05 11:00:00,,
2017-04-05 12:00:00,,
2017-04-05 13:00:00,,
2017-04-05 14:00:00,,
2017-04-05 15:00:00,,
2017-04-05 16:00:00,,
2017-04-05 17:00:00,,
2017-04-05 18:00:00,,
2017-04-05 19:00:00,,
2017-04-05 20:00:00,,
2017-04-05 21:00:00,,
2017-04-05 22:00:00,,
2017-04-05 23:00:00,,
2017-04-06 00:00:00,,
2017-04-06 01:00:00,,
2017-04-06 02:00:00,,
2017-04-06 03:00:00,,
2017-04-06 04:00:00,,
2017-04-06 05:00:00,,
2017-04-06 06:00:00,,
2017-04-06 07:00:00,,
2017-04-06 08:00:00,,
2017-04-06 09:00:00,,
2017-04-06 10:00:00,,
2017-04-06 11:00:00,,
2017-04-06 12:00:00,,
2017-04-06 13:00:00,,
2017-04-06 14:00:00,,
2017-04-06 15:00:00,,
2017-04-06 16:00:00,,
2017-04-06 17:00:00,,
2017-04-06 18:00:00,,
2017-04-06 19:00:00,,
2017-04-06 20:00:00,,
2017-04-06 21:00:00,,
2017-04-06 22:00:00,,
2017-04-06 23:00:00,,
2017-04-07 00:00:00,,
2017-04-07 01:00:00,,
2017-04-07 02:00:00,,
2017-04-07 03:00:00,,
2017-04-07 04:00:00,,
2017-04-07 05:00:00,,
2017-04-07 06:00:00,,
2017-04-07 07:00:00,,
2017-04-07 08:00:00,,
2017-04-07 09:00:00,,
2017-04-07 10:00:00,,
2017-04-07 11:00:00,,
2017-04-07 12:00:00,,
2017-04-07 13:00:00,,
2017-04-07 14:00:00,,
2017-04-07 15:00:00,,
2017-04-07 16:00:00,,
2017-04-07 17:00:00,,
2017-04-07 18:00:00,,
2017-04-07 19:00:00,,
2017-04-07 20:00:00,,
2017-04-07 21:00:00,,
2017-04-07 22:00:00,,
2017-04-07 23:00:00,,
2017-04-08 00:00:00,,
2017-04-08 01:00:00,,
2017-04-08 02:00:00,,
2017-04-08 03:00:00,,
2017-04-08 04:00:00,,
2017-04-08 05:00:00,,
2017-04-08 06:00:00,,
2017-04-08 07:00:00,,
2017-04-08 08:00:00,,
2017-04-08 09:00:00,,
2017-04-08 10:00:00,,
2017-04-08 11:00:00,,
2017-04-08 12:00:00,,
2017-04-08 13:00:00,,
2017-04-08 14:00:00,,
2017-04-08 15:00:00,,
2017-04-08 16:00:00,,
2017-04-08 17:00:00,,
2017-04-08 18:00:00,,
2017-04-08 19:00:00,,
2017-04-08 20:00:00,,
2017-04-08 21:00:00,,
2017-04-08 22:00:00,,
2017-04-08 23:00:00,,
2017-04-09 00:00:00,,
2017-04-09 01:00:00,,
2017-04-09 02:00:00,,
2017-04-09 03:00:00,,
2017-04-09 04:00:00,,
2017-04-09 05:00:00,,
2017-04-09 06:00:00,,
2017-04-09 07:00:00,,
2017-04-09 08:00:00,,
2017-04-09 09:00:00,,
2017-04-09 10:00:00,,
2017-04-09 11:00:00,,
2017-04-09 12:00:00,,
2017-04-09 13:00:00,,
2017-04-09 14:00:00,,
2017-04-09 15:00:00,,
2017-04-09 16:00:00,,
2017-04-09 17:00:00,,
2017-04-09 18:00:00,,
2017-04-09 19:00:00,,
2017-04-09 20:00:00,,
2017-04-09 21:00:00,,
2017-04-09 22:00:00,,
2017-04-09 23:00:00,,
